side,signal_time,entry_time,entry_price,sl,tp,lots,oz,risk_usd,commission_usd,spread_cost_usd,slippage_cost_usd,tp2,tp1_oz,tp1_filled,partial_pnl_usd,swap_usd,rollovers,exit_time,exit_price,exit_reason,ambiguous,pnl_usd,r_multiple
1,2017-01-04 09:20:00,2017-01-04 09:25:00,1166.519,1162.5943499999998,1174.3683000000003,0.12,0.12,0.4709580000000187,0.0,0.0192,0.011999999999989085,1182.2176000000006,0.06,False,0.0,0.0,0,2017-01-04 14:41:00,1162.49435,sl,False,-0.48295800000000777,-1.0254799791063929
1,2017-01-17 13:04:00,2017-01-17 13:05:00,1213.604,1210.545957142857,1218.7259571428572,0.16,0.16,0.48928685714286985,0.0,0.0256,0.01599999999998545,1223.8479142857143,0.08,False,0.0,-0.08624000000000001,1,2017-01-18 07:36:00,1210.4459571428572,sl,False,-0.5915268571428552,-1.2089571761583855
1,2017-02-02 10:30:00,2017-02-02 10:44:00,1222.628,1216.9820714285715,1233.9198571428567,0.08,0.08,0.4516742857142708,0.0,0.0128,0.0016,1245.2117142857135,0.04,False,0.0,0.0,0,2017-02-02 13:00:00,1220.068,news_close,False,-0.20479999999999565,-0.45342408562428577
-1,2017-09-26 10:33:00,2017-09-26 10:41:00,1302.258,1305.3963857142858,1298.3423857142857,0.15,0.15,0.47075785714285984,0.0,0.024,0.003,1294.4267714285713,0.07,False,0.0,0.0,0,2017-09-26 13:30:00,1300.711,news_close,False,0.2320500000000038,0.4929285756553695
-1,2019-06-21 10:58:00,2019-06-21 10:59:00,1395.225,1398.8840285714286,1387.9069428571424,0.13,0.13,0.4756737142857355,0.0,0.020800000000000003,0.012999999999988177,1380.588885714285,0.06,False,0.0,0.0,0,2019-06-21 13:01:00,1398.9840285714286,sl,False,-0.4886737142857237,-1.0273296581449929
1,2019-08-07 11:30:00,2019-08-07 11:36:00,1493.315,1493.315,1500.9205142857145,0.12,0.12,0.4563308571428661,0.0,0.0192,0.0,1508.526028571429,0.06,True,0.4563308571428661,0.0,0,2019-08-07 13:53:00,1508.526028571429,tp2,False,1.3689925714285982,3.0
1,2019-08-07 15:03:00,2019-08-07 15:11:00,1501.903,1497.8082642857141,1510.0924714285718,0.12,0.12,0.4913682857143067,0.0,0.0192,0.0024,1518.2819428571436,0.06,False,0.0,0.0,0,2019-08-07 16:30:00,1507.935,news_close,False,0.723839999999991,1.4731109455868485
1,2019-08-13 09:57:00,2019-08-13 09:58:00,1532.148,1528.3193642857143,1539.8052714285711,0.13,0.13,0.49772264285712936,0.0,0.020800000000000003,0.012999999999988177,1547.4625428571424,0.06,False,0.0,0.0,0,2019-08-13 10:51:00,1528.2193642857144,sl,False,-0.5107226428571175,-1.0261189644203506
-1,2019-08-26 07:40:00,2019-08-26 07:42:00,1530.725,1530.725,1525.3079785714287,0.11,0.11,0.4894976428571681,0.0,0.017599999999999998,0.005999999999994543,1519.8909571428576,0.05,True,0.2708510714285581,0.0,0,2019-08-26 09:54:00,1530.8249999999998,sl,False,0.2648510714285635,0.541067102759972
1,2019-08-26 14:16:00,2019-08-26 14:17:00,1536.385,1531.1238142857144,1544.0338142857142,0.09,0.09,0.4735067142857042,0.0,0.0144,0.008999999999991815,1551.6826285714285,0.04,False,0.0,0.0,0,2019-08-26 15:24:00,1531.0238142857145,sl,False,-0.482506714285696,-1.0190071222402168
1,2019-08-27 15:18:00,2019-08-27 15:19:00,1539.898,1539.898,1544.0401857142856,0.13,0.13,0.4716158571428582,0.0,0.020800000000000003,0.006999999999993635,1548.1823714285713,0.06,True,0.24853114285714126,0.0,0,2019-08-27 18:50:00,1539.798,sl,False,0.24153114285714763,0.5121353304793246
1,2020-01-07 07:38:00,2020-01-07 07:39:00,1569.815,1564.4142499999998,1577.6542499999998,0.09,0.09,0.4860675000000219,0.0,0.0144,0.008999999999991815,1585.4934999999996,0.04,False,0.0,0.0,0,2020-01-07 09:30:00,1564.31425,sl,False,-0.49506750000001376,-1.0185159468592149
-1,2020-01-08 09:06:00,2020-01-08 09:07:00,1579.925,1585.936892857143,1571.4798928571429,0.08,0.08,0.48095142857144313,0.0,0.0128,0.0016,1563.0347857142858,0.04,False,0.0,0.0,0,2020-01-08 12:45:00,1579.865,news_close,False,0.004799999999995634,0.00998021778260009
1,2020-02-21 13:08:00,2020-02-21 13:10:00,1639.058,1634.7487714285714,1647.676457142857,0.11,0.11,0.4740151428571403,0.0,0.0176,0.0022,1656.2949142857142,0.05,False,0.0,0.0,0,2020-02-21 14:15:00,1639.328,news_close,False,0.029699999999998,0.06265622617239688
1,2020-02-24 09:01:00,2020-02-24 09:02:00,1682.975,1679.5552071428572,1689.8145857142854,0.14,0.14,0.4787709999999834,0.0,0.022400000000000003,0.01399999999998727,1696.6541714285709,0.07,False,0.0,0.0,0,2020-02-24 10:19:00,1679.4552071428573,sl,False,-0.49277099999997065,-1.0292415371858106
1,2020-02-24 10:23:00,2020-02-24 10:24:00,1682.265,1679.058857142857,1688.6772857142862,0.15,0.15,0.4809214285714574,0.0,0.024,0.014999999999986358,1695.0895714285723,0.07,False,0.0,0.0,0,2020-02-24 12:12:00,1678.9588571428571,sl,False,-0.4959214285714438,-1.0311901260971938
-1,2020-02-24 13:45:00,2020-02-24 13:46:00,1674.898,1679.6471714285715,1665.3996571428568,0.1,0.1,0.4749171428571572,0.0,0.016,0.009999999999990905,1655.9013142857136,0.05,False,0.0,0.0,0,2020-02-24 14:05:00,1679.7471714285714,sl,False,-0.4849171428571481,-1.0210563045583694
1,2020-02-25 13:05:00,2020-02-25 13:06:00,1650.468,1646.155192857143,1655.3151928571428,0.11,0.11,0.474408785714279,0.0,0.0176,0.0022,1660.1623857142856,0.05,False,0.0,0.0,0,2020-02-25 14:30:00,1648.298,news_close,False,-0.23870000000000802,-0.5031525705001788
-1,2020-02-28 10:29:00,2020-02-28 10:30:00,1624.755,1628.069407142857,1621.249407142857,0.14,0.14,0.46401699999996715,0.0,0.022400000000000003,0.01399999999998727,1617.743814285714,0.07,False,0.0,0.0,0,2020-02-28 10:39:00,1628.169407142857,sl,False,-0.4780169999999544,-1.0301713083787625
-1,2020-03-09 08:20:00,2020-03-09 08:21:00,1677.718,1677.718,1672.4505214285714,0.13,0.13,0.4696277857142559,0.0,0.0208,0.006999999999993635,1667.1830428571427,0.06,True,0.31604871428572096,0.0,0,2020-03-09 08:51:00,1677.818,sl,False,0.30904871428572733,0.6580716126404144
-1,2020-03-09 11:46:00,2020-03-09 12:03:00,1677.668,1677.668,1672.383857142857,0.15,0.15,0.45387857142857224,0.0,0.024,0.007999999999992723,1667.0997142857143,0.07,True,0.36988999999999583,0.0,0,2020-03-09 12:44:00,1677.7679999999998,sl,False,0.3618900000000031,0.7973277937774474
1,2020-03-09 15:19:00,2020-03-09 15:27:00,1669.718,1665.7734857142857,1674.3264857142858,0.12,0.12,0.47334171428572513,0.0,0.0192,0.011999999999989085,1678.9349714285715,0.06,False,0.0,0.0,0,2020-03-09 15:56:00,1665.6734857142858,sl,False,-0.48534171428571427,-1.0253516637934545
1,2020-04-13 12:01:00,2020-04-13 12:02:00,1693.305,1690.2392428571427,1699.4365142857148,0.15,0.15,0.4598635714286047,0.0,0.024,0.014999999999986358,1705.5680285714295,0.07,False,0.0,0.0,0,2020-04-13 12:23:00,1690.1392428571428,sl,False,-0.47486357142859104,-1.0326183697338487
1,2020-04-13 14:27:00,2020-04-13 14:28:00,1696.198,1696.198,1702.7850714285714,0.1,0.1,0.4542928571428775,0.0,0.016,0.0,1709.3721428571428,0.05,True,0.32935357142856675,0.0,0,2020-04-13 15:25:00,1709.3721428571428,tp2,False,0.9880607142857003,2.1749422178895275
1,2020-04-13 15:45:00,2020-04-13 15:46:00,1709.606,1709.606,1717.4798714285714,0.12,0.12,0.47243228571428514,0.0,0.0192,0.013679999999990287,1725.3537428571428,0.06,True,0.47243228571428514,0.0,0,2020-04-13 22:00:00,1709.3780000000002,sl_gap,False,0.4587522857142948,0.9710434692681786
1,2020-04-14 12:28:00,2020-04-14 12:29:00,1729.358,1729.358,1742.405514285714,0.07,0.07,0.4566629999999896,0.0,0.011200000000000002,0.003999999999996362,1755.453028571428,0.03,True,0.3914254285714196,0.0,0,2020-04-14 15:11:00,1729.258,sl,False,0.38742542857142326,0.8483836627259753
1,2020-04-14 15:27:00,2020-04-14 15:43:00,1732.825,1724.58215,1749.3107000000002,0.05,0.05,0.4121425000000045,0.0,0.008,0.0049999999999954525,1765.7964000000004,0.02,False,0.0,0.0,0,2020-04-14 19:08:00,1724.48215,sl,False,-0.41714249999999997,-1.0121317262839804
-1,2020-04-15 07:52:00,2020-04-15 07:53:00,1707.958,1713.868542857143,1696.1369142857143,0.08,0.08,0.472843428571432,0.0,0.0128,0.007999999999992725,1684.3158285714285,0.04,False,0.0,0.0,0,2020-04-15 08:10:00,1713.968542857143,sl,False,-0.48084342857142476,-1.0169189197027917
-1,2020-04-17 12:56:00,2020-04-17 13:05:00,1695.178,1699.8514,1690.3683999999998,0.1,0.1,0.46733999999999015,0.0,0.016,0.009999999999990905,1685.5587999999996,0.05,False,0.0,0.0,0,2020-04-17 13:08:00,1699.9514,sl,False,-0.47733999999998106,-1.0213976976077184
-1,2020-04-17 13:31:00,2020-04-17 13:33:00,1697.218,1701.3921928571428,1690.3691928571427,0.11,0.11,0.4591612142857048,0.0,0.0176,0.010999999999989995,1683.5203857142853,0.05,False,0.0,0.0,0,2020-04-17 13:57:00,1701.4921928571428,sl,False,-0.4701612142856948,-1.0239567273056853
1,2020-04-22 13:42:00,2020-04-22 13:43:00,1709.558,1706.3440285714287,1715.9859428571426,0.14,0.14,0.4499559999999838,0.0,0.022400000000000003,0.01399999999998727,1722.4138857142852,0.07,False,0.0,0.0,0,2020-04-22 13:47:00,1706.2440285714288,sl,False,-0.46395599999997106,-1.0311141533838593
-1,2020-04-28 14:58:00,2020-04-28 15:00:00,1699.828,1703.6497142857143,1695.7667142857142,0.12,0.12,0.45860571428571345,0.0,0.0192,0.011999999999989085,1691.7054285714285,0.06,False,0.0,0.0,0,2020-04-28 15:27:00,1703.7497142857142,sl,False,-0.4706057142857025,-1.02616626794256
-1,2020-05-18 12:24:00,2020-05-18 12:26:00,1753.225,1753.225,1746.5911857142855,0.13,0.13,0.4311979285714347,0.0,0.0208,0.0,1739.9573714285712,0.06,True,0.39802885714286274,0.0,0,2020-05-18 13:46:00,1739.9573714285712,tp2,False,1.3267628571428758,3.0769230769230766
-1,2020-06-24 15:12:00,2020-06-24 15:16:00,1772.958,1772.958,1766.8657428571432,0.15,0.15,0.4569192857142639,0.0,0.024,0.0,1760.7734857142864,0.07,True,0.4264579999999797,0.0,0,2020-06-24 16:10:00,1760.7734857142864,tp2,False,1.4012191428570757,3.0666666666666664
1,2020-06-30 15:53:00,2020-06-30 15:54:00,1783.758,1780.7393071428571,1789.7953857142859,0.16,0.16,0.48299085714286777,0.0,0.0256,0.0032,1795.8327714285717,0.08,False,0.0,0.0,0,2020-06-30 16:00:00,1782.808,news_close,False,-0.15200000000000727,-0.31470575012364255
-1,2020-07-07 08:29:00,2020-07-07 08:42:00,1778.188,1778.188,1774.6325285714286,0.15,0.15,0.45712928571427935,0.0,0.024,0.007999999999992723,1771.077057142857,0.07,True,0.24888300000000757,0.0,0,2020-07-07 11:44:00,1778.288,sl,False,0.24088300000001484,0.5269472062452252
1,2020-07-08 09:46:00,2020-07-08 10:00:00,1801.798,1801.798,1808.8153,0.13,0.13,0.45612449999999854,0.0,0.020800000000000003,0.0014000000000000002,1815.8326,0.06,True,0.42103799999999864,0.0,0,2020-07-08 14:00:00,1810.258,news_close,False,1.0132380000000012,2.221406655419747
1,2020-07-23 15:36:00,2020-07-23 16:00:00,1894.938,1889.5684071428573,1905.6771857142858,0.09,0.09,0.48326335714285507,0.0,0.0144,0.008999999999991815,1916.4163714285714,0.04,False,0.0,0.0,0,2020-07-23 17:32:00,1889.4684071428574,sl,False,-0.49226335714284686,-1.018623385917777
-1,2020-07-28 07:53:00,2020-07-28 07:55:00,1914.118,1920.8514357142858,1900.6511285714282,0.07,0.07,0.4713405000000103,0.0,0.011200000000000002,0.006999999999993635,1887.1842571428565,0.03,False,0.0,0.0,0,2020-07-28 08:19:00,1920.9514357142857,sl,False,-0.47834050000000394,-1.0148512593337375
-1,2020-07-28 09:55:00,2020-07-28 09:56:00,1930.545,1934.726642857143,1922.1817142857144,0.11,0.11,0.45998071428571163,0.0,0.0176,0.010999999999989995,1913.8184285714287,0.05,False,0.0,0.0,0,2020-07-28 12:37:00,1934.8266428571428,sl,False,-0.47098071428570165,-1.0239140460857616
1,2020-07-28 14:38:00,2020-07-28 14:39:00,1946.498,1946.498,1954.068328571429,0.12,0.12,0.4542197142857367,0.0,0.0192,0.005999999999994543,1961.638657142858,0.06,True,0.4542197142857367,0.0,0,2020-07-28 15:11:00,1946.3980000000001,sl,False,0.44821971428574214,0.9867905337190623
1,2020-07-31 07:44:00,2020-07-31 07:45:00,1974.205,1969.2071785714286,1980.7001785714285,0.09,0.09,0.44980392857142076,0.0,0.0144,0.0018,1987.1953571428571,0.04,False,0.0,0.0,0,2020-07-31 12:00:00,1974.795,news_close,False,0.053100000000013095,0.11805143669744932
1,2020-08-04 14:35:00,2020-08-04 14:36:00,1984.248,1984.248,1988.992,0.11,0.11,0.4758600000000024,0.0,0.0176,0.0,1993.7359999999999,0.05,True,0.23719999999999575,0.0,0,2020-08-04 14:53:00,1993.7359999999999,tp2,False,0.8064799999999854,1.6947841802210344
1,2020-08-05 07:41:00,2020-08-05 07:48:00,2036.355,2029.3499642857143,2050.3650714285714,0.07,0.07,0.4903524999999968,0.0,0.011200000000000002,0.006999999999993635,2064.3751428571427,0.03,False,0.0,0.0,0,2020-08-05 08:23:00,2029.2499642857144,sl,False,-0.4973524999999905,-1.0142754447055817
1,2020-08-05 08:43:00,2020-08-05 08:47:00,2034.305,2034.305,2042.1074714285717,0.12,0.12,0.4681482857142964,0.0,0.0192,0.0012,2049.9099428571435,0.06,True,0.4681482857142964,0.0,0,2020-08-05 11:45:00,2039.965,news_close,False,0.8077482857142877,1.7254111792417068
1,2020-08-06 09:19:00,2020-08-06 09:21:00,2049.768,2049.768,2053.8263071428573,0.12,0.12,0.4810431428571519,0.0,0.0192,0.0,2057.8846142857146,0.06,True,0.2434984285714381,0.0,0,2020-08-06 11:44:00,2057.8846142857146,tp2,False,0.7304952857143143,1.5185650113949103
1,2020-08-06 13:06:00,2020-08-06 13:18:00,2058.378,2058.378,2068.104242857143,0.1,0.1,0.48631214285715035,0.0,0.016,0.0049999999999954525,2077.830485714286,0.05,True,0.48631214285715035,0.0,0,2020-08-06 14:40:00,2058.2780000000002,sl,False,0.4813121428571549,0.9897185376235523
1,2020-08-06 15:58:00,2020-08-06 16:01:00,2056.718,2056.718,2064.6683785714285,0.11,0.11,0.49605835714279695,0.0,0.0176,0.0,2072.6187571428572,0.05,True,0.39751892857143506,0.0,0,2020-08-06 22:20:00,2072.6187571428572,tp2,False,1.351564357142879,2.7246075742532314
-1,2020-08-07 13:03:00,2020-08-07 13:04:00,2059.208,2059.208,2054.6903714285713,0.17,0.17,0.5257031428571327,0.0,0.027200000000000002,0.0,2050.1727428571426,0.08,True,0.3614102857143007,0.0,0,2020-08-07 13:13:00,2050.1727428571426,tp2,False,1.1745834285714774,2.234309314164947
-1,2020-08-11 08:24:00,2020-08-11 08:25:00,1988.478,1994.0797857142857,1977.2744285714289,0.09,0.09,0.5041607142857037,0.0,0.0144,0.008999999999991815,1966.0708571428577,0.04,False,0.0,0.0,0,2020-08-11 09:03:00,1994.1797857142856,sl,False,-0.5131607142856955,-1.0178514504303315
-1,2020-08-11 11:18:00,2020-08-11 11:22:00,1981.975,1986.7415071428572,1973.2745071428571,0.11,0.11,0.5243157857143069,0.0,0.0176,0.0022,1964.5740142857144,0.05,False,0.0,0.0,0,2020-08-11 12:00:00,1978.1950000000002,news_close,False,0.41579999999997197,0.7930335330901828
1,2020-08-17 15:29:00,2020-08-17 15:30:00,1985.028,1981.3548571428573,1989.0448571428572,0.14,0.14,0.514239999999977,0.0,0.022400000000000003,0.01399999999998727,1993.0617142857143,0.07,False,0.0,0.0,0,2020-08-17 15:51:00,1981.2548571428574,sl,False,-0.5282399999999644,-1.0272246421903934
1,2020-08-18 12:38:00,2020-08-18 12:42:00,2012.205,2008.8371285714286,2018.9407428571426,0.15,0.15,0.5051807142857001,0.0,0.024,0.014999999999986358,2025.6764857142853,0.07,False,0.0,0.0,0,2020-08-18 13:05:00,2008.7371285714287,sl,False,-0.5201807142856865,-1.029692344889285
1,2020-08-18 13:29:00,2020-08-18 13:30:00,2012.698,2009.6438785714286,2018.8062428571432,0.17,0.17,0.5192006428571608,0.0,0.027200000000000002,0.01699999999998454,2024.9144857142862,0.08,False,0.0,0.0,0,2020-08-18 13:55:00,2009.5438785714286,sl,False,-0.5362006428571454,-1.0327426405068252
1,2020-08-20 08:32:00,2020-08-20 08:33:00,1930.658,1930.658,1935.3805071428571,0.13,0.13,0.48717407142856245,0.0,0.020800000000000003,0.006999999999993635,1940.1030142857144,0.06,True,0.28335042857143433,0.0,0,2020-08-20 09:25:00,1930.558,sl,False,0.2763504285714407,0.5672519224208421
-1,2020-09-21 14:52:00,2020-09-21 14:53:00,1893.038,1896.6373285714285,1887.3673285714285,0.14,0.14,0.5039059999999882,0.0,0.022400000000000003,0.01399999999998727,1881.696657142857,0.07,False,0.0,0.0,0,2020-09-21 14:53:00,1896.7373285714284,sl,False,-0.5179059999999754,-1.0277829595202033
1,2020-09-22 12:14:00,2020-09-22 12:15:00,1907.958,1907.958,1916.0013571428572,0.09,0.09,0.498027857142863,0.0,0.0144,0.001,1924.0447142857142,0.04,True,0.32173428571428303,0.0,0,2020-09-22 13:30:00,1912.978,news_close,False,0.5727342857142821,1.1500045178195504
-1,2020-09-23 07:34:00,2020-09-23 07:39:00,1878.975,1882.0655000000002,1872.7939999999994,0.17,0.17,0.5253850000000421,0.0,0.027200000000000002,0.01699999999998454,1866.612999999999,0.08,False,0.0,0.0,0,2020-09-23 09:00:00,1882.1655,sl,False,-0.5423850000000267,-1.0323572237501704
-1,2020-09-25 10:54:00,2020-09-25 10:55:00,1859.228,1859.228,1855.789592857143,0.15,0.15,0.5102389285714138,0.0,0.024,0.007999999999992723,1852.3511857142857,0.07,True,0.24068850000000114,0.0,0,2020-09-25 11:23:00,1859.328,sl,False,0.2326885000000084,0.4560383125832802
1,2020-10-01 15:29:00,2020-10-01 15:30:00,1909.315,1904.1092642857143,1916.0362642857142,0.1,0.1,0.5205735714285765,0.0,0.016,0.009999999999990905,1922.7575285714283,0.05,False,0.0,0.0,0,2020-10-01 19:57:00,1904.0092642857144,sl,False,-0.5305735714285674,-1.0192095806411159
-1,2020-11-23 15:43:00,2020-11-23 15:44:00,1835.688,1840.4202357142858,1826.2235285714287,0.1,0.1,0.47322357142857074,0.0,0.016,0.009999999999990905,1816.7590571428573,0.05,False,0.0,0.0,0,2020-11-23 17:48:00,1840.5202357142857,sl,False,-0.48322357142856165,-1.0211316608126744
-1,2022-03-07 10:52:00,2022-03-07 10:53:00,1999.268,2002.2876428571428,1993.4556428571427,0.16,0.16,0.4831428571428478,0.0,0.0256,0.01599999999998545,1987.6432857142854,0.08,False,0.0,0.0,0,2022-03-07 10:59:00,2002.3876428571427,sl,False,-0.49914285714283324,-1.0331164991129214
1,2022-03-07 10:59:00,2022-03-07 11:00:00,2002.2,1998.6302714285714,2006.2772714285713,0.14,0.14,0.49976200000000975,0.0,0.022400000000000003,0.01399999999998727,2010.3545428571426,0.07,False,0.0,0.0,0,2022-03-07 11:15:00,1998.5302714285715,sl,False,-0.513761999999997,-1.0280133343471234
1,2023-04-04 14:48:00,2023-04-04 14:49:00,2021.795,2018.6113142857141,2028.162371428572,0.15,0.15,0.4775528571428935,0.0,0.024,0.014999999999986358,2034.529742857144,0.07,False,0.0,0.0,0,2023-04-04 14:52:00,2018.5113142857142,sl,False,-0.4925528571428799,-1.0314101356020116
-1,2023-12-04 07:17:00,2023-12-04 07:19:00,2075.195,2075.195,2067.9051428571433,0.13,0.13,0.47384071428569313,0.0,0.0208,0.0,2060.6152857142865,0.06,True,0.43739142857140906,0.0,0,2023-12-04 08:01:00,2060.6152857142865,tp2,False,1.4579714285713636,3.076923076923077
-1,2023-12-04 09:40:00,2023-12-04 09:41:00,2071.125,2071.125,2065.6239499999997,0.1,0.1,0.5038949999999659,0.0,0.016,0.0049999999999954525,2060.1228999999994,0.05,True,0.27505250000001524,0.0,0,2023-12-04 11:33:00,2071.225,sl,False,0.2700525000000198,0.5359301044861292
1,2024-03-04 14:42:00,2024-03-04 14:43:00,2098.238,2098.238,2108.163042857142,0.1,0.1,0.49625214285711083,0.0,0.016,0.0,2118.0880857142843,0.05,True,0.49625214285711083,0.0,0,2024-03-04 16:38:00,2118.0880857142843,tp2,False,1.4887564285713326,3.0000000000000004
1,2024-03-05 10:08:00,2024-03-05 10:36:00,2125.208,2122.1158642857145,2131.3922714285713,0.17,0.17,0.5256630714285575,0.0,0.027200000000000002,0.01699999999998454,2137.5765428571426,0.08,False,0.0,0.0,0,2024-03-05 12:28:00,2122.0158642857145,sl,False,-0.5426630714285421,-1.0323401070457259
1,2024-03-05 13:20:00,2024-03-05 13:21:00,2128.145,2128.145,2137.1215714285713,0.11,0.11,0.4937114285714233,0.0,0.0176,0.005999999999994543,2146.0981428571426,0.05,True,0.4488285714285667,0.0,0,2024-03-05 13:41:00,2128.045,sl,False,0.4428285714285721,0.8969380609841602
1,2024-03-08 14:46:00,2024-03-08 14:47:00,2171.435,2171.435,2185.6601285714282,0.07,0.07,0.49787949999999004,0.0,0.011200000000000002,0.003999999999996362,2199.8852571428565,0.03,True,0.4267538571428486,0.0,0,2024-03-08 19:05:00,2171.335,sl,False,0.42275385714285224,0.8491087846413855
1,2024-03-26 13:13:00,2024-03-26 13:18:00,2191.005,2187.9613857142854,2194.9713857142856,0.17,0.17,0.5174144285715057,0.0,0.027200000000000002,0.0034000000000000002,2198.937771428571,0.08,False,0.0,0.0,0,2024-03-26 13:30:00,2188.745,news_close,False,-0.3842000000000371,-0.7425382416581401
1,2024-03-27 13:50:00,2024-03-27 13:55:00,2191.198,2188.1838785714285,2194.9438785714287,0.17,0.17,0.5124006428571284,0.0,0.027200000000000002,0.0034000000000000002,2198.6897571428576,0.08,False,0.0,0.0,0,2024-03-27 14:00:00,2193.235,news_close,False,0.34629000000004456,0.675818824248821
-1,2024-04-01 09:40:00,2024-04-01 09:41:00,2250.545,2254.495192857143,2242.644614285714,0.13,0.13,0.5135250714285985,0.0,0.020800000000000003,0.012999999999988177,2234.744228571428,0.06,False,0.0,0.0,0,2024-04-01 13:02:00,2254.595192857143,sl,False,-0.5265250714285867,-1.025315219690877
-1,2024-04-01 14:38:00,2024-04-01 14:46:00,2231.835,2235.7617142857143,2223.9815714285714,0.13,0.13,0.5104728571428586,0.0,0.020800000000000003,0.012999999999988177,2216.128142857143,0.06,False,0.0,0.0,0,2024-04-01 14:50:00,2235.8617142857142,sl,False,-0.5234728571428469,-1.0254665842034185
-1,2024-04-01 15:07:00,2024-04-01 15:10:00,2235.255,2238.8586499999997,2228.047700000001,0.14,0.14,0.5045109999999386,0.0,0.022400000000000003,0.01399999999998727,2220.840400000002,0.07,False,0.0,0.0,0,2024-04-01 15:22:00,2238.9586499999996,sl,False,-0.5185109999999259,-1.0277496427233281
-1,2024-04-03 10:08:00,2024-04-03 10:10:00,2271.255,2274.6021285714287,2267.6151285714286,0.15,0.15,0.5020692857142875,0.0,0.024,0.003,2263.975257142857,0.07,False,0.0,0.0,0,2024-04-03 11:45:00,2270.6279999999997,news_close,False,0.09405000000006111,0.18732474317017297
-1,2024-04-04 07:16:00,2024-04-04 07:17:00,2293.585,2297.313785714286,2286.127428571428,0.13,0.13,0.48474214285718065,0.0,0.020800000000000003,0.012999999999988177,2278.669857142856,0.06,False,0.0,0.0,0,2024-04-04 07:33:00,2297.413785714286,sl,False,-0.49774214285716883,-1.0268183820852943
1,2024-04-05 14:40:00,2024-04-05 14:42:00,2321.405,2299.1713499999996,2365.8723000000014,0.02,0.02,0.4446730000000116,0.0,0.0032,0.0004,2410.3396000000025,0.01,False,0.0,-0.03234000000000001,4,2024-04-10 12:00:00,2346.895,news_close,False,0.47745999999999555,1.073732832890648
-1,2024-04-11 09:43:00,2024-04-11 09:56:00,2331.275,2335.30335,2326.26335,0.12,0.12,0.4834020000000055,0.0,0.0192,0.011999999999989085,2321.2517000000003,0.06,False,0.0,0.0,0,2024-04-11 10:14:00,2335.40335,sl,False,-0.49540199999999457,-1.0248240594784237
1,2024-04-12 07:54:00,2024-04-12 07:55:00,2396.715,2393.5796714285716,2402.9856571428572,0.16,0.16,0.5016525714285672,0.0,0.0256,0.01599999999998545,2409.2563142857143,0.08,False,0.0,0.0,0,2024-04-12 09:21:00,2393.4796714285717,sl,False,-0.5176525714285526,-1.0318945838439975
1,2024-04-12 12:25:00,2024-04-12 12:27:00,2395.658,2395.658,2400.2243857142853,0.11,0.11,0.46899757142859927,0.0,0.0176,0.0,2404.7907714285707,0.05,True,0.22831928571426943,0.0,0,2024-04-12 13:52:00,2404.7907714285707,tp2,False,0.776285571428516,1.6552016870021224
1,2024-04-12 13:52:00,2024-04-12 13:53:00,2404.765,2404.765,2424.7267285714283,0.05,0.05,0.4990432142857117,0.0,0.008,0.0029999999999972718,2444.688457142857,0.02,True,0.39923457142856933,0.0,0,2024-04-12 15:20:00,2404.665,sl,False,0.39623457142857205,0.7939884965587775
-1,2024-04-16 08:53:00,2024-04-16 08:54:00,2368.555,2371.797085714286,2362.0708285714277,0.16,0.16,0.5187337142857723,0.0,0.0256,0.01599999999998545,2355.5866571428555,0.08,False,0.0,0.0,0,2024-04-16 09:07:00,2371.897085714286,sl,False,-0.5347337142857578,-1.0308443418257773
-1,2024-04-16 11:20:00,2024-04-16 11:22:00,2371.165,2375.0454214285714,2363.404157142857,0.13,0.13,0.5044547857142925,0.0,0.020800000000000003,0.012999999999988177,2355.643314285714,0.06,False,0.0,0.0,0,2024-04-16 11:53:00,2375.1454214285714,sl,False,-0.5174547857142807,-1.025770396808865
-1,2024-04-16 12:20:00,2024-04-16 12:21:00,2371.385,2375.33325,2363.4885000000004,0.12,0.12,0.47378999999998994,0.0,0.0192,0.011999999999989085,2355.5920000000006,0.06,False,0.0,0.0,0,2024-04-16 12:43:00,2375.43325,sl,False,-0.485789999999979,-1.0253276768188213
1,2024-04-18 08:20:00,2024-04-18 08:22:00,2379.665,2375.684792857143,2386.044792857143,0.12,0.12,0.477624857142855,0.0,0.0192,0.0024,2392.424585714286,0.06,False,0.0,0.0,0,2024-04-18 12:00:00,2380.775,news_close,False,0.13320000000001528,0.27887995779117475
-1,2024-04-22 08:16:00,2024-04-22 08:22:00,2359.665,2363.0558571428573,2354.525857142857,0.14,0.14,0.47472000000003395,0.0,0.022400000000000003,0.01399999999998727,2349.3867142857143,0.07,False,0.0,0.0,0,2024-04-22 09:22:00,2363.1558571428573,sl,False,-0.4887200000000212,-1.0294910684192498
1,2024-04-23 15:19:00,2024-04-23 15:20:00,2321.595,2321.595,2329.7679142857137,0.12,0.12,0.4903748571428332,0.0,0.0192,0.005999999999994543,2337.9408285714276,0.06,True,0.4903748571428332,0.0,0,2024-04-23 19:41:00,2321.495,sl,False,0.4843748571428386,0.9877644624054472
-1,2024-04-24 09:25:00,2024-04-24 09:26:00,2313.355,2316.633,2306.7990000000004,0.15,0.15,0.4916999999999689,0.0,0.024,0.021299999999973805,2300.243000000001,0.07,False,0.0,0.0,0,2024-04-24 10:04:00,2316.7749999999996,sl_gap,False,-0.5129999999999427,-1.0433190970103217
-1,2024-04-30 12:24:00,2024-04-30 12:25:00,2309.655,2309.655,2305.0078785714286,0.13,0.13,0.49528421428567526,0.0,0.0208,0.006999999999993635,2300.360757142857,0.06,True,0.2788272857142965,0.0,0,2024-04-30 12:45:00,2309.755,sl,False,0.27182728571430287,0.5488309093524136
1,2024-05-01 15:27:00,2024-05-01 15:51:00,2306.288,2302.2662642857144,2310.976264285714,0.12,0.12,0.4826082857142683,0.0,0.0192,0.011999999999989085,2315.664528571428,0.06,False,0.0,0.0,0,2024-05-01 16:20:00,2302.1662642857145,sl,False,-0.49460828571425736,-1.0248648859855958
-1,2024-05-13 14:39:00,2024-05-13 14:40:00,2342.385,2342.385,2338.4450428571427,0.13,0.13,0.4696955714285605,0.0,0.0208,0.0,2334.505085714285,0.06,True,0.23639742857145393,0.0,0,2024-05-13 15:04:00,2334.505085714285,tp2,False,0.7879914285715132,1.6776641648437698
1,2024-05-17 14:15:00,2024-05-17 14:16:00,2402.165,2402.165,2409.542385714286,0.13,0.13,0.4795300714285895,0.0,0.020800000000000003,0.0,2416.919771428572,0.06,True,0.44264314285715955,0.0,0,2024-05-17 15:02:00,2416.919771428572,tp2,False,1.4754771428571987,3.0769230769230775
1,2024-05-17 15:33:00,2024-05-17 15:40:00,2407.335,2407.335,2415.1382428571433,0.13,0.13,0.5072107857143101,0.0,0.020800000000000003,0.0,2422.9414857142865,0.06,True,0.4681945714285939,-0.03773000000000001,1,2024-05-19 22:02:00,2422.9414857142865,tp2,False,1.5229185714286466,3.00253585752106
-1,2024-05-20 11:35:00,2024-05-20 11:36:00,2429.508,2429.508,2421.289042857142,0.13,0.13,0.5342322142857711,0.0,0.0208,0.0,2413.070085714284,0.06,True,0.49313742857148096,0.0,0,2024-05-20 12:42:00,2413.070085714284,tp2,False,1.6437914285716033,3.076923076923077
-1,2024-05-20 15:35:00,2024-05-20 15:48:00,2423.615,2426.9728999999998,2416.8992,0.16,0.16,0.5372639999999956,0.0,0.0256,0.01599999999998545,2410.1834,0.08,False,0.0,0.0,0,2024-05-20 16:31:00,2427.0728999999997,sl,False,-0.553263999999981,-1.0297805175853687
1,2024-07-11 13:23:00,2024-07-11 13:28:00,2408.698,2403.6812,2414.7942,0.1,0.1,0.5016799999999876,0.0,0.016,0.009999999999990905,2420.8903999999998,0.05,False,0.0,0.0,0,2024-07-11 13:40:00,2403.5812,sl,False,-0.5116799999999785,-1.0199330250358618
1,2024-07-16 15:04:00,2024-07-16 15:05:00,2453.935,2453.935,2470.338171428571,0.06,0.06,0.4920951428571334,0.0,0.0096,0.0006,2486.741342857142,0.03,True,0.4920951428571334,-0.03234,1,2024-07-17 02:00:00,2479.345,news_close,False,1.222055142857129,2.48337168247954
-1,2024-07-17 08:25:00,2024-07-17 08:27:00,2474.885,2474.885,2466.916714285715,0.13,0.13,0.5179385714285399,0.0,0.0208,0.006999999999993635,2458.9484285714298,0.06,True,0.4780971428571138,0.0,0,2024-07-17 12:27:00,2474.985,sl,False,0.4710971428571202,0.9095618068331439
-1,2024-07-17 13:31:00,2024-07-17 13:32:00,2472.815,2476.740092857143,2466.723092857143,0.14,0.14,0.5495129999999881,0.0,0.022400000000000003,0.01399999999998727,2460.631185714286,0.07,False,0.0,0.0,0,2024-07-17 13:35:00,2476.8400928571427,sl,False,-0.5635129999999754,-1.0254771042723057
1,2024-07-17 14:43:00,2024-07-17 14:44:00,2471.485,2467.5690214285714,2476.0490214285715,0.14,0.14,0.5482370000000174,0.0,0.022400000000000003,0.01399999999998727,2480.613042857143,0.07,False,0.0,0.0,0,2024-07-17 14:53:00,2467.4690214285715,sl,False,-0.5622370000000046,-1.025536401227912
-1,2024-07-17 15:09:00,2024-07-17 15:10:00,2460.705,2465.2716499999997,2451.5717000000004,0.11,0.11,0.502331499999973,0.0,0.0176,0.010999999999989995,2442.438400000001,0.05,False,0.0,0.0,0,2024-07-17 15:27:00,2465.3716499999996,sl,False,-0.513331499999963,-1.0218978901382665
1,2024-08-01 13:03:00,2024-08-01 13:06:00,2451.515,2448.2846785714287,2457.9756428571422,0.16,0.16,0.51685142857139,0.0,0.0256,0.0032,2464.4362857142846,0.08,False,0.0,0.0,0,2024-08-01 13:15:00,2451.485,news_close,False,-0.004799999999959254,-0.009287001514587582
1,2024-08-16 13:51:00,2024-08-16 13:52:00,2498.674,2485.8474785714284,2524.327042857143,0.04,0.04,0.5130608571428639,0.0,0.0064,0.003999999999996362,2549.9800857142864,0.02,False,0.0,0.0,0,2024-08-16 14:04:00,2485.7474785714285,sl,False,-0.5170608571428602,-1.00779634607534
1,2024-08-16 14:50:00,2024-08-16 14:51:00,2485.895,2485.895,2500.307571428572,0.07,0.07,0.5044400000000179,0.0,0.011200000000000002,0.003999999999996362,2514.720142857144,0.03,True,0.4323771428571581,-0.021560000000000006,2,2024-08-19 13:37:00,2485.795,sl,False,0.40681714285716175,0.8064728071864787
1,2024-08-20 07:57:00,2024-08-20 07:58:00,2513.735,2513.735,2520.992871428571,0.14,0.14,0.5080509999999686,0.0,0.022400000000000003,0.0,2528.250742857142,0.07,True,0.5080509999999686,0.0,0,2024-08-20 12:26:00,2528.250742857142,tp2,False,1.524152999999906,3.0
1,2024-08-20 12:53:00,2024-08-20 12:54:00,2528.538,2521.6996,2542.2148,0.08,0.08,0.5470720000000074,0.0,0.0128,0.007999999999992725,2555.8916000000004,0.04,False,0.0,0.0,0,2024-08-20 13:36:00,2521.5996,sl,False,-0.5550720000000001,-1.0146233036967576
1,2024-08-20 13:44:00,2024-08-20 14:18:00,2525.135,2519.4955714285716,2536.4138571428575,0.09,0.09,0.5075485714285787,0.0,0.0144,0.008999999999991815,2547.692714285715,0.04,False,0.0,0.0,0,2024-08-20 15:02:00,2519.3955714285717,sl,False,-0.5165485714285705,-1.017732293038792
-1,2024-08-20 15:17:00,2024-08-20 15:19:00,2508.304,2513.536192857143,2502.376192857143,0.1,0.1,0.5232192857142763,0.0,0.016,0.009999999999990905,2496.448385714286,0.05,False,0.0,0.0,0,2024-08-20 15:36:00,2513.6361928571428,sl,False,-0.5332192857142672,-1.0191124453418021
-1,2024-08-21 08:17:00,2024-08-21 08:18:00,2508.875,2512.3946285714283,2502.2376285714286,0.15,0.15,0.5279442857142385,0.0,0.024,0.014999999999986358,2495.600257142857,0.07,False,0.0,0.0,0,2024-08-21 11:46:00,2512.494628571428,sl,False,-0.5429442857142248,-1.028412088937933
-1,2024-08-21 12:31:00,2024-08-21 12:32:00,2509.518,2509.518,2504.4259357142855,0.12,0.12,0.4977522857142867,0.0,0.0192,0.0,2499.333871428571,0.06,True,0.30552385714287084,0.0,0,2024-08-21 13:44:00,2499.333871428571,tp2,False,0.9165715714286125,1.8414211199719752
1,2024-09-12 13:09:00,2024-09-12 13:16:00,2535.198,2521.70105,2562.1918999999994,0.04,0.04,0.5398779999999898,0.0,0.0064,0.0008,2589.185799999999,0.02,False,0.0,0.0,0,2024-09-12 16:30:00,2545.465,news_close,False,0.4106800000000112,0.7606903781965907
1,2024-09-13 13:35:00,2024-09-13 13:36:00,2581.018,2576.1310214285713,2590.7919571428574,0.11,0.11,0.5375676428571569,0.0,0.0176,0.010999999999989995,2600.565914285715,0.05,False,0.0,0.0,0,2024-09-13 13:58:00,2576.0310214285714,sl,False,-0.5485676428571469,-1.0204625411260346
1,2024-09-13 14:28:00,2024-09-13 14:29:00,2577.688,2574.6129785714284,2583.8380428571436,0.17,0.17,0.5227536428571966,0.0,0.027200000000000002,0.01699999999998454,2589.988085714287,0.08,False,0.0,0.0,0,2024-09-13 15:04:00,2574.5129785714284,sl,False,-0.5397536428571812,-1.032520098582323
1,2024-09-13 15:22:00,2024-09-13 15:26:00,2577.284,2577.284,2583.116642857143,0.13,0.13,0.5031464285714492,0.0,0.020800000000000003,0.0,2588.9492857142855,0.06,True,0.34995857142856035,-0.03773000000000001,2,2024-09-16 05:43:00,2588.9492857142855,tp2,False,1.1287985714285347,2.243479248443557
-1,2024-09-17 10:22:00,2024-09-17 10:27:00,2573.045,2576.064,2567.0070000000005,0.18,0.18,0.54341999999996,0.0,0.0288,0.01799999999998363,2560.969000000001,0.09,False,0.0,0.0,0,2024-09-17 11:29:00,2576.1639999999998,sl,False,-0.5614199999999436,-1.0331235508446228
-1,2024-09-17 15:41:00,2024-09-17 15:42:00,2562.785,2567.847107142857,2556.710107142857,0.1,0.1,0.5062107142857258,0.0,0.016,0.009999999999990905,2550.635214285714,0.05,False,0.0,0.0,0,2024-09-17 17:48:00,2567.947107142857,sl,False,-0.5162107142857167,-1.0197546194060731
1,2024-09-19 09:31:00,2024-09-19 09:34:00,2592.225,2588.62385,2599.4273,0.14,0.14,0.5041609999999946,0.0,0.022400000000000003,0.01399999999998727,2606.6295999999998,0.07,False,0.0,0.0,0,2024-09-19 10:16:00,2588.52385,sl,False,-0.5181609999999819,-1.0277689071546339
1,2024-09-20 11:00:00,2024-09-20 11:02:00,2614.048,2608.073028571429,2625.9979428571414,0.08,0.08,0.477997714285666,0.0,0.0128,0.007999999999992725,2637.947885714283,0.04,False,0.0,0.0,0,2024-09-20 13:32:00,2607.973028571429,sl,False,-0.48599771428565874,-1.0167364817046212
1,2024-09-20 13:54:00,2024-09-20 13:55:00,2605.615,2605.615,2609.451407142857,0.15,0.15,0.5000389285713481,0.0,0.024,0.0,2613.2878142857144,0.07,True,0.2685485000000108,0.0,0,2024-09-20 14:29:00,2613.2878142857144,tp2,False,0.8823736428571782,1.7646098982297067
1,2024-09-20 14:29:00,2024-09-20 14:30:00,2612.704,2612.704,2619.004342857143,0.09,0.09,0.5309691428571295,0.0,0.0144,0.0,2625.304685714286,0.04,True,0.25201371428571295,0.0,0,2024-09-20 16:47:00,2625.304685714286,tp2,False,0.8820479999999952,1.6612038794829405
-1,2024-09-23 13:34:00,2024-09-23 13:36:00,2627.258,2630.6337642857143,2620.506471428571,0.16,0.16,0.5401222857143148,0.0,0.0256,0.01599999999998545,2613.754942857142,0.08,False,0.0,0.0,0,2024-09-23 13:41:00,2630.733764285714,sl,False,-0.5561222857143002,-1.0296229213701587
1,2024-09-23 14:23:00,2024-09-23 14:38:00,2631.945,2628.910814285714,2638.0133714285726,0.17,0.17,0.5158115714286533,0.0,0.027200000000000002,0.01699999999998454,2644.081742857145,0.08,False,0.0,0.0,0,2024-09-23 15:01:00,2628.810814285714,sl,False,-0.5328115714286378,-1.032957771677939
1,2024-09-24 14:49:00,2024-09-24 14:57:00,2643.045,2643.045,2651.2863714285713,0.12,0.12,0.4944822857142753,0.0,0.0192,0.0,2659.5277428571426,0.06,True,0.4944822857142753,0.0,0,2024-09-24 19:18:00,2659.5277428571426,tp2,False,1.4834468571428259,2.9999999999999996
-1,2024-09-25 08:42:00,2024-09-25 08:43:00,2654.725,2657.736664285714,2651.2866642857143,0.18,0.18,0.5420995714285618,0.0,0.0288,0.01799999999998363,2647.8483285714287,0.09,False,0.0,0.0,0,2024-09-25 09:41:00,2657.836664285714,sl,False,-0.5600995714285454,-1.0332042321165267
1,2024-09-26 11:01:00,2024-09-26 11:02:00,2675.555,2675.555,2684.612328571429,0.11,0.11,0.4981530714285964,0.0,0.0176,0.0012,2693.669657142858,0.05,True,0.45286642857145126,0.0,0,2024-09-26 12:00:00,2682.635,news_close,False,0.8776664285714741,1.7618408455347163
-1,2024-09-30 12:18:00,2024-09-30 12:19:00,2640.615,2644.1558571428573,2633.533285714285,0.15,0.15,0.5311285714286214,0.0,0.024,0.003,2626.45157142857,0.07,False,0.0,0.0,0,2024-09-30 13:15:00,2639.055,news_close,False,0.2339999999999918,0.440571290244436
-1,2024-09-30 14:32:00,2024-09-30 14:33:00,2630.975,2634.337107142857,2625.996107142857,0.16,0.16,0.5379371428571176,0.0,0.0256,0.01599999999998545,2621.017214285714,0.08,False,0.0,0.0,0,2024-09-30 14:36:00,2634.437107142857,sl,False,-0.553937142857103,-1.029743251999677
-1,2024-09-30 15:29:00,2024-09-30 15:30:00,2632.884,2636.365464285714,2625.9314642857144,0.15,0.15,0.5222196428571123,0.0,0.024,0.014999999999986358,2618.9789285714287,0.07,False,0.0,0.0,0,2024-09-30 16:15:00,2636.465464285714,sl,False,-0.5372196428570987,-1.028723546126913
1,2024-10-01 10:06:00,2024-10-01 10:07:00,2649.145,2649.145,2655.0098857142857,0.16,0.16,0.5192182857142325,0.0,0.0256,0.007999999999992725,2660.8747714285714,0.08,True,0.4691908571428576,0.0,0,2024-10-01 13:08:00,2649.045,sl,False,0.46119085714286484,0.8882407839478428
-1,2024-10-08 15:13:00,2024-10-08 15:14:00,2612.728,2620.4757571428568,2602.635757142857,0.07,0.07,0.5423429999999689,0.0,0.011200000000000002,0.006999999999993635,2592.543514285714,0.03,False,0.0,0.0,0,2024-10-08 19:50:00,2620.5757571428567,sl,False,-0.5493429999999626,-1.0129069610928767
-1,2024-10-09 08:04:00,2024-10-09 08:05:00,2610.695,2614.2785071428575,2605.408507142857,0.15,0.15,0.5375260714286014,0.0,0.024,0.014999999999986358,2600.122014285714,0.07,False,0.0,0.0,0,2024-10-09 08:11:00,2614.3785071428574,sl,False,-0.5525260714285878,-1.0279056231823702
1,2024-10-17 14:26:00,2024-10-17 14:27:00,2690.538,2686.4742214285716,2698.665557142857,0.13,0.13,0.5282912142856958,0.0,0.020800000000000003,0.0026000000000000003,2706.7931142857137,0.06,False,0.0,0.0,0,2024-10-17 14:30:00,2689.525,news_close,False,-0.1316899999999896,-0.24927539288732645
1,2024-10-18 15:09:00,2024-10-18 15:15:00,2717.764,2713.9309357142856,2725.430128571429,0.13,0.13,0.49829835714288495,0.0,0.020800000000000003,0.012999999999988177,2733.096257142858,0.06,False,0.0,0.0,0,2024-10-18 15:39:00,2713.8309357142857,sl,False,-0.5112983571428731,-1.0260887875981104
1,2024-10-21 12:28:00,2024-10-21 12:29:00,2738.045,2734.6435071428573,2744.8479857142856,0.15,0.15,0.5102239285714176,0.0,0.024,0.014999999999986358,2751.650971428571,0.07,False,0.0,0.0,0,2024-10-21 13:31:00,2734.5435071428574,sl,False,-0.525223928571404,-1.0293988563844605
1,2024-10-21 13:36:00,2024-10-21 13:37:00,2738.535,2733.424521428571,2748.7559571428574,0.1,0.1,0.5110478571428757,0.0,0.016,0.009999999999990905,2758.976914285715,0.05,False,0.0,0.0,0,2024-10-21 14:28:00,2733.324521428571,sl,False,-0.5210478571428666,-1.0195676390385395
-1,2024-10-21 15:20:00,2024-10-21 15:21:00,2718.865,2722.646285714286,2713.7362857142857,0.13,0.13,0.49156714285721137,0.0,0.020800000000000003,0.012999999999988177,2708.6075714285716,0.06,False,0.0,0.0,0,2024-10-21 15:31:00,2722.746285714286,sl,False,-0.5045671428571996,-1.0264460312062893
-1,2024-10-21 15:53:00,2024-10-21 15:54:00,2720.195,2723.4967071428573,2713.646707142857,0.15,0.15,0.495256071428571,0.0,0.024,0.014999999999986358,2707.0984142857137,0.07,False,0.0,0.0,0,2024-10-21 16:56:00,2723.596707142857,sl,False,-0.5102560714285573,-1.0302873621654323
1,2024-10-22 13:45:00,2024-10-22 13:48:00,2740.545,2737.083,2747.469,0.14,0.14,0.4846799999999985,0.0,0.022400000000000003,0.01399999999998727,2754.393,0.07,False,0.0,0.0,0,2024-10-22 13:59:00,2736.983,sl,False,-0.4986799999999858,-1.0288850375505227
1,2024-10-22 14:51:00,2024-10-22 14:58:00,2741.325,2737.8382857142856,2748.2984285714283,0.14,0.14,0.488139999999994,0.0,0.022400000000000003,0.01399999999998727,2755.271857142857,0.07,False,0.0,0.0,0,2024-10-22 15:46:00,2737.7382857142857,sl,False,-0.5021399999999813,-1.0286802966361852
-1,2024-10-23 12:45:00,2024-10-23 12:46:00,2742.735,2742.735,2737.8922,0.1,0.1,0.470719999999983,0.0,0.016,0.0,2733.0493999999994,0.05,True,0.24214000000001762,0.0,0,2024-10-23 13:18:00,2733.0493999999994,tp2,False,0.7264200000000529,1.5432104010878636
-1,2024-10-31 13:05:00,2024-10-31 13:07:00,2769.845,2773.9857285714284,2761.5635428571427,0.12,0.12,0.4968874285714264,0.0,0.0192,0.0024,2753.2820857142856,0.06,False,0.0,0.0,0,2024-10-31 13:15:00,2769.815,news_close,False,0.003599999999969441,0.007245101793618732
1,2024-11-01 13:03:00,2024-11-01 13:05:00,2758.405,2753.177628571428,2768.8597428571443,0.09,0.09,0.4704634285714837,0.0,0.0144,0.0018,2779.3144857142884,0.04,False,0.0,0.0,0,2024-11-01 13:15:00,2760.915,news_close,False,0.2258999999999787,0.48016484657670844
-1,2024-11-06 12:47:00,2024-11-06 12:51:00,2698.965,2698.965,2691.0315714285716,0.11,0.11,0.48109285714288946,0.0,0.017599999999999998,0.0,2683.098142857143,0.05,True,0.3966714285714261,0.0,0,2024-11-06 13:09:00,2683.098142857143,tp2,False,1.3486828571428486,2.803373272162875
1,2024-11-07 15:19:00,2024-11-07 15:22:00,2696.695,2693.310857142857,2703.4632857142865,0.15,0.15,0.5076214285714741,0.0,0.024,0.014999999999986358,2710.231571428573,0.07,False,0.0,0.0,0,2024-11-07 16:20:00,2693.210857142857,sl,False,-0.5226214285714604,-1.029549579973798
1,2024-11-08 14:05:00,2024-11-08 14:06:00,2700.965,2695.6252285714286,2710.0852285714286,0.09,0.09,0.480579428571441,0.0,0.0144,0.008999999999991815,2719.205457142857,0.04,False,0.0,0.0,0,2024-11-08 14:35:00,2695.5252285714287,sl,False,-0.4895794285714328,-1.018727393360854
-1,2024-11-12 07:37:00,2024-11-12 07:48:00,2599.415,2605.4216714285712,2587.4016571428574,0.08,0.08,0.48053371428570246,0.0,0.0128,0.007999999999992725,2575.388314285715,0.04,False,0.0,0.0,0,2024-11-12 08:11:00,2605.521671428571,sl,False,-0.4885337142856952,-1.016648155503271
-1,2024-11-12 10:00:00,2024-11-12 10:01:00,2592.675,2596.3276428571426,2585.9006428571424,0.13,0.13,0.4748435714285097,0.0,0.020800000000000003,0.012999999999988177,2579.1262857142847,0.06,False,0.0,0.0,0,2024-11-12 10:46:00,2596.4276428571425,sl,False,-0.4878435714284979,-1.0273774370807616
-1,2024-11-12 12:31:00,2024-11-12 12:32:00,2601.254,2604.259007142857,2595.2439857142854,0.16,0.16,0.48080114285716263,0.0,0.0256,0.01599999999998545,2589.233971428571,0.08,False,0.0,0.0,0,2024-11-12 12:35:00,2604.359007142857,sl,False,-0.4968011428571481,-1.0332777911152735
-1,2024-11-14 08:01:00,2024-11-14 08:04:00,2555.445,2558.6262928571427,2551.096292857143,0.15,0.15,0.477193928571387,0.0,0.024,0.014999999999986358,2546.747585714286,0.07,False,0.0,0.0,0,2024-11-14 08:07:00,2558.7262928571427,sl,False,-0.49219392857137334,-1.0314337612066713
-1,2024-11-14 09:51:00,2024-11-14 09:54:00,2540.785,2544.388207142857,2533.5785857142855,0.13,0.13,0.46841692857143247,0.0,0.020800000000000003,0.012999999999988177,2526.372171428571,0.06,False,0.0,0.0,0,2024-11-14 09:58:00,2544.488207142857,sl,False,-0.48141692857142065,-1.0277530533314312
-1,2024-11-14 10:23:00,2024-11-14 10:24:00,2541.315,2545.0150714285714,2533.9148571428573,0.13,0.13,0.48100928571428087,0.0,0.020800000000000003,0.012999999999988177,2526.5147142857145,0.06,False,0.0,0.0,0,2024-11-14 10:28:00,2545.1150714285714,sl,False,-0.49400928571426905,-1.0270265052797967
-1,2024-11-14 14:04:00,2024-11-14 14:05:00,2556.035,2559.335442857143,2551.155442857143,0.14,0.14,0.46206200000002356,0.0,0.022400000000000003,0.01399999999998727,2546.2758857142862,0.07,False,0.0,0.0,0,2024-11-14 14:16:00,2559.435442857143,sl,False,-0.47606200000001087,-1.0302989642082374
1,2024-12-20 07:49:00,2024-12-20 07:50:00,2605.735,2602.08635,2609.54735,0.13,0.13,0.47432450000001153,0.0,0.020800000000000003,0.012999999999988177,2613.3596999999995,0.06,False,0.0,0.0,0,2024-12-20 11:11:00,2601.98635,sl,False,-0.4873244999999997,-1.0274073972564939
1,2025-01-16 12:57:00,2025-01-16 12:59:00,2704.835,2699.8706714285713,2709.936671428571,0.09,0.09,0.44678957142858505,0.0,0.0144,0.0018,2715.038342857142,0.04,False,0.0,0.0,0,2025-01-16 13:00:00,2703.545,news_close,False,-0.11609999999999672,-0.2598538717651206
1,2025-01-21 07:33:00,2025-01-21 07:34:00,2727.965,2727.965,2732.324692857143,0.11,0.11,0.46643378571433003,0.0,0.0176,0.005999999999994543,2736.684385714286,0.05,True,0.21798464285714092,0.0,0,2025-01-21 08:00:00,2727.8650000000002,sl,False,0.21198464285714638,0.45447960535812804
-1,2025-01-27 12:38:00,2025-01-27 12:39:00,2760.585,2763.68555,2754.88555,0.15,0.15,0.4650825000000168,0.0,0.024,0.014999999999986358,2749.1861,0.07,False,0.0,0.0,0,2025-01-27 12:46:00,2763.78555,sl,False,-0.48008250000000313,-1.032252342326331
1,2025-01-30 07:02:00,2025-01-30 07:03:00,2766.248,2766.248,2771.517664285714,0.09,0.09,0.45183021428573283,0.0,0.0144,0.0,2776.787328571428,0.04,True,0.21078657142856172,0.0,0,2025-01-30 10:15:00,2776.787328571428,tp2,False,0.737752999999966,1.632810238611928
1,2025-01-30 15:39:00,2025-01-30 15:40:00,2790.915,2790.915,2798.604985714286,0.12,0.12,0.46139914285717165,0.0,0.0192,0.005999999999994543,2806.2949714285724,0.06,True,0.46139914285717165,-0.06468,1,2025-01-31 10:33:00,2790.815,sl,False,0.39071914285717707,0.8468137596391809
-1,2025-02-03 08:51:00,2025-02-03 08:52:00,2797.315,2800.402271428571,2794.0622714285714,0.15,0.15,0.46309071428565857,0.0,0.024,0.014999999999986358,2790.809542857143,0.07,False,0.0,0.0,0,2025-02-03 09:37:00,2800.502271428571,sl,False,-0.4780907142856449,-1.032391061917803
1,2025-02-03 12:32:00,2025-02-03 12:33:00,2804.395,2804.395,2810.578857142857,0.15,0.15,0.46378928571427874,0.0,0.024,0.0015999999999999999,2816.762714285714,0.07,True,0.4328699999999936,0.0,0,2025-02-03 14:15:00,2814.225,news_close,False,1.2192699999999876,2.628930933844662
1,2025-02-04 15:33:00,2025-02-04 15:35:00,2844.108,2839.7611928571428,2852.801614285715,0.11,0.11,0.4781487857143156,0.0,0.0176,0.010999999999989995,2861.49522857143,0.05,False,0.0,0.0,0,2025-02-04 15:39:00,2839.661192857143,sl,False,-0.48914878571430565,-1.0230053914777948
-1,2025-02-05 13:45:00,2025-02-05 13:47:00,2861.595,2866.392214285714,2854.872214285714,0.1,0.1,0.479721428571429,0.0,0.016,0.002,2848.1494285714284,0.05,False,0.0,0.0,0,2025-02-05 14:15:00,2864.725,news_close,False,-0.31300000000001094,-0.6524619943121974
-1,2025-02-06 14:56:00,2025-02-06 14:57:00,2846.375,2846.375,2840.917885714286,0.08,0.08,0.4290308571428614,0.0,0.0128,0.0,2835.460771428572,0.04,True,0.2182845714285577,0.0,0,2025-02-06 15:08:00,2835.460771428572,tp2,False,0.6548537142856731,1.5263557466394913
1,2025-02-07 15:46:00,2025-02-07 15:47:00,2886.015,2881.005242857143,2896.0345142857136,0.09,0.09,0.45087814285711825,0.0,0.0144,0.008999999999991815,2906.0540285714274,0.04,False,0.0,0.0,0,2025-02-07 15:53:00,2880.905242857143,sl,False,-0.4598781428571101,-1.0199610474416896
1,2025-02-10 07:27:00,2025-02-10 07:28:00,2891.105,2891.105,2900.1493428571425,0.1,0.1,0.45221714285712555,0.0,0.016,0.0,2909.193685714285,0.05,True,0.45221714285712555,0.0,0,2025-02-10 13:20:00,2909.193685714285,tp2,False,1.3566514285713767,3.0
1,2025-02-11 07:10:00,2025-02-11 07:22:00,2915.475,2912.2181642857145,2921.988671428571,0.15,0.15,0.48852535714281653,0.0,0.024,0.014999999999986358,2928.5023428571417,0.07,False,0.0,0.0,0,2025-02-11 07:28:00,2912.1181642857146,sl,False,-0.5035253571428029,-1.030704649780546
-1,2025-02-11 08:22:00,2025-02-11 08:23:00,2910.425,2913.981642857143,2905.141642857143,0.13,0.13,0.4623635714285683,0.0,0.020800000000000003,0.012999999999988177,2899.8582857142856,0.06,False,0.0,0.0,0,2025-02-11 08:29:00,2914.081642857143,sl,False,-0.4753635714285565,-1.0281164019038567
-1,2025-02-11 13:02:00,2025-02-11 13:03:00,2886.365,2900.099935714286,2864.8599357142857,0.03,0.03,0.41204807142858496,0.0,0.0048,0.0029999999999972713,2843.3548714285716,0.01,False,0.0,0.0,0,2025-02-11 14:06:00,2900.199935714286,sl,False,-0.41504807142858224,-1.0072807038984462
-1,2025-02-12 08:10:00,2025-02-12 08:15:00,2890.175,2894.0029285714286,2883.6299285714285,0.12,0.12,0.45935142857140815,0.0,0.0192,0.011999999999989085,2877.084857142857,0.06,False,0.0,0.0,0,2025-02-12 08:36:00,2894.1029285714285,sl,False,-0.4713514285713972,-1.0261237894422344
1,2025-02-13 07:31:00,2025-02-13 07:33:00,2917.875,2914.196571428571,2922.466571428571,0.12,0.12,0.44141142857146404,0.0,0.0192,0.011999999999989085,2927.0581428571422,0.06,False,0.0,0.0,0,2025-02-13 07:40:00,2914.096571428571,sl,False,-0.4534114285714531,-1.0271855217678088
-1,2025-02-13 08:40:00,2025-02-13 08:44:00,2910.945,2914.008978571429,2905.1189785714287,0.15,0.15,0.45959678571432505,0.0,0.024,0.014999999999986358,2899.292957142857,0.07,False,0.0,0.0,0,2025-02-13 09:14:00,2914.108978571429,sl,False,-0.4745967857143114,-1.0326373039721606
1,2025-02-14 10:23:00,2025-02-14 10:24:00,2938.415,2935.264785714286,2942.544785714286,0.14,0.14,0.44102999999994613,0.0,0.022400000000000003,0.01399999999998727,2946.6745714285717,0.07,False,0.0,0.0,0,2025-02-14 10:49:00,2935.164785714286,sl,False,-0.4550299999999334,-1.0317438722989116
-1,2025-02-14 14:00:00,2025-02-14 14:02:00,2919.055,2919.055,2914.8287642857144,0.12,0.12,0.444451714285733,0.0,0.0192,0.005999999999994543,2910.602528571429,0.06,True,0.25357414285712365,0.0,0,2025-02-14 14:13:00,2919.1549999999997,sl,False,0.24757414285712911,0.5570327099649041
-1,2025-02-14 14:47:00,2025-02-14 14:49:00,2921.435,2921.435,2914.813857142857,0.09,0.09,0.4399971428571689,0.0,0.0144,0.0,2908.1927142857144,0.04,True,0.26484571428571146,0.0,0,2025-02-14 15:21:00,2908.1927142857144,tp2,False,0.92695999999999,2.106740952863183
1,2025-02-20 08:31:00,2025-02-20 08:34:00,2954.315,2947.662592857143,2967.6198142857143,0.07,0.07,0.4656684999999971,0.0,0.011200000000000002,0.006999999999993635,2980.9246285714285,0.03,False,0.0,0.0,0,2025-02-20 11:45:00,2947.562592857143,sl,False,-0.4726684999999907,-1.0150321527008885
1,2025-02-24 13:27:00,2025-02-24 13:28:00,2950.175,2950.175,2954.6192142857144,0.13,0.13,0.4557521428571863,0.0,0.020800000000000003,0.006999999999993635,2959.0634285714286,0.06,True,0.26665285714285347,0.0,0,2025-02-24 14:14:00,2950.0750000000003,sl,False,0.25965285714285985,0.5697238317192602
-1,2025-02-27 15:14:00,2025-02-27 15:15:00,2874.315,2882.637314285714,2864.837314285714,0.05,0.05,0.41611571428570643,0.0,0.008,0.0049999999999954525,2855.359628571428,0.02,False,0.0,0.0,0,2025-02-27 17:52:00,2882.737314285714,sl,False,-0.4211157142857019,-1.012015888437615
1,2025-03-04 12:44:00,2025-03-04 12:45:00,2923.505,2918.993307142857,2929.173307142857,0.1,0.1,0.4511692857143317,0.0,0.016,0.009999999999990905,2934.841614285714,0.05,False,0.0,0.0,0,2025-03-04 14:12:00,2918.893307142857,sl,False,-0.4611692857143226,-1.0221646293677948
1,2025-03-13 15:01:00,2025-03-13 15:02:00,2971.048,2965.836307142857,2981.471385714285,0.08,0.08,0.4169354285714144,0.0,0.0128,0.0016,2991.8947714285705,0.04,False,0.0,0.0,0,2025-03-13 16:30:00,2979.065,news_close,False,0.6413600000000225,1.5382717707573457
1,2025-03-14 09:17:00,2025-03-14 09:21:00,2995.595,2990.17985,3006.4252999999994,0.08,0.08,0.433211999999985,0.0,0.0128,0.007999999999992725,3017.255599999999,0.04,False,0.0,0.0,0,2025-03-14 10:39:00,2990.07985,sl,False,-0.44121199999997773,-1.0184667091400816
1,2025-03-14 11:37:00,2025-03-14 11:38:00,2997.975,2994.510757142857,3004.9034857142856,0.13,0.13,0.45035157142856863,0.0,0.020800000000000003,0.012999999999988177,3011.8319714285713,0.06,False,0.0,0.0,0,2025-03-14 11:56:00,2994.410757142857,sl,False,-0.4633515714285568,-1.0288663364907347
1,2025-03-14 12:12:00,2025-03-14 12:13:00,2998.225,2992.981214285714,3004.631214285714,0.08,0.08,0.4195028571428702,0.0,0.0128,0.007999999999992725,3011.0374285714283,0.04,False,0.0,0.0,0,2025-03-14 13:00:00,2992.881214285714,sl,False,-0.42750285714286296,-1.0190701919278422
1,2025-03-14 13:24:00,2025-03-14 13:25:00,2995.515,2991.7599285714286,3003.0251428571423,0.12,0.12,0.45060857142854727,0.0,0.0192,0.011999999999989085,3010.535285714285,0.06,False,0.0,0.0,0,2025-03-14 13:32:00,2991.6599285714287,sl,False,-0.46260857142853634,-1.0266306518802915
1,2025-03-18 07:18:00,2025-03-18 07:19:00,3018.469,3015.2547142857143,3024.8975714285716,0.14,0.14,0.4500000000000091,0.0,0.022400000000000003,0.01399999999998727,3031.326142857143,0.07,False,0.0,0.0,0,2025-03-18 07:24:00,3015.1547142857144,sl,False,-0.4639999999999964,-1.0311111111110822
1,2025-03-18 10:04:00,2025-03-18 10:05:00,3022.149,3022.149,3030.647257142857,0.1,0.1,0.4249128571428628,0.0,0.016,0.0,3039.1455142857144,0.05,True,0.4249128571428628,-0.02695,1,2025-03-19 05:34:00,3039.1455142857144,tp2,False,1.2477885714285883,2.936575230551475
-1,2025-03-19 09:04:00,2025-03-19 09:05:00,3024.278,3027.8095857142857,3018.1505857142856,0.13,0.13,0.45910614285717205,0.0,0.020800000000000003,0.012999999999988177,3012.0231714285715,0.06,False,0.0,0.0,0,2025-03-19 09:23:00,3027.9095857142856,sl,False,-0.4721061428571602,-1.0283158920921527
-1,2025-03-21 15:22:00,2025-03-21 15:23:00,3013.305,3016.9418142857144,3006.0313714285708,0.12,0.12,0.4364177142857443,0.0,0.0192,0.011999999999989085,2998.7577428571417,0.06,False,0.0,0.0,0,2025-03-21 16:34:00,3017.0418142857143,sl,False,-0.44841771428573335,-1.0274965923865595
1,2025-03-27 14:48:00,2025-03-27 14:50:00,3057.845,3049.9801,3073.574799999999,0.05,0.05,0.393244999999979,0.0,0.008,0.0049999999999954525,3089.304599999998,0.02,False,0.0,0.0,0,2025-03-27 16:40:00,3049.8801000000003,sl,False,-0.3982449999999744,-1.0127147198311377
1,2025-03-28 15:02:00,2025-03-28 15:03:00,3072.315,3072.315,3075.738028571429,0.13,0.13,0.4260062857142839,0.0,0.020800000000000003,0.0,3079.1610571428578,0.06,True,0.2053817142857315,0.0,0,2025-03-28 15:21:00,3079.1610571428578,tp2,False,0.6846057142857718,1.607031955263042
1,2025-03-31 10:21:00,2025-03-31 10:26:00,3115.535,3115.535,3123.522042857142,0.11,0.11,0.4392873571428163,0.0,0.0176,0.005999999999994543,3131.509085714284,0.05,True,0.39935214285710574,0.0,0,2025-03-31 11:26:00,3115.435,sl,False,0.3933521428571112,0.8954324235860692
1,2025-03-31 11:36:00,2025-03-31 11:45:00,3116.705,3116.705,3124.1627714285714,0.12,0.12,0.44746628571429026,0.0,0.0192,0.005999999999994543,3131.620542857143,0.06,True,0.44746628571429026,0.0,0,2025-03-31 13:05:00,3116.605,sl,False,0.4414662857142957,0.9865911685605168
-1,2025-04-01 08:55:00,2025-04-01 08:58:00,3130.079,3133.2254071428574,3126.3994071428574,0.14,0.14,0.44049700000001396,0.0,0.022400000000000003,0.01399999999998727,3122.7198142857146,0.07,False,0.0,0.0,0,2025-04-01 09:21:00,3133.3254071428573,sl,False,-0.45449700000000126,-1.031782282285661
-1,2025-04-01 10:34:00,2025-04-01 10:37:00,3135.409,3135.409,3128.3727571428576,0.13,0.13,0.45735578571426233,0.0,0.0208,0.006999999999993635,3121.336514285715,0.06,True,0.4221745714285498,0.0,0,2025-04-01 13:07:00,3135.509,sl,False,0.4151745714285562,0.9077715520317933
-1,2025-04-01 15:52:00,2025-04-01 15:55:00,3119.015,3119.015,3113.309707142857,0.08,0.08,0.41373657142856246,0.0,0.0128,0.0,3107.604414285714,0.04,True,0.22821171428571688,0.0,0,2025-04-01 16:12:00,3107.604414285714,tp2,False,0.6846351428571507,1.654761000443401
1,2025-04-02 09:27:00,2025-04-02 09:28:00,3130.598,3127.496907142857,3135.426907142857,0.15,0.15,0.46516392857147365,0.0,0.024,0.014999999999986358,3140.255814285714,0.07,False,0.0,0.0,0,2025-04-02 09:31:00,3127.396907142857,sl,False,-0.48016392857146,-1.032246696441084
-1,2025-04-03 11:20:00,2025-04-03 11:21:00,3094.505,3100.0776142857144,3083.3597714285715,0.08,0.08,0.44580914285714246,0.0,0.0128,0.0016,3072.214542857143,0.04,False,0.0,0.0,0,2025-04-03 12:00:00,3093.115,news_close,False,0.1112000000000262,0.24943409479526923
-1,2025-04-04 07:22:00,2025-04-04 07:23:00,3094.865,3102.5562142857143,3086.9962142857144,0.06,0.06,0.46147285714287134,0.0,0.0096,0.005999999999994543,3079.127428571429,0.03,False,0.0,0.0,0,2025-04-04 07:27:00,3102.656214285714,sl,False,-0.4674728571428659,-1.0130018481198277
-1,2025-04-04 07:53:00,2025-04-04 07:54:00,3093.285,3093.285,3086.9869714285715,0.14,0.14,0.452055999999966,0.0,0.022400000000000003,0.0,3080.688942857143,0.07,True,0.4408619999999883,0.0,0,2025-04-04 08:33:00,3080.688942857143,tp2,False,1.322585999999965,2.9257127435540387
-1,2025-04-04 08:41:00,2025-04-04 08:44:00,3080.725,3084.325735714286,3076.675735714286,0.13,0.13,0.4680956428572063,0.0,0.020800000000000003,0.012999999999988177,3072.626471428572,0.06,False,0.0,0.0,0,2025-04-04 08:45:00,3084.425735714286,sl,False,-0.48109564285719447,-1.027772102129893
-1,2025-04-07 15:06:00,2025-04-07 15:07:00,2997.275,2997.275,2986.703642857143,0.06,0.06,0.46419857142858745,0.0,0.0096,0.0029999999999972713,2976.1322857142864,0.03,True,0.31714071428570606,0.0,0,2025-04-07 15:19:00,2997.375,sl,False,0.3141407142857088,0.6767377877078115
1,2025-04-08 08:09:00,2025-04-08 08:12:00,3005.595,3000.9103571428573,3014.320357142857,0.1,0.1,0.4684642857142535,0.0,0.016,0.009999999999990905,3023.0457142857144,0.05,False,0.0,0.0,0,2025-04-08 09:18:00,3000.8103571428574,sl,False,-0.47846428571424443,-1.021346344438497
1,2025-04-08 10:04:00,2025-04-08 10:05:00,3007.665,3007.665,3014.3497857142856,0.09,0.09,0.42706928571427394,0.0,0.0144,0.0049999999999954525,3021.0345714285713,0.04,True,0.2673914285714272,0.0,0,2025-04-08 12:23:00,3007.565,sl,False,0.2623914285714318,0.6144001391544273
1,2025-04-08 15:19:00,2025-04-08 15:24:00,3007.535,3002.215785714286,3014.305785714286,0.08,0.08,0.4255371428571016,0.0,0.0128,0.007999999999992725,3021.0765714285717,0.04,False,0.0,0.0,0,2025-04-08 15:59:00,3002.115785714286,sl,False,-0.4335371428570943,-1.0187997690313937
1,2025-04-09 13:21:00,2025-04-09 13:22:00,3060.405,3060.405,3070.488057142858,0.09,0.09,0.4537375714286008,0.0,0.0144,0.001,3080.571114285716,0.04,True,0.4033222857143119,0.0,0,2025-04-09 14:00:00,3074.945,news_close,False,1.13032228571431,2.4911366324712105
1,2025-04-10 14:57:00,2025-04-10 14:59:00,3152.435,3152.435,3162.5094714285715,0.05,0.05,0.42027642857142383,0.0,0.008,0.0,3172.583942857143,0.02,True,0.20148942857143085,0.0,0,2025-04-10 15:39:00,3172.583942857143,tp2,False,0.8059577142857234,1.9176847890929363
1,2025-04-10 15:39:00,2025-04-10 15:40:00,3171.635,3162.0167857142856,3190.8714285714295,0.05,0.05,0.4809107142857329,0.0,0.008,0.0049999999999954525,3210.107857142859,0.02,False,0.0,0.0,0,2025-04-10 15:56:00,3161.9167857142857,sl,False,-0.48591071428572835,-1.010396940328979
1,2025-04-11 07:03:00,2025-04-11 07:21:00,3202.815,3202.815,3218.7080714285717,0.05,0.05,0.4698464285714181,0.0,0.008,0.0,3234.6011428571433,0.02,True,0.31786142857143207,0.0,0,2025-04-11 10:14:00,3234.6011428571433,tp2,False,1.2714457142857283,2.70608785545438
1,2025-04-11 14:31:00,2025-04-11 14:35:00,3229.305,3224.549071428571,3237.049071428571,0.1,0.1,0.475592857142874,0.0,0.016,0.009999999999990905,3244.7931428571424,0.05,False,0.0,0.0,0,2025-04-11 14:38:00,3224.449071428571,sl,False,-0.48559285714286493,-1.0210263881170671
1,2025-04-11 15:23:00,2025-04-11 15:26:00,3238.675,3238.675,3243.7279857142858,0.1,0.1,0.485701428571474,0.0,0.016,0.0049999999999954525,3248.7809714285713,0.05,True,0.25264928571427847,0.0,0,2025-04-11 16:25:00,3238.5750000000003,sl,False,0.24764928571428302,0.5098796732854161
-1,2025-04-14 10:34:00,2025-04-14 10:35:00,3207.575,3211.816142857143,3199.0927142857136,0.11,0.11,0.46652571428574446,0.0,0.0176,0.010999999999989995,3190.6104285714273,0.05,False,0.0,0.0,0,2025-04-14 10:42:00,3211.916142857143,sl,False,-0.4775257142857345,-1.0235785502559727
-1,2025-04-14 13:09:00,2025-04-14 13:26:00,3203.255,3210.921714285714,3187.921571428572,0.06,0.06,0.4600028571428447,0.0,0.0096,0.005999999999994543,3172.588142857144,0.03,False,0.0,0.0,0,2025-04-14 14:47:00,3211.021714285714,sl,False,-0.46600285714283923,-1.0130433972459683
1,2025-04-16 07:07:00,2025-04-16 07:08:00,3297.035,3286.342142857143,3318.420714285714,0.04,0.04,0.4277142857142826,0.0,0.0064,0.0008,3339.806428571428,0.02,False,0.0,0.0,0,2025-04-16 12:00:00,3306.435,news_close,False,0.37600000000000366,0.8790915163660804
1,2025-04-16 15:51:00,2025-04-16 16:02:00,3324.835,3320.142714285714,3334.2195714285717,0.1,0.1,0.4692285714285845,0.0,0.016,0.002,3343.6041428571434,0.05,False,0.0,0.0,0,2025-04-16 17:00:00,3327.205,news_close,False,0.2369999999999891,0.5050843329476581
-1,2025-04-17 07:23:00,2025-04-17 07:24:00,3314.525,3330.1651714285713,3296.8551714285713,0.03,0.03,0.46920514285713577,0.0,0.0048,0.0029999999999972713,3279.1853428571426,0.01,False,0.0,0.0,0,2025-04-17 10:26:00,3330.265171428571,sl,False,-0.47220514285713305,-1.0063937918108257
-1,2025-04-17 11:25:00,2025-04-17 11:27:00,3327.335,3332.527928571428,3320.6979285714283,0.09,0.09,0.46736357142853646,0.0,0.0144,0.0018,3314.0608571428565,0.04,False,0.0,0.0,0,2025-04-17 12:00:00,3327.3849999999998,news_close,False,-0.004499999999975444,-0.00962847828772964
1,2025-04-17 13:36:00,2025-04-17 13:46:00,3325.775,3319.6797142857145,3332.6797142857145,0.07,0.07,0.42666999999999466,0.0,0.011200000000000002,0.006999999999993635,3339.584428571429,0.03,False,0.0,0.0,0,2025-04-17 13:51:00,3319.5797142857145,sl,False,-0.4336699999999883,-1.0164061218271585
-1,2025-04-17 14:22:00,2025-04-17 14:23:00,3307.985,3307.985,3296.8407142857145,0.08,0.08,0.4596571428571406,0.0,0.0128,0.0,3285.696428571429,0.04,True,0.44577142857142465,0.0,0,2025-04-17 14:35:00,3285.696428571429,tp2,False,1.337314285714274,2.9093734460467315
1,2025-04-21 08:20:00,2025-04-21 08:36:00,3387.435,3387.435,3395.1445714285715,0.12,0.12,0.46257428571429043,0.0,0.0192,0.005999999999994543,3402.854142857143,0.06,True,0.46257428571429043,0.0,0,2025-04-21 11:12:00,3387.335,sl,False,0.45657428571429587,0.9870291103822826
1,2025-04-21 11:23:00,2025-04-21 11:25:00,3390.035,3390.035,3395.661357142857,0.12,0.12,0.4612371428571168,0.0,0.0192,0.0,3401.287714285714,0.06,True,0.33758142857142953,0.0,0,2025-04-21 11:42:00,3401.287714285714,tp2,False,1.0127442857142885,2.195712772481593
1,2025-04-21 13:48:00,2025-04-21 13:51:00,3419.365,3419.365,3449.120142857142,0.03,0.03,0.44632714285713515,0.0,0.0048,0.0,3478.8752857142845,0.01,True,0.29755142857142347,-0.01617,1,2025-04-22 03:15:00,3478.8752857142845,tp2,False,1.471587142857117,3.2971043020974355
-1,2025-04-22 07:55:00,2025-04-22 07:56:00,3469.125,3469.125,3447.515571428571,0.04,0.04,0.43218857142857814,0.0,0.0064,0.0,3425.906142857142,0.02,True,0.43218857142857814,0.0,0,2025-04-22 12:52:00,3425.906142857142,tp2,False,1.2965657142857343,2.9999999999999996
-1,2025-04-22 13:34:00,2025-04-22 13:35:00,3435.055,3435.055,3417.636285714286,0.03,0.03,0.44343857142857357,0.0,0.0048,0.0019999999999981808,3400.217571428572,0.01,True,0.17418714285714032,0.0,0,2025-04-22 14:05:00,3435.1549999999997,sl,False,0.17218714285714215,0.3882998772579192
-1,2025-04-23 10:49:00,2025-04-23 10:50:00,3327.135,3330.3150714285716,3320.7748571428574,0.16,0.16,0.5088114285714255,0.0,0.0256,0.01599999999998545,3314.4147142857146,0.08,False,0.0,0.0,0,2025-04-23 10:54:00,3330.4150714285715,sl,False,-0.5248114285714109,-1.0314458345499593
-1,2025-04-23 15:14:00,2025-04-23 15:24:00,3282.845,3291.842642857143,3264.8497142857136,0.05,0.05,0.4498821428571546,0.0,0.008,0.0049999999999954525,3246.8544285714274,0.02,False,0.0,0.0,0,2025-04-23 16:16:00,3291.942642857143,sl,False,-0.45488214285715006,-1.0111140219263672
-1,2025-04-24 15:44:00,2025-04-24 15:45:00,3324.225,3324.225,3320.6967142857143,0.15,0.15,0.5072571428572018,0.0,0.024,0.007999999999992723,3317.1684285714286,0.07,True,0.24697999999999412,0.0,0,2025-04-24 15:49:00,3324.325,sl,False,0.23898000000000139,0.471122000675852
-1,2025-04-25 07:44:00,2025-04-25 07:46:00,3305.085,3305.085,3296.730857142857,0.1,0.1,0.5065857142857112,0.0,0.016,0.0049999999999954525,3288.376714285714,0.05,True,0.41770714285714805,0.0,0,2025-04-25 08:46:00,3305.185,sl,False,0.4127071428571526,0.8146837370632768
-1,2025-04-25 09:13:00,2025-04-25 09:14:00,3303.855,3303.855,3296.766285714286,0.1,0.1,0.5041285714286005,0.0,0.016,0.0049999999999954525,3289.677571428572,0.05,True,0.35443571428570525,0.0,0,2025-04-25 10:29:00,3303.955,sl,False,0.3494357142857098,0.693148006460888
-1,2025-04-25 15:09:00,2025-04-25 15:10:00,3274.415,3280.7314285714288,3264.9514285714286,0.08,0.08,0.5053142857143029,0.0,0.0128,0.007999999999992725,3255.487857142857,0.04,False,0.0,0.0,0,2025-04-25 15:49:00,3280.8314285714287,sl,False,-0.5133142857142957,-1.015831731312888
1,2025-04-28 07:38:00,2025-04-28 07:39:00,3286.165,3278.124714285714,3294.7247142857145,0.06,0.06,0.48241714285714804,0.0,0.0096,0.005999999999994543,3303.284428571429,0.03,False,0.0,0.0,0,2025-04-28 09:27:00,3278.0247142857143,sl,False,-0.4884171428571426,-1.0124373689634227
-1,2025-04-30 09:04:00,2025-04-30 09:05:00,3282.685,3286.7165,3277.6865000000003,0.13,0.13,0.5240950000000066,0.0,0.020800000000000003,0.012999999999988177,3272.6880000000006,0.06,False,0.0,0.0,0,2025-04-30 09:39:00,3286.8165,sl,False,-0.5370949999999948,-1.024804663276673
-1,2025-04-30 10:37:00,2025-04-30 10:38:00,3277.105,3277.105,3273.2107142857144,0.14,0.14,0.5174000000000343,0.0,0.022400000000000003,0.0,3269.316428571429,0.07,True,0.2725999999999931,0.0,0,2025-04-30 11:03:00,3269.316428571429,tp2,False,0.8177999999999794,1.5805952841127275
-1,2025-05-01 08:39:00,2025-05-01 08:40:00,3232.795,3232.795,3227.1687857142856,0.14,0.14,0.5283299999999872,0.0,0.022400000000000003,0.0,3221.542571428571,0.07,True,0.3938350000000128,0.0,0,2025-05-01 09:41:00,3221.542571428571,tp2,False,1.1815050000000384,2.2363011754018647
1,2025-05-02 11:39:00,2025-05-02 11:40:00,3267.195,3260.709857142857,3280.1652857142867,0.08,0.08,0.5188114285714619,0.0,0.0128,0.0016,3293.1355714285733,0.04,False,0.0,0.0,0,2025-05-02 12:00:00,3262.215,news_close,False,-0.3984000000000015,-0.7679090668780926
-1,2025-05-02 14:02:00,2025-05-02 14:03:00,3244.355,3252.691142857143,3227.682714285714,0.06,0.06,0.5001685714285758,0.0,0.0096,0.005999999999994543,3211.0104285714283,0.03,False,0.0,0.0,0,2025-05-02 14:15:00,3252.791142857143,sl,False,-0.5061685714285704,-1.0119959556492273
1,2025-05-05 08:37:00,2025-05-05 08:39:00,3273.495,3273.495,3281.0404285714276,0.14,0.14,0.5281799999999385,0.0,0.022400000000000003,0.0,3288.5858571428553,0.07,True,0.5281799999999385,0.0,0,2025-05-05 09:05:00,3288.5858571428553,tp2,False,1.5845399999998153,3.0
1,2025-05-06 07:22:00,2025-05-06 07:58:00,3370.505,3370.505,3382.0141428571433,0.09,0.09,0.5179114285714422,0.0,0.0144,0.0,3393.5232857142864,0.04,True,0.4603657142857264,0.0,0,2025-05-06 13:01:00,3393.5232857142864,tp2,False,1.6112800000000425,3.111111111111111
1,2025-05-06 14:10:00,2025-05-06 14:11:00,3397.415,3390.1743857142856,3411.8962285714288,0.07,0.07,0.506843000000008,0.0,0.011200000000000002,0.006999999999993635,3426.3774571428576,0.03,False,0.0,0.0,0,2025-05-06 14:25:00,3390.0743857142857,sl,False,-0.5138430000000017,-1.0138109828881796
1,2025-05-06 15:23:00,2025-05-06 15:24:00,3396.605,3393.239,3403.337,0.16,0.16,0.5385599999999977,0.0,0.0256,0.01599999999998545,3410.069,0.08,False,0.0,0.0,0,2025-05-06 15:55:00,3393.139,sl,False,-0.5545599999999832,-1.0297088532382381
1,2025-05-07 11:41:00,2025-05-07 11:44:00,3387.835,3387.835,3393.3894999999998,0.12,0.12,0.5502600000000165,0.0,0.0192,0.005999999999994543,3398.9439999999995,0.06,True,0.3332699999999841,0.0,0,2025-05-07 12:21:00,3387.735,sl,False,0.3272699999999895,0.5947552066295564
-1,2025-05-08 08:07:00,2025-05-08 08:09:00,3340.045,3344.1656428571428,3334.125642857143,0.13,0.13,0.5356835714285489,0.0,0.020800000000000003,0.012999999999988177,3328.2062857142855,0.06,False,0.0,0.0,0,2025-05-08 09:12:00,3344.2656428571427,sl,False,-0.5486835714285371,-1.0242680580353063
-1,2025-05-08 09:18:00,2025-05-08 09:19:00,3340.455,3340.455,3334.109857142857,0.14,0.14,0.5256799999999748,0.0,0.022400000000000003,0.006999999999993635,3327.764714285714,0.07,True,0.44416000000000627,0.0,0,2025-05-08 10:16:00,3340.555,sl,False,0.43716000000001265,0.8316085831685314
-1,2025-05-08 10:41:00,2025-05-08 10:42:00,3341.045,3344.183,3334.7690000000002,0.17,0.17,0.5334599999999864,0.0,0.027200000000000002,0.01699999999998454,3328.4930000000004,0.08,False,0.0,0.0,0,2025-05-08 11:30:00,3344.283,sl,False,-0.550459999999971,-1.0318674314849943
-1,2025-05-09 15:45:00,2025-05-09 15:46:00,3341.865,3346.046071428572,3334.0960714285716,0.13,0.13,0.5435392857143688,0.0,0.020800000000000003,0.012999999999988177,3326.3271428571434,0.06,False,0.0,0.0,0,2025-05-09 16:00:00,3346.1460714285718,sl,False,-0.556539285714357,-1.0239173144272402
-1,2025-05-12 13:30:00,2025-05-12 13:31:00,3236.845,3243.657957142857,3227.337957142857,0.07,0.07,0.4769070000000011,0.0,0.011200000000000002,0.006999999999993635,3217.830914285714,0.03,False,0.0,0.0,0,2025-05-12 13:44:00,3243.757957142857,sl,False,-0.48390699999999476,-1.0146779141425764
-1,2025-05-12 15:10:00,2025-05-12 15:11:00,3237.105,3241.0848142857144,3229.1453714285713,0.13,0.13,0.5173758571428698,0.0,0.020800000000000003,0.012999999999988177,3221.1857428571425,0.06,False,0.0,0.0,0,2025-05-12 15:26:00,3241.1848142857143,sl,False,-0.530375857142858,-1.0251268006044554
-1,2025-05-12 15:56:00,2025-05-12 15:57:00,3238.025,3238.025,3227.2771428571427,0.09,0.09,0.5320928571428658,0.0,0.0144,0.0049999999999954525,3216.5292857142854,0.04,True,0.42991428571429424,0.0,0,2025-05-12 19:28:00,3238.125,sl,False,0.4249142857142988,0.7985716778757851
1,2025-05-13 08:46:00,2025-05-13 08:47:00,3255.015,3251.9082857142857,3258.3382857142856,0.17,0.17,0.5281414285714027,0.0,0.027200000000000002,0.01699999999998454,3261.6615714285713,0.08,False,0.0,0.0,0,2025-05-13 08:55:00,3251.808285714286,sl,False,-0.5451414285713873,-1.0321883478180622
-1,2025-05-14 15:03:00,2025-05-14 15:04:00,3180.635,3184.0857857142855,3174.7157857142856,0.15,0.15,0.5176178571427954,0.0,0.024,0.014999999999986358,3168.796571428571,0.07,False,0.0,0.0,0,2025-05-14 15:19:00,3184.1857857142854,sl,False,-0.5326178571427818,-1.0289789074951645
-1,2025-05-14 15:37:00,2025-05-14 16:00:00,3182.845,3182.845,3175.4271428571424,0.14,0.14,0.5192500000000201,0.0,0.022400000000000003,0.006999999999993635,3168.009285714285,0.07,True,0.5192500000000201,0.0,0,2025-05-14 16:48:00,3182.9449999999997,sl,False,0.5122500000000264,0.9865190178141677
-1,2025-05-15 07:02:00,2025-05-15 07:03:00,3148.175,3148.175,3142.2105714285717,0.09,0.09,0.525201428571413,0.0,0.0144,0.0,3136.2461428571432,0.04,True,0.23857714285713882,0.0,0,2025-05-15 07:40:00,3136.2461428571432,tp2,False,0.8350199999999859,1.5899042816225812
1,2025-05-15 09:33:00,2025-05-15 09:34:00,3169.385,3164.7299285714284,3174.5099285714286,0.11,0.11,0.5120578571428951,0.0,0.0176,0.010999999999989995,3179.634857142857,0.05,False,0.0,0.0,0,2025-05-15 09:57:00,3164.6299285714285,sl,False,-0.523057857142885,-1.0214819474919614
1,2025-05-15 10:16:00,2025-05-15 10:17:00,3174.825,3163.5425,3190.3225,0.04,0.04,0.451299999999992,0.0,0.0064,0.0008,3205.8200000000006,0.02,False,0.0,0.0,0,2025-05-15 12:00:00,3178.795,news_close,False,0.15880000000001018,0.35187236871263683
1,2025-05-15 13:14:00,2025-05-15 13:26:00,3194.165,3188.068757142857,3206.3574857142858,0.08,0.08,0.4876994285714318,0.0,0.0128,0.007999999999992725,3218.5499714285716,0.04,False,0.0,0.0,0,2025-05-15 13:45:00,3187.968757142857,sl,False,-0.4956994285714245,-1.0164035459779528
1,2025-05-15 14:51:00,2025-05-15 14:52:00,3203.685,3203.685,3213.2862142857143,0.11,0.11,0.5280667857142908,0.0,0.0176,0.0,3222.8874285714287,0.05,True,0.4800607142857189,0.0,0,2025-05-15 17:00:00,3222.8874285714287,tp2,False,1.6322064285714442,3.090909090909091
1,2025-05-23 15:45:00,2025-05-23 15:46:00,3358.778,3358.778,3362.5480285714284,0.15,0.15,0.5309957142857001,0.0,0.024,0.007999999999992723,3366.318057142857,0.07,True,0.2639020000000028,0.0,0,2025-05-23 16:54:00,3358.678,sl,False,0.25590200000001007,0.4819285600906432
1,2025-06-02 14:35:00,2025-06-02 14:36:00,3375.948,3371.5179785714286,3382.697978571429,0.12,0.12,0.5316025714285569,0.0,0.0192,0.011999999999989085,3389.447957142858,0.06,False,0.0,0.0,0,2025-06-02 15:26:00,3371.4179785714286,sl,False,-0.5436025714285461,-1.0225732542409303
1,2025-06-02 15:46:00,2025-06-02 15:48:00,3374.895,3370.695157142857,3382.7951571428575,0.12,0.12,0.5039811428571375,0.0,0.0192,0.011999999999989085,3390.695314285715,0.06,False,0.0,0.0,0,2025-06-02 16:20:00,3370.5951571428573,sl,False,-0.5159811428571265,-1.0238104146753575
1,2025-06-05 10:58:00,2025-06-05 10:59:00,3399.498,3395.513742857143,3404.220742857143,0.13,0.13,0.5179534285714271,0.0,0.020800000000000003,0.012999999999988177,3408.9434857142855,0.06,False,0.0,0.0,0,2025-06-05 11:27:00,3395.413742857143,sl,False,-0.5309534285714154,-1.025098781633406
1,2025-06-13 08:08:00,2025-06-13 08:10:00,3418.235,3418.235,3426.954042857143,0.12,0.12,0.5231425714285797,0.0,0.0192,0.005999999999994543,3435.673085714286,0.06,True,0.5231425714285797,0.0,0,2025-06-13 10:18:00,3418.135,sl,False,0.5171425714285851,0.9885308511910816
1,2025-06-13 12:01:00,2025-06-13 12:03:00,3422.835,3422.835,3427.428785714286,0.13,0.13,0.513007857142843,0.0,0.020800000000000003,0.0,3432.0225714285716,0.06,True,0.2756271428571472,0.0,0,2025-06-13 12:37:00,3432.0225714285716,tp2,False,0.9187571428571574,1.7909221663272432
1,2025-06-13 13:35:00,2025-06-13 13:39:00,3444.298,3439.113635714286,3454.6667285714275,0.1,0.1,0.5184364285713855,0.0,0.016,0.009999999999990905,3465.035457142855,0.05,False,0.0,0.0,0,2025-06-13 13:46:00,3439.013635714286,sl,False,-0.5284364285713764,-1.0192887680125935
-1,2025-06-16 09:47:00,2025-06-16 09:48:00,3415.148,3415.148,3411.4837428571427,0.15,0.15,0.536361428571422,0.0,0.024,0.007999999999992723,3407.8194857142853,0.07,True,0.2564980000000196,0.0,0,2025-06-16 10:32:00,3415.248,sl,False,0.24849800000002686,0.4633032629916952
-1,2025-06-16 13:42:00,2025-06-16 13:43:00,3405.738,3405.738,3386.347614285714,0.04,0.04,0.46650457142857704,0.0,0.0064,0.0004,3366.957228571428,0.02,True,0.38780771428571825,0.0,1,2025-06-17 12:00:00,3388.528,news_close,False,0.732007714285719,1.5691329927252193
1,2025-08-28 14:06:00,2025-08-28 14:07:00,3410.148,3405.8338785714286,3414.5538785714284,0.12,0.12,0.517694571428583,0.0,0.0192,0.011999999999989085,3418.9597571428567,0.06,False,0.0,0.0,0,2025-08-28 15:21:00,3405.7338785714287,sl,False,-0.5296945714285721,-1.0231796906173365
1,2025-09-01 10:09:00,2025-09-01 10:12:00,3470.515,3470.515,3480.001857142857,0.11,0.11,0.5217771428571314,0.0,0.0176,0.0,3489.4887142857137,0.05,True,0.47434285714284674,-0.03234,1,2025-09-02 01:16:00,3489.4887142857137,tp2,False,1.5804257142856788,3.028928606630087
-1,2025-09-02 07:14:00,2025-09-02 07:15:00,3483.925,3483.925,3476.7634285714284,0.13,0.13,0.5587957142856794,0.0,0.0208,0.006999999999993635,3469.6018571428567,0.06,True,0.42969428571430396,0.0,0,2025-09-02 10:39:00,3484.025,sl,False,0.42269428571431034,0.7564379520244702
1,2025-09-02 15:05:00,2025-09-02 15:11:00,3512.835,3512.835,3520.5218428571425,0.14,0.14,0.5380789999999707,0.0,0.022400000000000003,0.0,3528.208685714285,0.07,True,0.5380789999999707,0.0,0,2025-09-02 16:38:00,3528.208685714285,tp2,False,1.614236999999912,3.0
1,2025-09-03 08:47:00,2025-09-03 08:48:00,3539.905,3536.716071428571,3545.596071428571,0.18,0.18,0.5740071428572537,0.0,0.0288,0.01799999999998363,3551.287142857142,0.09,False,0.0,0.0,0,2025-09-03 09:31:00,3536.616071428571,sl,False,-0.5920071428572373,-1.0313584947922154
1,2025-09-03 12:34:00,2025-09-03 12:35:00,3547.945,3547.945,3556.043528571429,0.14,0.14,0.5668970000000082,0.0,0.022400000000000003,0.0014000000000000002,3564.1420571428575,0.07,True,0.5668970000000082,0.0,0,2025-09-03 13:30:00,3560.199,news_close,False,1.4246770000000017,2.5131143752744873
1,2025-09-03 15:07:00,2025-09-03 15:08:00,3559.885,3559.885,3571.747671428572,0.1,0.1,0.5931335714285979,0.0,0.016,0.0049999999999954525,3583.610342857144,0.05,True,0.5931335714285979,0.0,0,2025-09-03 20:52:00,3559.7850000000003,sl,False,0.5881335714286025,0.9915701955835131
1,2025-09-05 13:00:00,2025-09-05 13:01:00,3580.895,3580.895,3599.9737571428573,0.06,0.06,0.5723627142857185,0.0,0.0096,0.0,3619.0525142857146,0.03,True,0.5723627142857185,-0.03234,2,2025-09-08 10:14:00,3619.0525142857146,tp2,False,1.6847481428571554,2.943497367678188
1,2025-09-08 13:14:00,2025-09-08 13:15:00,3630.145,3622.8103785714284,3644.814242857143,0.08,0.08,0.5867697142857287,0.0,0.0128,0.007999999999992725,3659.4834857142864,0.04,False,0.0,0.0,0,2025-09-08 13:31:00,3622.7103785714285,sl,False,-0.5947697142857215,-1.0136339688385778
1,2025-09-08 13:35:00,2025-09-08 13:36:00,3626.348,3626.348,3639.5483857142863,0.09,0.09,0.5940173571428841,0.0,0.0144,0.0,3652.7487714285726,0.04,True,0.5280154285714526,-0.026949999999999998,1,2025-09-09 02:09:00,3652.7487714285726,tp2,False,1.8211040000000838,3.0657420664595803
-1,2025-09-09 07:38:00,2025-09-09 07:39:00,3647.595,3647.595,3642.451642857143,0.19,0.19,0.6060321428571888,0.0,0.0304,0.009999999999990905,3637.308285714286,0.09,True,0.4629021428571286,0.0,0,2025-09-09 08:41:00,3647.6949999999997,sl,False,0.4529021428571377,0.7473236332348528
-1,2025-09-09 09:36:00,2025-09-09 09:37:00,3652.955,3652.955,3646.772957142857,0.2,0.2,0.6182042857142733,0.0,0.032,0.009999999999990905,3640.5909142857145,0.1,True,0.6182042857142733,0.0,0,2025-09-09 13:04:00,3653.055,sl,False,0.6082042857142824,0.983824117316759
1,2025-09-09 13:32:00,2025-09-09 13:33:00,3661.328,3650.9525000000003,3682.0789999999993,0.06,0.06,0.6225299999999788,0.0,0.0096,0.005999999999994543,3702.8299999999986,0.03,False,0.0,0.0,0,2025-09-09 14:06:00,3650.8525000000004,sl,False,-0.6285299999999734,-1.009638089730607
1,2025-09-10 13:31:00,2025-09-10 13:32:00,3649.065,3645.8276499999997,3654.3006499999997,0.19,0.19,0.6150965000000633,0.0,0.0304,0.0038,3659.5362999999993,0.09,False,0.0,0.0,0,2025-09-10 14:00:00,3651.065,news_close,False,0.38,0.6177892412003009
-1,2025-09-11 07:19:00,2025-09-11 07:20:00,3625.355,3629.8087642857145,3620.1287642857146,0.14,0.14,0.6235270000000219,0.0,0.022400000000000003,0.01399999999998727,3614.9025285714292,0.07,False,0.0,0.0,0,2025-09-11 07:25:00,3629.9087642857144,sl,False,-0.6375270000000092,-1.0224529170348464
1,2025-09-11 13:01:00,2025-09-11 13:02:00,3631.348,3626.1830285714286,3637.4230285714284,0.12,0.12,0.6197965714285602,0.0,0.0192,0.011999999999989085,3643.498057142857,0.06,False,0.0,0.0,0,2025-09-11 13:17:00,3626.0830285714287,sl,False,-0.6317965714285492,-1.0193611913217435
1,2025-09-11 15:00:00,2025-09-11 15:01:00,3630.448,3630.448,3636.589642857142,0.2,0.2,0.614164285714196,0.0,0.032,0.002,3642.731285714284,0.1,True,0.614164285714196,0.0,0,2025-09-11 16:30:00,3637.1150000000002,news_close,False,1.2808642857142332,2.08554016491654
1,2025-09-15 14:12:00,2025-09-15 14:14:00,3659.548,3656.2064571428573,3666.2310857142847,0.19,0.19,0.6348931428570722,0.0,0.0304,0.018999999999982718,3672.9141714285697,0.09,False,0.0,0.0,0,2025-09-15 14:18:00,3656.1064571428574,sl,False,-0.6538931428570549,-1.0299262958085846
1,2025-09-15 14:48:00,2025-09-15 14:50:00,3661.765,3661.765,3668.0196142857144,0.2,0.2,0.6254614285714525,0.0,0.032,0.0,3674.274228571429,0.1,True,0.6254614285714525,0.0,0,2025-09-15 15:50:00,3674.274228571429,tp2,False,1.8763842857143573,3.0
1,2025-09-16 08:44:00,2025-09-16 08:45:00,3695.075,3691.4691214285713,3702.286757142857,0.17,0.17,0.6129993571428531,0.0,0.027200000000000002,0.01699999999998454,3709.498514285714,0.08,False,0.0,0.0,0,2025-09-16 11:05:00,3691.3691214285714,sl,False,-0.6299993571428377,-1.0277324923784918
-1,2025-09-17 07:16:00,2025-09-17 07:17:00,3670.085,3675.268,3659.719,0.12,0.12,0.6219599999999991,0.0,0.0192,0.011999999999989085,3649.353,0.06,False,0.0,0.0,0,2025-09-17 12:46:00,3675.368,sl,False,-0.6339599999999882,-1.0192938452633435
1,2025-09-22 07:29:00,2025-09-22 07:41:00,3712.415,3712.415,3720.750085714285,0.15,0.15,0.625131428571376,0.0,0.024,0.007999999999992723,3729.08517142857,0.07,True,0.5834559999999511,0.0,0,2025-09-22 12:24:00,3712.315,sl,False,0.5754559999999584,0.920536024424589
1,2025-09-22 13:01:00,2025-09-22 13:02:00,3722.935,3719.934214285714,3727.984214285714,0.21,0.21,0.6301650000000473,0.0,0.0336,0.0209999999999809,3733.0334285714284,0.1,False,0.0,0.0,0,2025-09-22 13:33:00,3719.834214285714,sl,False,-0.6511650000000281,-1.0333246054604417
1,2025-09-22 15:39:00,2025-09-22 15:40:00,3732.795,3732.795,3750.299185714286,0.07,0.07,0.6126465000000099,0.0,0.011200000000000002,0.0,3767.803371428572,0.03,True,0.5251255714285799,-0.03773000000000001,1,2025-09-23 08:40:00,3767.803371428572,tp2,False,1.8877304285714598,3.0812718730482085
1,2025-09-23 09:09:00,2025-09-23 09:43:00,3780.248,3773.1466428571425,3794.450714285715,0.09,0.09,0.6391221428571771,0.0,0.0144,0.0018,3808.65342857143,0.04,False,0.0,0.0,0,2025-09-23 13:30:00,3783.258,news_close,False,0.2708999999999787,0.42386264194967194
1,2025-09-24 07:36:00,2025-09-24 07:45:00,3776.795,3773.6512000000002,3783.0825999999997,0.2,0.2,0.6287599999999657,0.0,0.032,0.01999999999998181,3789.3701999999994,0.1,False,0.0,0.0,0,2025-09-24 08:10:00,3773.5512000000003,sl,False,-0.6487599999999475,-1.0318086392263868
1,2025-09-24 11:15:00,2025-09-24 11:16:00,3763.595,3763.595,3769.737764285714,0.15,0.15,0.6345353571428631,0.0,0.024,0.0015999999999999999,3775.8805285714284,0.07,True,0.42999350000000053,0.0,0,2025-09-24 13:30:00,3767.108,news_close,False,0.7110335000000305,1.1205577309381425
-1,2025-09-25 14:08:00,2025-09-25 14:09:00,3726.295,3734.8688285714284,3717.6218285714285,0.07,0.07,0.6001679999999806,0.0,0.011200000000000002,0.006999999999993635,3708.948657142857,0.03,False,0.0,0.0,0,2025-09-25 14:23:00,3734.9688285714283,sl,False,-0.6071679999999743,-1.0116634009144005
1,2025-09-26 13:58:00,2025-09-26 13:59:00,3762.215,3762.215,3769.6543785714284,0.13,0.13,0.6231707857143465,0.0,0.020800000000000003,0.0,3777.0937571428567,0.06,True,0.4463627142856967,0.0,0,2025-09-26 14:17:00,3777.0937571428567,tp2,False,1.4878757142856558,2.3875890019139616
1,2025-09-29 07:11:00,2025-09-29 07:13:00,3817.375,3813.0417285714284,3826.041542857143,0.15,0.15,0.649990714285741,0.0,0.024,0.014999999999986358,3834.7080857142864,0.07,False,0.0,0.0,0,2025-09-29 07:27:00,3812.9417285714285,sl,False,-0.6649907142857273,-1.0230772527519405
1,2025-09-29 10:15:00,2025-09-29 10:19:00,3809.905,3809.905,3817.4652,0.17,0.17,0.6426169999999911,0.0,0.027200000000000002,0.0,3825.0254,0.08,True,0.6048159999999916,0.0,0,2025-09-29 11:35:00,3825.0254,tp2,False,1.9656519999999729,3.058823529411765
1,2025-09-29 11:42:00,2025-09-29 11:46:00,3825.665,3822.2533785714286,3832.4882428571427,0.19,0.19,0.6482080714285621,0.0,0.0304,0.018999999999982718,3839.3114857142855,0.09,False,0.0,0.0,0,2025-09-29 12:13:00,3822.1533785714287,sl,False,-0.6672080714285449,-1.0293115757693505
1,2025-09-29 14:00:00,2025-09-29 14:01:00,3824.065,3818.5052928571426,3830.9252928571427,0.12,0.12,0.6671648571428886,0.0,0.0192,0.011999999999989085,3837.7855857142854,0.06,False,0.0,0.0,0,2025-09-29 14:20:00,3818.4052928571427,sl,False,-0.6791648571428777,-1.0179865589014665
1,2025-09-29 15:20:00,2025-09-29 15:21:00,3826.048,3822.645,3831.015,0.19,0.19,0.6465699999999606,0.0,0.0304,0.018999999999982718,3835.982,0.09,False,0.0,0.0,0,2025-09-29 15:34:00,3822.545,sl,False,-0.6655699999999434,-1.0293858360270103
-1,2025-09-30 09:24:00,2025-09-30 09:25:00,3799.775,3806.577435714286,3786.1701285714284,0.09,0.09,0.6122192142857238,0.0,0.0144,0.008999999999991815,3772.565257142857,0.04,False,0.0,0.0,0,2025-09-30 09:32:00,3806.677435714286,sl,False,-0.6212192142857157,-1.0147006166908568
-1,2025-09-30 09:45:00,2025-09-30 09:52:00,3799.755,3804.2126214285713,3790.8397571428577,0.14,0.14,0.6240669999999683,0.0,0.022400000000000003,0.01399999999998727,3781.9245142857153,0.07,False,0.0,0.0,0,2025-09-30 10:05:00,3804.312621428571,sl,False,-0.6380669999999555,-1.02243348871193
-1,2025-09-30 12:00:00,2025-09-30 12:01:00,3813.515,3813.515,3809.242885714286,0.15,0.15,0.6326828571428678,0.0,0.024,0.007999999999992723,3804.970771428572,0.07,True,0.2990479999999798,0.0,0,2025-09-30 12:45:00,3813.615,sl,False,0.29104799999998704,0.460021947353419
-1,2025-09-30 14:29:00,2025-09-30 14:30:00,3844.405,3852.5309357142855,3828.1531285714295,0.07,0.07,0.5688154999999734,0.0,0.011200000000000002,0.006999999999993635,3811.901257142859,0.03,False,0.0,0.0,0,2025-09-30 14:54:00,3852.6309357142854,sl,False,-0.5758154999999671,-1.0123062750575433
1,2025-10-01 09:12:00,2025-10-01 09:13:00,3894.748,3891.589142857143,3901.065714285714,0.2,0.2,0.6317714285713919,0.0,0.032,0.01999999999998181,3907.383428571428,0.1,False,0.0,0.0,0,2025-10-01 09:17:00,3891.489142857143,sl,False,-0.6517714285713737,-1.031657018813287
1,2025-10-01 09:39:00,2025-10-01 09:46:00,3886.595,3883.267185714286,3893.2506285714276,0.19,0.19,0.632284714285638,0.0,0.0304,0.018999999999982718,3899.9062571428553,0.09,False,0.0,0.0,0,2025-10-01 11:12:00,3883.167185714286,sl,False,-0.6512847142856208,-1.0300497538066362
-1,2025-10-01 11:31:00,2025-10-01 11:32:00,3880.678,3885.432907142857,3871.1681857142858,0.13,0.13,0.6181379285714184,0.0,0.020800000000000003,0.0026000000000000003,3861.6583714285716,0.06,False,0.0,0.0,0,2025-10-01 11:45:00,3881.9649999999997,news_close,False,-0.16730999999997495,-0.27066774625308293
-1,2025-10-01 12:48:00,2025-10-01 12:49:00,3871.705,3877.2060714285717,3860.7028571428564,0.11,0.11,0.6051178571428955,0.0,0.0176,0.0022,3849.700714285713,0.05,False,0.0,0.0,0,2025-10-01 13:15:00,3865.395,news_close,False,0.694099999999994,1.14704927611496
1,2025-10-02 10:20:00,2025-10-02 10:39:00,3880.075,3880.075,3889.386614285713,0.13,0.13,0.6052549285713713,0.0,0.020800000000000003,0.006999999999993635,3898.6982285714266,0.06,True,0.5586968571428041,0.0,0,2025-10-02 12:17:00,3879.975,sl,False,0.5516968571428105,0.9115115484396336
1,2025-10-02 12:34:00,2025-10-02 12:40:00,3884.465,3884.465,3890.7315642857143,0.13,0.13,0.6179466428571595,0.0,0.020800000000000003,0.006999999999993635,3896.9981285714284,0.06,True,0.37599385714284833,0.0,0,2025-10-02 13:38:00,3884.3650000000002,sl,False,0.3689938571428547,0.597128993915659
-1,2025-10-02 15:12:00,2025-10-02 15:13:00,3832.895,3838.322335714286,3825.772335714286,0.11,0.11,0.5970069285714681,0.0,0.0176,0.010999999999989995,3818.6496714285718,0.05,False,0.0,0.0,0,2025-10-02 15:27:00,3838.422335714286,sl,False,-0.6080069285714581,-1.0184252467995825
1,2025-10-03 14:49:00,2025-10-03 14:50:00,3879.915,3879.915,3890.6521714285714,0.07,0.07,0.5625080000000117,0.0,0.011200000000000002,0.003999999999996362,3901.3893428571428,0.03,True,0.322115142857142,0.0,0,2025-10-03 17:51:00,3879.815,sl,False,0.31811514285714565,0.565529988652853
1,2025-10-06 07:05:00,2025-10-06 07:06:00,3934.188,3930.419592857143,3941.7248142857143,0.17,0.17,0.6406292142857046,0.0,0.027200000000000002,0.01699999999998454,3949.2616285714284,0.08,False,0.0,0.0,0,2025-10-06 07:21:00,3930.319592857143,sl,False,-0.6576292142856892,-1.026536410798779
1,2025-10-06 07:31:00,2025-10-06 07:32:00,3932.755,3932.755,3940.6034285714286,0.16,0.16,0.6278742857142788,0.0,0.0256,0.0,3948.451857142857,0.08,True,0.6278742857142788,0.0,0,2025-10-06 08:07:00,3948.451857142857,tp2,False,1.8836228571428366,3.0
1,2025-10-06 11:55:00,2025-10-06 11:57:00,3937.155,3930.685907142857,3944.765907142857,0.1,0.1,0.6469092857143096,0.0,0.016,0.009999999999990905,3952.376814285714,0.05,False,0.0,0.0,0,2025-10-06 12:21:00,3930.585907142857,sl,False,-0.6569092857143005,-1.0154581178858006
-1,2025-10-06 13:30:00,2025-10-06 13:31:00,3931.715,3937.140642857143,3922.450642857143,0.11,0.11,0.5968207142857272,0.0,0.0176,0.010999999999989995,3913.186285714286,0.05,False,0.0,0.0,0,2025-10-06 13:37:00,3937.240642857143,sl,False,-0.6078207142857173,-1.018430995668699
1,2025-10-06 15:53:00,2025-10-06 15:54:00,3958.005,3958.005,3965.2366142857145,0.17,0.17,0.6146872142857228,0.0,0.027200000000000002,0.008999999999991815,3972.468228571429,0.08,True,0.5785291428571508,0.0,0,2025-10-06 16:10:00,3957.905,sl,False,0.569529142857159,0.9265348776108215
-1,2025-10-07 07:00:00,2025-10-07 07:01:00,3953.548,3953.548,3945.811692857143,0.09,0.09,0.6057623571428621,0.0,0.0144,0.0049999999999954525,3938.0753857142863,0.04,True,0.30945228571426925,0.0,0,2025-10-07 07:34:00,3953.6479999999997,sl,False,0.3044522857142738,0.5025936031255772
-1,2025-10-07 08:05:00,2025-10-07 08:06:00,3943.148,3951.5976,3932.7276,0.07,0.07,0.5914719999999943,0.0,0.011200000000000002,0.006999999999993635,3922.3072,0.03,False,0.0,0.0,0,2025-10-07 08:23:00,3951.6976,sl,False,-0.598471999999988,-1.011834879757611
-1,2025-10-07 09:59:00,2025-10-07 10:00:00,3955.355,3961.5126,3945.8126,0.1,0.1,0.6157600000000003,0.0,0.016,0.009999999999990905,3936.2702000000004,0.05,False,0.0,0.0,0,2025-10-07 10:37:00,3961.6126,sl,False,-0.6257599999999912,-1.016240093542924
1,2025-10-07 13:06:00,2025-10-07 13:07:00,3982.575,3971.2876857142855,4005.1496285714284,0.05,0.05,0.5643657142857137,0.0,0.008,0.0049999999999954525,4027.724257142857,0.02,False,0.0,0.0,0,2025-10-07 13:37:00,3971.1876857142856,sl,False,-0.5693657142857091,-1.008859503462792
1,2025-10-07 14:30:00,2025-10-07 14:31:00,3978.075,3978.075,3989.8032428571423,0.1,0.1,0.5864121428571253,0.0,0.016,0.0049999999999954525,4001.531485714285,0.05,True,0.5864121428571253,0.0,0,2025-10-07 15:39:00,3977.975,sl,False,0.5814121428571298,0.9914735735593155
1,2025-10-08 08:23:00,2025-10-08 08:24:00,4039.745,4034.7135999999996,4049.8078000000005,0.12,0.12,0.6037680000000364,0.0,0.0192,0.011999999999989085,4059.870600000001,0.06,False,0.0,0.0,0,2025-10-08 09:00:00,4034.6135999999997,sl,False,-0.6157680000000255,-1.0198751838454314
1,2025-10-08 09:39:00,2025-10-08 09:40:00,4037.175,4030.3747857142857,4050.775428571429,0.09,0.09,0.6120192857143002,0.0,0.0144,0.008999999999991815,4064.375857142858,0.04,False,0.0,0.0,0,2025-10-08 13:36:00,4030.274785714286,sl,False,-0.621019285714292,-1.0147054189468683
-1,2025-10-08 15:07:00,2025-10-08 15:08:00,4045.828,4045.828,4038.1267000000003,0.16,0.16,0.6161039999999776,0.0,0.0256,0.007999999999992725,4030.4254000000005,0.08,True,0.6161039999999776,0.0,0,2025-10-08 15:30:00,4045.928,sl,False,0.6081039999999849,0.9870151792554618
1,2025-10-09 07:00:00,2025-10-09 07:01:00,4028.725,4028.725,4035.869992857143,0.09,0.09,0.5962506428571441,0.0,0.0144,0.0,4043.0149857142865,0.04,True,0.2857997142857312,0.0,0,2025-10-09 10:57:00,4043.0149857142865,tp2,False,1.0002990000000591,1.6776485056800534
-1,2025-10-09 13:58:00,2025-10-09 13:59:00,4019.005,4028.2759142857144,4003.0059142857144,0.06,0.06,0.5562548571428578,0.0,0.0096,0.005999999999994543,3987.0068285714287,0.03,False,0.0,0.0,0,2025-10-09 14:06:00,4028.3759142857143,sl,False,-0.5622548571428524,-1.0107864226675034
-1,2025-10-09 14:21:00,2025-10-09 14:22:00,4019.815,4029.247207142857,4002.767207142857,0.06,0.06,0.5659324285714138,0.0,0.0096,0.0012,3985.719414285714,0.03,False,0.0,0.0,0,2025-10-09 16:30:00,4012.1349999999998,news_close,False,0.4608000000000174,0.8142314819513299
1,2025-10-10 15:16:00,2025-10-10 15:17:00,4011.755,4001.1801857142855,4032.9046285714294,0.06,0.06,0.6344888571428783,0.0,0.0096,0.005999999999994543,4054.0542571428587,0.03,False,0.0,0.0,0,2025-10-10 15:46:00,4001.0801857142856,sl,False,-0.6404888571428727,-1.0094564308457876
1,2025-10-13 07:13:00,2025-10-13 07:16:00,4069.215,4069.215,4075.7180714285723,0.19,0.19,0.6177917857143576,0.0,0.0304,0.009999999999990905,4082.2211428571445,0.09,True,0.5852764285714965,0.0,0,2025-10-13 07:31:00,4069.1150000000002,sl,False,0.5752764285715056,0.9311817377214054
1,2025-10-13 10:25:00,2025-10-13 10:26:00,4073.848,4073.848,4077.6429714285714,0.2,0.2,0.6196057142857172,0.0,0.032,0.0,4081.437942857143,0.1,True,0.37949714285714437,0.0,0,2025-10-13 10:50:00,4081.437942857143,tp2,False,1.1384914285714332,1.837445011113057
1,2025-10-13 11:11:00,2025-10-13 11:12:00,4082.495,4076.8041642857143,4093.876671428571,0.11,0.11,0.6259919285714204,0.0,0.0176,0.010999999999989995,4105.258342857142,0.05,False,0.0,0.0,0,2025-10-13 11:32:00,4076.7041642857143,sl,False,-0.6369919285714104,-1.017572111552769
1,2025-10-13 13:24:00,2025-10-13 13:30:00,4089.705,4083.5418785714282,4102.031242857143,0.1,0.1,0.6163121428571685,0.0,0.016,0.009999999999990905,4114.357485714287,0.05,False,0.0,0.0,0,2025-10-13 13:32:00,4083.4418785714283,sl,False,-0.6263121428571594,-1.0162255443380228
1,2025-10-13 13:45:00,2025-10-13 13:46:00,4089.325,4089.325,4105.538228571429,0.07,0.07,0.567463000000007,0.0,0.011200000000000002,0.0,4121.751457142857,0.03,True,0.4863968571428631,0.0,0,2025-10-13 23:34:00,4121.751457142857,tp2,False,1.7834551428571652,3.1428571428571432
-1,2025-10-14 07:08:00,2025-10-14 07:09:00,4105.035,4112.853907142857,4090.873907142857,0.08,0.08,0.6255125714285532,0.0,0.0128,0.008000000000029104,4076.7128142857146,0.04,False,0.0,0.0,0,2025-10-14 07:14:00,4112.953907142857,sl,False,-0.6335125714285823,-1.0127895111392544
-1,2025-10-14 08:39:00,2025-10-14 08:40:00,4137.725,4137.725,4122.944742857144,0.08,0.08,0.5912102857142599,0.0,0.0128,0.004000000000014552,4108.164485714287,0.04,True,0.5912102857142599,0.0,0,2025-10-14 10:25:00,4137.825000000001,sl,False,0.5872102857142454,0.993234217846562
-1,2025-10-14 10:41:00,2025-10-14 10:42:00,4139.145,4139.145,4132.274400000002,0.19,0.19,0.6527069999998457,0.0,0.0304,0.0,4125.403800000004,0.09,True,0.6183539999998539,0.0,0,2025-10-14 12:22:00,4125.403800000004,tp2,False,1.9924739999995293,3.052631578947369
-1,2025-10-14 14:36:00,2025-10-14 14:37:00,4130.305,4133.861207142857,4123.192585714287,0.19,0.19,0.6756793571427716,0.0,0.0304,0.01900000000006912,4116.0801714285735,0.09,False,0.0,0.0,0,2025-10-14 14:47:00,4133.961207142857,sl,False,-0.6946793571428407,-1.028119846787112
1,2025-10-15 07:09:00,2025-10-15 07:10:00,4200.155,4200.155,4212.4774285714275,0.1,0.1,0.6161214285713869,0.0,0.016,0.00500000000001819,4224.799857142855,0.05,True,0.6161214285713869,0.0,0,2025-10-15 09:15:00,4200.054999999999,sl,False,0.6111214285713686,0.9918847166026804
1,2025-10-15 09:32:00,2025-10-15 09:33:00,4193.305,4162.520771428572,4254.873457142858,0.02,0.02,0.6156845714285737,0.0,0.0032,0.0004,4316.441914285715,0.01,False,0.0,-0.03234000000000001,1,2025-10-16 12:00:00,4240.245,news_close,False,0.9064599999999919,1.472279868726825
1,2025-10-16 13:18:00,2025-10-16 13:21:00,4247.015,4247.015,4259.448385714287,0.11,0.11,0.6838362142857568,0.0,0.0176,0.0,4271.881771428573,0.05,True,0.6216692857143244,0.0,0,2025-10-16 15:16:00,4271.881771428573,tp2,False,2.1136755714287028,3.090909090909091
1,2025-10-16 15:17:00,2025-10-16 15:18:00,4271.598,4265.955978571429,4282.882042857142,0.12,0.12,0.6770425714285011,0.0,0.0192,0.0024,4294.166085714283,0.06,False,0.0,0.0,0,2025-10-16 15:30:00,4271.504999999999,news_close,False,-0.011160000000090804,-0.016483453878748233
-1,2025-10-17 07:52:00,2025-10-17 07:57:00,4336.435,4349.324714285714,4310.655571428572,0.05,0.05,0.6444857142857018,0.0,0.008,0.00500000000001819,4284.876142857144,0.02,False,0.0,0.0,0,2025-10-17 08:18:00,4349.424714285715,sl,False,-0.64948571428572,-1.0077581238640174
-1,2025-10-17 08:53:00,2025-10-17 08:54:00,4341.605,4347.480214285714,4329.85457142857,0.11,0.11,0.6462735714286191,0.0,0.0176,0.011000000000040018,4318.104142857141,0.05,False,0.0,0.0,0,2025-10-17 08:58:00,4347.580214285715,sl,False,-0.6572735714286592,-1.0170206557816128
-1,2025-10-17 09:18:00,2025-10-17 09:19:00,4340.465,4340.465,4324.597385714285,0.08,0.08,0.6347045714285924,0.0,0.0128,0.0,4308.7297714285705,0.04,True,0.6347045714285924,0.0,0,2025-10-17 11:34:00,4308.7297714285705,tp2,False,1.9041137142857771,3.0
-1,2025-10-17 11:51:00,2025-10-17 11:52:00,4303.165,4314.5457,4280.403600000001,0.06,0.06,0.6828419999999823,0.0,0.0096,0.006000000000021827,4257.642200000001,0.03,False,0.0,0.0,0,2025-10-17 12:14:00,4314.6457,sl,False,-0.6888420000000042,-1.0087868057325444
-1,2025-10-17 15:13:00,2025-10-17 15:15:00,4244.885,4256.972928571428,4227.742928571429,0.05,0.05,0.6043964285714083,0.0,0.008,0.00500000000001819,4210.600857142857,0.02,False,0.0,0.0,0,2025-10-17 15:35:00,4257.072928571429,sl,False,-0.6093964285714265,-1.0082727159917813
-1,2025-10-17 15:46:00,2025-10-17 15:47:00,4251.115,4251.115,4237.228042857143,0.1,0.1,0.6943478571428386,0.0,0.016,0.0,4223.341085714286,0.05,True,0.6943478571428386,0.0,0,2025-10-17 16:26:00,4223.341085714286,tp2,False,2.083043571428516,3.0
-1,2025-10-20 08:40:00,2025-10-20 08:41:00,4258.375,4258.375,4248.535785714285,0.09,0.09,0.696670714285674,0.0,0.0144,0.0050000000000181895,4238.696571428571,0.04,True,0.3935685714285864,0.0,0,2025-10-20 10:23:00,4258.475,sl,False,0.3885685714285682,0.5577506897602034
-1,2025-10-20 10:35:00,2025-10-20 10:36:00,4253.145,4257.525478571429,4248.5554785714285,0.16,0.16,0.7008765714285256,0.0,0.0256,0.016000000000058207,4243.9659571428565,0.08,False,0.0,0.0,0,2025-10-20 10:40:00,4257.625478571429,sl,False,-0.7168765714285837,-1.0228285559145558
-1,2025-10-20 10:58:00,2025-10-20 11:00:00,4256.475,4260.105592857143,4249.213814285715,0.19,0.19,0.6898126428571323,0.0,0.0304,0.01900000000006912,4241.952628571429,0.09,False,0.0,0.0,0,2025-10-20 11:18:00,4260.2055928571435,sl,False,-0.7088126428572014,-1.0275437108855718
-1,2025-10-20 11:34:00,2025-10-20 11:35:00,4260.885,4264.084285714286,4254.486428571428,0.22,0.22,0.7038428571428994,0.0,0.0352,0.022000000000080035,4248.087857142857,0.11,False,0.0,0.0,0,2025-10-20 11:37:00,4264.1842857142865,sl,False,-0.7258428571429795,-1.0312569770039073
1,2025-10-20 12:12:00,2025-10-20 12:13:00,4280.905,4280.905,4298.140071428571,0.07,0.07,0.6170450000000256,0.0,0.011200000000000002,0.0,4315.375142857142,0.03,True,0.5170521428571373,0.0,0,2025-10-20 12:39:00,4315.375142857142,tp2,False,1.8958578571428373,3.07247908522516
1,2025-10-20 12:57:00,2025-10-20 12:58:00,4321.765,4311.9488571428565,4341.397285714288,0.07,0.07,0.6871300000000702,0.0,0.011200000000000002,0.007000000000025467,4361.029571428576,0.03,False,0.0,0.0,0,2025-10-20 13:30:00,4311.848857142856,sl,False,-0.6941300000000957,-1.0101873008019222
1,2025-10-20 14:46:00,2025-10-20 14:53:00,4328.098,4328.098,4351.608871428571,0.06,0.06,0.7053261428571204,0.0,0.0096,0.0,4375.119742857141,0.03,True,0.7053261428571204,0.0,0,2025-10-20 19:55:00,4375.119742857141,tp2,False,2.115978428571361,3.0
-1,2025-10-21 07:23:00,2025-10-21 07:24:00,4329.705,4329.705,4320.056585714285,0.15,0.15,0.7236310714286446,0.0,0.024,0.0,4310.408171428569,0.07,True,0.6753890000000684,0.0,0,2025-10-21 07:33:00,4310.408171428569,tp2,False,2.2191352857145104,3.0666666666666673
-1,2025-10-21 07:59:00,2025-10-21 08:00:00,4300.735,4300.735,4293.038257142857,0.11,0.11,0.7425282857143429,0.0,0.017599999999999998,0.0,4285.341514285715,0.05,True,0.38483714285712267,0.0,0,2025-10-21 08:03:00,4285.341514285715,tp2,False,1.3084462857142172,1.7621500902897427
-1,2025-10-21 10:54:00,2025-10-21 10:55:00,4256.635,4261.777028571429,4248.607028571429,0.14,0.14,0.7198839999999838,0.0,0.022400000000000003,0.014000000000050934,4240.579057142857,0.07,False,0.0,0.0,0,2025-10-21 11:06:00,4261.877028571429,sl,False,-0.7338840000000346,-1.0194475776653615
-1,2025-10-22 09:16:00,2025-10-22 09:17:00,4072.848,4072.848,4034.0955642857143,0.02,0.02,0.5835512857142748,0.0,0.0032,0.0009999999999990906,3995.3431285714287,0.01,True,0.3875243571428564,0.0,0,2025-10-22 13:37:00,4072.948,sl,False,0.38652435714285727,0.6623657022188651
-1,2025-10-24 09:24:00,2025-10-24 09:25:00,4069.305,4072.892928571429,4065.582928571429,0.21,0.21,0.7534650000001056,0.0,0.0336,0.0209999999999809,4061.860857142858,0.1,False,0.0,0.0,0,2025-10-24 09:31:00,4072.992928571429,sl,False,-0.7744650000000866,-1.027871234894757
-1,2025-10-24 10:55:00,2025-10-24 10:57:00,4055.645,4055.645,4047.5202142857142,0.15,0.15,0.7192821428571505,0.0,0.024,0.007999999999992723,4039.3954285714285,0.07,True,0.5687350000000015,0.0,0,2025-10-24 11:07:00,4055.745,sl,False,0.5607350000000089,0.7795758668116565
-1,2025-10-24 11:24:00,2025-10-24 11:26:00,4055.958,4061.3340357142856,4047.534035714286,0.14,0.14,0.752644999999975,0.0,0.022400000000000003,0.01399999999998727,4039.1100714285717,0.07,False,0.0,0.0,0,2025-10-24 11:46:00,4061.4340357142855,sl,False,-0.7666449999999623,-1.0186010669040353
1,2025-10-27 08:15:00,2025-10-27 08:17:00,4067.095,4063.2840214285716,4073.1840214285717,0.19,0.19,0.7240859285713623,0.0,0.0304,0.018999999999982718,4079.2730428571435,0.09,False,0.0,0.0,0,2025-10-27 08:21:00,4063.1840214285717,sl,False,-0.743085928571345,-1.0262399796077657
-1,2025-10-27 10:50:00,2025-10-27 11:00:00,4039.165,4039.165,4033.5545714285713,0.22,0.22,0.72436571428565,0.0,0.0352,0.0,4027.9441428571427,0.11,True,0.6171471428571522,0.0,0,2025-10-27 11:10:00,4027.9441428571427,tp2,False,1.8514414285714567,2.555948455397697
-1,2025-10-27 14:16:00,2025-10-27 14:28:00,3999.975,3999.975,3984.6583571428573,0.07,0.07,0.6820350000000145,0.0,0.011200000000000002,0.003999999999996362,3969.3417142857147,0.03,True,0.4594992857142779,0.0,0,2025-10-27 16:59:00,4000.075,sl,False,0.45549928571428155,0.6678532417167329
-1,2025-10-28 08:27:00,2025-10-28 08:28:00,3912.945,3912.945,3903.2429428571436,0.15,0.15,0.7276542857142431,0.0,0.024,0.0,3893.540885714287,0.07,True,0.6791439999999603,0.0,0,2025-10-28 09:05:00,3893.540885714287,tp2,False,2.231473142857012,3.0666666666666664
-1,2025-10-28 09:36:00,2025-10-28 09:37:00,3900.205,3905.8786642857144,3888.857671428571,0.14,0.14,0.7943130000000292,0.0,0.022400000000000003,0.01399999999998727,3877.510342857142,0.07,False,0.0,0.0,0,2025-10-28 09:43:00,3905.9786642857143,sl,False,-0.8083130000000166,-1.0176252938073365
-1,2025-10-28 09:54:00,2025-10-28 09:59:00,3903.215,3911.1060714285713,3887.4328571428578,0.09,0.09,0.7101964285714075,0.0,0.0144,0.008999999999991815,3871.6507142857154,0.04,False,0.0,0.0,0,2025-10-28 10:32:00,3911.2060714285712,sl,False,-0.7191964285713993,-1.012672550350747
-1,2025-10-28 11:16:00,2025-10-28 11:17:00,3911.835,3918.759257142857,3897.9864857142857,0.11,0.11,0.7616682857142905,0.0,0.0176,0.010999999999989995,3884.1379714285713,0.05,False,0.0,0.0,0,2025-10-28 11:18:00,3918.859257142857,sl,False,-0.7726682857142805,-1.0144419824302837
-1,2025-10-28 12:41:00,2025-10-28 12:42:00,3918.325,3926.183335714286,3902.6083285714276,0.09,0.09,0.7072502142857502,0.0,0.0144,0.008999999999991815,3886.8916571428554,0.04,False,0.0,0.0,0,2025-10-28 13:03:00,3926.283335714286,sl,False,-0.716250214285742,-1.0127253407891588
1,2025-10-28 15:03:00,2025-10-28 15:04:00,3952.915,3952.915,3963.035171428571,0.13,0.13,0.7383777142857071,0.0,0.020800000000000003,0.006999999999993635,3973.1553428571424,0.06,True,0.6072102857142727,0.0,0,2025-10-28 16:37:00,3952.815,sl,False,0.600210285714279,0.812877033125128
1,2025-10-29 08:26:00,2025-10-29 08:27:00,4010.445,4010.445,4019.1755642857147,0.15,0.15,0.7604153571428469,0.0,0.024,0.0,4027.9061285714292,0.07,True,0.6111395000000176,0.0,0,2025-10-29 09:49:00,4027.9061285714292,tp2,False,2.008029785714343,2.640701252088373
1,2025-10-29 10:17:00,2025-10-29 10:30:00,4024.205,4019.5314,4033.5522,0.16,0.16,0.7477760000000125,0.0,0.0256,0.01599999999998545,4042.8994000000002,0.08,False,0.0,0.0,0,2025-10-29 11:15:00,4019.4314,sl,False,-0.763775999999998,-1.0213967819239789
1,2025-10-29 12:50:00,2025-10-29 12:51:00,4026.108,4022.8919285714283,4029.3619285714285,0.24,0.24,0.7718571428572614,0.0,0.0384,0.02399999999997817,4032.615857142857,0.12,False,0.0,0.0,0,2025-10-29 13:00:00,4022.7919285714283,sl,False,-0.7958571428572395,-1.031093836757324
-1,2025-10-31 10:35:00,2025-10-31 10:37:00,4010.135,4010.135,4003.9455,0.13,0.13,0.767064999999966,0.0,0.0208,0.006999999999993635,3997.7559999999994,0.06,True,0.37137000000002446,0.0,0,2025-10-31 11:51:00,4010.235,sl,False,0.36437000000003084,0.47501841434565123
1,2025-11-12 10:16:00,2025-11-12 10:19:00,4126.185,4121.509092857143,4132.079092857142,0.16,0.16,0.7481451428572473,0.0,0.0256,0.016000000000058207,4137.973185714284,0.08,False,0.0,0.0,0,2025-11-12 10:25:00,4121.409092857142,sl,False,-0.7641451428573055,-1.0213862245218253
1,2025-11-12 10:57:00,2025-11-12 10:59:00,4127.445,4124.081357142857,4132.111357142857,0.22,0.22,0.7400014285713769,0.0,0.0352,0.022000000000080035,4136.777714285714,0.11,False,0.0,0.0,0,2025-11-12 11:22:00,4123.981357142857,sl,False,-0.7620014285714569,-1.0297296723366502
1,2025-11-12 11:35:00,2025-11-12 11:37:00,4127.475,4127.475,4132.066835714285,0.17,0.17,0.739187928571555,0.0,0.027200000000000002,0.0,4136.6586714285695,0.08,True,0.36734685714276566,0.0,0,2025-11-12 12:26:00,4136.6586714285695,tp2,False,1.1938772857139885,1.6151201062240002
1,2025-11-12 13:22:00,2025-11-12 13:23:00,4127.225,4127.225,4132.017642857142,0.17,0.17,0.7611507142858136,0.0,0.027200000000000002,0.009000000000032742,4136.810285714284,0.08,True,0.383411428571344,0.0,0,2025-11-12 13:51:00,4127.125,sl,False,0.37441142857131127,0.4919018290912607
1,2025-11-12 14:00:00,2025-11-12 14:01:00,4127.485,4127.485,4132.065642857143,0.22,0.22,0.7720585714283333,0.0,0.0352,0.0,4136.646285714286,0.11,True,0.5038707142857493,0.0,0,2025-11-12 14:11:00,4136.646285714286,tp2,False,1.5116121428572478,1.9578982719675224
1,2025-11-13 11:35:00,2025-11-13 11:37:00,4225.495,4225.495,4234.059142857143,0.18,0.18,0.7707728571429107,0.0,0.0288,0.0,4242.623285714287,0.09,True,0.7707728571429107,0.0,0,2025-11-13 12:58:00,4242.623285714287,tp2,False,2.312318571428732,3.0000000000000004
1,2025-11-13 13:43:00,2025-11-13 13:44:00,4228.155,4221.454928571428,4235.384928571429,0.12,0.12,0.8040085714285669,0.0,0.0192,0.012000000000043655,4242.6148571428575,0.06,False,0.0,0.0,0,2025-11-13 14:07:00,4221.354928571428,sl,False,-0.8160085714286106,-1.0149252140169627
-1,2025-11-17 10:24:00,2025-11-17 10:25:00,4086.355,4086.355,4081.206214285714,0.26,0.26,0.7977357142856454,0.0,0.041600000000000005,0.012999999999988177,4076.057428571428,0.13,True,0.6693421428571901,0.0,0,2025-11-17 10:37:00,4086.455,sl,False,0.6563421428572019,0.8227563729485795
-1,2025-11-21 11:37:00,2025-11-21 11:39:00,4037.865,4037.865,4033.5516000000002,0.24,0.24,0.7911840000001393,0.0,0.0384,0.011999999999989085,4029.2382000000007,0.12,True,0.5176079999999456,0.0,0,2025-11-21 11:59:00,4037.9649999999997,sl,False,0.5056079999999564,0.6390523569736842
1,2025-11-24 09:07:00,2025-11-24 09:08:00,4066.755,4066.755,4072.3274285714283,0.21,0.21,0.791190000000015,0.0,0.0336,0.010999999999989993,4077.8998571428565,0.1,True,0.5572428571428191,0.0,0,2025-11-24 09:25:00,4066.655,sl,False,0.546242857142829,0.6904066749362588
1,2025-11-24 10:42:00,2025-11-24 10:47:00,4068.735,4065.5743500000003,4072.31435,0.26,0.26,0.8217689999999493,0.0,0.041600000000000005,0.025999999999976355,4075.8937,0.13,False,0.0,0.0,0,2025-11-24 10:52:00,4065.4743500000004,sl,False,-0.8477689999999257,-1.0316390615854065
-1,2025-11-28 11:46:00,2025-11-28 11:47:00,4172.325,4176.5189,4166.8979,0.19,0.19,0.7968410000000403,0.0,0.0304,0.01900000000006912,4161.4708,0.09,False,0.0,0.0,0,2025-11-28 12:13:00,4176.6189,sl,False,-0.8158410000001095,-1.023844154605584
1,2025-11-28 14:32:00,2025-11-28 14:33:00,4199.515,4199.515,4207.924928571429,0.13,0.13,0.7956092857142903,0.0,0.020800000000000003,0.007000000000025467,4216.334857142857,0.06,True,0.5045957142856968,0.0,0,2025-11-28 14:43:00,4199.415,sl,False,0.49759571428567134,0.6254272332165338
1,2025-11-28 15:30:00,2025-11-28 15:31:00,4196.935,4196.935,4207.949285714286,0.07,0.07,0.7431000000000223,0.0,0.011200000000000002,0.0,4218.963571428571,0.03,True,0.3304285714285652,0.0,0,2025-11-28 18:29:00,4218.963571428571,tp2,False,1.2115714285714059,1.630428513755039
1,2025-12-01 09:22:00,2025-12-01 09:23:00,4249.525,4246.3288785714285,4255.917242857142,0.25,0.25,0.799030357142783,0.0,0.04,0.02500000000009095,4262.309485714284,0.12,False,0.0,0.0,0,2025-12-01 09:49:00,4246.228878571428,sl,False,-0.824030357142874,-1.0312879226384932
-1,2025-12-02 07:52:00,2025-12-02 07:54:00,4210.865,4214.133071428571,4204.836071428572,0.25,0.25,0.8170178571429005,0.0,0.04,0.02500000000009095,4198.807142857144,0.12,False,0.0,0.0,0,2025-12-02 08:00:00,4214.233071428572,sl,False,-0.8420178571429915,-1.0305990863988157
-1,2025-12-02 10:05:00,2025-12-02 10:06:00,4190.025,4190.025,4185.576671428572,0.19,0.19,0.7755175714286816,0.0,0.0304,0.01000000000003638,4181.128342857144,0.09,True,0.4003495714284963,0.0,0,2025-12-02 11:19:00,4190.125,sl,False,0.39034957142845994,0.5033407182629612
1,2025-12-05 09:27:00,2025-12-05 09:31:00,4219.825,4219.825,4225.971235714285,0.19,0.19,0.8025152142857406,0.0,0.0304,0.0,4232.117471428571,0.09,True,0.553161214285692,0.0,0,2025-12-05 13:00:00,4232.117471428571,tp2,False,1.7824083571427853,2.221027496318777
1,2025-12-05 15:29:00,2025-12-05 15:30:00,4248.005,4248.005,4253.115,0.16,0.16,0.8144000000000233,0.0,0.0256,0.0,4258.224999999999,0.08,True,0.4087999999999738,0.0,0,2025-12-05 15:39:00,4258.224999999999,tp2,False,1.2263999999999213,1.5058939096265793
1,2025-12-09 13:44:00,2025-12-09 13:46:00,4199.845,4196.027864285715,4206.137864285714,0.22,0.22,0.839769857142819,0.0,0.0352,0.022000000000080035,4212.4307285714285,0.11,False,0.0,0.0,0,2025-12-09 14:06:00,4195.927864285714,sl,False,-0.8617698571428991,-1.0261976538130715
1,2025-12-12 08:00:00,2025-12-12 08:01:00,4288.685,4288.685,4296.03242857143,0.22,0.22,0.808217142857211,0.0,0.0352,0.0,4303.379857142859,0.11,True,0.808217142857211,0.0,0,2025-12-12 08:44:00,4303.379857142859,tp2,False,2.424651428571633,3.0
1,2025-12-12 10:21:00,2025-12-12 10:22:00,4320.235,4320.235,4326.815335714286,0.14,0.14,0.8161529999999585,0.0,0.022400000000000003,0.0,4333.395671428573,0.07,True,0.4606235000000743,0.0,0,2025-12-12 11:04:00,4333.395671428573,tp2,False,1.381870500000223,1.6931512841345842
1,2025-12-12 11:18:00,2025-12-12 11:19:00,4338.615,4334.958571428571,4343.798571428571,0.23,0.23,0.8409785714285499,0.0,0.0368,0.023000000000083676,4348.982142857143,0.11,False,0.0,0.0,0,2025-12-12 11:22:00,4334.858571428571,sl,False,-0.8639785714286337,-1.0273490916195571
1,2025-12-12 11:43:00,2025-12-12 11:44:00,4334.795,4329.647214285714,4343.867214285714,0.16,0.16,0.8236457142858126,0.0,0.0256,0.016000000000058207,4352.939428571428,0.08,False,0.0,0.0,0,2025-12-12 12:34:00,4329.547214285713,sl,False,-0.8396457142858708,-1.019425828025988
1,2025-12-12 14:51:00,2025-12-12 14:52:00,4345.405,4335.9439785714285,4354.930978571429,0.09,0.09,0.8514919285714131,0.0,0.0144,0.009000000000032742,4364.456957142857,0.04,False,0.0,0.0,0,2025-12-12 15:16:00,4335.843978571428,sl,False,-0.8604919285714459,-1.0105696832794793
1,2025-12-15 10:47:00,2025-12-15 10:48:00,4340.585,4337.346785714286,4343.836785714286,0.26,0.26,0.8419357142856643,0.0,0.041600000000000005,0.02600000000009459,4347.088571428571,0.13,False,0.0,0.0,0,2025-12-15 11:00:00,4337.246785714286,sl,False,-0.8679357142857589,-1.0308812176024083
-1,2025-12-15 14:10:00,2025-12-15 14:11:00,4329.345,4329.345,4321.407607142857,0.11,0.11,0.8197867857142955,0.0,0.017599999999999998,0.006000000000021827,4313.470214285714,0.05,True,0.39686964285715476,0.0,0,2025-12-15 14:35:00,4329.445000000001,sl,False,0.39086964285713294,0.4767942709842059
1,2025-12-16 12:44:00,2025-12-16 12:52:00,4292.415,4287.44605,4298.2760499999995,0.16,0.16,0.7950320000000648,0.0,0.0256,0.0032,4304.137099999999,0.08,False,0.0,0.0,0,2025-12-16 13:00:00,4294.304999999999,news_close,False,0.30239999999990685,0.38036204831991943
1,2025-12-16 14:33:00,2025-12-16 14:34:00,4330.325,4323.168235714286,4338.818235714286,0.11,0.11,0.7872440714284857,0.0,0.0176,0.011000000000040018,4347.311471428572,0.05,False,0.0,0.0,0,2025-12-16 14:38:00,4323.068235714286,sl,False,-0.7982440714285258,-1.0139727949682493
1,2025-12-17 09:01:00,2025-12-17 09:03:00,4320.585,4317.086714285715,4326.836714285715,0.23,0.23,0.8046057142855444,0.0,0.0368,0.023000000000083676,4333.08842857143,0.11,False,0.0,0.0,0,2025-12-17 09:22:00,4316.986714285715,sl,False,-0.827605714285628,-1.0285854295982806
1,2025-12-17 09:28:00,2025-12-17 09:30:00,4321.725,4316.774214285714,4326.844214285715,0.16,0.16,0.7921257142857939,0.0,0.0256,0.016000000000058207,4331.963428571429,0.08,False,0.0,0.0,0,2025-12-17 09:57:00,4316.674214285714,sl,False,-0.8081257142858522,-1.0201988140411329
1,2025-12-17 11:51:00,2025-12-17 11:52:00,4318.415,4314.97445,4322.9644499999995,0.23,0.23,0.7913265000000593,0.0,0.0368,0.023000000000083676,4327.513899999999,0.11,False,0.0,0.0,0,2025-12-17 12:12:00,4314.874449999999,sl,False,-0.814326500000143,-1.0290651204023649
1,2025-12-17 12:16:00,2025-12-17 12:35:00,4318.065,4318.065,4322.979764285714,0.23,0.23,0.7901042142856023,0.0,0.0368,0.0,4327.894528571428,0.11,True,0.5406240714285651,0.0,0,2025-12-17 13:16:00,4327.894528571428,tp2,False,1.7201674999999796,2.1771400138085877
1,2025-12-17 14:26:00,2025-12-17 14:28:00,4328.448,4328.448,4334.567050000001,0.14,0.14,0.8121329999999762,0.0,0.022400000000000003,0.0,4340.686100000001,0.07,True,0.4283335000000171,0.0,0,2025-12-17 14:45:00,4340.686100000001,tp2,False,1.2850005000000513,1.5822537687793612
1,2025-12-22 07:32:00,2025-12-22 07:33:00,4416.205,4411.3569071428565,4425.901185714287,0.17,0.17,0.8241757857143875,0.0,0.027200000000000002,0.017000000000061848,4435.597371428574,0.08,False,0.0,0.0,0,2025-12-22 08:00:00,4411.256907142856,sl,False,-0.8411757857144494,-1.020626667629317
1,2025-12-22 08:29:00,2025-12-22 08:32:00,4412.809,4409.765307142857,4418.896385714287,0.27,0.27,0.8217970714287367,0.0,0.0432,0.027000000000098227,4424.983771428574,0.13,False,0.0,0.0,0,2025-12-22 08:34:00,4409.665307142856,sl,False,-0.848797071428835,-1.0328548262567514
1,2025-12-22 09:07:00,2025-12-22 09:08:00,4410.695,4410.695,4420.023778571429,0.16,0.16,0.7905954285712505,0.0,0.0256,0.0,4429.352557142858,0.08,True,0.7463022857143369,0.0,0,2025-12-22 15:45:00,4429.352557142858,tp2,False,2.238906857143011,2.8319248710925664
1,2025-12-23 07:05:00,2025-12-23 07:09:00,4481.315,4481.315,4488.128757142856,0.24,0.24,0.8176508571427257,0.0,0.0384,0.012000000000043655,4494.942514285712,0.12,True,0.8176508571427257,0.0,0,2025-12-23 09:13:00,4481.214999999999,sl,False,0.805650857142682,0.9853238091843045
1,2025-12-23 10:02:00,2025-12-23 10:36:00,4481.405,4481.405,4488.548,0.24,0.24,0.8571600000000035,0.0,0.0384,0.0024,4495.691,0.12,True,0.8571600000000035,0.0,0,2025-12-23 13:00:00,4486.004999999999,news_close,False,1.409159999999938,1.6439871202575158
-1,2025-12-23 14:24:00,2025-12-23 14:25:00,4464.155,4471.112314285714,4450.240371428571,0.12,0.12,0.8348777142857216,0.0,0.0192,0.0024,4436.325742857142,0.06,False,0.0,0.0,0,2025-12-23 14:30:00,4464.915,news_close,False,-0.09120000000002619,-0.10923755472147466
-1,2025-12-24 07:00:00,2025-12-24 07:01:00,4492.425,4492.425,4484.903771428571,0.18,0.18,0.8673788571428486,0.0,0.0288,0.009000000000032742,4477.382542857143,0.09,True,0.6769105714285888,0.0,0,2025-12-24 08:43:00,4492.525000000001,sl,False,0.667910571428556,0.7700332627759197
-1,2025-12-24 10:12:00,2025-12-24 10:20:00,4493.058,4493.058,4484.945714285714,0.13,0.13,0.8629028571427716,0.0,0.0208,0.007000000000025467,4476.833428571427,0.06,True,0.48673714285718234,0.0,0,2025-12-24 12:01:00,4493.158,sl,False,0.47973714285715685,0.5559573002755535
-1,2025-12-24 12:24:00,2025-12-24 12:26:00,4492.445,4495.826928571429,4485.681142857142,0.26,0.26,0.8793014285715254,0.0,0.041600000000000005,0.005200000000000001,4478.917285714284,0.13,False,0.0,0.0,0,2025-12-24 13:00:00,4490.665,news_close,False,0.4627999999999338,0.5263269056116268
1,2025-12-26 08:14:00,2025-12-26 08:23:00,4514.398,4514.398,4518.978064285714,0.21,0.21,0.8769464999999581,0.0,0.0336,0.011000000000040016,4523.558128571428,0.1,True,0.45800642857138885,0.0,0,2025-12-26 09:41:00,4514.298,sl,False,0.4470064285713488,0.5097305577607872
1,2025-12-26 11:00:00,2025-12-26 11:02:00,4513.938,4510.661464285714,4519.008464285714,0.27,0.27,0.8846646428572695,0.0,0.0432,0.027000000000098227,4524.078928571427,0.13,False,0.0,0.0,0,2025-12-26 11:03:00,4510.561464285714,sl,False,-0.9116646428573677,-1.0305200396761582
-1,2025-12-26 11:46:00,2025-12-26 11:47:00,4505.585,4508.857242857143,4499.0405142857135,0.26,0.26,0.8507831428572535,0.0,0.041600000000000005,0.02600000000009459,4492.496028571427,0.13,False,0.0,0.0,0,2025-12-26 11:57:00,4508.957242857144,sl,False,-0.8767831428573482,-1.0305600789324254
1,2025-12-26 14:26:00,2025-12-26 14:28:00,4526.625,4526.625,4530.785371428572,0.22,0.22,0.8623182857141365,0.0,0.0352,0.011000000000040018,4534.945742857144,0.11,True,0.4576408571429238,0.0,0,2025-12-26 14:37:00,4526.525,sl,False,0.44664085714288376,0.5179535961863481
1,2025-12-26 15:56:00,2025-12-26 15:58:00,4544.885,4536.798128571429,4561.058742857143,0.1,0.1,0.8086871428571613,0.0,0.016,0.01000000000003638,4577.232485714287,0.05,False,0.0,0.0,0,2025-12-26 16:13:00,4536.698128571428,sl,False,-0.8186871428571977,-1.012365721513397
-1,2025-12-29 09:34:00,2025-12-29 09:35:00,4461.615,4467.293885714286,4450.257228571427,0.15,0.15,0.851832857142972,0.0,0.024,0.015000000000054569,4438.899457142854,0.07,False,0.0,0.0,0,2025-12-29 09:40:00,4467.393885714287,sl,False,-0.8668328571430265,-1.0176090883020927
-1,2025-12-29 11:01:00,2025-12-29 11:04:00,4458.105,4461.300764285715,4452.390764285715,0.26,0.26,0.8308987142859223,0.0,0.041600000000000005,0.02600000000009459,4446.67652857143,0.13,False,0.0,0.0,0,2025-12-29 11:17:00,4461.400764285715,sl,False,-0.8568987142860169,-1.031291419222425
-1,2025-12-29 13:02:00,2025-12-29 13:03:00,4460.198,4464.028785714286,4452.5364285714295,0.22,0.22,0.8427728571427906,0.0,0.0352,0.022000000000080035,4444.874857142859,0.11,False,0.0,0.0,0,2025-12-29 13:04:00,4464.128785714286,sl,False,-0.8647728571428707,-1.0261043053458858
1,2025-12-30 08:40:00,2025-12-30 08:42:00,4358.735,4358.735,4368.65867142857,0.17,0.17,0.8435120714285131,0.0,0.027200000000000002,0.0,4378.582342857141,0.08,True,0.7938937142856594,0.0,0,2025-12-30 10:19:00,4378.582342857141,tp2,False,2.5801545714283933,3.058823529411765
1,2025-12-30 10:57:00,2025-12-30 10:58:00,4383.595,4383.595,4394.334671428572,0.16,0.16,0.8591737142857164,0.0,0.0256,0.008000000000029104,4405.074342857143,0.08,True,0.8591737142857164,0.0,0,2025-12-30 13:32:00,4383.495,sl,False,0.8511737142856873,0.9906887281733474
1,2026-01-02 08:07:00,2026-01-02 08:09:00,4384.458,4384.458,4391.3672857142865,0.21,0.21,0.8506499999997686,0.0,0.0336,0.011000000000040016,4398.276571428573,0.1,True,0.6909285714286852,0.0,0,2026-01-02 09:21:00,4384.357999999999,sl,False,0.6799285714286453,0.7993047333554696
1,2026-01-02 11:22:00,2026-01-02 11:23:00,4397.495,4393.451678571429,4403.894678571428,0.21,0.21,0.8490974999999708,0.0,0.0336,0.021000000000076395,4410.294357142856,0.1,False,0.0,0.0,0,2026-01-02 11:30:00,4393.351678571428,sl,False,-0.8700975000000472,-1.024732142068581
1,2026-01-05 07:03:00,2026-01-05 07:04:00,4421.905,4417.695921428572,4430.323157142856,0.2,0.2,0.8418157142856217,0.0,0.032,0.02000000000007276,4438.741314285712,0.1,False,0.0,0.0,0,2026-01-05 07:07:00,4417.595921428571,sl,False,-0.8618157142856945,-1.023758168991945
1,2026-01-05 07:36:00,2026-01-05 07:37:00,4421.268,4421.268,4427.657942857144,0.27,0.27,0.8626422857144371,0.0,0.0432,0.0,4434.047885714288,0.13,True,0.8306925714287172,0.0,0,2026-01-05 09:21:00,4434.047885714288,tp2,False,2.6198765714290313,3.037037037037037
1,2026-01-05 09:21:00,2026-01-05 09:30:00,4432.255,4425.648185714285,4441.798185714286,0.13,0.13,0.8588858571429228,0.0,0.020800000000000003,0.013000000000047295,4451.341371428572,0.06,False,0.0,0.0,0,2026-01-05 11:25:00,4425.548185714285,sl,False,-0.8718858571429701,-1.0151358878388006
-1,2026-01-05 14:22:00,2026-01-05 14:23:00,4423.045,4428.574078571429,4411.994078571429,0.16,0.16,0.8846525714285963,0.0,0.0256,0.0032,4400.943157142858,0.08,False,0.0,0.0,0,2026-01-05 14:30:00,4421.085,news_close,False,0.3136000000000058,0.3544894460585623
1,2026-01-05 15:44:00,2026-01-05 15:45:00,4445.098,4435.009021428572,4465.275957142856,0.08,0.08,0.8071182857142413,0.0,0.0128,0.008000000000029104,4485.453914285712,0.04,False,0.0,0.0,0,2026-01-05 17:03:00,4434.909021428572,sl,False,-0.8151182857142704,-1.0099118061647552
1,2026-01-06 07:08:00,2026-01-06 07:14:00,4468.005,4463.803785714286,4473.743785714286,0.2,0.2,0.8402428571427664,0.0,0.032,0.02000000000007276,4479.482571428572,0.1,False,0.0,0.0,0,2026-01-06 07:22:00,4463.703785714286,sl,False,-0.8602428571428391,-1.0238026420933615
1,2026-01-06 08:58:00,2026-01-06 08:59:00,4468.185,4464.584042857143,4473.774042857142,0.24,0.24,0.8642297142858296,0.0,0.0384,0.02400000000008731,4479.363085714284,0.12,False,0.0,0.0,0,2026-01-06 09:02:00,4464.484042857142,sl,False,-0.888229714285917,-1.0277703943793697
-1,2026-01-06 10:02:00,2026-01-06 10:04:00,4444.498,4451.835607142857,4434.841607142857,0.11,0.11,0.8071367857143196,0.0,0.0176,0.011000000000040018,4425.185214285715,0.05,False,0.0,0.0,0,2026-01-06 10:11:00,4451.935607142857,sl,False,-0.8181367857143595,-1.0136284210987918
-1,2026-01-06 12:34:00,2026-01-06 12:35:00,4461.118,4466.193285714286,4452.353285714286,0.16,0.16,0.8120457142856321,0.0,0.0256,0.016000000000058207,4443.588571428572,0.08,False,0.0,0.0,0,2026-01-06 13:10:00,4466.293285714286,sl,False,-0.8280457142856904,-1.0197033242323479
1,2026-01-09 08:56:00,2026-01-09 08:57:00,4468.115,4468.115,4473.773942857143,0.19,0.19,0.8267008571428142,0.0,0.0304,0.01000000000003638,4479.432885714286,0.09,True,0.5093048571428972,0.0,0,2026-01-09 10:30:00,4468.014999999999,sl,False,0.4993048571428608,0.6039728310776445
1,2026-01-12 07:08:00,2026-01-12 07:28:00,4579.165,4579.165,4588.6552,0.17,0.17,0.8066670000000159,0.0,0.027200000000000002,0.0,4598.1454,0.08,True,0.7592160000000149,0.0,0,2026-01-12 08:52:00,4598.1454,tp2,False,2.4674520000000486,3.0588235294117645
1,2026-01-12 10:26:00,2026-01-12 10:30:00,4592.368,4588.442050000001,4600.2199,0.22,0.22,0.8637089999999625,0.0,0.0352,0.022000000000080035,4608.0718,0.11,False,0.0,0.0,0,2026-01-12 10:32:00,4588.34205,sl,False,-0.8857090000000426,-1.0254715419198839
1,2026-01-12 10:56:00,2026-01-12 11:00:00,4593.738,4589.347592857142,4599.107592857143,0.19,0.19,0.8341773571429895,0.0,0.0304,0.01900000000006912,4604.477185714285,0.09,False,0.0,0.0,0,2026-01-12 11:19:00,4589.247592857142,sl,False,-0.8531773571430585,-1.022776930873721
1,2026-01-12 12:44:00,2026-01-12 12:45:00,4585.985,4585.985,4599.121,0.1,0.1,0.7963999999999033,0.0,0.016,0.0,4612.2570000000005,0.05,True,0.6568000000000211,0.0,0,2026-01-12 13:40:00,4612.2570000000005,tp2,False,1.9704000000000634,2.4741336012058044
1,2026-01-12 13:40:00,2026-01-12 13:41:00,4610.935,4603.880114285715,4625.044771428572,0.12,0.12,0.8465862857142928,0.0,0.0192,0.012000000000043655,4639.1545428571435,0.06,False,0.0,0.0,0,2026-01-12 14:03:00,4603.780114285714,sl,False,-0.8585862857143365,-1.014174574054101
1,2026-01-12 14:38:00,2026-01-12 14:45:00,4601.055,4584.0255,4635.114000000001,0.05,0.05,0.8514750000000277,0.0,0.008,0.001,4669.1730000000025,0.02,False,0.0,0.0,0,2026-01-12 17:30:00,4615.958,news_close,False,0.7451499999999669,0.8751284535658036
-1,2026-01-13 08:45:00,2026-01-13 08:46:00,4592.345,4592.345,4584.804335714285,0.18,0.18,0.8458804285712358,0.0,0.0288,0.009000000000032742,4577.26367142857,0.09,True,0.6786597857143624,0.0,0,2026-01-13 12:52:00,4592.445000000001,sl,False,0.6696597857143296,0.7916719232355832
1,2026-01-15 12:01:00,2026-01-15 12:02:00,4620.205,4615.972,4628.671,0.2,0.2,0.846600000000035,0.0,0.032,0.02000000000007276,4637.137000000001,0.1,False,0.0,0.0,0,2026-01-15 12:10:00,4615.871999999999,sl,False,-0.8666000000001077,-1.023623907394368
-1,2026-01-15 15:33:00,2026-01-15 15:34:00,4612.698,4617.581785714286,4607.7417857142855,0.17,0.17,0.8302435714285002,0.0,0.027200000000000002,0.017000000000061848,4602.785571428571,0.08,False,0.0,0.0,0,2026-01-15 16:11:00,4617.681785714286,sl,False,-0.8472435714285621,-1.020475918856935
-1,2026-01-16 11:59:00,2026-01-16 12:17:00,4612.585,4612.585,4607.629428571428,0.24,0.24,0.8403428571428958,0.0,0.0384,0.0,4602.673857142857,0.12,True,0.5946685714285922,0.0,0,2026-01-16 12:34:00,4602.673857142857,tp2,False,1.7840057142857766,2.1229498164014453
1,2026-01-19 08:00:00,2026-01-19 08:02:00,4666.065,4666.065,4669.522042857143,0.26,0.26,0.8587688571428044,0.0,0.041600000000000005,0.0,4672.979085714286,0.13,True,0.4494155714286262,0.0,0,2026-01-19 08:11:00,4672.979085714286,tp2,False,1.3482467142858785,1.569976255044469
-1,2026-01-19 12:49:00,2026-01-19 12:54:00,4670.135,4673.685428571429,4663.034142857143,0.25,0.25,0.8876071428571777,0.0,0.04,0.02500000000009095,4655.933285714285,0.12,False,0.0,0.0,0,2026-01-19 13:33:00,4673.785428571429,sl,False,-0.9126071428572686,-1.0281656138092994
-1,2026-01-19 13:38:00,2026-01-19 13:39:00,4668.785,4668.785,4661.480928571429,0.18,0.18,0.884867142857147,0.0,0.0288,0.009000000000032742,4654.176857142858,0.09,True,0.6573664285713675,0.0,0,2026-01-19 14:30:00,4668.885,sl,False,0.6483664285713348,0.7327274312365412
-1,2026-01-19 14:36:00,2026-01-19 14:44:00,4666.815,4670.345478571428,4661.485478571429,0.25,0.25,0.8826196428572075,0.0,0.04,0.02500000000009095,4656.155957142858,0.12,False,0.0,0.0,0,2026-01-19 15:08:00,4670.445478571429,sl,False,-0.9076196428572985,-1.0283247718339479
-1,2026-01-19 15:17:00,2026-01-19 15:18:00,4666.525,4670.915357142858,4661.495357142858,0.2,0.2,0.8780714285716386,0.0,0.032,0.02000000000007276,4656.465714285716,0.1,False,0.0,0.0,0,2026-01-19 15:41:00,4671.015357142858,sl,False,-0.8980714285717113,-1.0227771902709633
1,2026-01-20 07:11:00,2026-01-20 07:12:00,4715.735,4715.735,4722.540242857142,0.25,0.25,0.8506553571428412,0.0,0.04,0.013000000000047295,4729.345485714285,0.12,True,0.8166291428571275,0.0,0,2026-01-20 08:36:00,4715.634999999999,sl,False,0.8036291428570802,0.9447176651614686
1,2026-01-20 08:47:00,2026-01-20 08:48:00,4724.325,4715.516042857143,4741.942914285714,0.1,0.1,0.8808957142857253,0.0,0.016,0.01000000000003638,4759.560828571429,0.05,False,0.0,0.0,0,2026-01-20 13:33:00,4715.416042857142,sl,False,-0.8908957142857616,-1.0113520815663688
-1,2026-01-20 13:33:00,2026-01-20 13:34:00,4717.745,4722.127071428571,4708.9808571428575,0.2,0.2,0.8764142857142361,0.0,0.032,0.02000000000007276,4700.216714285715,0.1,False,0.0,0.0,0,2026-01-20 13:34:00,4722.227071428571,sl,False,-0.8964142857143088,-1.0228202578689982
1,2026-01-20 14:27:00,2026-01-20 14:30:00,4746.265,4731.758735714286,4775.27752857143,0.05,0.05,0.7253132142857339,0.0,0.008,0.00500000000001819,4804.290057142859,0.02,False,0.0,0.0,0,2026-01-20 14:34:00,4731.658735714285,sl,False,-0.7303132142857521,-1.006893573564549
1,2026-01-20 15:00:00,2026-01-20 15:15:00,4740.915,4732.4587357142855,4757.827528571429,0.1,0.1,0.8456264285714497,0.0,0.016,0.01000000000003638,4774.740057142858,0.05,False,0.0,0.0,0,2026-01-20 15:23:00,4732.358735714285,sl,False,-0.8556264285714861,-1.0118255528235203
1,2026-01-21 07:24:00,2026-01-21 07:25:00,4840.685,4840.685,4858.0576714285735,0.09,0.09,0.7817702142857887,0.0,0.0144,0.0,4875.430342857147,0.04,True,0.6949068571429234,0.0,0,2026-01-21 09:28:00,4875.430342857147,tp2,False,2.4321740000002317,3.111111111111111
1,2026-01-21 10:03:00,2026-01-21 10:05:00,4865.425,4858.8009999999995,4878.673000000002,0.13,0.13,0.8611200000000918,0.0,0.020800000000000003,0.013000000000047295,4891.921000000003,0.06,False,0.0,0.0,0,2026-01-21 11:46:00,4858.700999999999,sl,False,-0.8741200000001391,-1.0150966183575412
1,2026-01-21 11:59:00,2026-01-21 12:00:00,4865.165,4865.165,4876.732142857143,0.08,0.08,0.8338285714285303,0.0,0.0128,0.004000000000014552,4888.299285714286,0.04,True,0.46268571428572614,0.0,0,2026-01-21 14:04:00,4865.065,sl,False,0.4586857142857116,0.5500959429824801
1,2026-01-22 07:16:00,2026-01-22 07:17:00,4834.815,4831.015285714286,4839.335285714285,0.22,0.22,0.8359371428570558,0.0,0.0352,0.022000000000080035,4843.855571428571,0.11,False,0.0,0.0,0,2026-01-22 07:24:00,4830.915285714285,sl,False,-0.8579371428571357,-1.0263177682533504
1,2026-01-22 07:58:00,2026-01-22 07:59:00,4834.015,4830.3655,4839.3555,0.23,0.23,0.8393850000001021,0.0,0.0368,0.023000000000083676,4844.695999999999,0.11,False,0.0,0.0,0,2026-01-22 08:09:00,4830.2654999999995,sl,False,-0.8623850000001858,-1.0274010138376084
1,2026-01-22 09:02:00,2026-01-22 09:05:00,4831.675,4825.90595,4839.17395,0.14,0.14,0.8076669999999831,0.0,0.022400000000000003,0.014000000000050934,4846.6729000000005,0.07,False,0.0,0.0,0,2026-01-22 09:32:00,4825.80595,sl,False,-0.8216670000000341,-1.0173338764615258
1,2026-01-22 10:18:00,2026-01-22 10:19:00,4824.945,4819.138714285715,4836.55757142857,0.14,0.14,0.8128799999998956,0.0,0.022400000000000003,0.014000000000050934,4848.17014285714,0.07,False,0.0,0.0,0,2026-01-22 12:59:00,4819.038714285714,sl,False,-0.8268799999999465,-1.0172227142998385
1,2026-01-23 07:06:00,2026-01-23 07:09:00,4956.155,4951.940642857143,4964.5837142857135,0.19,0.19,0.8007278571428106,0.0,0.0304,0.01900000000006912,4973.012428571427,0.09,False,0.0,0.0,0,2026-01-23 07:24:00,4951.8406428571425,sl,False,-0.8197278571428797,-1.0237284113829455
-1,2026-01-23 08:11:00,2026-01-23 08:13:00,4943.385,4943.385,4938.081764285715,0.18,0.18,0.7950175714284705,0.0,0.0288,0.0,4932.778528571429,0.09,True,0.47729121428570576,0.0,0,2026-01-23 08:20:00,4932.778528571429,tp2,False,1.4318736428571173,1.8010591140575138
-1,2026-01-23 08:47:00,2026-01-23 08:48:00,4919.375,4919.375,4906.072735714286,0.12,0.12,0.8409282857142534,0.0,0.0192,0.006000000000021827,4892.770471428572,0.06,True,0.7981358571428427,0.0,0,2026-01-23 09:49:00,4919.475,sl,False,0.7921358571428209,0.9419778958558993
-1,2026-01-23 10:06:00,2026-01-23 10:07:00,4917.085,4922.786,4905.956,0.14,0.14,0.7981400000000032,0.0,0.022400000000000003,0.014000000000050934,4894.827,0.07,False,0.0,0.0,0,2026-01-23 10:15:00,4922.886,sl,False,-0.812140000000054,-1.017540782318955
-1,2026-01-23 10:47:00,2026-01-23 10:48:00,4924.895,4928.891692857143,4916.9016142857145,0.21,0.21,0.8393055000000277,0.0,0.0336,0.021000000000076395,4908.9082285714285,0.1,False,0.0,0.0,0,2026-01-23 10:53:00,4928.991692857144,sl,False,-0.8603055000001041,-1.0250206867464537
-1,2026-01-23 11:58:00,2026-01-23 11:59:00,4923.095,4926.317214285715,4916.650571428571,0.25,0.25,0.8055535714286179,0.0,0.04,0.02500000000009095,4910.206142857142,0.12,False,0.0,0.0,0,2026-01-23 12:01:00,4926.417214285715,sl,False,-0.8305535714287089,-1.0310345591985328
1,2026-01-23 12:15:00,2026-01-23 12:17:00,4934.205,4934.205,4966.623428571429,0.05,0.05,0.8104607142857276,0.0,0.008,0.0,4999.041857142858,0.02,True,0.6483685714285821,-0.016170000000000004,1,2026-01-25 23:00:00,4999.041857142858,tp2,False,2.5773042857143285,3.1800483851777432
1,2026-01-26 08:01:00,2026-01-26 08:02:00,5094.055,5089.879021428572,5102.406957142857,0.2,0.2,0.8351957142856918,0.0,0.032,0.02000000000007276,5110.758914285714,0.1,False,0.0,0.0,0,2026-01-26 08:07:00,5089.7790214285715,sl,False,-0.8551957142857646,-1.0239464830314389
1,2026-01-26 08:17:00,2026-01-26 08:18:00,5096.448,5089.313785714286,5110.673785714286,0.11,0.11,0.7847635714286207,0.0,0.0176,0.011000000000040018,5124.899571428572,0.05,False,0.0,0.0,0,2026-01-26 08:49:00,5089.213785714285,sl,False,-0.7957635714286607,-1.014016960522282
1,2026-01-26 09:28:00,2026-01-26 09:39:00,5094.205,5087.627235714285,5107.360528571429,0.12,0.12,0.7893317142857631,0.0,0.0192,0.012268285714271769,5120.516057142859,0.06,False,0.0,0.0,0,2026-01-26 09:41:00,5087.525,sl_gap,False,-0.8016000000000348,-1.0155426235792044
-1,2026-01-26 15:19:00,2026-01-26 15:20:00,5089.325,5089.325,5078.530642857143,0.1,0.1,0.8205642857143176,0.0,0.016,0.00500000000001819,5067.736285714286,0.05,True,0.5397178571428413,0.0,0,2026-01-26 15:53:00,5089.425,sl,False,0.534717857142823,0.6516465150287896
1,2026-01-27 08:44:00,2026-01-27 08:45:00,5082.155,5082.155,5092.498428571428,0.15,0.15,0.804985714285749,0.0,0.024,0.008000000000029102,5102.8418571428565,0.07,True,0.7240399999999864,0.0,0,2026-01-27 10:33:00,5082.054999999999,sl,False,0.7160399999999573,0.8895064686151457
1,2026-01-28 07:25:00,2026-01-28 07:26:00,5283.065,5283.065,5309.9708571428555,0.06,0.06,0.8071757142856768,0.0,0.0096,0.017399999999997817,5336.876714285711,0.03,True,0.8071757142856768,0.0,0,2026-01-28 08:46:00,5282.485,sl_gap,False,0.7897757142856789,0.978443355403233
1,2026-01-28 09:34:00,2026-01-28 09:35:00,5279.325,5268.8505,5300.274,0.08,0.08,0.837960000000021,0.0,0.0128,0.008000000000029104,5321.223000000001,0.04,False,0.0,0.0,0,2026-01-28 09:44:00,5268.750499999999,sl,False,-0.8459600000000501,-1.009546995083332
1,2026-01-28 09:59:00,2026-01-28 10:01:00,5277.565,5273.804571428571,5285.085857142857,0.22,0.22,0.8272942857143244,0.0,0.0352,0.022000000000080035,5292.606714285715,0.11,False,0.0,0.0,0,2026-01-28 10:05:00,5273.7045714285705,sl,False,-0.8492942857144044,-1.02659271359657
1,2026-01-28 10:09:00,2026-01-28 10:10:00,5280.745,5272.063542857143,5298.107914285713,0.09,0.09,0.7813311428571069,0.0,0.0144,0.009000000000032742,5315.470828571427,0.04,False,0.0,0.0,0,2026-01-28 10:35:00,5271.963542857143,sl,False,-0.7903311428571396,-1.0115188036241871
1,2026-01-28 10:45:00,2026-01-28 10:46:00,5275.755,5268.92695,5289.4111,0.12,0.12,0.819366000000009,0.0,0.0192,0.012000000000043655,5303.0672,0.06,False,0.0,0.0,0,2026-01-28 11:00:00,5268.82695,sl,False,-0.8313660000000527,-1.0146454697901104
-1,2026-01-29 10:30:00,2026-01-29 10:33:00,5505.565,5505.565,5485.329785714285,0.08,0.08,0.8094085714285757,0.0,0.0128,0.004000000000014552,5465.094571428571,0.04,True,0.8094085714285757,0.0,0,2026-01-29 11:14:00,5505.665,sl,False,0.8054085714285611,0.9950581200382463
-1,2026-01-29 11:39:00,2026-01-29 11:40:00,5509.965,5519.7057428571425,5490.4835142857155,0.08,0.08,0.7792594285713859,0.0,0.0128,0.008000000000029104,5471.002028571431,0.04,False,0.0,0.0,0,2026-01-29 11:46:00,5519.805742857143,sl,False,-0.787259428571415,-1.0102661574652942
-1,2026-01-29 12:37:00,2026-01-29 12:47:00,5537.148,5543.176528571428,5525.090942857144,0.13,0.13,0.783708714285649,0.0,0.020800000000000003,0.0026000000000000003,5513.033885714288,0.06,False,0.0,0.0,0,2026-01-29 13:00:00,5534.135,news_close,False,0.3916899999999896,0.49979028286933785
1,2026-02-02 12:00:00,2026-02-02 12:01:00,4773.685,4755.617578571429,4808.647578571428,0.04,0.04,0.7226968571428734,0.0,0.0064,0.004000000000014552,4843.610157142856,0.02,False,0.0,0.0,0,2026-02-02 12:03:00,4755.517578571428,sl,False,-0.7266968571428879,-1.0055348241250532
1,2026-02-02 12:19:00,2026-02-02 12:20:00,4775.505,4775.505,4808.579021428571,0.03,0.03,0.6399893571428856,0.0,0.0048,0.0020000000000072755,4841.653042857141,0.01,True,0.3307402142857063,0.0,0,2026-02-02 12:51:00,4775.405,sl,False,0.32874021428569905,0.5136651267972628
1,2026-02-03 10:28:00,2026-02-03 10:29:00,4918.985,4913.902378571429,4929.150242857141,0.16,0.16,0.8132194285713195,0.0,0.0256,0.016000000000058207,4939.315485714283,0.08,False,0.0,0.0,0,2026-02-03 10:56:00,4913.802378571429,sl,False,-0.8292194285713776,-1.019674886553273
1,2026-02-03 11:33:00,2026-02-03 11:51:00,4905.275,4905.275,4931.688642857143,0.03,0.03,0.6721907142857071,0.0,0.0048,0.0020000000000072755,4958.102285714287,0.01,True,0.26413642857143715,0.0,0,2026-02-03 12:21:00,4905.174999999999,sl,False,0.2621364285714299,0.38997329626902844
1,2026-02-03 12:31:00,2026-02-03 12:32:00,4907.155,4907.155,4931.596671428571,0.05,0.05,0.7984164285714542,0.0,0.008,0.003000000000010914,4956.038342857143,0.02,True,0.48883342857143364,0.0,0,2026-02-03 14:17:00,4907.054999999999,sl,False,0.4858334285714227,0.6084962823732065
-1,2026-02-04 11:10:00,2026-02-04 11:11:00,5045.755,5045.755,5030.605714285714,0.1,0.1,0.7574642857142863,0.0,0.016,0.0,5015.456428571429,0.05,True,0.7574642857142863,0.0,0,2026-02-04 11:17:00,5015.456428571429,tp2,False,2.272392857142859,3.0
1,2026-02-05 08:03:00,2026-02-05 08:04:00,4919.785,4912.822592857143,4931.799592857144,0.12,0.12,0.8354888571428455,0.0,0.0192,0.012000000000043655,4943.814185714287,0.06,False,0.0,0.0,0,2026-02-05 08:08:00,4912.722592857142,sl,False,-0.8474888571428891,-1.0143628486453793
-1,2026-02-05 10:56:00,2026-02-05 10:57:00,4871.515,4887.342585714286,4855.446585714286,0.05,0.05,0.7913792857142653,0.0,0.008,0.00500000000001819,4839.3781714285715,0.02,False,0.0,0.0,0,2026-02-05 11:14:00,4887.442585714286,sl,False,-0.7963792857142835,-1.0063180829853355
-1,2026-02-09 09:26:00,2026-02-09 09:28:00,5021.785,5021.785,5013.8889,0.14,0.14,0.8027460000000247,0.0,0.022400000000000003,0.0,5005.9928,0.07,True,0.5527269999999954,0.0,0,2026-02-09 09:54:00,5005.9928,tp2,False,1.6581809999999861,2.065635954585803
-1,2026-02-10 08:11:00,2026-02-10 08:12:00,5033.605,5041.108757142857,5023.2987571428575,0.11,0.11,0.8254132857143214,0.0,0.0176,0.011000000000040018,5012.9925142857155,0.05,False,0.0,0.0,0,2026-02-10 08:37:00,5041.208757142857,sl,False,-0.8364132857143614,-1.0133266573126702
1,2026-02-10 11:30:00,2026-02-10 11:31:00,5048.225,5044.747185714286,5055.180628571428,0.23,0.23,0.7998972857142144,0.0,0.0368,0.023000000000083676,5062.136257142856,0.11,False,0.0,0.0,0,2026-02-10 11:47:00,5044.647185714286,sl,False,-0.8228972857142981,-1.0287536917687468
1,2026-02-11 07:10:00,2026-02-11 07:13:00,5065.345,5059.762114285714,5076.510771428572,0.14,0.14,0.781604000000043,0.0,0.022400000000000003,0.014000000000050934,5087.676542857144,0.07,False,0.0,0.0,0,2026-02-11 07:13:00,5059.662114285714,sl,False,-0.795604000000094,-1.0179118837672916
1,2026-02-11 10:37:00,2026-02-11 10:38:00,5072.715,5072.715,5078.201121428571,0.16,0.16,0.7942205714285956,0.0,0.0256,0.0,5083.687242857142,0.08,True,0.4388897142856877,0.0,0,2026-02-11 10:41:00,5083.687242857142,tp2,False,1.3166691428570632,1.6578129429318595
1,2026-02-13 09:45:00,2026-02-13 09:46:00,4971.535,4963.5903071428575,4987.424385714285,0.1,0.1,0.79446928571424,0.0,0.016,0.01000000000003638,5003.313771428569,0.05,False,0.0,0.0,0,2026-02-13 10:47:00,4963.490307142857,sl,False,-0.8044692857142763,-1.0125870190073443
1,2026-02-13 14:33:00,2026-02-13 14:34:00,5005.565,4993.28485,5022.87485,0.06,0.06,0.7368089999999756,0.0,0.0096,0.006000000000021827,5040.184700000001,0.03,False,0.0,0.0,0,2026-02-13 14:38:00,4993.18485,sl,False,-0.7428089999999974,-1.0081432230062635
1,2026-02-13 15:08:00,2026-02-13 15:09:00,5005.798,4990.948714285714,5022.575714285714,0.05,0.05,0.7424642857142771,0.0,0.008,0.00500000000001819,5039.353428571428,0.02,False,0.0,0.0,0,2026-02-13 15:49:00,4990.848714285714,sl,False,-0.7474642857142954,-1.0067343306556598
-1,2026-02-16 12:02:00,2026-02-16 12:04:00,5002.815,5002.815,4999.549642857142,0.26,0.26,0.796027142857165,0.0,0.041600000000000005,0.0,4996.284285714285,0.13,True,0.4244964285714468,0.0,0,2026-02-16 12:15:00,4996.284285714285,tp2,False,1.2734892857143405,1.5998063597975185
-1,2026-02-18 08:44:00,2026-02-18 08:45:00,4921.135,4921.135,4914.361978571429,0.14,0.14,0.8143770000000586,0.0,0.022400000000000003,0.007000000000025467,4907.588957142858,0.07,True,0.4741114999999809,0.0,0,2026-02-18 09:23:00,4921.235000000001,sl,False,0.46711149999995544,0.5735814002604712
-1,2026-02-18 09:33:00,2026-02-18 09:43:00,4920.025,4923.06255,4914.32255,0.27,0.27,0.8201385000000028,0.0,0.0432,0.027000000000098227,4908.6201,0.13,False,0.0,0.0,0,2026-02-18 10:05:00,4923.16255,sl,False,-0.847138500000101,-1.0329212687858187
-1,2026-02-23 07:02:00,2026-02-23 07:06:00,5144.725,5153.156742857143,5127.861514285714,0.09,0.09,0.7588568571428732,0.0,0.0144,0.009000000000032742,5110.998028571428,0.04,False,0.0,0.0,0,2026-02-23 07:09:00,5153.256742857144,sl,False,-0.7678568571429059,-1.0118599442244194
-1,2026-02-23 07:24:00,2026-02-23 07:25:00,5140.178,5154.4757928571435,5111.698792857143,0.05,0.05,0.7148896428571789,0.0,0.008,0.00500000000001819,5083.219585714287,0.02,False,0.0,0.0,0,2026-02-23 10:24:00,5154.575792857144,sl,False,-0.719889642857197,-1.0069940864998894
-1,2026-02-23 10:32:00,2026-02-23 10:36:00,5150.495,5156.641285714286,5138.202428571428,0.12,0.12,0.7375542857143227,0.0,0.0192,0.012000000000043655,5125.909857142856,0.06,False,0.0,0.0,0,2026-02-23 10:51:00,5156.741285714286,sl,False,-0.7495542857143664,-1.0162699888434947
-1,2026-02-23 12:28:00,2026-02-23 12:29:00,5148.195,5152.323285714286,5139.938428571428,0.19,0.19,0.7843742857143389,0.0,0.0304,0.01900000000006912,5131.681857142856,0.09,False,0.0,0.0,0,2026-02-23 12:31:00,5152.423285714286,sl,False,-0.8033742857144079,-1.0242231296284343
-1,2026-02-24 07:05:00,2026-02-24 07:06:00,5168.995,5175.123578571429,5160.936578571429,0.12,0.12,0.7354294285714786,0.0,0.0192,0.012000000000043655,5152.878157142858,0.06,False,0.0,0.0,0,2026-02-24 07:15:00,5175.223578571429,sl,False,-0.7474294285715223,-1.0163169972995951
-1,2026-02-24 08:03:00,2026-02-24 08:04:00,5175.005,5175.005,5160.903357142857,0.09,0.09,0.7195821428571162,0.0,0.0144,0.0,5146.801714285714,0.04,True,0.5640657142857163,0.0,0,2026-02-24 12:54:00,5146.801714285714,tp2,False,1.9742300000000066,2.743578366413158
-1,2026-02-24 15:31:00,2026-02-24 15:32:00,5137.435,5146.257692857143,5122.180692857143,0.09,0.09,0.794042357142871,0.0,0.0144,0.009000000000032742,5106.926385714286,0.04,False,0.0,0.0,0,2026-02-24 15:39:00,5146.357692857144,sl,False,-0.8030423571429037,-1.011334407943194
1,2026-02-25 08:33:00,2026-02-25 08:39:00,5194.055,5189.655085714286,5202.85482857143,0.17,0.17,0.747985428571492,0.0,0.027200000000000002,0.02041457142858235,5211.654657142859,0.08,False,0.0,0.0,0,2026-02-25 08:51:00,5189.535,sl_gap,False,-0.7684000000000742,-1.0272927394689628
1,2026-02-25 09:52:00,2026-02-25 09:53:00,5193.565,5190.261642857143,5200.171714285713,0.23,0.23,0.7597721428570731,0.0,0.0368,0.023000000000083676,5206.778428571427,0.11,False,0.0,0.0,0,2026-02-25 09:54:00,5190.161642857142,sl,False,-0.7827721428571568,-1.0302722338747428
-1,2026-02-25 12:32:00,2026-02-25 12:39:00,5182.965,5187.374142857143,5175.744142857143,0.17,0.17,0.7495542857142755,0.0,0.027200000000000002,0.017000000000061848,5168.5232857142855,0.08,False,0.0,0.0,0,2026-02-25 13:05:00,5187.474142857143,sl,False,-0.7665542857143374,-1.0226801451530119
-1,2026-02-25 13:41:00,2026-02-25 13:42:00,5186.345,5190.315935714286,5178.403128571429,0.19,0.19,0.7544777857142617,0.0,0.0304,0.01900000000006912,5170.461257142858,0.09,False,0.0,0.0,0,2026-02-25 13:42:00,5190.415935714286,sl,False,-0.7734777857143308,-1.025182981341302
1,2026-03-02 07:48:00,2026-03-02 07:49:00,5411.545,5401.475735714285,5431.68352857143,0.07,0.07,0.7048485000000347,0.0,0.011200000000000002,0.007000000000025467,5451.822057142859,0.03,False,0.0,0.0,0,2026-03-02 08:43:00,5401.375735714285,sl,False,-0.7118485000000602,-1.0099312121683242
1,2026-03-02 09:30:00,2026-03-02 09:35:00,5396.355,5385.170707142857,5418.510707142857,0.06,0.06,0.6710575714285368,0.0,0.0096,0.006000000000021827,5440.666414285715,0.03,False,0.0,0.0,0,2026-03-02 10:02:00,5385.070707142857,sl,False,-0.6770575714285587,-1.0089411106520252
1,2026-03-02 10:36:00,2026-03-02 10:37:00,5393.735,5382.968357142857,5415.268285714285,0.06,0.06,0.6459985714285722,0.0,0.0096,0.006000000000021827,5436.801571428571,0.03,False,0.0,0.0,0,2026-03-02 10:54:00,5382.868357142856,sl,False,-0.651998571428594,-1.0092879462360935
1,2026-03-02 11:18:00,2026-03-02 11:19:00,5394.425,5381.8111928571425,5418.601192857142,0.05,0.05,0.6306903571428848,0.0,0.008,0.00500000000001819,5442.777385714285,0.02,False,0.0,0.0,0,2026-03-02 11:45:00,5381.711192857142,sl,False,-0.635690357142903,-1.0079278205911835
-1,2026-03-03 08:39:00,2026-03-03 08:40:00,5301.455,5301.455,5282.75755,0.04,0.04,0.7273020000000179,0.0,0.0064,0.0,5264.060100000001,0.02,True,0.37394899999999326,0.0,0,2026-03-03 09:25:00,5264.060100000001,tp2,False,1.1218469999999798,1.5424775402789381
1,2026-03-05 10:26:00,2026-03-05 10:28:00,5155.835,5151.207628571428,5163.117628571428,0.15,0.15,0.6941057142857516,0.0,0.024,0.015000000000054569,5170.400257142856,0.07,False,0.0,0.0,0,2026-03-05 10:36:00,5151.107628571428,sl,False,-0.7091057142858063,-1.0216105410045355
1,2026-03-09 10:00:00,2026-03-09 10:01:00,5105.765,5105.765,5110.548714285715,0.15,0.15,0.702942857142898,0.0,0.024,0.008000000000029102,5115.332428571429,0.07,True,0.33485999999999877,0.0,0,2026-03-09 10:19:00,5105.665,sl,False,0.3268599999999697,0.464988009592256
-1,2026-03-18 15:21:00,2026-03-18 15:22:00,4869.635,4880.1362714285715,4857.009271428572,0.07,0.07,0.7350889999999891,0.0,0.011200000000000002,0.007000000000025467,4844.383542857144,0.03,False,0.0,0.0,0,2026-03-18 16:26:00,4880.236271428572,sl,False,-0.7420890000000145,-1.0095226564402753
1,2026-03-20 07:21:00,2026-03-20 07:23:00,4682.115,4682.115,4689.915378571429,0.11,0.11,0.685258357142875,0.0,0.0176,0.0,4697.715757142858,0.05,True,0.39001892857145326,0.0,0,2026-03-20 07:42:00,4697.715757142858,tp2,False,1.326064357142941,1.9351305143827078
1,2026-03-20 09:10:00,2026-03-20 09:11:00,4696.385,4683.734807142858,4711.7778071428575,0.05,0.05,0.6325096428571215,0.0,0.008,0.00500000000001819,4727.170614285715,0.02,False,0.0,0.0,0,2026-03-20 09:33:00,4683.634807142857,sl,False,-0.6375096428571396,-1.0079050178230209
-1,2026-03-20 15:40:00,2026-03-20 15:41:00,4560.035,4576.337814285715,4537.227814285715,0.04,0.04,0.6521125714285881,0.0,0.0064,0.004000000000014552,4514.42062857143,0.02,False,0.0,0.0,0,2026-03-20 16:04:00,4576.437814285715,sl,False,-0.6561125714286027,-1.0061339102714302
-1,2026-03-24 13:29:00,2026-03-24 13:30:00,4370.085,4370.085,4360.0247928571425,0.07,0.07,0.663585499999972,0.0,0.011200000000000002,0.004000000000014553,4349.964585714285,0.03,True,0.3018062142857252,0.0,0,2026-03-24 13:53:00,4370.185,sl,False,0.29780621428571064,0.44878348650735017
1,2026-03-25 07:07:00,2026-03-25 07:12:00,4549.755,4542.827328571429,4563.610342857143,0.1,0.1,0.6927671428571558,0.0,0.016,0.01000000000003638,4577.465685714286,0.05,False,0.0,0.0,0,2026-03-25 07:37:00,4542.727328571428,sl,False,-0.7027671428571921,-1.014434864735059
1,2026-03-25 08:20:00,2026-03-25 08:21:00,4564.315,4552.668557142857,4584.238557142857,0.06,0.06,0.6987865714285544,0.0,0.0096,0.006000000000021827,4604.162114285714,0.03,False,0.0,0.0,0,2026-03-25 09:38:00,4552.568557142857,sl,False,-0.7047865714285763,-1.0085863126816474
1,2026-03-25 10:38:00,2026-03-25 10:39:00,4557.825,4557.825,4567.190592857143,0.1,0.1,0.7134407142856617,0.0,0.016,0.0,4576.556185714287,0.05,True,0.46827964285716916,0.0,0,2026-03-25 11:22:00,4576.556185714287,tp2,False,1.4048389285715075,1.9691039499730736
1,2026-03-30 08:53:00,2026-03-30 08:55:00,4536.998,4531.090814285714,4544.080814285714,0.12,0.12,0.7088622857142399,0.0,0.0192,0.012000000000043655,4551.1636285714285,0.06,False,0.0,0.0,0,2026-03-30 09:08:00,4530.990814285714,sl,False,-0.7208622857142836,-1.0169285349804618
1,2026-03-30 10:18:00,2026-03-30 10:20:00,4536.185,4531.73735,4544.05735,0.16,0.16,0.7116240000000107,0.0,0.0256,0.016000000000058207,4551.9297,0.08,False,0.0,0.0,0,2026-03-30 10:22:00,4531.63735,sl,False,-0.7276240000000689,-1.0224837835711809
1,2026-03-31 08:29:00,2026-03-31 08:30:00,4570.635,4564.782992857143,4578.829992857142,0.12,0.12,0.7022408571428969,0.0,0.0192,0.012000000000043655,4587.024985714284,0.06,False,0.0,0.0,0,2026-03-31 09:00:00,4564.682992857142,sl,False,-0.7142408571429405,-1.0170881541254468
1,2026-03-31 09:04:00,2026-03-31 09:05:00,4570.255,4566.494207142858,4577.776585714285,0.18,0.18,0.6769427142856329,0.0,0.0288,0.018000000000065484,4585.29817142857,0.09,False,0.0,0.0,0,2026-03-31 09:09:00,4566.394207142857,sl,False,-0.6949427142856984,-1.0265901377180204
1,2026-03-31 10:23:00,2026-03-31 10:24:00,4559.175,4555.1801642857135,4567.1646714285735,0.17,0.17,0.6791220714287284,0.0,0.027200000000000002,0.017000000000061848,4575.154342857147,0.08,False,0.0,0.0,0,2026-03-31 10:34:00,4555.080164285713,sl,False,-0.6961220714287902,-1.025032318511306
1,2026-04-01 11:17:00,2026-04-01 11:22:00,4740.225,4740.225,4747.212214285714,0.1,0.1,0.6432785714285274,0.0,0.016,0.0,4754.199428571428,0.05,True,0.3493607142856945,0.0,0,2026-04-01 11:39:00,4754.199428571428,tp2,False,1.0480821428570835,1.6292819151889508
1,2026-04-06 09:31:00,2026-04-06 09:32:00,4702.775,4696.719071428572,4711.942071428572,0.11,0.11,0.6661521428570814,0.0,0.0176,0.011000000000040018,4721.1091428571435,0.05,False,0.0,0.0,0,2026-04-06 09:50:00,4696.619071428571,sl,False,-0.6771521428571213,-1.016512744300216
1,2026-04-08 07:24:00,2026-04-08 07:32:00,4815.405,4808.797350000001,4828.620299999998,0.1,0.1,0.6607649999999012,0.0,0.016,0.01000000000003638,4841.835599999996,0.05,False,0.0,0.0,0,2026-04-08 07:34:00,4808.69735,sl,False,-0.6707649999999377,-1.0151339735004699
1,2026-04-08 07:51:00,2026-04-08 07:58:00,4814.635,4804.645142857143,4834.614714285715,0.06,0.06,0.5993914285714527,0.0,0.0096,0.006000000000021827,4854.59442857143,0.03,False,0.0,0.0,0,2026-04-08 08:25:00,4804.545142857142,sl,False,-0.6053914285714745,-1.0100101531553793
1,2026-04-08 09:23:00,2026-04-08 09:25:00,4800.825,4794.7635,4809.193499999999,0.11,0.11,0.6667649999999776,0.0,0.0176,0.011000000000040018,4817.561999999999,0.05,False,0.0,0.0,0,2026-04-08 09:39:00,4794.6635,sl,False,-0.6777650000000176,-1.0164975666089857
-1,2026-04-08 15:10:00,2026-04-08 15:11:00,4740.415,4749.709164285714,4722.612164285714,0.07,0.07,0.6505914999999823,0.0,0.011200000000000002,0.007000000000025467,4704.8093285714285,0.03,False,0.0,0.0,0,2026-04-08 15:16:00,4749.809164285714,sl,False,-0.6575915000000078,-1.0107594396791622
1,2026-04-09 10:47:00,2026-04-09 10:57:00,4741.155,4741.155,4747.363614285714,0.12,0.12,0.634606285714217,0.0,0.0192,0.0,4753.572228571428,0.06,True,0.3725168571428549,0.0,0,2026-04-09 11:45:00,4753.572228571428,tp2,False,1.1175505714285645,1.7610140280454651
1,2026-04-13 09:55:00,2026-04-13 09:56:00,4716.205,4710.487164285714,4723.757164285715,0.11,0.11,0.6289619285714252,0.0,0.0176,0.011000000000040018,4731.309328571429,0.05,False,0.0,0.0,0,2026-04-13 10:25:00,4710.387164285714,sl,False,-0.6399619285714653,-1.0174891348750228
1,2026-04-14 08:26:00,2026-04-14 08:43:00,4782.865,4777.466257142857,4792.886257142857,0.12,0.12,0.6478491428571215,0.0,0.0192,0.012000000000043655,4802.907514285715,0.06,False,0.0,0.0,0,2026-04-14 09:30:00,4777.366257142857,sl,False,-0.6598491428571651,-1.0185228307119798
1,2026-04-14 10:19:00,2026-04-14 10:23:00,4784.815,4779.903428571429,4792.923428571429,0.13,0.13,0.6385042857142071,0.0,0.020800000000000003,0.013000000000047295,4801.031857142859,0.06,False,0.0,0.0,0,2026-04-14 10:35:00,4779.803428571428,sl,False,-0.6515042857142543,-1.0203600826038401
-1,2026-04-15 11:00:00,2026-04-15 11:05:00,4799.565,4804.52615,4790.15615,0.13,0.13,0.6449495000000116,0.0,0.020800000000000003,0.013000000000047295,4780.7473,0.06,False,0.0,0.0,0,2026-04-15 11:12:00,4804.62615,sl,False,-0.6579495000000588,-1.0201566169134901
-1,2026-04-15 12:03:00,2026-04-15 12:08:00,4810.245,4815.053414285715,4804.093414285715,0.13,0.13,0.6250938571429652,0.0,0.020800000000000003,0.013000000000047295,4797.94182857143,0.06,False,0.0,0.0,0,2026-04-15 12:16:00,4815.153414285715,sl,False,-0.6380938571430125,-1.0207968769033577
-1,2026-04-15 12:46:00,2026-04-15 12:48:00,4810.188,4814.530914285714,4804.040914285714,0.15,0.15,0.6514371428570939,0.0,0.024,0.015000000000054569,4797.8938285714285,0.07,False,0.0,0.0,0,2026-04-15 12:55:00,4814.630914285714,sl,False,-0.6664371428571485,-1.0230260128157065
1,2026-04-15 13:38:00,2026-04-15 13:39:00,4822.075,4815.2614,4830.0014,0.09,0.09,0.6132239999999547,0.0,0.0144,0.0018,4837.9278,0.04,False,0.0,0.0,0,2026-04-15 14:00:00,4828.535,news_close,False,0.5814000000000032,0.948103792415245
-1,2026-04-16 08:31:00,2026-04-16 08:33:00,4809.088,4812.813964285715,4804.063964285715,0.17,0.17,0.6334139285715901,0.0,0.027200000000000002,0.017000000000061848,4799.03992857143,0.08,False,0.0,0.0,0,2026-04-16 08:42:00,4812.913964285715,sl,False,-0.6504139285716519,-1.0268386898886144
1,2026-04-17 07:04:00,2026-04-17 07:14:00,4787.015,4787.015,4792.970785714286,0.2,0.2,0.6248428571429031,0.0,0.032,0.01000000000003638,4798.926571428571,0.1,True,0.5955785714285412,0.0,0,2026-04-17 07:37:00,4786.915,sl,False,0.5855785714285048,0.9371613434233137
1,2026-04-27 07:24:00,2026-04-27 07:25:00,4717.405,4711.939071428572,4723.809071428572,0.11,0.11,0.6012521428570653,0.0,0.0176,0.011000000000040018,4730.213142857144,0.05,False,0.0,0.0,0,2026-04-27 07:53:00,4711.8390714285715,sl,False,-0.6122521428571054,-1.0182951530912965
1,2026-04-30 11:09:00,2026-04-30 11:11:00,4642.985,4638.2185500000005,4648.56855,0.13,0.13,0.6196384999998918,0.0,0.020800000000000003,0.013000000000047295,4654.1521,0.06,False,0.0,0.0,0,2026-04-30 11:14:00,4638.11855,sl,False,-0.6326384999999392,-1.0209799746143107
