direction,sweep_time,sweep_source,sweep_extreme,break_time,block_time,block_top,block_bottom,entry,sl,tp,outcome,sweep_time_thai,break_time_thai,block_time_thai
1,2017-01-06 07:05:00,asian,1173.728,2017-01-06 08:05:00,2017-01-06 07:00:00,1174.828,1174.218,,,,sl_too_tight,2017-01-06 14:05:00,2017-01-06 15:05:00,2017-01-06 14:00:00
-1,2017-01-19 09:25:00,asian,1205.81,2017-01-19 10:40:00,2017-01-19 09:20:00,1205.81,1203.398,,,,sl_too_tight,2017-01-19 16:25:00,2017-01-19 17:40:00,2017-01-19 16:20:00
1,2017-01-23 14:35:00,prev_day,1209.258,2017-01-23 15:15:00,2017-01-23 14:35:00,1212.119,1209.258,1212.119,1209.097557142857,1218.1618857142855,signal,2017-01-23 21:35:00,2017-01-23 22:15:00,2017-01-23 21:35:00
-1,2017-02-10 11:00:00,asian,1227.149,2017-02-10 12:15:00,2017-02-10 11:05:00,1227.468,1226.378,,,,sl_too_tight,2017-02-10 18:00:00,2017-02-10 19:15:00,2017-02-10 18:05:00
-1,2017-02-13 08:00:00,asian,1232.219,2017-02-13 09:05:00,2017-02-13 08:10:00,1232.268,1231.528,,,,sl_too_tight,2017-02-13 15:00:00,2017-02-13 16:05:00,2017-02-13 15:10:00
1,2017-02-15 07:15:00,asian,1224.228,2017-02-15 08:30:00,2017-02-15 07:20:00,1224.858,1224.161,,,,sl_too_tight,2017-02-15 14:15:00,2017-02-15 15:30:00,2017-02-15 14:20:00
-1,2017-02-17 10:10:00,prev_day,1242.758,2017-02-17 10:45:00,2017-02-17 10:05:00,1242.249,1240.781,,,,price_inside_zone,2017-02-17 17:10:00,2017-02-17 17:45:00,2017-02-17 17:05:00
-1,2017-02-20 09:55:00,asian,1236.968,2017-02-20 10:30:00,2017-02-20 09:55:00,1236.968,1236.268,,,,sl_too_tight,2017-02-20 16:55:00,2017-02-20 17:30:00,2017-02-20 16:55:00
1,2017-03-02 13:30:00,prev_day,1235.628,2017-03-02 15:00:00,2017-03-02 14:25:00,1237.288,1235.591,,,,sl_too_tight,2017-03-02 20:30:00,2017-03-02 22:00:00,2017-03-02 21:25:00
1,2017-03-07 09:05:00,asian,1223.718,2017-03-07 10:50:00,2017-03-07 09:20:00,1223.759,1223.338,,,,sl_too_tight,2017-03-07 16:05:00,2017-03-07 17:50:00,2017-03-07 16:20:00
1,2017-03-13 12:25:00,asian,1203.398,2017-03-13 14:20:00,2017-03-13 13:30:00,1203.818,1202.528,,,,sl_too_tight,2017-03-13 19:25:00,2017-03-13 21:20:00,2017-03-13 20:30:00
-1,2017-03-24 13:55:00,asian,1247.579,2017-03-24 15:00:00,2017-03-24 14:10:00,1248.522,1246.748,,,,price_inside_zone,2017-03-24 20:55:00,2017-03-24 22:00:00,2017-03-24 21:10:00
-1,2017-03-28 11:35:00,asian,1255.828,2017-03-28 13:35:00,2017-03-28 13:05:00,1257.778,1256.898,,,,sl_too_tight,2017-03-28 18:35:00,2017-03-28 20:35:00,2017-03-28 20:05:00
1,2017-04-04 13:40:00,asian,1254.021,2017-04-04 14:00:00,2017-04-04 13:40:00,1256.358,1254.021,,,,sl_too_tight,2017-04-04 20:40:00,2017-04-04 21:00:00,2017-04-04 20:40:00
1,2017-04-17 12:00:00,asian,1285.959,2017-04-17 13:35:00,2017-04-17 12:50:00,1286.661,1285.649,,,,sl_too_tight,2017-04-17 19:00:00,2017-04-17 20:35:00,2017-04-17 19:50:00
-1,2017-04-20 07:05:00,asian,1282.128,2017-04-20 07:45:00,2017-04-20 07:00:00,1281.722,1280.498,,,,sl_too_tight,2017-04-20 14:05:00,2017-04-20 14:45:00,2017-04-20 14:00:00
1,2017-04-21 07:05:00,asian,1278.471,2017-04-21 07:30:00,2017-04-21 07:00:00,1279.618,1278.471,,,,sl_too_tight,2017-04-21 14:05:00,2017-04-21 14:30:00,2017-04-21 14:00:00
-1,2017-04-26 08:45:00,asian,1265.952,2017-04-26 09:35:00,2017-04-26 09:20:00,1266.431,1265.921,,,,sl_too_tight,2017-04-26 15:45:00,2017-04-26 16:35:00,2017-04-26 16:20:00
-1,2017-05-05 09:35:00,asian,1235.072,2017-05-05 10:50:00,2017-05-05 09:40:00,1235.561,1234.268,,,,sl_too_tight,2017-05-05 16:35:00,2017-05-05 17:50:00,2017-05-05 16:40:00
-1,2017-05-10 08:20:00,asian,1225.271,2017-05-10 09:15:00,2017-05-10 08:05:00,1225.271,1223.491,,,,sl_too_tight,2017-05-10 15:20:00,2017-05-10 16:15:00,2017-05-10 15:05:00
1,2017-05-18 07:15:00,asian,1253.829,2017-05-18 07:25:00,2017-05-18 07:00:00,1255.848,1254.419,,,,sl_too_tight,2017-05-18 14:15:00,2017-05-18 14:25:00,2017-05-18 14:00:00
1,2017-05-29 13:40:00,asian,1265.021,2017-05-29 14:25:00,2017-05-29 13:40:00,1267.092,1265.021,,,,price_inside_zone,2017-05-29 20:40:00,2017-05-29 21:25:00,2017-05-29 20:40:00
1,2017-06-01 10:10:00,asian,1265.202,2017-06-01 10:45:00,2017-06-01 10:15:00,1266.169,1265.178,,,,sl_too_tight,2017-06-01 17:10:00,2017-06-01 17:45:00,2017-06-01 17:15:00
-1,2017-06-07 14:40:00,asian,1294.232,2017-06-07 15:50:00,2017-06-07 14:40:00,1294.232,1293.272,,,,sl_too_tight,2017-06-07 21:40:00,2017-06-07 22:50:00,2017-06-07 21:40:00
-1,2017-06-12 08:55:00,asian,1270.192,2017-06-12 10:20:00,2017-06-12 08:55:00,1270.192,1269.612,,,,sl_too_tight,2017-06-12 15:55:00,2017-06-12 17:20:00,2017-06-12 15:55:00
-1,2017-06-20 07:40:00,asian,1247.628,2017-06-20 08:10:00,2017-06-20 07:30:00,1247.628,1246.362,,,,price_inside_zone,2017-06-20 14:40:00,2017-06-20 15:10:00,2017-06-20 14:30:00
-1,2017-06-21 09:00:00,asian,1247.012,2017-06-21 11:00:00,2017-06-21 09:55:00,1247.408,1246.888,,,,sl_too_tight,2017-06-21 16:00:00,2017-06-21 18:00:00,2017-06-21 16:55:00
-1,2017-06-23 07:50:00,asian,1254.462,2017-06-23 09:30:00,2017-06-23 08:10:00,1257.981,1254.341,,,,price_inside_zone,2017-06-23 14:50:00,2017-06-23 16:30:00,2017-06-23 15:10:00
1,2017-06-28 14:00:00,asian,1248.012,2017-06-28 15:00:00,2017-06-28 14:30:00,1249.541,1248.398,,,,sl_too_tight,2017-06-28 21:00:00,2017-06-28 22:00:00,2017-06-28 21:30:00
-1,2017-07-07 11:40:00,asian,1223.732,2017-07-07 12:20:00,2017-07-07 11:35:00,1223.342,1221.991,,,,sl_too_tight,2017-07-07 18:40:00,2017-07-07 19:20:00,2017-07-07 18:35:00
-1,2017-07-07 12:35:00,prev_day,1228.449,2017-07-07 13:05:00,2017-07-07 12:30:00,1224.668,1217.538,1217.538,1224.9157214285713,1202.7825571428575,signal,2017-07-07 19:35:00,2017-07-07 20:05:00,2017-07-07 19:30:00
-1,2017-07-10 11:30:00,asian,1215.581,2017-07-10 13:25:00,2017-07-10 11:30:00,1215.581,1210.988,1210.988,1215.6587142857143,1201.6465714285716,signal,2017-07-10 18:30:00,2017-07-10 20:25:00,2017-07-10 18:30:00
1,2017-07-12 10:35:00,asian,1216.738,2017-07-12 12:30:00,2017-07-12 12:20:00,1215.642,1214.809,,,,sl_too_tight,2017-07-12 17:35:00,2017-07-12 19:30:00,2017-07-12 19:20:00
-1,2017-07-14 08:50:00,asian,1219.458,2017-07-14 10:30:00,2017-07-14 09:35:00,1219.628,1219.198,,,,sl_too_tight,2017-07-14 15:50:00,2017-07-14 17:30:00,2017-07-14 16:35:00
1,2017-07-20 11:30:00,prev_day,1235.281,2017-07-20 12:15:00,2017-07-20 11:25:00,1236.528,1235.281,,,,sl_too_tight,2017-07-20 18:30:00,2017-07-20 19:15:00,2017-07-20 18:25:00
1,2017-08-01 10:30:00,prev_day,1264.728,2017-08-01 11:40:00,2017-08-01 10:20:00,1267.218,1264.728,,,,price_inside_zone,2017-08-01 17:30:00,2017-08-01 18:40:00,2017-08-01 17:20:00
-1,2017-08-01 13:55:00,asian,1272.092,2017-08-01 15:40:00,2017-08-01 14:20:00,1274.061,1272.642,,,,sl_too_tight,2017-08-01 20:55:00,2017-08-01 22:40:00,2017-08-01 21:20:00
1,2017-08-02 12:50:00,asian,1262.848,2017-08-02 13:40:00,2017-08-02 12:45:00,1265.329,1263.158,,,,sl_too_tight,2017-08-02 19:50:00,2017-08-02 20:40:00,2017-08-02 19:45:00
-1,2017-08-31 07:40:00,asian,1308.139,2017-08-31 09:10:00,2017-08-31 07:40:00,1308.139,1306.128,,,,price_inside_zone,2017-08-31 14:40:00,2017-08-31 16:10:00,2017-08-31 14:40:00
1,2017-09-01 07:10:00,asian,1317.728,2017-09-01 08:15:00,2017-09-01 07:00:00,1318.422,1317.782,,,,sl_too_tight,2017-09-01 14:10:00,2017-09-01 15:15:00,2017-09-01 14:00:00
1,2017-09-05 07:50:00,prev_day,1330.469,2017-09-05 09:50:00,2017-09-05 08:20:00,1330.829,1330.322,,,,sl_too_tight,2017-09-05 14:50:00,2017-09-05 16:50:00,2017-09-05 15:20:00
1,2017-09-06 07:55:00,asian,1336.299,2017-09-06 08:50:00,2017-09-06 07:50:00,1337.922,1336.299,,,,sl_too_tight,2017-09-06 14:55:00,2017-09-06 15:50:00,2017-09-06 14:50:00
-1,2017-09-12 08:10:00,asian,1328.512,2017-09-12 08:15:00,2017-09-12 08:05:00,1328.512,1326.558,,,,sl_too_tight,2017-09-12 15:10:00,2017-09-12 15:15:00,2017-09-12 15:05:00
-1,2017-09-28 09:40:00,asian,1285.359,2017-09-28 11:30:00,2017-09-28 10:45:00,1285.702,1284.668,,,,sl_too_tight,2017-09-28 16:40:00,2017-09-28 18:30:00,2017-09-28 17:45:00
-1,2017-09-29 07:35:00,prev_day,1289.161,2017-09-29 08:35:00,2017-09-29 07:45:00,1289.292,1288.721,,,,sl_too_tight,2017-09-29 14:35:00,2017-09-29 15:35:00,2017-09-29 14:45:00
1,2017-10-04 14:10:00,asian,1270.592,2017-10-04 14:40:00,2017-10-04 14:05:00,1273.382,1270.592,,,,sl_too_tight,2017-10-04 21:10:00,2017-10-04 21:40:00,2017-10-04 21:05:00
-1,2017-10-06 10:30:00,asian,1270.042,2017-10-06 12:05:00,2017-10-06 10:45:00,1270.172,1269.771,,,,sl_too_tight,2017-10-06 17:30:00,2017-10-06 19:05:00,2017-10-06 17:45:00
1,2017-11-02 12:05:00,asian,1273.332,2017-11-02 13:30:00,2017-11-02 11:55:00,1275.729,1273.332,,,,sl_too_tight,2017-11-02 19:05:00,2017-11-02 20:30:00,2017-11-02 18:55:00
-1,2017-11-08 10:10:00,prev_day,1280.969,2017-11-08 11:55:00,2017-11-08 10:30:00,1282.302,1280.421,,,,sl_too_tight,2017-11-08 17:10:00,2017-11-08 18:55:00,2017-11-08 17:30:00
1,2017-11-20 07:05:00,asian,1290.011,2017-11-20 08:25:00,2017-11-20 07:05:00,1291.112,1290.011,,,,sl_too_tight,2017-11-20 14:05:00,2017-11-20 15:25:00,2017-11-20 14:05:00
1,2017-11-24 07:25:00,asian,1289.562,2017-11-24 08:20:00,2017-11-24 07:25:00,1290.282,1289.562,,,,sl_too_tight,2017-11-24 14:25:00,2017-11-24 15:20:00,2017-11-24 14:25:00
1,2017-11-24 11:35:00,prev_day,1285.669,2017-11-24 12:15:00,2017-11-24 11:30:00,1287.981,1285.669,,,,sl_too_tight,2017-11-24 18:35:00,2017-11-24 19:15:00,2017-11-24 18:30:00
1,2017-12-01 13:30:00,asian,1273.731,2017-12-01 14:45:00,2017-12-01 13:55:00,1273.102,1272.272,,,,sl_too_tight,2017-12-01 20:30:00,2017-12-01 21:45:00,2017-12-01 20:55:00
1,2017-12-04 08:10:00,prev_day,1271.051,2017-12-04 08:30:00,2017-12-04 08:05:00,1272.878,1271.051,,,,sl_too_tight,2017-12-04 15:10:00,2017-12-04 15:30:00,2017-12-04 15:05:00
-1,2017-12-06 07:30:00,asian,1269.021,2017-12-06 08:35:00,2017-12-06 08:15:00,1268.862,1268.458,,,,sl_too_tight,2017-12-06 14:30:00,2017-12-06 15:35:00,2017-12-06 15:15:00
-1,2017-12-08 07:40:00,asian,1249.632,2017-12-08 08:15:00,2017-12-08 07:40:00,1249.632,1248.891,,,,sl_too_tight,2017-12-08 14:40:00,2017-12-08 15:15:00,2017-12-08 14:40:00
-1,2017-12-12 07:15:00,asian,1246.179,2017-12-12 07:25:00,2017-12-12 07:05:00,1246.118,1245.779,,,,sl_too_tight,2017-12-12 14:15:00,2017-12-12 14:25:00,2017-12-12 14:05:00
-1,2017-12-13 13:35:00,prev_day,1247.371,2017-12-13 14:15:00,2017-12-13 13:30:00,1247.061,1240.851,,,,price_inside_zone,2017-12-13 20:35:00,2017-12-13 21:15:00,2017-12-13 20:30:00
1,2018-01-11 07:35:00,asian,1316.391,2018-01-11 09:30:00,2018-01-11 07:40:00,1316.708,1315.678,,,,sl_too_tight,2018-01-11 14:35:00,2018-01-11 16:30:00,2018-01-11 14:40:00
1,2018-01-23 14:25:00,asian,1331.662,2018-01-23 14:50:00,2018-01-23 14:40:00,1332.581,1331.342,,,,sl_too_tight,2018-01-23 21:25:00,2018-01-23 21:50:00,2018-01-23 21:40:00
1,2018-02-02 09:35:00,asian,1346.252,2018-02-02 11:10:00,2018-02-02 10:35:00,1345.212,1344.029,,,,sl_too_tight,2018-02-02 16:35:00,2018-02-02 18:10:00,2018-02-02 17:35:00
-1,2018-02-07 07:20:00,asian,1331.881,2018-02-07 08:05:00,2018-02-07 07:30:00,1331.989,1330.941,,,,sl_too_tight,2018-02-07 14:20:00,2018-02-07 15:05:00,2018-02-07 14:30:00
1,2018-02-14 13:35:00,prev_day,1318.0,2018-02-14 14:25:00,2018-02-14 13:30:00,1330.912,1318.0,1330.912,1317.6980714285714,1357.3398571428572,signal,2018-02-14 20:35:00,2018-02-14 21:25:00,2018-02-14 20:30:00
1,2018-02-16 14:25:00,asian,1351.778,2018-02-16 15:45:00,2018-02-16 15:05:00,1352.411,1351.078,,,,sl_too_tight,2018-02-16 21:25:00,2018-02-16 22:45:00,2018-02-16 22:05:00
-1,2018-02-23 12:10:00,asian,1331.192,2018-02-23 13:15:00,2018-02-23 12:35:00,1331.002,1330.408,,,,sl_too_tight,2018-02-23 19:10:00,2018-02-23 20:15:00,2018-02-23 19:35:00
-1,2018-02-28 07:05:00,asian,1319.282,2018-02-28 08:20:00,2018-02-28 07:35:00,1319.371,1318.771,,,,sl_too_tight,2018-02-28 14:05:00,2018-02-28 15:20:00,2018-02-28 14:35:00
1,2018-03-05 14:30:00,prev_day,1319.699,2018-03-05 15:20:00,2018-03-05 14:30:00,1321.619,1319.699,,,,sl_too_tight,2018-03-05 21:30:00,2018-03-05 22:20:00,2018-03-05 21:30:00
1,2018-03-07 08:05:00,asian,1331.238,2018-03-07 09:50:00,2018-03-07 08:00:00,1332.351,1331.238,,,,sl_too_tight,2018-03-07 15:05:00,2018-03-07 16:50:00,2018-03-07 15:00:00
1,2018-03-13 12:30:00,prev_day,1313.938,2018-03-13 12:30:00,2018-03-13 12:25:00,1319.469,1317.352,,,,sl_too_tight,2018-03-13 19:30:00,2018-03-13 19:30:00,2018-03-13 19:25:00
1,2018-03-14 08:20:00,asian,1323.389,2018-03-14 09:10:00,2018-03-14 08:15:00,1324.381,1323.389,,,,sl_too_tight,2018-03-14 15:20:00,2018-03-14 16:10:00,2018-03-14 15:15:00
-1,2018-03-19 12:15:00,asian,1313.218,2018-03-19 14:15:00,2018-03-19 14:00:00,1314.249,1313.189,,,,sl_too_tight,2018-03-19 19:15:00,2018-03-19 21:15:00,2018-03-19 21:00:00
-1,2018-03-21 08:45:00,prev_day,1317.878,2018-03-21 10:30:00,2018-03-21 08:40:00,1317.878,1317.431,,,,sl_too_tight,2018-03-21 15:45:00,2018-03-21 17:30:00,2018-03-21 15:40:00
1,2018-04-19 09:25:00,asian,1344.741,2018-04-19 11:25:00,2018-04-19 09:25:00,1350.249,1344.741,,,,price_inside_zone,2018-04-19 16:25:00,2018-04-19 18:25:00,2018-04-19 16:25:00
-1,2018-04-27 08:10:00,asian,1319.048,2018-04-27 08:55:00,2018-04-27 08:00:00,1318.959,1317.248,,,,sl_too_tight,2018-04-27 15:10:00,2018-04-27 15:55:00,2018-04-27 15:00:00
-1,2018-05-04 12:30:00,asian,1315.411,2018-05-04 13:15:00,2018-05-04 12:30:00,1315.411,1310.301,1310.301,1315.6035857142858,1299.6958285714281,signal,2018-05-04 19:30:00,2018-05-04 20:15:00,2018-05-04 19:30:00
1,2018-05-10 07:05:00,asian,1310.698,2018-05-10 08:45:00,2018-05-10 07:05:00,1311.779,1310.698,,,,sl_too_tight,2018-05-10 14:05:00,2018-05-10 15:45:00,2018-05-10 14:05:00
-1,2018-05-16 07:15:00,asian,1295.188,2018-05-16 08:50:00,2018-05-16 07:25:00,1296.529,1295.069,,,,sl_too_tight,2018-05-16 14:15:00,2018-05-16 15:50:00,2018-05-16 14:25:00
-1,2018-05-18 07:10:00,asian,1291.101,2018-05-18 08:20:00,2018-05-18 07:00:00,1291.101,1289.838,,,,sl_too_tight,2018-05-18 14:10:00,2018-05-18 15:20:00,2018-05-18 14:00:00
1,2018-05-23 13:05:00,asian,1287.988,2018-05-23 14:40:00,2018-05-23 13:15:00,1289.389,1288.668,,,,sl_too_tight,2018-05-23 20:05:00,2018-05-23 21:40:00,2018-05-23 20:15:00
-1,2018-05-28 12:20:00,asian,1300.282,2018-05-28 12:55:00,2018-05-28 12:15:00,1300.282,1298.828,,,,sl_too_tight,2018-05-28 19:20:00,2018-05-28 19:55:00,2018-05-28 19:15:00
1,2018-05-31 12:35:00,asian,1298.008,2018-05-31 13:30:00,2018-05-31 12:30:00,1303.382,1298.008,,,,price_inside_zone,2018-05-31 19:35:00,2018-05-31 20:30:00,2018-05-31 19:30:00
-1,2018-06-04 09:40:00,prev_day,1295.418,2018-06-04 10:15:00,2018-06-04 09:30:00,1295.418,1293.669,,,,sl_too_tight,2018-06-04 16:40:00,2018-06-04 17:15:00,2018-06-04 16:30:00
-1,2018-06-27 11:55:00,asian,1260.048,2018-06-27 12:30:00,2018-06-27 11:55:00,1260.048,1258.408,,,,sl_too_tight,2018-06-27 18:55:00,2018-06-27 19:30:00,2018-06-27 18:55:00
-1,2018-06-28 12:55:00,asian,1254.238,2018-06-28 13:55:00,2018-06-28 12:50:00,1254.238,1252.678,,,,sl_too_tight,2018-06-28 19:55:00,2018-06-28 20:55:00,2018-06-28 19:50:00
-1,2018-07-12 07:30:00,asian,1245.779,2018-07-12 09:10:00,2018-07-12 07:45:00,1246.338,1245.609,,,,sl_too_tight,2018-07-12 14:30:00,2018-07-12 16:10:00,2018-07-12 14:45:00
-1,2018-07-20 07:00:00,asian,1224.639,2018-07-20 08:45:00,2018-07-20 08:10:00,1224.721,1223.859,,,,sl_too_tight,2018-07-20 14:00:00,2018-07-20 15:45:00,2018-07-20 15:10:00
1,2018-07-23 07:00:00,asian,1229.268,2018-07-23 08:00:00,2018-07-23 07:05:00,1229.809,1228.749,,,,sl_too_tight,2018-07-23 14:00:00,2018-07-23 15:00:00,2018-07-23 14:05:00
-1,2018-07-24 07:30:00,asian,1225.188,2018-07-24 08:50:00,2018-07-24 07:35:00,1225.511,1224.368,,,,sl_too_tight,2018-07-24 14:30:00,2018-07-24 15:50:00,2018-07-24 14:35:00
1,2018-07-26 07:25:00,asian,1228.558,2018-07-26 08:40:00,2018-07-26 08:25:00,1227.429,1226.789,,,,sl_too_tight,2018-07-26 14:25:00,2018-07-26 15:40:00,2018-07-26 15:25:00
-1,2018-07-31 12:30:00,asian,1224.178,2018-07-31 12:40:00,2018-07-31 12:30:00,1224.178,1220.328,1220.328,1224.2606571428573,1212.4626857142853,signal,2018-07-31 19:30:00,2018-07-31 19:40:00,2018-07-31 19:30:00
1,2018-08-06 07:10:00,asian,1211.828,2018-08-06 08:35:00,2018-08-06 07:30:00,1212.189,1211.331,,,,sl_too_tight,2018-08-06 14:10:00,2018-08-06 15:35:00,2018-08-06 14:30:00
1,2018-08-13 07:20:00,asian,1206.638,2018-08-13 08:20:00,2018-08-13 08:05:00,1204.598,1204.149,,,,sl_too_tight,2018-08-13 14:20:00,2018-08-13 15:20:00,2018-08-13 15:05:00
-1,2018-08-17 08:10:00,asian,1179.808,2018-08-17 09:20:00,2018-08-17 08:05:00,1179.808,1177.651,,,,sl_too_tight,2018-08-17 15:10:00,2018-08-17 16:20:00,2018-08-17 15:05:00
1,2018-08-22 07:15:00,asian,1192.572,2018-08-22 07:55:00,2018-08-22 07:10:00,1193.329,1192.572,,,,sl_too_tight,2018-08-22 14:15:00,2018-08-22 14:55:00,2018-08-22 14:10:00
-1,2018-08-24 07:00:00,asian,1189.701,2018-08-24 07:30:00,2018-08-24 07:10:00,1189.752,1189.178,,,,sl_too_tight,2018-08-24 14:00:00,2018-08-24 14:30:00,2018-08-24 14:10:00
-1,2018-09-05 07:05:00,asian,1195.889,2018-09-05 07:20:00,2018-09-05 07:00:00,1195.889,1192.538,1192.538,1195.9797357142857,1185.6545285714287,signal,2018-09-05 14:05:00,2018-09-05 14:20:00,2018-09-05 14:00:00
1,2018-09-11 12:15:00,asian,1192.128,2018-09-11 14:05:00,2018-09-11 13:40:00,1188.379,1187.698,,,,sl_too_tight,2018-09-11 19:15:00,2018-09-11 21:05:00,2018-09-11 20:40:00
1,2018-09-13 07:20:00,asian,1203.338,2018-09-13 07:45:00,2018-09-13 07:15:00,1204.279,1203.338,,,,sl_too_tight,2018-09-13 14:20:00,2018-09-13 14:45:00,2018-09-13 14:15:00
1,2018-09-20 08:35:00,asian,1201.488,2018-09-20 09:20:00,2018-09-20 08:55:00,1201.988,1201.339,,,,sl_too_tight,2018-09-20 15:35:00,2018-09-20 16:20:00,2018-09-20 15:55:00
-1,2018-09-25 07:40:00,asian,1200.719,2018-09-25 08:05:00,2018-09-25 07:40:00,1200.719,1199.888,,,,sl_too_tight,2018-09-25 14:40:00,2018-09-25 15:05:00,2018-09-25 14:40:00
1,2018-10-03 07:00:00,asian,1202.848,2018-10-03 08:50:00,2018-10-03 08:40:00,1203.109,1202.338,,,,sl_too_tight,2018-10-03 14:00:00,2018-10-03 15:50:00,2018-10-03 15:40:00
-1,2018-10-19 12:25:00,prev_day,1230.752,2018-10-19 13:35:00,2018-10-19 12:20:00,1230.752,1229.551,,,,sl_too_tight,2018-10-19 19:25:00,2018-10-19 20:35:00,2018-10-19 19:20:00
1,2018-11-02 12:35:00,asian,1230.315,2018-11-02 14:00:00,2018-11-02 13:00:00,1231.868,1229.665,,,,sl_too_tight,2018-11-02 19:35:00,2018-11-02 21:00:00,2018-11-02 20:00:00
1,2018-11-05 07:00:00,asian,1230.538,2018-11-05 07:40:00,2018-11-05 06:55:00,1231.458,1230.738,,,,sl_too_tight,2018-11-05 14:00:00,2018-11-05 14:40:00,2018-11-05 13:55:00
1,2018-11-08 07:15:00,asian,1221.368,2018-11-08 08:00:00,2018-11-08 07:05:00,1224.075,1222.208,,,,sl_too_tight,2018-11-08 14:15:00,2018-11-08 15:00:00,2018-11-08 14:05:00
1,2018-11-15 13:00:00,asian,1207.528,2018-11-15 13:40:00,2018-11-15 13:00:00,1210.498,1207.528,1210.498,1207.4165,1216.661,signal,2018-11-15 20:00:00,2018-11-15 20:40:00,2018-11-15 20:00:00
1,2018-11-27 07:35:00,asian,1219.645,2018-11-27 09:25:00,2018-11-27 08:35:00,1220.175,1219.665,,,,sl_too_tight,2018-11-27 14:35:00,2018-11-27 16:25:00,2018-11-27 15:35:00
-1,2018-11-28 12:00:00,asian,1215.488,2018-11-28 12:10:00,2018-11-28 12:00:00,1215.488,1214.445,,,,sl_too_tight,2018-11-28 19:00:00,2018-11-28 19:10:00,2018-11-28 19:00:00
1,2018-12-05 07:40:00,asian,1233.905,2018-12-05 08:40:00,2018-12-05 08:00:00,1234.125,1233.245,,,,sl_too_tight,2018-12-05 14:40:00,2018-12-05 15:40:00,2018-12-05 15:00:00
1,2018-12-06 07:00:00,asian,1235.628,2018-12-06 08:30:00,2018-12-06 07:55:00,1235.485,1234.685,,,,sl_too_tight,2018-12-06 14:00:00,2018-12-06 15:30:00,2018-12-06 14:55:00
-1,2018-12-12 13:35:00,asian,1246.378,2018-12-12 13:50:00,2018-12-12 13:35:00,1246.378,1245.338,,,,sl_too_tight,2018-12-12 20:35:00,2018-12-12 20:50:00,2018-12-12 20:35:00
1,2018-12-13 10:45:00,prev_day,1241.118,2018-12-13 12:25:00,2018-12-13 10:45:00,1243.628,1241.118,,,,price_inside_zone,2018-12-13 17:45:00,2018-12-13 19:25:00,2018-12-13 17:45:00
-1,2018-12-17 08:00:00,prev_day,1239.128,2018-12-17 09:30:00,2018-12-17 07:55:00,1238.988,1238.458,,,,sl_too_tight,2018-12-17 15:00:00,2018-12-17 16:30:00,2018-12-17 14:55:00
1,2018-12-27 07:05:00,asian,1267.735,2018-12-27 08:30:00,2018-12-27 07:55:00,1267.505,1266.588,,,,sl_too_tight,2018-12-27 14:05:00,2018-12-27 15:30:00,2018-12-27 14:55:00
1,2019-01-03 13:15:00,asian,1284.485,2019-01-03 13:35:00,2019-01-03 13:15:00,1288.355,1284.485,1288.355,1284.356364285714,1296.3522714285718,signal,2019-01-03 20:15:00,2019-01-03 20:35:00,2019-01-03 20:15:00
1,2019-01-04 07:00:00,asian,1293.835,2019-01-04 08:10:00,2019-01-04 07:15:00,1293.518,1293.015,,,,sl_too_tight,2019-01-04 14:00:00,2019-01-04 15:10:00,2019-01-04 14:15:00
1,2019-01-11 14:20:00,asian,1287.175,2019-01-11 15:20:00,2019-01-11 14:50:00,1287.978,1286.928,,,,sl_too_tight,2019-01-11 21:20:00,2019-01-11 22:20:00,2019-01-11 21:50:00
1,2019-01-16 12:00:00,asian,1288.135,2019-01-16 12:15:00,2019-01-16 11:55:00,1289.165,1288.655,,,,sl_too_tight,2019-01-16 19:00:00,2019-01-16 19:15:00,2019-01-16 18:55:00
-1,2019-01-25 07:00:00,asian,1283.855,2019-01-25 08:40:00,2019-01-25 08:00:00,1284.745,1284.155,,,,sl_too_tight,2019-01-25 14:00:00,2019-01-25 15:40:00,2019-01-25 15:00:00
1,2019-01-28 12:05:00,asian,1299.355,2019-01-28 12:45:00,2019-01-28 12:00:00,1299.835,1299.355,,,,sl_too_tight,2019-01-28 19:05:00,2019-01-28 19:45:00,2019-01-28 19:00:00
-1,2019-02-14 08:00:00,asian,1309.695,2019-02-14 08:30:00,2019-02-14 07:55:00,1309.295,1308.915,,,,sl_too_tight,2019-02-14 15:00:00,2019-02-14 15:30:00,2019-02-14 14:55:00
-1,2019-02-22 07:20:00,asian,1326.465,2019-02-22 09:15:00,2019-02-22 08:20:00,1326.805,1326.215,,,,sl_too_tight,2019-02-22 14:20:00,2019-02-22 16:15:00,2019-02-22 15:20:00
-1,2019-02-25 14:35:00,asian,1332.485,2019-02-25 15:35:00,2019-02-25 14:30:00,1332.485,1330.858,,,,sl_too_tight,2019-02-25 21:35:00,2019-02-25 22:35:00,2019-02-25 21:30:00
-1,2019-03-07 12:55:00,asian,1288.975,2019-03-07 13:30:00,2019-03-07 12:50:00,1288.975,1287.175,,,,sl_too_tight,2019-03-07 19:55:00,2019-03-07 20:30:00,2019-03-07 19:50:00
-1,2019-03-20 12:25:00,asian,1307.128,2019-03-20 13:45:00,2019-03-20 13:20:00,1309.578,1308.258,,,,sl_too_tight,2019-03-20 19:25:00,2019-03-20 20:45:00,2019-03-20 20:20:00
1,2019-03-21 11:00:00,asian,1314.228,2019-03-21 12:25:00,2019-03-21 10:55:00,1315.605,1314.228,,,,sl_too_tight,2019-03-21 18:00:00,2019-03-21 19:25:00,2019-03-21 17:55:00
-1,2019-04-01 12:30:00,asian,1295.268,2019-04-01 14:00:00,2019-04-01 13:10:00,1296.955,1295.755,,,,sl_too_tight,2019-04-01 19:30:00,2019-04-01 21:00:00,2019-04-01 20:10:00
-1,2019-04-03 11:10:00,asian,1294.265,2019-04-03 12:00:00,2019-04-03 11:20:00,1294.085,1293.685,,,,sl_too_tight,2019-04-03 18:10:00,2019-04-03 19:00:00,2019-04-03 18:20:00
1,2019-04-10 12:30:00,asian,1300.858,2019-04-10 13:30:00,2019-04-10 12:30:00,1304.848,1300.858,1304.848,1300.7288357142857,1313.0863285714286,signal,2019-04-10 19:30:00,2019-04-10 20:30:00,2019-04-10 19:30:00
1,2019-04-22 13:35:00,asian,1274.958,2019-04-22 15:15:00,2019-04-22 14:35:00,1275.118,1274.755,,,,sl_too_tight,2019-04-22 20:35:00,2019-04-22 22:15:00,2019-04-22 21:35:00
1,2019-04-26 12:30:00,asian,1273.725,2019-04-26 12:40:00,2019-04-26 12:30:00,1279.218,1273.725,1279.218,1273.5934071428571,1290.467185714286,signal,2019-04-26 19:30:00,2019-04-26 19:40:00,2019-04-26 19:30:00
1,2019-04-30 13:10:00,asian,1279.835,2019-04-30 15:00:00,2019-04-30 13:10:00,1280.815,1279.835,,,,sl_too_tight,2019-04-30 20:10:00,2019-04-30 22:00:00,2019-04-30 20:10:00
-1,2019-05-22 11:45:00,asian,1276.445,2019-05-22 12:55:00,2019-05-22 12:40:00,1277.268,1276.575,,,,sl_too_tight,2019-05-22 18:45:00,2019-05-22 19:55:00,2019-05-22 19:40:00
1,2019-06-04 12:20:00,asian,1319.905,2019-06-04 13:45:00,2019-06-04 12:15:00,1321.655,1319.905,,,,sl_too_tight,2019-06-04 19:20:00,2019-06-04 20:45:00,2019-06-04 19:15:00
-1,2019-06-07 07:25:00,asian,1334.345,2019-06-07 09:00:00,2019-06-07 08:55:00,1336.068,1335.505,,,,sl_too_tight,2019-06-07 14:25:00,2019-06-07 16:00:00,2019-06-07 15:55:00
1,2019-06-27 12:50:00,asian,1398.548,2019-06-27 14:05:00,2019-06-27 12:45:00,1404.878,1398.548,1404.878,1398.3855785714286,1417.8628428571426,signal,2019-06-27 19:50:00,2019-06-27 21:05:00,2019-06-27 19:45:00
-1,2019-07-02 07:35:00,asian,1393.828,2019-07-02 09:20:00,2019-07-02 08:40:00,1394.348,1392.945,,,,sl_too_tight,2019-07-02 14:35:00,2019-07-02 16:20:00,2019-07-02 15:40:00
1,2019-07-12 12:30:00,asian,1403.468,2019-07-12 13:20:00,2019-07-12 12:35:00,1404.635,1403.048,,,,sl_too_tight,2019-07-12 19:30:00,2019-07-12 20:20:00,2019-07-12 19:35:00
1,2019-07-18 10:55:00,asian,1417.945,2019-07-18 11:35:00,2019-07-18 11:10:00,1418.535,1417.858,,,,sl_too_tight,2019-07-18 17:55:00,2019-07-18 18:35:00,2019-07-18 18:10:00
-1,2019-07-23 11:40:00,asian,1424.808,2019-07-23 13:10:00,2019-07-23 12:55:00,1427.025,1425.835,,,,sl_too_tight,2019-07-23 18:40:00,2019-07-23 20:10:00,2019-07-23 19:55:00
1,2019-07-25 13:40:00,prev_day,1415.3,2019-07-25 14:25:00,2019-07-25 13:35:00,1419.285,1415.3,1419.285,1415.092642857143,1427.6697142857145,signal,2019-07-25 20:40:00,2019-07-25 21:25:00,2019-07-25 20:35:00
1,2019-08-16 09:25:00,prev_day,1505.548,2019-08-16 10:10:00,2019-08-16 09:10:00,1509.435,1505.548,1509.435,1505.40595,1517.4930999999997,signal,2019-08-16 16:25:00,2019-08-16 17:10:00,2019-08-16 16:10:00
1,2019-08-21 07:10:00,asian,1496.775,2019-08-21 09:00:00,2019-08-21 07:50:00,1497.755,1496.445,,,,sl_too_tight,2019-08-21 14:10:00,2019-08-21 16:00:00,2019-08-21 14:50:00
-1,2019-08-23 10:00:00,asian,1497.828,2019-08-23 10:50:00,2019-08-23 10:00:00,1497.828,1496.268,,,,sl_too_tight,2019-08-23 17:00:00,2019-08-23 17:50:00,2019-08-23 17:00:00
1,2019-09-04 07:45:00,asian,1535.235,2019-09-04 08:45:00,2019-09-04 07:35:00,1536.518,1535.235,,,,sl_too_tight,2019-09-04 14:45:00,2019-09-04 15:45:00,2019-09-04 14:35:00
-1,2019-09-09 11:45:00,asian,1513.965,2019-09-09 13:25:00,2019-09-09 12:55:00,1513.935,1512.758,,,,sl_too_tight,2019-09-09 18:45:00,2019-09-09 20:25:00,2019-09-09 19:55:00
1,2019-09-18 10:50:00,asian,1499.428,2019-09-18 12:00:00,2019-09-18 10:50:00,1501.148,1499.428,,,,sl_too_tight,2019-09-18 17:50:00,2019-09-18 19:00:00,2019-09-18 17:50:00
-1,2019-09-19 07:00:00,asian,1498.148,2019-09-19 07:10:00,2019-09-19 07:00:00,1498.148,1496.295,,,,sl_too_tight,2019-09-19 14:00:00,2019-09-19 14:10:00,2019-09-19 14:00:00
1,2019-09-25 12:00:00,asian,1527.455,2019-09-25 13:40:00,2019-09-25 12:55:00,1529.175,1527.765,,,,sl_too_tight,2019-09-25 19:00:00,2019-09-25 20:40:00,2019-09-25 19:55:00
-1,2019-09-26 13:45:00,asian,1512.235,2019-09-26 14:00:00,2019-09-26 13:35:00,1511.818,1509.145,,,,sl_too_tight,2019-09-26 20:45:00,2019-09-26 21:00:00,2019-09-26 20:35:00
-1,2019-10-02 07:20:00,asian,1482.648,2019-10-02 08:10:00,2019-10-02 07:25:00,1482.955,1481.575,,,,sl_too_tight,2019-10-02 14:20:00,2019-10-02 15:10:00,2019-10-02 14:25:00
-1,2019-10-02 11:20:00,prev_day,1487.885,2019-10-02 12:20:00,2019-10-02 12:15:00,1490.608,1486.138,1486.138,1490.7665,1476.8809999999999,signal,2019-10-02 18:20:00,2019-10-02 19:20:00,2019-10-02 19:15:00
1,2019-10-09 09:15:00,asian,1502.785,2019-10-09 10:40:00,2019-10-09 09:45:00,1502.595,1499.775,,,,sl_too_tight,2019-10-09 16:15:00,2019-10-09 17:40:00,2019-10-09 16:45:00
-1,2019-10-16 07:45:00,asian,1485.698,2019-10-16 08:50:00,2019-10-16 07:45:00,1485.698,1484.198,,,,sl_too_tight,2019-10-16 14:45:00,2019-10-16 15:50:00,2019-10-16 14:45:00
-1,2019-10-30 07:20:00,asian,1489.995,2019-10-30 07:55:00,2019-10-30 07:25:00,1490.075,1489.695,,,,sl_too_tight,2019-10-30 14:20:00,2019-10-30 14:55:00,2019-10-30 14:25:00
-1,2019-10-30 12:10:00,prev_day,1494.788,2019-10-30 12:30:00,2019-10-30 12:00:00,1494.438,1493.438,,,,sl_too_tight,2019-10-30 19:10:00,2019-10-30 19:30:00,2019-10-30 19:00:00
1,2019-11-01 07:05:00,asian,1509.135,2019-11-01 07:15:00,2019-11-01 07:00:00,1510.175,1509.295,,,,sl_too_tight,2019-11-01 14:05:00,2019-11-01 14:15:00,2019-11-01 14:00:00
-1,2019-11-06 09:00:00,asian,1487.598,2019-11-06 10:40:00,2019-11-06 09:55:00,1488.775,1487.925,,,,sl_too_tight,2019-11-06 16:00:00,2019-11-06 17:40:00,2019-11-06 16:55:00
-1,2019-11-07 07:05:00,asian,1492.148,2019-11-07 07:15:00,2019-11-07 07:00:00,1492.148,1491.318,,,,sl_too_tight,2019-11-07 14:05:00,2019-11-07 14:15:00,2019-11-07 14:00:00
-1,2019-11-08 07:20:00,asian,1471.308,2019-11-08 09:00:00,2019-11-08 08:00:00,1472.438,1471.408,,,,sl_too_tight,2019-11-08 14:20:00,2019-11-08 16:00:00,2019-11-08 15:00:00
-1,2019-11-11 07:00:00,asian,1464.285,2019-11-11 08:00:00,2019-11-11 07:40:00,1465.165,1464.595,,,,sl_too_tight,2019-11-11 14:00:00,2019-11-11 15:00:00,2019-11-11 14:40:00
1,2019-11-21 07:05:00,asian,1468.775,2019-11-21 08:10:00,2019-11-21 07:05:00,1471.208,1468.775,,,,sl_too_tight,2019-11-21 14:05:00,2019-11-21 15:10:00,2019-11-21 14:05:00
-1,2019-11-22 07:05:00,asian,1468.268,2019-11-22 07:45:00,2019-11-22 07:35:00,1468.468,1467.648,,,,sl_too_tight,2019-11-22 14:05:00,2019-11-22 14:45:00,2019-11-22 14:35:00
1,2019-11-29 13:15:00,prev_day,1453.115,2019-11-29 14:30:00,2019-11-29 13:10:00,1454.395,1453.485,,,,sl_too_tight,2019-11-29 20:15:00,2019-11-29 21:30:00,2019-11-29 20:10:00
-1,2019-12-05 07:00:00,asian,1478.208,2019-12-05 07:45:00,2019-12-05 07:00:00,1478.208,1477.215,,,,sl_too_tight,2019-12-05 14:00:00,2019-12-05 14:45:00,2019-12-05 14:00:00
-1,2019-12-06 12:30:00,asian,1476.768,2019-12-06 13:30:00,2019-12-06 13:25:00,1477.388,1475.988,,,,sl_too_tight,2019-12-06 19:30:00,2019-12-06 20:30:00,2019-12-06 20:25:00
1,2019-12-11 08:15:00,asian,1462.598,2019-12-11 08:55:00,2019-12-11 08:15:00,1465.655,1462.598,1465.655,1462.4930357142857,1471.9789285714285,signal,2019-12-11 15:15:00,2019-12-11 15:55:00,2019-12-11 15:15:00
-1,2019-12-16 07:20:00,asian,1477.858,2019-12-16 08:10:00,2019-12-16 07:35:00,1478.055,1477.775,,,,sl_too_tight,2019-12-16 14:20:00,2019-12-16 15:10:00,2019-12-16 14:35:00
1,2019-12-20 08:00:00,asian,1477.495,2019-12-20 09:35:00,2019-12-20 08:35:00,1477.355,1477.0,,,,sl_too_tight,2019-12-20 15:00:00,2019-12-20 16:35:00,2019-12-20 15:35:00
1,2019-12-30 11:05:00,prev_day,1510.845,2019-12-30 12:20:00,2019-12-30 11:35:00,1511.475,1510.898,,,,sl_too_tight,2019-12-30 18:05:00,2019-12-30 19:20:00,2019-12-30 18:35:00
-1,2020-01-07 07:40:00,asian,1570.108,2020-01-07 08:45:00,2020-01-07 07:55:00,1570.845,1569.445,,,,sl_too_tight,2020-01-07 14:40:00,2020-01-07 15:45:00,2020-01-07 14:55:00
-1,2020-01-17 07:00:00,asian,1556.968,2020-01-17 08:35:00,2020-01-17 06:55:00,1556.795,1556.258,,,,sl_too_tight,2020-01-17 14:00:00,2020-01-17 15:35:00,2020-01-17 13:55:00
-1,2020-01-22 09:25:00,asian,1557.935,2020-01-22 11:25:00,2020-01-22 11:05:00,1559.168,1558.968,,,,sl_too_tight,2020-01-22 16:25:00,2020-01-22 18:25:00,2020-01-22 18:05:00
1,2020-01-24 08:15:00,asian,1558.575,2020-01-24 09:40:00,2020-01-24 08:45:00,1558.115,1557.905,,,,sl_too_tight,2020-01-24 15:15:00,2020-01-24 16:40:00,2020-01-24 15:45:00
1,2020-01-27 07:30:00,asian,1576.755,2020-01-27 08:55:00,2020-01-27 08:20:00,1577.005,1575.798,,,,sl_too_tight,2020-01-27 14:30:00,2020-01-27 15:55:00,2020-01-27 15:20:00
1,2020-01-28 07:05:00,asian,1577.818,2020-01-28 07:05:00,2020-01-28 07:00:00,1579.108,1578.055,,,,sl_too_tight,2020-01-28 14:05:00,2020-01-28 14:05:00,2020-01-28 14:00:00
-1,2020-01-29 08:00:00,asian,1569.855,2020-01-29 08:20:00,2020-01-29 08:00:00,1569.855,1567.948,,,,sl_too_tight,2020-01-29 15:00:00,2020-01-29 15:20:00,2020-01-29 15:00:00
-1,2020-01-30 07:20:00,asian,1581.418,2020-01-30 08:55:00,2020-01-30 08:15:00,1582.638,1580.815,,,,sl_too_tight,2020-01-30 14:20:00,2020-01-30 15:55:00,2020-01-30 15:15:00
1,2020-02-07 13:30:00,asian,1559.875,2020-02-07 13:45:00,2020-02-07 13:25:00,1565.345,1564.178,,,,sl_too_tight,2020-02-07 20:30:00,2020-02-07 20:45:00,2020-02-07 20:25:00
1,2020-02-20 07:30:00,asian,1603.785,2020-02-20 08:00:00,2020-02-20 07:15:00,1607.555,1604.618,1607.555,1604.5083285714286,1613.648342857143,signal,2020-02-20 14:30:00,2020-02-20 15:00:00,2020-02-20 14:15:00
-1,2020-03-11 07:05:00,asian,1666.438,2020-03-11 08:10:00,2020-03-11 07:00:00,1666.135,1661.675,1661.675,1666.3056857142858,1652.4136285714283,signal,2020-03-11 14:05:00,2020-03-11 15:10:00,2020-03-11 14:00:00
-1,2020-03-13 07:40:00,asian,1593.948,2020-03-13 08:15:00,2020-03-13 07:50:00,1592.748,1589.968,1589.968,1593.09985,1583.7043,signal,2020-03-13 14:40:00,2020-03-13 15:15:00,2020-03-13 14:50:00
1,2020-03-25 07:30:00,asian,1600.758,2020-03-25 08:40:00,2020-03-25 08:15:00,1604.648,1594.682,1604.648,1594.1675142857143,1625.608971428571,signal,2020-03-25 14:30:00,2020-03-25 15:40:00,2020-03-25 15:15:00
-1,2020-04-01 07:00:00,asian,1590.718,2020-04-01 08:20:00,2020-04-01 07:40:00,1599.988,1594.818,1594.818,1600.2267000000002,1584.0005999999996,signal,2020-04-01 14:00:00,2020-04-01 15:20:00,2020-04-01 14:40:00
-1,2020-04-16 10:50:00,prev_day,1731.975,2020-04-16 12:40:00,2020-04-16 12:20:00,1738.648,1735.318,1735.318,1738.962407142857,1728.0291857142859,signal,2020-04-16 17:50:00,2020-04-16 19:40:00,2020-04-16 19:20:00
-1,2020-04-21 07:00:00,asian,1697.088,2020-04-21 08:00:00,2020-04-21 07:05:00,1697.796,1694.158,1694.158,1698.0343857142857,1686.4052285714283,signal,2020-04-21 14:00:00,2020-04-21 15:00:00,2020-04-21 14:05:00
1,2020-05-05 07:20:00,asian,1689.788,2020-05-05 07:50:00,2020-05-05 07:05:00,1698.858,1689.788,,,,price_inside_zone,2020-05-05 14:20:00,2020-05-05 14:50:00,2020-05-05 14:05:00
1,2020-05-20 12:40:00,asian,1742.655,2020-05-20 13:50:00,2020-05-20 12:45:00,1745.438,1742.998,,,,sl_too_tight,2020-05-20 19:40:00,2020-05-20 20:50:00,2020-05-20 19:45:00
1,2020-05-26 10:00:00,prev_day,1720.175,2020-05-26 12:00:00,2020-05-26 10:00:00,1721.735,1720.175,,,,sl_too_tight,2020-05-26 17:00:00,2020-05-26 19:00:00,2020-05-26 17:00:00
1,2020-06-01 11:05:00,asian,1731.298,2020-06-01 12:35:00,2020-06-01 11:30:00,1731.125,1729.368,,,,sl_too_tight,2020-06-01 18:05:00,2020-06-01 19:35:00,2020-06-01 18:30:00
1,2020-06-01 13:10:00,prev_day,1728.635,2020-06-01 14:50:00,2020-06-01 14:00:00,1733.468,1727.553,1733.468,1727.3197571428573,1745.7644857142857,signal,2020-06-01 20:10:00,2020-06-01 21:50:00,2020-06-01 21:00:00
1,2020-06-02 07:25:00,asian,1735.185,2020-06-02 08:20:00,2020-06-02 07:30:00,1735.585,1734.795,,,,sl_too_tight,2020-06-02 14:25:00,2020-06-02 15:20:00,2020-06-02 14:30:00
-1,2020-06-08 07:10:00,asian,1696.265,2020-06-08 08:40:00,2020-06-08 08:05:00,1697.275,1695.518,,,,sl_too_tight,2020-06-08 14:10:00,2020-06-08 15:40:00,2020-06-08 15:05:00
1,2020-06-11 11:20:00,asian,1726.5,2020-06-11 12:30:00,2020-06-11 11:30:00,1727.098,1721.445,1727.098,1721.1774214285713,1738.9391571428573,signal,2020-06-11 18:20:00,2020-06-11 19:30:00,2020-06-11 18:30:00
-1,2020-06-18 08:50:00,asian,1731.418,2020-06-18 09:55:00,2020-06-18 09:10:00,1737.438,1734.935,,,,sl_too_tight,2020-06-18 15:50:00,2020-06-18 16:55:00,2020-06-18 16:10:00
1,2020-06-22 07:30:00,asian,1742.598,2020-06-22 08:50:00,2020-06-22 07:20:00,1746.655,1742.895,1746.655,1742.7394785714287,1754.4860428571426,signal,2020-06-22 14:30:00,2020-06-22 15:50:00,2020-06-22 14:20:00
1,2020-06-23 07:00:00,asian,1747.295,2020-06-23 07:45:00,2020-06-23 06:55:00,1750.708,1749.148,,,,sl_too_tight,2020-06-23 14:00:00,2020-06-23 14:45:00,2020-06-23 13:55:00
1,2020-06-24 12:45:00,asian,1763.778,2020-06-24 14:35:00,2020-06-24 13:15:00,1768.158,1763.638,1768.158,1763.33385,1777.8062999999997,signal,2020-06-24 19:45:00,2020-06-24 21:35:00,2020-06-24 20:15:00
-1,2020-06-26 08:50:00,asian,1766.618,2020-06-26 09:00:00,2020-06-26 08:45:00,1765.748,1764.725,,,,sl_too_tight,2020-06-26 15:50:00,2020-06-26 16:00:00,2020-06-26 15:45:00
1,2020-06-29 08:05:00,asian,1767.088,2020-06-29 08:45:00,2020-06-29 08:00:00,1769.148,1767.698,,,,sl_too_tight,2020-06-29 15:05:00,2020-06-29 15:45:00,2020-06-29 15:00:00
1,2020-07-02 12:35:00,asian,1762.748,2020-07-02 13:50:00,2020-07-02 13:00:00,1761.318,1757.808,1761.318,1757.4910571428572,1768.9718857142855,signal,2020-07-02 19:35:00,2020-07-02 20:50:00,2020-07-02 20:00:00
-1,2020-07-06 07:05:00,asian,1777.275,2020-07-06 08:15:00,2020-07-06 07:30:00,1777.798,1776.698,,,,sl_too_tight,2020-07-06 14:05:00,2020-07-06 15:15:00,2020-07-06 14:30:00
1,2020-07-09 10:55:00,asian,1805.618,2020-07-09 12:40:00,2020-07-09 12:25:00,1807.768,1805.818,,,,sl_too_tight,2020-07-09 17:55:00,2020-07-09 19:40:00,2020-07-09 19:25:00
-1,2020-07-13 07:25:00,asian,1808.168,2020-07-13 07:45:00,2020-07-13 07:15:00,1807.988,1807.448,,,,sl_too_tight,2020-07-13 14:25:00,2020-07-13 14:45:00,2020-07-13 14:15:00
1,2020-07-15 11:00:00,asian,1804.398,2020-07-15 13:00:00,2020-07-15 11:10:00,1805.798,1803.508,,,,sl_too_tight,2020-07-15 18:00:00,2020-07-15 20:00:00,2020-07-15 18:10:00
1,2020-07-28 07:40:00,prev_day,1906.648,2020-07-28 09:30:00,2020-07-28 07:50:00,1919.438,1906.645,1919.438,1906.29505,1945.7239000000004,signal,2020-07-28 14:40:00,2020-07-28 16:30:00,2020-07-28 14:50:00
1,2020-08-03 10:15:00,asian,1966.918,2020-08-03 11:35:00,2020-08-03 10:45:00,1969.518,1966.975,,,,sl_too_tight,2020-08-03 17:15:00,2020-08-03 18:35:00,2020-08-03 17:45:00
1,2020-08-07 12:30:00,asian,2041.655,2020-08-07 12:35:00,2020-08-07 12:25:00,2051.555,2048.178,2051.555,2047.8017285714284,2059.0615428571427,signal,2020-08-07 19:30:00,2020-08-07 19:35:00,2020-08-07 19:25:00
1,2020-08-19 07:00:00,asian,1983.488,2020-08-19 08:45:00,2020-08-19 07:05:00,1984.858,1980.238,1984.858,1980.0262285714286,1994.5215428571425,signal,2020-08-19 14:00:00,2020-08-19 15:45:00,2020-08-19 14:05:00
-1,2020-08-24 07:15:00,prev_day,1942.968,2020-08-24 09:00:00,2020-08-24 08:50:00,1949.348,1947.235,,,,sl_too_tight,2020-08-24 14:15:00,2020-08-24 16:00:00,2020-08-24 15:50:00
1,2020-08-27 12:20:00,asian,1936.328,2020-08-27 13:05:00,2020-08-27 12:35:00,1936.915,1932.428,1936.915,1931.9826,1946.7797999999998,signal,2020-08-27 19:20:00,2020-08-27 20:05:00,2020-08-27 19:35:00
-1,2020-09-04 12:30:00,asian,1947.655,2020-09-04 12:30:00,2020-09-04 12:25:00,1940.255,1937.908,,,,sl_too_tight,2020-09-04 19:30:00,2020-09-04 19:30:00,2020-09-04 19:25:00
1,2020-09-07 09:35:00,asian,1926.605,2020-09-07 11:35:00,2020-09-07 10:15:00,1927.978,1924.288,1927.978,1924.1947714285714,1935.5444571428575,signal,2020-09-07 16:35:00,2020-09-07 18:35:00,2020-09-07 17:15:00
-1,2020-09-16 13:10:00,prev_day,1973.098,2020-09-16 13:50:00,2020-09-16 13:15:00,1972.188,1969.998,,,,sl_too_tight,2020-09-16 20:10:00,2020-09-16 20:50:00,2020-09-16 20:15:00
1,2020-09-25 10:30:00,asian,1859.275,2020-09-25 12:05:00,2020-09-25 11:00:00,1858.205,1854.918,1858.205,1854.6266142857141,1865.3617714285715,signal,2020-09-25 17:30:00,2020-09-25 19:05:00,2020-09-25 18:00:00
-1,2020-10-06 12:00:00,prev_day,1919.068,2020-10-06 12:10:00,2020-10-06 11:55:00,1917.658,1916.438,,,,sl_too_tight,2020-10-06 19:00:00,2020-10-06 19:10:00,2020-10-06 18:55:00
-1,2020-10-07 07:00:00,asian,1895.268,2020-10-07 08:40:00,2020-10-07 07:15:00,1897.898,1895.278,,,,sl_too_tight,2020-10-07 14:00:00,2020-10-07 15:40:00,2020-10-07 14:15:00
-1,2020-10-08 07:00:00,asian,1895.198,2020-10-08 07:45:00,2020-10-08 06:55:00,1894.308,1892.355,,,,sl_too_tight,2020-10-08 14:00:00,2020-10-08 14:45:00,2020-10-08 13:55:00
-1,2020-10-08 12:35:00,prev_day,1899.435,2020-10-08 13:55:00,2020-10-08 13:50:00,1900.498,1897.505,1897.505,1900.7276428571429,1891.0597142857146,signal,2020-10-08 19:35:00,2020-10-08 20:55:00,2020-10-08 20:50:00
-1,2020-10-19 07:45:00,asian,1911.698,2020-10-19 09:10:00,2020-10-19 08:50:00,1912.325,1910.245,,,,sl_too_tight,2020-10-19 14:45:00,2020-10-19 16:10:00,2020-10-19 15:50:00
-1,2020-10-26 10:10:00,prev_day,1904.738,2020-10-26 12:00:00,2020-10-26 11:00:00,1905.258,1903.758,,,,sl_too_tight,2020-10-26 17:10:00,2020-10-26 19:00:00,2020-10-26 18:00:00
1,2020-10-27 08:15:00,asian,1901.265,2020-10-27 10:15:00,2020-10-27 09:15:00,1899.728,1897.718,,,,sl_too_tight,2020-10-27 15:15:00,2020-10-27 17:15:00,2020-10-27 16:15:00
-1,2020-11-10 07:05:00,asian,1890.238,2020-11-10 07:35:00,2020-11-10 07:00:00,1890.238,1887.978,,,,sl_too_tight,2020-11-10 14:05:00,2020-11-10 14:35:00,2020-11-10 14:00:00
-1,2020-11-12 09:35:00,asian,1872.928,2020-11-12 10:25:00,2020-11-12 09:35:00,1872.928,1870.478,,,,sl_too_tight,2020-11-12 16:35:00,2020-11-12 17:25:00,2020-11-12 16:35:00
1,2020-11-16 07:25:00,asian,1887.365,2020-11-16 07:50:00,2020-11-16 07:15:00,1888.318,1887.365,,,,sl_too_tight,2020-11-16 14:25:00,2020-11-16 14:50:00,2020-11-16 14:15:00
-1,2020-11-17 09:15:00,asian,1892.551,2020-11-17 10:30:00,2020-11-17 09:10:00,1892.551,1891.648,,,,sl_too_tight,2020-11-17 16:15:00,2020-11-17 17:30:00,2020-11-17 16:10:00
-1,2020-11-18 08:00:00,asian,1883.278,2020-11-18 09:30:00,2020-11-18 08:30:00,1884.595,1883.568,,,,sl_too_tight,2020-11-18 15:00:00,2020-11-18 16:30:00,2020-11-18 15:30:00
1,2020-12-11 07:30:00,asian,1833.195,2020-12-11 09:30:00,2020-12-11 09:05:00,1834.198,1832.118,,,,sl_too_tight,2020-12-11 14:30:00,2020-12-11 16:30:00,2020-12-11 16:05:00
1,2020-12-11 11:00:00,prev_day,1828.255,2020-12-11 12:55:00,2020-12-11 11:25:00,1829.398,1823.843,1829.398,1823.6866571428573,1840.8206857142852,signal,2020-12-11 18:00:00,2020-12-11 19:55:00,2020-12-11 18:25:00
1,2020-12-21 09:45:00,asian,1879.752,2020-12-21 11:35:00,2020-12-21 10:05:00,1881.098,1854.955,,,,price_inside_zone,2020-12-21 16:45:00,2020-12-21 18:35:00,2020-12-21 17:05:00
1,2020-12-29 10:30:00,asian,1874.171,2020-12-29 12:30:00,2020-12-29 10:30:00,1879.448,1874.171,,,,price_inside_zone,2020-12-29 17:30:00,2020-12-29 19:30:00,2020-12-29 17:30:00
-1,2021-01-11 07:15:00,asian,1850.168,2021-01-11 08:45:00,2021-01-11 08:10:00,1854.845,1850.925,1850.925,1855.1370571428572,1842.5008857142855,signal,2021-01-11 14:15:00,2021-01-11 15:45:00,2021-01-11 15:10:00
-1,2021-01-15 09:50:00,asian,1856.848,2021-01-15 11:10:00,2021-01-15 09:45:00,1856.848,1855.065,,,,sl_too_tight,2021-01-15 16:50:00,2021-01-15 18:10:00,2021-01-15 16:45:00
1,2021-01-19 12:45:00,asian,1835.788,2021-01-19 14:10:00,2021-01-19 13:05:00,1838.475,1833.608,1838.475,1833.3999,1848.6252,signal,2021-01-19 19:45:00,2021-01-19 21:10:00,2021-01-19 20:05:00
1,2021-01-20 13:15:00,prev_day,1832.272,2021-01-20 14:10:00,2021-01-20 13:10:00,1837.002,1834.175,1837.002,1833.8871571428572,1843.2316857142855,signal,2021-01-20 20:15:00,2021-01-20 21:10:00,2021-01-20 20:10:00
1,2021-01-21 07:35:00,asian,1865.982,2021-01-21 08:45:00,2021-01-21 07:30:00,1869.791,1866.225,1869.791,1866.0487714285714,1877.275457142857,signal,2021-01-21 14:35:00,2021-01-21 15:45:00,2021-01-21 14:30:00
-1,2021-01-27 08:10:00,asian,1853.096,2021-01-27 08:20:00,2021-01-27 08:00:00,1853.096,1849.408,1849.408,1853.2491285714286,1841.7257428571424,signal,2021-01-27 15:10:00,2021-01-27 15:20:00,2021-01-27 15:00:00
1,2021-02-08 08:55:00,asian,1807.665,2021-02-08 10:00:00,2021-02-08 08:50:00,1809.839,1807.815,,,,sl_too_tight,2021-02-08 15:55:00,2021-02-08 17:00:00,2021-02-08 15:50:00
1,2021-02-15 07:05:00,asian,1817.115,2021-02-15 08:10:00,2021-02-15 07:45:00,1817.515,1816.642,,,,sl_too_tight,2021-02-15 14:05:00,2021-02-15 15:10:00,2021-02-15 14:45:00
1,2021-02-23 09:25:00,asian,1805.025,2021-02-23 10:20:00,2021-02-23 10:00:00,1804.508,1803.525,,,,sl_too_tight,2021-02-23 16:25:00,2021-02-23 17:20:00,2021-02-23 17:00:00
-1,2021-03-01 07:15:00,asian,1756.285,2021-03-01 08:05:00,2021-03-01 07:35:00,1759.715,1757.515,,,,sl_too_tight,2021-03-01 14:15:00,2021-03-01 15:05:00,2021-03-01 14:35:00
-1,2021-03-04 07:15:00,asian,1721.135,2021-03-04 08:40:00,2021-03-04 07:10:00,1721.135,1717.775,1717.775,1721.302557142857,1710.7198857142862,signal,2021-03-04 14:15:00,2021-03-04 15:40:00,2021-03-04 14:10:00
-1,2021-03-05 07:15:00,asian,1699.824,2021-03-05 08:00:00,2021-03-05 07:35:00,1699.918,1697.934,,,,sl_too_tight,2021-03-05 14:15:00,2021-03-05 15:00:00,2021-03-05 14:35:00
-1,2021-03-09 13:55:00,prev_day,1715.014,2021-03-09 15:30:00,2021-03-09 14:35:00,1720.469,1716.124,1716.124,1720.796492857143,1706.779014285714,signal,2021-03-09 20:55:00,2021-03-09 22:30:00,2021-03-09 21:35:00
1,2021-03-16 07:00:00,asian,1729.098,2021-03-16 08:10:00,2021-03-16 07:05:00,1730.295,1728.755,,,,sl_too_tight,2021-03-16 14:00:00,2021-03-16 15:10:00,2021-03-16 14:05:00
-1,2021-03-23 10:15:00,asian,1742.378,2021-03-23 11:55:00,2021-03-23 10:05:00,1742.068,1738.985,1738.985,1742.1805214285714,1732.5939571428569,signal,2021-03-23 17:15:00,2021-03-23 18:55:00,2021-03-23 17:05:00
-1,2021-03-24 09:40:00,asian,1734.658,2021-03-24 10:50:00,2021-03-24 09:55:00,1734.629,1733.509,,,,sl_too_tight,2021-03-24 16:40:00,2021-03-24 17:50:00,2021-03-24 16:55:00
1,2021-03-26 11:30:00,asian,1721.498,2021-03-26 12:10:00,2021-03-26 11:25:00,1724.365,1721.688,,,,sl_too_tight,2021-03-26 18:30:00,2021-03-26 19:10:00,2021-03-26 18:25:00
1,2021-04-09 13:15:00,prev_day,1731.168,2021-04-09 13:45:00,2021-04-09 13:05:00,1734.788,1731.868,1734.788,1731.6035785714284,1741.1568428571431,signal,2021-04-09 20:15:00,2021-04-09 20:45:00,2021-04-09 20:05:00
-1,2021-04-20 14:00:00,asian,1777.298,2021-04-20 14:40:00,2021-04-20 14:25:00,1777.208,1774.618,,,,sl_too_tight,2021-04-20 21:00:00,2021-04-20 21:40:00,2021-04-20 21:25:00
1,2021-04-23 07:25:00,asian,1781.755,2021-04-23 08:50:00,2021-04-23 07:30:00,1782.708,1781.488,,,,sl_too_tight,2021-04-23 14:25:00,2021-04-23 15:50:00,2021-04-23 14:30:00
-1,2021-04-27 12:30:00,asian,1785.458,2021-04-27 13:30:00,2021-04-27 12:25:00,1785.458,1783.588,,,,sl_too_tight,2021-04-27 19:30:00,2021-04-27 20:30:00,2021-04-27 19:25:00
1,2021-05-04 09:40:00,asian,1782.898,2021-05-04 11:40:00,2021-05-04 10:05:00,1782.798,1781.408,,,,sl_too_tight,2021-05-04 16:40:00,2021-05-04 18:40:00,2021-05-04 17:05:00
1,2021-05-05 12:30:00,prev_day,1770.228,2021-05-05 12:45:00,2021-05-05 12:25:00,1777.598,1772.978,1777.598,1772.744792857143,1787.3044142857138,signal,2021-05-05 19:30:00,2021-05-05 19:45:00,2021-05-05 19:25:00
-1,2021-05-12 12:45:00,asian,1839.248,2021-05-12 14:30:00,2021-05-12 13:00:00,1843.598,1838.225,1838.225,1843.9309357142856,1826.8131285714285,signal,2021-05-12 19:45:00,2021-05-12 21:30:00,2021-05-12 20:00:00
-1,2021-05-25 07:10:00,asian,1887.178,2021-05-25 07:40:00,2021-05-25 07:00:00,1887.178,1884.138,1884.138,1887.3570071428574,1877.699985714285,signal,2021-05-25 14:10:00,2021-05-25 14:40:00,2021-05-25 14:00:00
1,2021-05-31 11:10:00,asian,1902.005,2021-05-31 11:50:00,2021-05-31 11:05:00,1903.558,1902.005,,,,sl_too_tight,2021-05-31 18:10:00,2021-05-31 18:50:00,2021-05-31 18:05:00
-1,2021-06-04 07:00:00,asian,1874.128,2021-06-04 07:55:00,2021-06-04 07:30:00,1874.988,1872.995,,,,sl_too_tight,2021-06-04 14:00:00,2021-06-04 14:55:00,2021-06-04 14:30:00
1,2021-06-08 07:25:00,asian,1893.268,2021-06-08 08:50:00,2021-06-08 08:25:00,1891.648,1889.557,,,,sl_too_tight,2021-06-08 14:25:00,2021-06-08 15:50:00,2021-06-08 15:25:00
1,2021-06-09 07:15:00,asian,1889.488,2021-06-09 08:05:00,2021-06-09 07:10:00,1890.288,1889.488,,,,sl_too_tight,2021-06-09 14:15:00,2021-06-09 15:05:00,2021-06-09 14:10:00
1,2021-06-29 07:20:00,asian,1773.568,2021-06-29 09:20:00,2021-06-29 08:15:00,1769.678,1767.748,,,,sl_too_tight,2021-06-29 14:20:00,2021-06-29 16:20:00,2021-06-29 15:15:00
1,2021-07-02 07:15:00,asian,1774.108,2021-07-02 07:40:00,2021-07-02 07:10:00,1775.508,1774.148,,,,sl_too_tight,2021-07-02 14:15:00,2021-07-02 14:40:00,2021-07-02 14:10:00
-1,2021-07-13 12:30:00,asian,1814.648,2021-07-13 12:55:00,2021-07-13 12:40:00,1817.061,1811.748,1811.748,1817.4259,1800.3922000000002,signal,2021-07-13 19:30:00,2021-07-13 19:55:00,2021-07-13 19:40:00
1,2021-07-15 10:30:00,asian,1823.338,2021-07-15 12:20:00,2021-07-15 11:05:00,1824.568,1822.668,,,,sl_too_tight,2021-07-15 17:30:00,2021-07-15 19:20:00,2021-07-15 18:05:00
-1,2021-07-22 07:05:00,asian,1803.298,2021-07-22 07:50:00,2021-07-22 07:00:00,1803.298,1801.278,,,,sl_too_tight,2021-07-22 14:05:00,2021-07-22 14:50:00,2021-07-22 14:00:00
1,2021-07-23 11:35:00,prev_day,1789.407,2021-07-23 12:25:00,2021-07-23 11:30:00,1794.938,1789.407,1794.938,1789.2079928571427,1806.398014285715,signal,2021-07-23 18:35:00,2021-07-23 19:25:00,2021-07-23 18:30:00
1,2021-07-28 11:15:00,asian,1797.758,2021-07-28 12:25:00,2021-07-28 11:50:00,1797.305,1795.258,,,,sl_too_tight,2021-07-28 18:15:00,2021-07-28 19:25:00,2021-07-28 18:50:00
1,2021-08-03 12:15:00,asian,1807.518,2021-08-03 12:50:00,2021-08-03 12:35:00,1808.608,1807.018,,,,sl_too_tight,2021-08-03 19:15:00,2021-08-03 19:50:00,2021-08-03 19:35:00
1,2021-08-16 11:30:00,asian,1771.398,2021-08-16 12:00:00,2021-08-16 11:50:00,1771.938,1770.885,,,,sl_too_tight,2021-08-16 18:30:00,2021-08-16 19:00:00,2021-08-16 18:50:00
-1,2021-08-18 07:25:00,asian,1793.358,2021-08-18 07:50:00,2021-08-18 07:30:00,1793.498,1792.908,,,,sl_too_tight,2021-08-18 14:25:00,2021-08-18 14:50:00,2021-08-18 14:30:00
1,2021-08-25 11:30:00,asian,1790.208,2021-08-25 12:45:00,2021-08-25 11:25:00,1792.138,1790.208,,,,sl_too_tight,2021-08-25 18:30:00,2021-08-25 19:45:00,2021-08-25 18:25:00
1,2021-08-27 11:05:00,asian,1792.378,2021-08-27 11:50:00,2021-08-27 11:05:00,1793.875,1792.378,,,,sl_too_tight,2021-08-27 18:05:00,2021-08-27 18:50:00,2021-08-27 18:05:00
-1,2021-09-01 12:45:00,prev_day,1819.508,2021-09-01 14:15:00,2021-09-01 12:55:00,1819.898,1818.552,,,,sl_too_tight,2021-09-01 19:45:00,2021-09-01 21:15:00,2021-09-01 19:55:00
1,2021-09-06 08:00:00,asian,1824.617,2021-09-06 08:20:00,2021-09-06 08:00:00,1825.968,1824.617,,,,sl_too_tight,2021-09-06 15:00:00,2021-09-06 15:20:00,2021-09-06 15:00:00
-1,2021-09-08 07:35:00,asian,1801.177,2021-09-08 09:15:00,2021-09-08 07:30:00,1801.095,1798.947,,,,sl_too_tight,2021-09-08 14:35:00,2021-09-08 16:15:00,2021-09-08 14:30:00
-1,2021-09-17 08:45:00,asian,1765.478,2021-09-17 10:30:00,2021-09-17 09:50:00,1767.417,1765.237,,,,sl_too_tight,2021-09-17 15:45:00,2021-09-17 17:30:00,2021-09-17 16:50:00
1,2021-09-21 07:00:00,asian,1759.868,2021-09-21 08:10:00,2021-09-21 07:20:00,1759.404,1757.838,,,,sl_too_tight,2021-09-21 14:00:00,2021-09-21 15:10:00,2021-09-21 14:20:00
1,2021-09-22 11:55:00,asian,1772.007,2021-09-22 12:25:00,2021-09-22 12:10:00,1773.537,1771.578,,,,sl_too_tight,2021-09-22 18:55:00,2021-09-22 19:25:00,2021-09-22 19:10:00
-1,2021-09-24 08:20:00,asian,1756.767,2021-09-24 09:45:00,2021-09-24 08:20:00,1756.767,1755.124,,,,sl_too_tight,2021-09-24 15:20:00,2021-09-24 16:45:00,2021-09-24 15:20:00
1,2021-09-27 09:55:00,prev_day,1747.788,2021-09-27 11:30:00,2021-09-27 10:05:00,1747.854,1744.764,1747.854,1744.6547214285713,1754.2525571428575,signal,2021-09-27 16:55:00,2021-09-27 18:30:00,2021-09-27 17:05:00
-1,2021-09-29 07:00:00,asian,1742.058,2021-09-29 08:10:00,2021-09-29 07:00:00,1742.058,1739.778,,,,sl_too_tight,2021-09-29 14:00:00,2021-09-29 15:10:00,2021-09-29 14:00:00
1,2021-10-01 12:15:00,asian,1749.655,2021-10-01 12:40:00,2021-10-01 12:10:00,1752.875,1749.808,1752.875,1749.5761928571428,1759.4726142857144,signal,2021-10-01 19:15:00,2021-10-01 19:40:00,2021-10-01 19:10:00
1,2021-10-05 10:30:00,asian,1754.778,2021-10-05 12:05:00,2021-10-05 11:15:00,1754.955,1753.478,,,,sl_too_tight,2021-10-05 17:30:00,2021-10-05 19:05:00,2021-10-05 18:15:00
1,2021-10-13 12:40:00,asian,1758.121,2021-10-13 13:35:00,2021-10-13 13:05:00,1760.878,1757.829,1760.878,1757.3816428571429,1767.870714285714,signal,2021-10-13 19:40:00,2021-10-13 20:35:00,2021-10-13 20:05:00
1,2021-10-21 07:00:00,asian,1780.864,2021-10-21 08:15:00,2021-10-21 07:05:00,1782.494,1780.738,,,,sl_too_tight,2021-10-21 14:00:00,2021-10-21 15:15:00,2021-10-21 14:05:00
1,2021-10-28 14:35:00,asian,1792.198,2021-10-28 15:10:00,2021-10-28 14:35:00,1796.334,1792.198,1796.334,1791.90795,1805.1861000000001,signal,2021-10-28 21:35:00,2021-10-28 22:10:00,2021-10-28 21:35:00
1,2021-10-29 08:45:00,prev_day,1790.798,2021-10-29 09:40:00,2021-10-29 08:35:00,1792.378,1790.868,,,,sl_too_tight,2021-10-29 15:45:00,2021-10-29 16:40:00,2021-10-29 15:35:00
1,2021-11-02 11:45:00,asian,1788.138,2021-11-02 12:10:00,2021-11-02 11:45:00,1791.178,1788.138,1791.178,1787.9788714285714,1797.5762571428575,signal,2021-11-02 18:45:00,2021-11-02 19:10:00,2021-11-02 18:45:00
1,2021-11-05 12:35:00,asian,1784.894,2021-11-05 13:25:00,2021-11-05 12:30:00,1793.788,1784.894,1793.788,1784.4522214285714,1812.4595571428572,signal,2021-11-05 19:35:00,2021-11-05 20:25:00,2021-11-05 19:30:00
1,2021-11-08 08:55:00,asian,1812.313,2021-11-08 09:35:00,2021-11-08 08:55:00,1814.188,1812.313,,,,sl_too_tight,2021-11-08 15:55:00,2021-11-08 16:35:00,2021-11-08 15:55:00
1,2021-11-10 07:45:00,asian,1823.008,2021-11-10 08:20:00,2021-11-10 07:50:00,1824.618,1822.893,,,,sl_too_tight,2021-11-10 14:45:00,2021-11-10 15:20:00,2021-11-10 14:50:00
-1,2021-11-19 10:05:00,asian,1864.404,2021-11-19 11:10:00,2021-11-19 09:55:00,1864.094,1860.598,1860.598,1864.2495285714285,1853.2949428571428,signal,2021-11-19 17:05:00,2021-11-19 18:10:00,2021-11-19 16:55:00
-1,2021-11-24 07:10:00,asian,1796.285,2021-11-24 07:35:00,2021-11-24 07:05:00,1795.765,1793.825,,,,sl_too_tight,2021-11-24 14:10:00,2021-11-24 14:35:00,2021-11-24 14:05:00
-1,2021-11-30 09:25:00,asian,1796.538,2021-11-30 10:50:00,2021-11-30 09:50:00,1798.418,1796.495,,,,sl_too_tight,2021-11-30 16:25:00,2021-11-30 17:50:00,2021-11-30 16:50:00
1,2021-12-06 08:15:00,asian,1780.418,2021-12-06 09:15:00,2021-12-06 09:00:00,1781.548,1779.098,,,,sl_too_tight,2021-12-06 15:15:00,2021-12-06 16:15:00,2021-12-06 16:00:00
1,2021-12-07 13:30:00,asian,1775.508,2021-12-07 15:20:00,2021-12-07 13:35:00,1776.988,1773.058,1776.988,1772.8701285714285,1785.2237428571432,signal,2021-12-07 20:30:00,2021-12-07 22:20:00,2021-12-07 20:35:00
1,2021-12-20 07:30:00,asian,1797.888,2021-12-20 08:45:00,2021-12-20 08:20:00,1797.968,1797.368,,,,sl_too_tight,2021-12-20 14:30:00,2021-12-20 15:45:00,2021-12-20 15:20:00
-1,2021-12-21 07:55:00,asian,1794.118,2021-12-21 09:25:00,2021-12-21 08:45:00,1798.198,1797.128,,,,sl_too_tight,2021-12-21 14:55:00,2021-12-21 16:25:00,2021-12-21 15:45:00
-1,2022-01-04 07:40:00,asian,1807.275,2022-01-04 08:45:00,2022-01-04 07:35:00,1806.978,1806.258,,,,sl_too_tight,2022-01-04 14:40:00,2022-01-04 15:45:00,2022-01-04 14:35:00
1,2022-01-13 07:10:00,asian,1823.358,2022-01-13 07:30:00,2022-01-13 07:10:00,1824.288,1823.358,,,,sl_too_tight,2022-01-13 14:10:00,2022-01-13 14:30:00,2022-01-13 14:10:00
-1,2022-01-14 08:05:00,asian,1828.668,2022-01-14 08:30:00,2022-01-14 08:15:00,1829.048,1827.908,,,,sl_too_tight,2022-01-14 15:05:00,2022-01-14 15:30:00,2022-01-14 15:15:00
-1,2022-01-19 07:10:00,asian,1815.128,2022-01-19 07:40:00,2022-01-19 07:05:00,1814.858,1814.038,,,,sl_too_tight,2022-01-19 14:10:00,2022-01-19 14:40:00,2022-01-19 14:05:00
-1,2022-01-31 08:30:00,prev_day,1792.208,2022-01-31 09:55:00,2022-01-31 09:00:00,1792.375,1790.368,,,,sl_too_tight,2022-01-31 15:30:00,2022-01-31 16:55:00,2022-01-31 16:00:00
1,2022-02-03 07:15:00,asian,1804.639,2022-02-03 08:55:00,2022-02-03 08:10:00,1803.338,1802.618,,,,sl_too_tight,2022-02-03 14:15:00,2022-02-03 15:55:00,2022-02-03 15:10:00
1,2022-02-09 14:00:00,asian,1824.538,2022-02-09 15:25:00,2022-02-09 14:00:00,1826.918,1824.538,,,,sl_too_tight,2022-02-09 21:00:00,2022-02-09 22:25:00,2022-02-09 21:00:00
1,2022-02-10 13:35:00,prev_day,1821.534,2022-02-10 15:05:00,2022-02-10 13:30:00,1829.958,1821.534,1829.958,1821.2528000000002,1847.3683999999998,signal,2022-02-10 20:35:00,2022-02-10 22:05:00,2022-02-10 20:30:00
1,2022-02-11 07:20:00,prev_day,1820.838,2022-02-11 07:40:00,2022-02-11 07:15:00,1823.768,1821.928,,,,sl_too_tight,2022-02-11 14:20:00,2022-02-11 14:40:00,2022-02-11 14:15:00
1,2022-02-14 07:05:00,asian,1850.698,2022-02-14 07:15:00,2022-02-14 07:00:00,1853.088,1851.568,,,,sl_too_tight,2022-02-14 14:05:00,2022-02-14 14:15:00,2022-02-14 14:00:00
1,2022-02-18 10:30:00,asian,1886.538,2022-02-18 11:35:00,2022-02-18 10:40:00,1888.288,1886.478,,,,sl_too_tight,2022-02-18 17:30:00,2022-02-18 18:35:00,2022-02-18 17:40:00
1,2022-02-21 07:00:00,asian,1887.528,2022-02-21 07:30:00,2022-02-21 07:15:00,1888.397,1887.648,,,,sl_too_tight,2022-02-21 14:00:00,2022-02-21 14:30:00,2022-02-21 14:15:00
-1,2022-03-16 11:55:00,asian,1926.933,2022-03-16 12:20:00,2022-03-16 11:45:00,1926.933,1924.118,1924.118,1927.1479857142856,1918.0580285714286,signal,2022-03-16 18:55:00,2022-03-16 19:20:00,2022-03-16 18:45:00
-1,2022-04-06 08:40:00,asian,1925.588,2022-04-06 10:25:00,2022-04-06 09:10:00,1933.318,1928.098,1928.098,1933.4527142857144,1917.3885714285711,signal,2022-04-06 15:40:00,2022-04-06 17:25:00,2022-04-06 16:10:00
-1,2022-04-08 12:15:00,prev_day,1938.808,2022-04-08 12:40:00,2022-04-08 12:10:00,1938.808,1934.542,1934.542,1939.0352214285715,1925.5555571428567,signal,2022-04-08 19:15:00,2022-04-08 19:40:00,2022-04-08 19:10:00
1,2022-04-12 09:20:00,asian,1949.518,2022-04-12 10:05:00,2022-04-12 09:15:00,1951.948,1950.192,,,,sl_too_tight,2022-04-12 16:20:00,2022-04-12 17:05:00,2022-04-12 16:15:00
1,2022-04-21 11:55:00,prev_day,1936.632,2022-04-21 12:30:00,2022-04-21 11:40:00,1940.572,1936.632,1940.572,1936.3629857142857,1948.9900285714282,signal,2022-04-21 18:55:00,2022-04-21 19:30:00,2022-04-21 18:40:00
-1,2022-04-26 11:00:00,asian,1909.523,2022-04-26 12:20:00,2022-04-26 10:55:00,1909.523,1906.303,1906.303,1909.7227928571428,1899.4634142857146,signal,2022-04-26 18:00:00,2022-04-26 19:20:00,2022-04-26 17:55:00
-1,2022-05-03 13:35:00,asian,1868.918,2022-05-03 15:25:00,2022-05-03 14:45:00,1877.298,1875.518,,,,sl_too_tight,2022-05-03 20:35:00,2022-05-03 22:25:00,2022-05-03 21:45:00
-1,2022-05-13 07:35:00,asian,1828.678,2022-05-13 08:20:00,2022-05-13 07:30:00,1828.586,1826.268,,,,sl_too_tight,2022-05-13 14:35:00,2022-05-13 15:20:00,2022-05-13 14:30:00
1,2022-05-25 08:30:00,asian,1855.008,2022-05-25 09:25:00,2022-05-25 08:25:00,1857.673,1855.008,,,,sl_too_tight,2022-05-25 15:30:00,2022-05-25 16:25:00,2022-05-25 15:25:00
-1,2022-05-31 08:30:00,asian,1857.018,2022-05-31 08:50:00,2022-05-31 08:20:00,1857.018,1856.128,,,,sl_too_tight,2022-05-31 15:30:00,2022-05-31 15:50:00,2022-05-31 15:20:00
1,2022-06-09 07:05:00,asian,1849.17,2022-06-09 07:20:00,2022-06-09 07:00:00,1850.618,1849.543,,,,sl_too_tight,2022-06-09 14:05:00,2022-06-09 14:20:00,2022-06-09 14:00:00
-1,2022-06-14 07:05:00,asian,1831.538,2022-06-14 07:40:00,2022-06-14 07:00:00,1831.538,1828.963,,,,sl_too_tight,2022-06-14 14:05:00,2022-06-14 14:40:00,2022-06-14 14:00:00
-1,2022-06-15 07:45:00,asian,1823.954,2022-06-15 07:45:00,2022-06-15 07:40:00,1823.916,1823.094,,,,sl_too_tight,2022-06-15 14:45:00,2022-06-15 14:45:00,2022-06-15 14:40:00
-1,2022-06-15 11:20:00,prev_day,1832.468,2022-06-15 13:20:00,2022-06-15 12:45:00,1836.416,1834.024,,,,sl_too_tight,2022-06-15 18:20:00,2022-06-15 20:20:00,2022-06-15 19:45:00
1,2022-06-17 13:55:00,asian,1841.048,2022-06-17 15:30:00,2022-06-17 14:15:00,1840.178,1838.343,,,,sl_too_tight,2022-06-17 20:55:00,2022-06-17 22:30:00,2022-06-17 21:15:00
-1,2022-06-21 14:35:00,asian,1843.518,2022-06-21 15:10:00,2022-06-21 14:35:00,1843.518,1841.228,,,,sl_too_tight,2022-06-21 21:35:00,2022-06-21 22:10:00,2022-06-21 21:35:00
1,2022-06-28 11:20:00,prev_day,1820.228,2022-06-28 13:15:00,2022-06-28 11:15:00,1822.528,1821.723,,,,sl_too_tight,2022-06-28 18:20:00,2022-06-28 20:15:00,2022-06-28 18:15:00
-1,2022-06-30 12:40:00,asian,1824.938,2022-06-30 14:05:00,2022-06-30 12:55:00,1823.674,1821.008,,,,sl_too_tight,2022-06-30 19:40:00,2022-06-30 21:05:00,2022-06-30 19:55:00
-1,2022-07-07 13:50:00,asian,1748.684,2022-07-07 14:50:00,2022-07-07 14:05:00,1749.014,1746.458,,,,sl_too_tight,2022-07-07 20:50:00,2022-07-07 21:50:00,2022-07-07 21:05:00
-1,2022-07-08 14:50:00,prev_day,1752.387,2022-07-08 15:55:00,2022-07-08 14:45:00,1752.387,1748.478,1748.478,1752.54465,1740.3447,signal,2022-07-08 21:50:00,2022-07-08 22:55:00,2022-07-08 21:45:00
1,2022-07-27 13:55:00,asian,1711.315,2022-07-27 15:15:00,2022-07-27 13:50:00,1715.669,1714.221,,,,sl_too_tight,2022-07-27 20:55:00,2022-07-27 22:15:00,2022-07-27 20:50:00
1,2022-07-29 14:00:00,asian,1751.928,2022-07-29 14:40:00,2022-07-29 14:00:00,1755.814,1751.928,1755.814,1751.6899142857144,1764.0621714285714,signal,2022-07-29 21:00:00,2022-07-29 21:40:00,2022-07-29 21:00:00
1,2022-08-02 07:40:00,asian,1768.797,2022-08-02 08:15:00,2022-08-02 07:35:00,1771.577,1768.797,,,,sl_too_tight,2022-08-02 14:40:00,2022-08-02 15:15:00,2022-08-02 14:35:00
-1,2022-08-03 12:30:00,asian,1771.634,2022-08-03 14:00:00,2022-08-03 12:55:00,1772.358,1770.885,,,,sl_too_tight,2022-08-03 19:30:00,2022-08-03 21:00:00,2022-08-03 19:55:00
1,2022-08-23 12:35:00,asian,1730.688,2022-08-23 13:20:00,2022-08-23 12:30:00,1733.958,1730.688,1733.958,1730.481492857143,1740.9110142857144,signal,2022-08-23 19:35:00,2022-08-23 20:20:00,2022-08-23 19:30:00
1,2022-08-24 10:45:00,asian,1743.314,2022-08-24 12:00:00,2022-08-24 11:30:00,1744.627,1742.355,,,,sl_too_tight,2022-08-24 17:45:00,2022-08-24 19:00:00,2022-08-24 18:30:00
1,2022-09-06 08:40:00,asian,1712.758,2022-09-06 10:20:00,2022-09-06 10:00:00,1711.298,1710.593,,,,sl_too_tight,2022-09-06 15:40:00,2022-09-06 17:20:00,2022-09-06 17:00:00
-1,2022-09-14 08:10:00,asian,1705.888,2022-09-14 09:00:00,2022-09-14 08:40:00,1706.068,1704.548,,,,sl_too_tight,2022-09-14 15:10:00,2022-09-14 16:00:00,2022-09-14 15:40:00
1,2022-09-22 07:05:00,asian,1655.536,2022-09-22 07:30:00,2022-09-22 07:00:00,1659.122,1655.828,1659.122,1655.6737857142857,1666.0184285714288,signal,2022-09-22 14:05:00,2022-09-22 14:30:00,2022-09-22 14:00:00
-1,2022-09-27 07:10:00,asian,1639.825,2022-09-27 08:10:00,2022-09-27 07:25:00,1640.478,1639.468,,,,sl_too_tight,2022-09-27 14:10:00,2022-09-27 15:10:00,2022-09-27 14:25:00
-1,2022-09-28 10:25:00,asian,1631.494,2022-09-28 11:25:00,2022-09-28 10:20:00,1631.494,1625.728,,,,price_inside_zone,2022-09-28 17:25:00,2022-09-28 18:25:00,2022-09-28 17:20:00
1,2022-10-03 09:30:00,prev_day,1659.595,2022-10-03 11:00:00,2022-10-03 09:25:00,1663.036,1660.868,,,,sl_too_tight,2022-10-03 16:30:00,2022-10-03 18:00:00,2022-10-03 16:25:00
1,2022-10-07 10:35:00,asian,1706.088,2022-10-07 11:30:00,2022-10-07 10:25:00,1707.968,1706.322,,,,sl_too_tight,2022-10-07 17:35:00,2022-10-07 18:30:00,2022-10-07 17:25:00
1,2022-10-13 07:00:00,asian,1666.964,2022-10-13 07:40:00,2022-10-13 07:00:00,1668.238,1666.964,,,,sl_too_tight,2022-10-13 14:00:00,2022-10-13 14:40:00,2022-10-13 14:00:00
1,2022-10-27 07:00:00,asian,1658.857,2022-10-27 08:00:00,2022-10-27 06:55:00,1662.048,1660.248,,,,sl_too_tight,2022-10-27 14:00:00,2022-10-27 15:00:00,2022-10-27 13:55:00
1,2022-11-08 08:55:00,prev_day,1666.148,2022-11-08 09:55:00,2022-11-08 09:00:00,1666.828,1664.557,,,,sl_too_tight,2022-11-08 15:55:00,2022-11-08 16:55:00,2022-11-08 16:00:00
-1,2022-11-18 07:15:00,asian,1766.188,2022-11-18 08:15:00,2022-11-18 07:45:00,1766.787,1765.308,,,,sl_too_tight,2022-11-18 14:15:00,2022-11-18 15:15:00,2022-11-18 14:45:00
1,2022-11-23 13:30:00,asian,1728.137,2022-11-23 13:30:00,2022-11-23 13:25:00,1734.848,1733.817,,,,sl_too_tight,2022-11-23 20:30:00,2022-11-23 20:30:00,2022-11-23 20:25:00
-1,2022-11-28 07:10:00,asian,1753.978,2022-11-28 07:30:00,2022-11-28 07:10:00,1753.978,1751.947,,,,sl_too_tight,2022-11-28 14:10:00,2022-11-28 14:30:00,2022-11-28 14:10:00
-1,2022-11-29 08:00:00,asian,1755.418,2022-11-29 09:45:00,2022-11-29 08:45:00,1758.648,1756.118,,,,sl_too_tight,2022-11-29 15:00:00,2022-11-29 16:45:00,2022-11-29 15:45:00
-1,2022-11-30 08:50:00,prev_day,1759.108,2022-11-30 10:35:00,2022-11-30 10:05:00,1762.028,1761.218,,,,sl_too_tight,2022-11-30 15:50:00,2022-11-30 17:35:00,2022-11-30 17:05:00
-1,2022-12-06 11:25:00,asian,1776.358,2022-12-06 13:05:00,2022-12-06 12:55:00,1780.728,1780.058,,,,sl_too_tight,2022-12-06 18:25:00,2022-12-06 20:05:00,2022-12-06 19:55:00
-1,2022-12-12 11:45:00,asian,1795.328,2022-12-12 12:55:00,2022-12-12 11:40:00,1795.328,1794.778,,,,sl_too_tight,2022-12-12 18:45:00,2022-12-12 19:55:00,2022-12-12 18:40:00
1,2022-12-14 07:30:00,asian,1807.828,2022-12-14 08:15:00,2022-12-14 08:05:00,1808.558,1806.368,,,,sl_too_tight,2022-12-14 14:30:00,2022-12-14 15:15:00,2022-12-14 15:05:00
-1,2022-12-16 07:00:00,asian,1784.505,2022-12-16 07:45:00,2022-12-16 07:10:00,1784.875,1783.665,,,,sl_too_tight,2022-12-16 14:00:00,2022-12-16 14:45:00,2022-12-16 14:10:00
1,2022-12-19 14:40:00,asian,1788.795,2022-12-19 14:55:00,2022-12-19 14:35:00,1791.925,1788.987,1791.925,1788.8595642857144,1798.055871428571,signal,2022-12-19 21:40:00,2022-12-19 21:55:00,2022-12-19 21:35:00
1,2022-12-21 07:05:00,asian,1811.827,2022-12-21 07:25:00,2022-12-21 07:00:00,1814.077,1811.827,,,,sl_too_tight,2022-12-21 14:05:00,2022-12-21 14:25:00,2022-12-21 14:00:00
1,2022-12-22 07:15:00,asian,1813.537,2022-12-22 07:50:00,2022-12-22 07:10:00,1814.585,1813.605,,,,sl_too_tight,2022-12-22 14:15:00,2022-12-22 14:50:00,2022-12-22 14:10:00
1,2022-12-28 07:15:00,asian,1807.285,2022-12-28 07:55:00,2022-12-28 07:05:00,1808.165,1807.315,,,,sl_too_tight,2022-12-28 14:15:00,2022-12-28 14:55:00,2022-12-28 14:05:00
1,2022-12-29 07:30:00,asian,1804.665,2022-12-29 08:15:00,2022-12-29 07:30:00,1805.885,1804.665,,,,sl_too_tight,2022-12-29 14:30:00,2022-12-29 15:15:00,2022-12-29 14:30:00
1,2022-12-30 10:35:00,asian,1813.175,2022-12-30 11:05:00,2022-12-30 10:30:00,1815.255,1813.175,,,,sl_too_tight,2022-12-30 17:35:00,2022-12-30 18:05:00,2022-12-30 17:30:00
-1,2023-01-06 13:30:00,asian,1843.468,2023-01-06 14:40:00,2023-01-06 13:55:00,1852.475,1849.775,1849.775,1852.8616285714286,1843.601742857143,signal,2023-01-06 20:30:00,2023-01-06 21:40:00,2023-01-06 20:55:00
1,2023-01-12 13:30:00,asian,1872.76,2023-01-12 13:30:00,2023-01-12 13:25:00,1890.918,1886.827,1890.918,1886.5299642857142,1899.6940714285713,signal,2023-01-12 20:30:00,2023-01-12 20:30:00,2023-01-12 20:25:00
1,2023-01-20 14:45:00,asian,1920.508,2023-01-20 15:05:00,2023-01-20 14:30:00,1925.335,1920.615,1925.335,1920.408442857143,1935.1881142857142,signal,2023-01-20 21:45:00,2023-01-20 22:05:00,2023-01-20 21:30:00
1,2023-01-25 10:25:00,asian,1922.605,2023-01-25 11:15:00,2023-01-25 10:10:00,1926.845,1923.635,,,,price_inside_zone,2023-01-25 17:25:00,2023-01-25 18:15:00,2023-01-25 17:10:00
1,2023-01-30 07:45:00,asian,1923.995,2023-01-30 09:20:00,2023-01-30 08:20:00,1922.865,1921.565,,,,sl_too_tight,2023-01-30 14:45:00,2023-01-30 16:20:00,2023-01-30 15:20:00
-1,2023-02-06 08:05:00,asian,1879.075,2023-02-06 09:10:00,2023-02-06 08:15:00,1881.198,1878.565,,,,sl_too_tight,2023-02-06 15:05:00,2023-02-06 16:10:00,2023-02-06 15:15:00
-1,2023-02-07 08:05:00,asian,1877.645,2023-02-07 08:50:00,2023-02-07 08:00:00,1877.645,1875.268,,,,sl_too_tight,2023-02-07 15:05:00,2023-02-07 15:50:00,2023-02-07 15:00:00
1,2023-02-08 14:55:00,asian,1868.898,2023-02-08 15:45:00,2023-02-08 14:45:00,1876.295,1871.355,,,,price_inside_zone,2023-02-08 21:55:00,2023-02-08 22:45:00,2023-02-08 21:45:00
-1,2023-02-10 07:45:00,asian,1866.998,2023-02-10 09:15:00,2023-02-10 08:25:00,1872.035,1869.575,,,,sl_too_tight,2023-02-10 14:45:00,2023-02-10 16:15:00,2023-02-10 15:25:00
-1,2023-02-14 13:35:00,asian,1870.467,2023-02-14 14:25:00,2023-02-14 13:30:00,1870.467,1849.915,1849.915,1871.1057142857144,1807.5335714285711,signal,2023-02-14 20:35:00,2023-02-14 21:25:00,2023-02-14 20:30:00
1,2023-02-28 08:15:00,prev_day,1804.594,2023-02-28 08:50:00,2023-02-28 08:15:00,1807.815,1804.594,1807.815,1804.4159357142858,1814.6131285714287,signal,2023-02-28 15:15:00,2023-02-28 15:50:00,2023-02-28 15:15:00
1,2023-03-02 07:20:00,asian,1830.105,2023-03-02 08:50:00,2023-03-02 08:10:00,1831.285,1829.854,,,,sl_too_tight,2023-03-02 14:20:00,2023-03-02 15:50:00,2023-03-02 15:10:00
-1,2023-03-07 07:30:00,asian,1851.555,2023-03-07 09:10:00,2023-03-07 07:25:00,1851.385,1850.085,,,,sl_too_tight,2023-03-07 14:30:00,2023-03-07 16:10:00,2023-03-07 14:25:00
-1,2023-03-08 07:05:00,asian,1814.255,2023-03-08 09:00:00,2023-03-08 08:05:00,1814.968,1813.688,,,,sl_too_tight,2023-03-08 14:05:00,2023-03-08 16:00:00,2023-03-08 15:05:00
1,2023-03-13 07:00:00,asian,1871.328,2023-03-13 08:10:00,2023-03-13 07:00:00,1874.995,1871.328,1874.995,1871.1480571428572,1882.6888857142853,signal,2023-03-13 14:00:00,2023-03-13 15:10:00,2023-03-13 14:00:00
1,2023-03-20 14:10:00,asian,1965.748,2023-03-20 15:55:00,2023-03-20 14:10:00,1972.605,1965.748,1972.605,1965.5103571428572,1986.7942857142857,signal,2023-03-20 21:10:00,2023-03-20 22:55:00,2023-03-20 21:10:00
1,2023-03-24 08:45:00,asian,1981.135,2023-03-24 09:50:00,2023-03-24 08:40:00,1983.778,1981.135,,,,sl_too_tight,2023-03-24 15:45:00,2023-03-24 16:50:00,2023-03-24 15:40:00
1,2023-03-28 07:00:00,asian,1952.555,2023-03-28 07:25:00,2023-03-28 06:55:00,1956.185,1954.805,,,,sl_too_tight,2023-03-28 14:00:00,2023-03-28 14:25:00,2023-03-28 13:55:00
1,2023-03-29 07:00:00,asian,1959.624,2023-03-29 07:40:00,2023-03-29 07:05:00,1960.865,1958.575,,,,sl_too_tight,2023-03-29 14:00:00,2023-03-29 14:40:00,2023-03-29 14:05:00
-1,2023-03-30 07:05:00,asian,1971.425,2023-03-30 08:10:00,2023-03-30 07:00:00,1971.425,1968.315,1968.315,1971.5564285714286,1961.832142857143,signal,2023-03-30 14:05:00,2023-03-30 15:10:00,2023-03-30 14:00:00
-1,2023-03-30 12:30:00,prev_day,1975.268,2023-03-30 13:25:00,2023-03-30 12:25:00,1974.795,1969.898,1969.898,1975.0523,1959.5893999999996,signal,2023-03-30 19:30:00,2023-03-30 20:25:00,2023-03-30 19:25:00
-1,2023-03-31 12:40:00,asian,1987.485,2023-03-31 13:05:00,2023-03-31 12:30:00,1987.485,1976.258,1976.258,1987.7712357142857,1953.2315285714287,signal,2023-03-31 19:40:00,2023-03-31 20:05:00,2023-03-31 19:30:00
-1,2023-04-11 08:25:00,prev_day,2006.725,2023-04-11 10:15:00,2023-04-11 08:40:00,2006.315,2005.125,,,,sl_too_tight,2023-04-11 15:25:00,2023-04-11 17:15:00,2023-04-11 15:40:00
-1,2023-04-17 07:20:00,asian,2014.885,2023-04-17 07:55:00,2023-04-17 07:05:00,2014.775,2012.655,,,,sl_too_tight,2023-04-17 14:20:00,2023-04-17 14:55:00,2023-04-17 14:05:00
1,2023-04-26 11:40:00,asian,1991.285,2023-04-26 13:20:00,2023-04-26 11:40:00,1998.725,1991.285,1998.725,1991.0210071428571,2014.1329857142855,signal,2023-04-26 18:40:00,2023-04-26 20:20:00,2023-04-26 18:40:00
1,2023-05-01 07:15:00,asian,1978.835,2023-05-01 07:20:00,2023-05-01 07:10:00,1979.565,1979.055,,,,sl_too_tight,2023-05-01 14:15:00,2023-05-01 14:20:00,2023-05-01 14:10:00
1,2023-05-02 07:45:00,asian,1980.315,2023-05-02 09:40:00,2023-05-02 08:15:00,1980.398,1979.248,,,,sl_too_tight,2023-05-02 14:45:00,2023-05-02 16:40:00,2023-05-02 15:15:00
1,2023-05-03 07:30:00,asian,2013.725,2023-05-03 09:30:00,2023-05-03 07:40:00,2014.908,2012.508,,,,sl_too_tight,2023-05-03 14:30:00,2023-05-03 16:30:00,2023-05-03 14:40:00
-1,2023-05-08 10:10:00,asian,2024.994,2023-05-08 11:45:00,2023-05-08 11:00:00,2024.984,2023.854,,,,sl_too_tight,2023-05-08 17:10:00,2023-05-08 18:45:00,2023-05-08 18:00:00
-1,2023-05-12 13:20:00,asian,2020.174,2023-05-12 14:30:00,2023-05-12 13:45:00,2022.494,2018.265,2018.265,2022.7905999999998,2009.2138000000007,signal,2023-05-12 20:20:00,2023-05-12 21:30:00,2023-05-12 20:45:00
-1,2023-05-23 13:55:00,asian,1973.284,2023-05-23 15:20:00,2023-05-23 14:15:00,1973.458,1970.615,1970.615,1973.6408857142858,1964.5632285714285,signal,2023-05-23 20:55:00,2023-05-23 22:20:00,2023-05-23 21:15:00
1,2023-05-24 07:00:00,asian,1970.585,2023-05-24 07:30:00,2023-05-24 06:55:00,1972.665,1971.595,,,,sl_too_tight,2023-05-24 14:00:00,2023-05-24 14:30:00,2023-05-24 13:55:00
-1,2023-05-29 12:55:00,asian,1949.575,2023-05-29 13:40:00,2023-05-29 12:50:00,1949.385,1948.625,,,,sl_too_tight,2023-05-29 19:55:00,2023-05-29 20:40:00,2023-05-29 19:50:00
-1,2023-06-01 11:00:00,asian,1967.938,2023-06-01 12:10:00,2023-06-01 11:55:00,1968.248,1966.895,,,,sl_too_tight,2023-06-01 18:00:00,2023-06-01 19:10:00,2023-06-01 18:55:00
-1,2023-06-06 10:40:00,asian,1964.865,2023-06-06 11:55:00,2023-06-06 10:30:00,1964.795,1962.664,,,,sl_too_tight,2023-06-06 17:40:00,2023-06-06 18:55:00,2023-06-06 17:30:00
-1,2023-06-08 07:55:00,asian,1948.198,2023-06-08 09:35:00,2023-06-08 08:35:00,1948.444,1947.125,,,,sl_too_tight,2023-06-08 14:55:00,2023-06-08 16:35:00,2023-06-08 15:35:00
-1,2023-06-09 12:30:00,prev_day,1972.928,2023-06-09 12:50:00,2023-06-09 12:30:00,1972.928,1964.785,1964.785,1973.142692857143,1948.0696142857144,signal,2023-06-09 19:30:00,2023-06-09 19:50:00,2023-06-09 19:30:00
-1,2023-06-13 12:35:00,prev_day,1970.724,2023-06-13 13:40:00,2023-06-13 12:30:00,1970.724,1949.264,,,,price_inside_zone,2023-06-13 19:35:00,2023-06-13 20:40:00,2023-06-13 19:30:00
1,2023-06-19 07:35:00,asian,1952.685,2023-06-19 07:55:00,2023-06-19 07:40:00,1954.595,1952.965,,,,sl_too_tight,2023-06-19 14:35:00,2023-06-19 14:55:00,2023-06-19 14:40:00
-1,2023-06-23 07:30:00,asian,1918.204,2023-06-23 08:55:00,2023-06-23 08:45:00,1919.965,1919.075,,,,sl_too_tight,2023-06-23 14:30:00,2023-06-23 15:55:00,2023-06-23 15:45:00
-1,2023-06-26 07:30:00,asian,1928.634,2023-06-26 09:30:00,2023-06-26 08:45:00,1933.065,1931.668,,,,sl_too_tight,2023-06-26 14:30:00,2023-06-26 16:30:00,2023-06-26 15:45:00
1,2023-06-26 13:45:00,asian,1921.425,2023-06-26 15:10:00,2023-06-26 13:45:00,1924.795,1921.425,1924.795,1921.3029642857143,1931.7790714285716,signal,2023-06-26 20:45:00,2023-06-26 22:10:00,2023-06-26 20:45:00
1,2023-06-27 11:05:00,asian,1921.305,2023-06-27 12:05:00,2023-06-27 11:25:00,1921.675,1919.605,,,,sl_too_tight,2023-06-27 18:05:00,2023-06-27 19:05:00,2023-06-27 18:25:00
-1,2023-07-28 11:30:00,asian,1957.878,2023-07-28 12:15:00,2023-07-28 12:00:00,1957.875,1956.015,,,,sl_too_tight,2023-07-28 18:30:00,2023-07-28 19:15:00,2023-07-28 19:00:00
1,2023-07-31 08:50:00,asian,1950.655,2023-07-31 09:25:00,2023-07-31 08:45:00,1953.925,1953.125,,,,sl_too_tight,2023-07-31 15:50:00,2023-07-31 16:25:00,2023-07-31 15:45:00
1,2023-08-01 07:10:00,asian,1955.278,2023-08-01 08:50:00,2023-08-01 07:45:00,1956.175,1954.685,,,,sl_too_tight,2023-08-01 14:10:00,2023-08-01 15:50:00,2023-08-01 14:45:00
1,2023-08-01 12:20:00,prev_day,1950.285,2023-08-01 14:00:00,2023-08-01 13:40:00,1946.145,1944.335,,,,sl_too_tight,2023-08-01 19:20:00,2023-08-01 21:00:00,2023-08-01 20:40:00
-1,2023-08-14 07:45:00,asian,1915.245,2023-08-14 09:25:00,2023-08-14 08:15:00,1916.135,1915.005,,,,sl_too_tight,2023-08-14 14:45:00,2023-08-14 16:25:00,2023-08-14 15:15:00
1,2023-08-16 12:50:00,asian,1899.905,2023-08-16 13:35:00,2023-08-16 13:10:00,1901.745,1900.595,,,,sl_too_tight,2023-08-16 19:50:00,2023-08-16 20:35:00,2023-08-16 20:10:00
-1,2023-08-17 07:05:00,asian,1897.435,2023-08-17 08:40:00,2023-08-17 06:55:00,1897.285,1896.215,,,,sl_too_tight,2023-08-17 14:05:00,2023-08-17 15:40:00,2023-08-17 13:55:00
-1,2023-08-21 12:10:00,asian,1895.165,2023-08-21 13:35:00,2023-08-21 12:55:00,1897.485,1896.665,,,,sl_too_tight,2023-08-21 19:10:00,2023-08-21 20:35:00,2023-08-21 19:55:00
1,2023-08-22 13:30:00,asian,1892.945,2023-08-22 14:45:00,2023-08-22 13:50:00,1892.565,1889.765,,,,sl_too_tight,2023-08-22 20:30:00,2023-08-22 21:45:00,2023-08-22 20:50:00
1,2023-08-25 14:00:00,asian,1911.265,2023-08-25 14:00:00,2023-08-25 13:40:00,1914.315,1913.235,,,,sl_too_tight,2023-08-25 21:00:00,2023-08-25 21:00:00,2023-08-25 20:40:00
-1,2023-08-28 13:00:00,asian,1917.798,2023-08-28 13:30:00,2023-08-28 12:55:00,1917.065,1916.345,,,,sl_too_tight,2023-08-28 20:00:00,2023-08-28 20:30:00,2023-08-28 19:55:00
-1,2023-09-06 13:55:00,asian,1929.055,2023-09-06 14:00:00,2023-09-06 13:55:00,1929.055,1927.155,,,,sl_too_tight,2023-09-06 20:55:00,2023-09-06 21:00:00,2023-09-06 20:55:00
1,2023-09-18 14:00:00,asian,1922.678,2023-09-18 15:25:00,2023-09-18 14:00:00,1924.115,1922.678,,,,sl_too_tight,2023-09-18 21:00:00,2023-09-18 22:25:00,2023-09-18 21:00:00
-1,2023-09-25 07:15:00,prev_day,1927.115,2023-09-25 08:15:00,2023-09-25 07:10:00,1927.115,1925.915,,,,sl_too_tight,2023-09-25 14:15:00,2023-09-25 15:15:00,2023-09-25 14:10:00
-1,2023-09-28 07:20:00,asian,1878.145,2023-09-28 08:25:00,2023-09-28 07:15:00,1878.145,1876.335,,,,sl_too_tight,2023-09-28 14:20:00,2023-09-28 15:25:00,2023-09-28 14:15:00
-1,2023-09-29 07:00:00,asian,1870.635,2023-09-29 08:40:00,2023-09-29 07:35:00,1873.805,1872.065,,,,sl_too_tight,2023-09-29 14:00:00,2023-09-29 15:40:00,2023-09-29 14:35:00
-1,2023-09-29 13:15:00,prev_day,1879.765,2023-09-29 14:05:00,2023-09-29 13:10:00,1878.645,1875.168,1875.168,1878.9176071428572,1867.6687857142854,signal,2023-09-29 20:15:00,2023-09-29 21:05:00,2023-09-29 20:10:00
-1,2023-10-06 10:20:00,asian,1825.025,2023-10-06 11:30:00,2023-10-06 10:10:00,1824.985,1823.415,,,,sl_too_tight,2023-10-06 17:20:00,2023-10-06 18:30:00,2023-10-06 17:10:00
1,2023-10-09 12:45:00,asian,1844.885,2023-10-09 14:15:00,2023-10-09 13:15:00,1846.265,1844.135,,,,sl_too_tight,2023-10-09 19:45:00,2023-10-09 21:15:00,2023-10-09 20:15:00
1,2023-10-10 11:10:00,asian,1854.985,2023-10-10 11:55:00,2023-10-10 11:20:00,1856.205,1854.815,,,,sl_too_tight,2023-10-10 18:10:00,2023-10-10 18:55:00,2023-10-10 18:20:00
1,2023-10-16 07:00:00,asian,1908.085,2023-10-16 08:00:00,2023-10-16 07:00:00,1909.935,1908.085,,,,sl_too_tight,2023-10-16 14:00:00,2023-10-16 15:00:00,2023-10-16 14:00:00
-1,2023-10-23 07:45:00,prev_day,1979.675,2023-10-23 09:35:00,2023-10-23 09:00:00,1982.715,1981.268,,,,sl_too_tight,2023-10-23 14:45:00,2023-10-23 16:35:00,2023-10-23 16:00:00
-1,2023-10-25 13:15:00,asian,1978.505,2023-10-25 14:20:00,2023-10-25 13:50:00,1987.115,1981.498,1981.498,1987.4251285714286,1969.643742857143,signal,2023-10-25 20:15:00,2023-10-25 21:20:00,2023-10-25 20:50:00
-1,2023-11-02 08:45:00,asian,1988.355,2023-11-02 10:05:00,2023-11-02 09:15:00,1989.465,1988.108,,,,sl_too_tight,2023-11-02 15:45:00,2023-11-02 17:05:00,2023-11-02 16:15:00
1,2023-11-10 07:15:00,asian,1955.025,2023-11-10 08:25:00,2023-11-10 07:20:00,1955.505,1953.595,,,,sl_too_tight,2023-11-10 14:15:00,2023-11-10 15:25:00,2023-11-10 14:20:00
1,2023-11-14 13:30:00,asian,1937.978,2023-11-14 14:15:00,2023-11-14 13:25:00,1946.495,1944.245,,,,sl_too_tight,2023-11-14 20:30:00,2023-11-14 21:15:00,2023-11-14 20:25:00
-1,2023-11-16 07:00:00,asian,1967.585,2023-11-16 08:10:00,2023-11-16 06:55:00,1967.175,1966.075,,,,sl_too_tight,2023-11-16 14:00:00,2023-11-16 15:10:00,2023-11-16 13:55:00
1,2023-11-17 15:00:00,asian,1979.295,2023-11-17 15:35:00,2023-11-17 14:50:00,1982.345,1979.475,1982.345,1979.28495,1988.4651000000001,signal,2023-11-17 22:00:00,2023-11-17 22:35:00,2023-11-17 21:50:00
-1,2023-11-23 07:35:00,asian,1998.408,2023-11-23 09:15:00,2023-11-23 07:30:00,1998.075,1996.735,,,,sl_too_tight,2023-11-23 14:35:00,2023-11-23 16:15:00,2023-11-23 14:30:00
1,2023-12-08 08:55:00,asian,2026.425,2023-12-08 10:05:00,2023-12-08 08:50:00,2029.015,2026.875,,,,sl_too_tight,2023-12-08 15:55:00,2023-12-08 17:05:00,2023-12-08 15:50:00
-1,2023-12-12 13:05:00,asian,1989.525,2023-12-12 13:40:00,2023-12-12 13:25:00,1991.695,1989.075,,,,sl_too_tight,2023-12-12 20:05:00,2023-12-12 20:40:00,2023-12-12 20:25:00
1,2023-12-14 07:35:00,asian,2029.165,2023-12-14 08:20:00,2023-12-14 07:35:00,2031.245,2029.165,,,,sl_too_tight,2023-12-14 14:35:00,2023-12-14 15:20:00,2023-12-14 14:35:00
1,2023-12-15 13:40:00,prev_day,2026.865,2023-12-15 15:10:00,2023-12-15 13:40:00,2032.265,2026.865,2032.265,2026.5749714285714,2043.6450571428575,signal,2023-12-15 20:40:00,2023-12-15 22:10:00,2023-12-15 20:40:00
-1,2023-12-18 08:45:00,asian,2026.155,2023-12-18 09:50:00,2023-12-18 09:10:00,2026.035,2025.255,,,,sl_too_tight,2023-12-18 15:45:00,2023-12-18 16:50:00,2023-12-18 16:10:00
1,2023-12-27 10:40:00,asian,2061.385,2023-12-27 12:25:00,2023-12-27 10:30:00,2063.915,2061.385,,,,sl_too_tight,2023-12-27 17:40:00,2023-12-27 19:25:00,2023-12-27 17:30:00
1,2023-12-28 08:20:00,asian,2078.504,2023-12-28 10:00:00,2023-12-28 09:10:00,2075.545,2072.994,,,,sl_too_tight,2023-12-28 15:20:00,2023-12-28 17:00:00,2023-12-28 16:10:00
1,2024-01-08 09:15:00,asian,2026.465,2024-01-08 09:45:00,2024-01-08 09:15:00,2028.395,2026.465,,,,sl_too_tight,2024-01-08 16:15:00,2024-01-08 16:45:00,2024-01-08 16:15:00
-1,2024-01-11 07:25:00,asian,2035.655,2024-01-11 08:00:00,2024-01-11 07:25:00,2035.655,2034.495,,,,sl_too_tight,2024-01-11 14:25:00,2024-01-11 15:00:00,2024-01-11 14:25:00
-1,2024-01-11 13:30:00,prev_day,2043.864,2024-01-11 13:35:00,2024-01-11 13:20:00,2039.485,2033.395,2033.395,2039.8114999999998,2020.5620000000004,signal,2024-01-11 20:30:00,2024-01-11 20:35:00,2024-01-11 20:20:00
-1,2024-01-18 07:15:00,asian,2014.045,2024-01-18 08:05:00,2024-01-18 07:10:00,2014.045,2012.765,,,,sl_too_tight,2024-01-18 14:15:00,2024-01-18 15:05:00,2024-01-18 14:10:00
-1,2024-01-25 07:30:00,asian,2018.225,2024-01-25 08:15:00,2024-01-25 07:30:00,2018.225,2016.065,,,,sl_too_tight,2024-01-25 14:30:00,2024-01-25 15:15:00,2024-01-25 14:30:00
-1,2024-01-26 11:00:00,asian,2024.245,2024-01-26 12:25:00,2024-01-26 11:30:00,2024.545,2023.335,,,,sl_too_tight,2024-01-26 18:00:00,2024-01-26 19:25:00,2024-01-26 18:30:00
-1,2024-01-26 13:30:00,prev_day,2026.715,2024-01-26 15:00:00,2024-01-26 13:15:00,2023.895,2022.645,,,,sl_too_tight,2024-01-26 20:30:00,2024-01-26 22:00:00,2024-01-26 20:15:00
1,2024-02-02 13:25:00,asian,2051.568,2024-02-02 14:45:00,2024-02-02 14:00:00,2031.645,2027.635,2031.645,2027.29695,2040.3411,signal,2024-02-02 20:25:00,2024-02-02 21:45:00,2024-02-02 21:00:00
1,2024-02-07 08:40:00,asian,2031.138,2024-02-07 09:30:00,2024-02-07 08:35:00,2032.345,2031.138,,,,sl_too_tight,2024-02-07 15:40:00,2024-02-07 16:30:00,2024-02-07 15:35:00
1,2024-02-08 08:15:00,asian,2030.905,2024-02-08 09:40:00,2024-02-08 08:40:00,2029.588,2028.835,,,,sl_too_tight,2024-02-08 15:15:00,2024-02-08 16:40:00,2024-02-08 15:40:00
-1,2024-02-09 13:30:00,asian,2037.058,2024-02-09 14:20:00,2024-02-09 13:30:00,2037.058,2026.055,2026.055,2037.3424,2003.4802000000002,signal,2024-02-09 20:30:00,2024-02-09 21:20:00,2024-02-09 20:30:00
-1,2024-02-12 08:20:00,asian,2026.995,2024-02-12 09:05:00,2024-02-12 08:20:00,2026.995,2026.205,,,,sl_too_tight,2024-02-12 15:20:00,2024-02-12 16:05:00,2024-02-12 15:20:00
1,2024-03-01 08:15:00,asian,2042.635,2024-03-01 10:05:00,2024-03-01 08:45:00,2040.455,2039.135,,,,sl_too_tight,2024-03-01 15:15:00,2024-03-01 17:05:00,2024-03-01 15:45:00
1,2024-03-14 11:45:00,asian,2167.065,2024-03-14 12:40:00,2024-03-14 12:30:00,2167.715,2161.678,2167.715,2161.4641428571426,2180.216714285715,signal,2024-03-14 18:45:00,2024-03-14 19:40:00,2024-03-14 19:30:00
1,2024-03-15 12:50:00,asian,2157.475,2024-03-15 14:15:00,2024-03-15 13:30:00,2158.835,2156.435,,,,sl_too_tight,2024-03-15 19:50:00,2024-03-15 21:15:00,2024-03-15 20:30:00
-1,2024-03-20 14:15:00,prev_day,2164.755,2024-03-20 15:35:00,2024-03-20 14:05:00,2164.755,2162.595,,,,sl_too_tight,2024-03-20 21:15:00,2024-03-20 22:35:00,2024-03-20 21:05:00
1,2024-04-01 14:05:00,prev_day,2234.295,2024-04-01 15:25:00,2024-04-01 14:35:00,2234.265,2229.765,2234.265,2229.453407142857,2243.8881857142856,signal,2024-04-01 21:05:00,2024-04-01 22:25:00,2024-04-01 21:35:00
1,2024-04-04 07:15:00,asian,2292.875,2024-04-04 07:30:00,2024-04-04 07:10:00,2295.365,2293.585,,,,sl_too_tight,2024-04-04 14:15:00,2024-04-04 14:30:00,2024-04-04 14:10:00
1,2024-04-10 12:35:00,prev_day,2328.0,2024-04-10 14:20:00,2024-04-10 13:10:00,2332.155,2321.825,2332.155,2321.191742857143,2354.081514285715,signal,2024-04-10 19:35:00,2024-04-10 21:20:00,2024-04-10 20:10:00
-1,2024-04-11 13:45:00,asian,2347.135,2024-04-11 14:15:00,2024-04-11 13:45:00,2347.135,2342.815,2342.815,2347.50595,2333.4330999999997,signal,2024-04-11 20:45:00,2024-04-11 21:15:00,2024-04-11 20:45:00
1,2024-04-15 08:45:00,asian,2344.615,2024-04-15 10:00:00,2024-04-15 08:30:00,2349.665,2344.885,2349.665,2344.700642857143,2359.5937142857138,signal,2024-04-15 15:45:00,2024-04-15 17:00:00,2024-04-15 15:30:00
1,2024-04-19 11:10:00,asian,2372.805,2024-04-19 12:25:00,2024-04-19 11:10:00,2378.635,2372.805,2378.635,2372.555357142857,2390.794285714287,signal,2024-04-19 18:10:00,2024-04-19 19:25:00,2024-04-19 18:10:00
-1,2024-05-03 12:40:00,asian,2320.548,2024-05-03 13:30:00,2024-05-03 12:30:00,2320.548,2295.658,2295.658,2321.3804785714283,2244.213042857143,signal,2024-05-03 19:40:00,2024-05-03 20:30:00,2024-05-03 19:30:00
1,2024-05-07 07:15:00,asian,2317.635,2024-05-07 07:40:00,2024-05-07 07:15:00,2319.175,2317.635,,,,sl_too_tight,2024-05-07 14:15:00,2024-05-07 14:40:00,2024-05-07 14:15:00
-1,2024-05-14 09:00:00,asian,2345.965,2024-05-14 10:25:00,2024-05-14 09:15:00,2348.108,2346.625,,,,sl_too_tight,2024-05-14 16:00:00,2024-05-14 17:25:00,2024-05-14 16:15:00
1,2024-05-15 13:55:00,asian,2351.735,2024-05-15 14:40:00,2024-05-15 13:50:00,2359.405,2351.735,2359.405,2351.2926142857145,2375.6297714285715,signal,2024-05-15 20:55:00,2024-05-15 21:40:00,2024-05-15 20:50:00
1,2024-05-16 07:15:00,asian,2384.545,2024-05-16 07:20:00,2024-05-16 07:10:00,2386.975,2384.545,,,,sl_too_tight,2024-05-16 14:15:00,2024-05-16 14:20:00,2024-05-16 14:10:00
-1,2024-05-24 07:15:00,asian,2340.495,2024-05-24 08:00:00,2024-05-24 07:10:00,2340.158,2338.385,,,,sl_too_tight,2024-05-24 14:15:00,2024-05-24 15:00:00,2024-05-24 14:10:00
1,2024-05-28 08:25:00,asian,2340.155,2024-05-28 10:10:00,2024-05-28 08:15:00,2341.965,2340.155,,,,sl_too_tight,2024-05-28 15:25:00,2024-05-28 17:10:00,2024-05-28 15:15:00
1,2024-05-29 11:50:00,prev_day,2338.435,2024-05-29 13:20:00,2024-05-29 12:50:00,2341.605,2334.438,2341.605,2334.1387285714286,2356.537542857143,signal,2024-05-29 18:50:00,2024-05-29 20:20:00,2024-05-29 19:50:00
-1,2024-06-03 10:40:00,asian,2333.128,2024-06-03 12:00:00,2024-06-03 10:40:00,2333.128,2328.355,2328.355,2333.2492214285717,2318.5665571428567,signal,2024-06-03 17:40:00,2024-06-03 19:00:00,2024-06-03 17:40:00
-1,2024-06-13 12:35:00,asian,2326.495,2024-06-13 13:50:00,2024-06-13 12:30:00,2319.964,2305.684,,,,price_inside_zone,2024-06-13 19:35:00,2024-06-13 20:50:00,2024-06-13 19:30:00
-1,2024-06-14 07:00:00,asian,2313.248,2024-06-14 07:20:00,2024-06-14 06:55:00,2312.675,2311.165,,,,sl_too_tight,2024-06-14 14:00:00,2024-06-14 14:20:00,2024-06-14 13:55:00
-1,2024-06-18 13:50:00,asian,2326.035,2024-06-18 15:00:00,2024-06-18 13:55:00,2327.625,2323.898,2323.898,2327.8447,2316.0046,signal,2024-06-18 20:50:00,2024-06-18 22:00:00,2024-06-18 20:55:00
1,2024-06-19 11:15:00,asian,2325.715,2024-06-19 11:35:00,2024-06-19 11:05:00,2326.945,2325.715,,,,sl_too_tight,2024-06-19 18:15:00,2024-06-19 18:35:00,2024-06-19 18:05:00
1,2024-06-21 07:05:00,asian,2356.605,2024-06-21 08:20:00,2024-06-21 07:20:00,2357.085,2355.455,,,,sl_too_tight,2024-06-21 14:05:00,2024-06-21 15:20:00,2024-06-21 14:20:00
-1,2024-06-25 10:05:00,prev_day,2335.305,2024-06-25 11:05:00,2024-06-25 10:20:00,2336.808,2334.898,,,,sl_too_tight,2024-06-25 17:05:00,2024-06-25 18:05:00,2024-06-25 17:20:00
1,2024-07-05 12:30:00,asian,2347.515,2024-07-05 13:10:00,2024-07-05 12:25:00,2367.115,2365.938,,,,sl_too_tight,2024-07-05 19:30:00,2024-07-05 20:10:00,2024-07-05 19:25:00
-1,2024-07-09 14:00:00,asian,2371.358,2024-07-09 14:55:00,2024-07-09 13:50:00,2367.765,2366.405,,,,sl_too_tight,2024-07-09 21:00:00,2024-07-09 21:55:00,2024-07-09 20:50:00
1,2024-07-12 07:30:00,asian,2400.165,2024-07-12 08:00:00,2024-07-12 07:25:00,2402.105,2400.165,,,,sl_too_tight,2024-07-12 14:30:00,2024-07-12 15:00:00,2024-07-12 14:25:00
1,2024-07-15 07:00:00,asian,2401.325,2024-07-15 07:50:00,2024-07-15 07:05:00,2403.275,2401.225,,,,sl_too_tight,2024-07-15 14:00:00,2024-07-15 14:50:00,2024-07-15 14:05:00
-1,2024-07-18 07:15:00,asian,2474.805,2024-07-18 08:25:00,2024-07-18 07:05:00,2474.805,2473.008,,,,sl_too_tight,2024-07-18 14:15:00,2024-07-18 15:25:00,2024-07-18 14:05:00
-1,2024-08-01 14:05:00,asian,2462.125,2024-08-01 14:20:00,2024-08-01 14:00:00,2462.125,2453.094,2453.094,2462.6009785714286,2434.080042857143,signal,2024-08-01 21:05:00,2024-08-01 21:20:00,2024-08-01 21:00:00
1,2024-08-02 14:40:00,asian,2434.035,2024-08-02 15:50:00,2024-08-02 15:10:00,2426.988,2411.385,2426.988,2410.697992857143,2459.568014285713,signal,2024-08-02 21:40:00,2024-08-02 22:50:00,2024-08-02 22:10:00
-1,2024-08-14 08:45:00,prev_day,2478.615,2024-08-14 10:15:00,2024-08-14 08:40:00,2478.615,2473.935,2473.935,2478.7572857142854,2464.290428571429,signal,2024-08-14 15:45:00,2024-08-14 17:15:00,2024-08-14 15:40:00
1,2024-08-19 10:25:00,asian,2493.025,2024-08-19 11:45:00,2024-08-19 11:20:00,2488.615,2486.415,,,,sl_too_tight,2024-08-19 17:25:00,2024-08-19 18:45:00,2024-08-19 18:20:00
1,2024-09-06 12:10:00,asian,2512.595,2024-09-06 12:30:00,2024-09-06 12:25:00,2517.125,2514.735,,,,sl_too_tight,2024-09-06 19:10:00,2024-09-06 19:30:00,2024-09-06 19:25:00
1,2024-09-10 08:30:00,asian,2500.024,2024-09-10 09:30:00,2024-09-10 08:30:00,2502.075,2500.024,,,,sl_too_tight,2024-09-10 15:30:00,2024-09-10 16:30:00,2024-09-10 15:30:00
1,2024-09-16 10:55:00,prev_day,2575.115,2024-09-16 11:50:00,2024-09-16 10:50:00,2578.555,2575.115,2578.555,2574.958214285714,2585.7485714285717,signal,2024-09-16 17:55:00,2024-09-16 18:50:00,2024-09-16 17:50:00
-1,2024-09-18 10:40:00,asian,2577.385,2024-09-18 12:30:00,2024-09-18 11:40:00,2579.945,2577.685,,,,sl_too_tight,2024-09-18 17:40:00,2024-09-18 19:30:00,2024-09-18 18:40:00
1,2024-09-23 07:40:00,asian,2614.528,2024-09-23 09:35:00,2024-09-23 07:45:00,2616.665,2613.685,2616.665,2613.5398999999998,2622.9152000000004,signal,2024-09-23 14:40:00,2024-09-23 16:35:00,2024-09-23 14:45:00
-1,2024-09-23 13:40:00,asian,2631.655,2024-09-23 15:00:00,2024-09-23 14:25:00,2634.715,2632.845,,,,sl_too_tight,2024-09-23 20:40:00,2024-09-23 22:00:00,2024-09-23 21:25:00
-1,2024-10-01 13:35:00,prev_day,2668.185,2024-10-01 15:05:00,2024-10-01 13:50:00,2670.504,2664.865,2664.865,2670.9471642857143,2652.700671428571,signal,2024-10-01 20:35:00,2024-10-01 22:05:00,2024-10-01 20:50:00
1,2024-10-02 12:25:00,asian,2643.648,2024-10-02 12:30:00,2024-10-02 12:25:00,2650.595,2643.648,2650.595,2643.405885714286,2664.9732285714276,signal,2024-10-02 19:25:00,2024-10-02 19:30:00,2024-10-02 19:25:00
-1,2024-10-08 11:10:00,asian,2648.565,2024-10-08 12:30:00,2024-10-08 12:10:00,2652.265,2648.795,2648.795,2652.537792857143,2641.3094142857144,signal,2024-10-08 18:10:00,2024-10-08 19:30:00,2024-10-08 19:10:00
1,2024-10-17 12:30:00,asian,2672.914,2024-10-17 13:05:00,2024-10-17 12:30:00,2679.265,2672.914,2679.265,2672.6246285714287,2692.545742857142,signal,2024-10-17 19:30:00,2024-10-17 20:05:00,2024-10-17 19:30:00
-1,2024-10-24 07:15:00,asian,2736.948,2024-10-24 07:45:00,2024-10-24 07:10:00,2736.465,2735.248,,,,sl_too_tight,2024-10-24 14:15:00,2024-10-24 14:45:00,2024-10-24 14:10:00
1,2024-10-30 12:15:00,asian,2773.125,2024-10-30 12:45:00,2024-10-30 12:15:00,2777.478,2773.125,2777.478,2772.909842857143,2786.6143142857145,signal,2024-10-30 19:15:00,2024-10-30 19:45:00,2024-10-30 19:15:00
-1,2024-11-01 12:30:00,asian,2758.998,2024-11-01 14:20:00,2024-11-01 13:05:00,2761.345,2757.534,2757.534,2761.6930285714284,2749.2159428571435,signal,2024-11-01 19:30:00,2024-11-01 21:20:00,2024-11-01 20:05:00
-1,2024-11-05 14:35:00,prev_day,2749.875,2024-11-05 15:00:00,2024-11-05 14:30:00,2749.628,2746.528,2746.528,2749.904578571429,2739.7748428571417,signal,2024-11-05 21:35:00,2024-11-05 22:00:00,2024-11-05 21:30:00
-1,2024-11-13 13:30:00,asian,2618.628,2024-11-13 14:35:00,2024-11-13 13:30:00,2618.628,2608.415,2608.415,2619.050321428572,2587.1443571428563,signal,2024-11-13 20:30:00,2024-11-13 21:35:00,2024-11-13 20:30:00
-1,2024-11-15 11:50:00,asian,2573.158,2024-11-15 12:15:00,2024-11-15 11:45:00,2573.158,2571.498,,,,sl_too_tight,2024-11-15 18:50:00,2024-11-15 19:15:00,2024-11-15 18:45:00
1,2024-12-04 08:35:00,asian,2636.515,2024-12-04 09:25:00,2024-12-04 08:30:00,2638.905,2637.635,,,,sl_too_tight,2024-12-04 15:35:00,2024-12-04 16:25:00,2024-12-04 15:30:00
-1,2024-12-06 08:55:00,asian,2645.065,2024-12-06 10:05:00,2024-12-06 09:05:00,2645.535,2642.818,,,,sl_too_tight,2024-12-06 15:55:00,2024-12-06 17:05:00,2024-12-06 16:05:00
-1,2024-12-19 07:20:00,asian,2618.425,2024-12-19 08:00:00,2024-12-19 07:25:00,2622.435,2617.215,2617.215,2622.7129214285715,2606.2191571428575,signal,2024-12-19 14:20:00,2024-12-19 15:00:00,2024-12-19 14:25:00
-1,2024-12-27 07:10:00,asian,2637.298,2024-12-27 07:55:00,2024-12-27 07:30:00,2638.105,2635.105,2635.105,2638.2634714285714,2628.7880571428573,signal,2024-12-27 14:10:00,2024-12-27 14:55:00,2024-12-27 14:30:00
1,2025-01-03 07:05:00,asian,2655.428,2025-01-03 09:00:00,2025-01-03 08:45:00,2653.335,2649.925,2653.335,2649.7175142857145,2660.569971428571,signal,2025-01-03 14:05:00,2025-01-03 16:00:00,2025-01-03 15:45:00
-1,2025-01-06 11:35:00,asian,2647.954,2025-01-06 13:25:00,2025-01-06 11:40:00,2649.265,2643.848,2643.848,2649.567892857143,2632.408214285714,signal,2025-01-06 18:35:00,2025-01-06 20:25:00,2025-01-06 18:40:00
1,2025-01-10 13:35:00,asian,2663.205,2025-01-10 13:55:00,2025-01-10 13:30:00,2676.608,2663.205,2676.608,2662.7452785714286,2704.3334428571434,signal,2025-01-10 20:35:00,2025-01-10 20:55:00,2025-01-10 20:30:00
1,2025-01-17 07:50:00,asian,2708.525,2025-01-17 08:40:00,2025-01-17 07:45:00,2710.479,2709.508,,,,sl_too_tight,2025-01-17 14:50:00,2025-01-17 15:40:00,2025-01-17 14:45:00
1,2025-01-31 08:55:00,asian,2791.385,2025-01-31 09:30:00,2025-01-31 08:50:00,2793.745,2792.548,,,,sl_too_tight,2025-01-31 15:55:00,2025-01-31 16:30:00,2025-01-31 15:50:00
-1,2025-02-17 09:15:00,asian,2905.955,2025-02-17 10:20:00,2025-02-17 09:20:00,2906.215,2903.095,2903.095,2906.368885714286,2896.5472285714272,signal,2025-02-17 16:15:00,2025-02-17 17:20:00,2025-02-17 16:20:00
-1,2025-03-03 12:35:00,prev_day,2877.478,2025-03-03 13:00:00,2025-03-03 12:30:00,2877.295,2875.855,,,,sl_too_tight,2025-03-03 19:35:00,2025-03-03 20:00:00,2025-03-03 19:30:00
-1,2025-03-11 13:50:00,prev_day,2922.048,2025-03-11 14:30:00,2025-03-11 13:45:00,2922.048,2917.525,2917.525,2922.402614285714,2907.769771428572,signal,2025-03-11 20:50:00,2025-03-11 21:30:00,2025-03-11 20:45:00
1,2025-03-13 07:10:00,asian,2934.575,2025-03-13 08:10:00,2025-03-13 07:40:00,2934.695,2933.425,,,,sl_too_tight,2025-03-13 14:10:00,2025-03-13 15:10:00,2025-03-13 14:40:00
1,2025-03-19 08:40:00,asian,3026.765,2025-03-19 10:15:00,2025-03-19 09:00:00,3027.218,3024.128,3027.218,3023.9661214285716,3033.7217571428564,signal,2025-03-19 15:40:00,2025-03-19 17:15:00,2025-03-19 16:00:00
-1,2025-03-24 07:10:00,asian,3026.315,2025-03-24 07:30:00,2025-03-24 07:20:00,3028.725,3026.165,,,,sl_too_tight,2025-03-24 14:10:00,2025-03-24 14:30:00,2025-03-24 14:20:00
-1,2025-03-25 14:10:00,prev_day,3035.905,2025-03-25 14:55:00,2025-03-25 14:05:00,3035.905,3033.605,,,,sl_too_tight,2025-03-25 21:10:00,2025-03-25 21:55:00,2025-03-25 21:05:00
-1,2025-03-26 07:05:00,asian,3027.348,2025-03-26 08:50:00,2025-03-26 08:00:00,3031.945,3030.318,,,,sl_too_tight,2025-03-26 14:05:00,2025-03-26 15:50:00,2025-03-26 15:00:00
-1,2025-04-08 11:50:00,asian,3016.825,2025-04-08 12:20:00,2025-04-08 11:55:00,3019.345,3014.682,3014.682,3019.760707142857,3004.5245857142854,signal,2025-04-08 18:50:00,2025-04-08 19:20:00,2025-04-08 18:55:00
1,2025-04-14 10:25:00,prev_day,3206.035,2025-04-14 12:00:00,2025-04-14 10:30:00,3210.935,3206.025,3210.935,3205.7140714285715,3221.376857142857,signal,2025-04-14 17:25:00,2025-04-14 19:00:00,2025-04-14 17:30:00
1,2025-04-29 12:20:00,asian,3300.265,2025-04-29 12:50:00,2025-04-29 12:15:00,3309.995,3305.715,3309.995,3305.281428571429,3319.422142857142,signal,2025-04-29 19:20:00,2025-04-29 19:50:00,2025-04-29 19:15:00
-1,2025-05-09 07:10:00,asian,3331.995,2025-05-09 08:15:00,2025-05-09 07:05:00,3329.515,3326.535,3326.535,3329.8850714285713,3319.834857142857,signal,2025-05-09 14:10:00,2025-05-09 15:15:00,2025-05-09 14:05:00
-1,2025-05-23 07:00:00,asian,3332.648,2025-05-23 08:00:00,2025-05-23 07:45:00,3334.135,3330.395,3330.395,3334.40855,3322.3678999999997,signal,2025-05-23 14:00:00,2025-05-23 15:00:00,2025-05-23 14:45:00
-1,2025-05-23 11:50:00,prev_day,3349.448,2025-05-23 13:30:00,2025-05-23 13:00:00,3364.398,3356.725,3356.725,3365.1131285714287,3339.9487428571424,signal,2025-05-23 18:50:00,2025-05-23 20:30:00,2025-05-23 20:00:00
1,2025-06-03 12:05:00,asian,3349.935,2025-06-03 12:40:00,2025-06-03 12:15:00,3353.905,3350.188,3353.905,3349.8584571428573,3361.998085714286,signal,2025-06-03 19:05:00,2025-06-03 19:40:00,2025-06-03 19:15:00
1,2025-06-16 07:20:00,asian,3409.165,2025-06-16 08:15:00,2025-06-16 07:10:00,3415.648,3409.165,3415.648,3408.8254357142855,3429.2931285714294,signal,2025-06-16 14:20:00,2025-06-16 15:15:00,2025-06-16 14:10:00
-1,2025-06-25 07:40:00,asian,3335.798,2025-06-25 09:05:00,2025-06-25 07:40:00,3335.798,3332.765,3332.765,3335.9948142857143,3326.305371428571,signal,2025-06-25 14:40:00,2025-06-25 16:05:00,2025-06-25 14:40:00
1,2025-06-26 13:40:00,prev_day,3309.695,2025-06-26 13:45:00,2025-06-26 13:35:00,3315.148,3309.695,3315.148,3309.066685714286,3327.3106285714284,signal,2025-06-26 20:40:00,2025-06-26 20:45:00,2025-06-26 20:35:00
1,2025-07-02 07:10:00,asian,3327.805,2025-07-02 08:15:00,2025-07-02 07:20:00,3330.398,3327.448,3330.398,3327.187457142857,3336.8190857142863,signal,2025-07-02 14:10:00,2025-07-02 15:15:00,2025-07-02 14:20:00
-1,2025-07-10 07:10:00,asian,3329.285,2025-07-10 07:40:00,2025-07-10 07:05:00,3329.285,3326.725,,,,sl_too_tight,2025-07-10 14:10:00,2025-07-10 14:40:00,2025-07-10 14:05:00
-1,2025-07-16 08:10:00,asian,3342.215,2025-07-16 10:05:00,2025-07-16 09:00:00,3342.455,3341.305,,,,sl_too_tight,2025-07-16 15:10:00,2025-07-16 17:05:00,2025-07-16 16:00:00
1,2025-07-17 07:20:00,asian,3327.675,2025-07-17 08:20:00,2025-07-17 07:55:00,3326.715,3324.955,,,,sl_too_tight,2025-07-17 14:20:00,2025-07-17 15:20:00,2025-07-17 14:55:00
-1,2025-07-30 09:55:00,asian,3333.815,2025-07-30 10:15:00,2025-07-30 09:50:00,3333.035,3330.565,,,,sl_too_tight,2025-07-30 16:55:00,2025-07-30 17:15:00,2025-07-30 16:50:00
-1,2025-07-31 07:55:00,asian,3309.505,2025-07-31 09:25:00,2025-07-31 08:20:00,3314.705,3310.548,3310.548,3314.9643071428573,3301.715385714285,signal,2025-07-31 14:55:00,2025-07-31 16:25:00,2025-07-31 15:20:00
-1,2025-08-13 07:25:00,prev_day,3360.598,2025-08-13 08:00:00,2025-08-13 07:30:00,3360.798,3358.498,,,,sl_too_tight,2025-08-13 14:25:00,2025-08-13 15:00:00,2025-08-13 14:30:00
-1,2025-08-20 07:20:00,asian,3327.295,2025-08-20 08:10:00,2025-08-20 07:15:00,3327.295,3325.348,,,,sl_too_tight,2025-08-20 14:20:00,2025-08-20 15:10:00,2025-08-20 14:15:00
1,2025-08-29 07:25:00,asian,3406.515,2025-08-29 08:00:00,2025-08-29 07:30:00,3408.065,3406.215,,,,sl_too_tight,2025-08-29 14:25:00,2025-08-29 15:00:00,2025-08-29 14:30:00
1,2025-09-05 08:15:00,asian,3544.695,2025-09-05 09:15:00,2025-09-05 08:55:00,3546.355,3544.605,,,,sl_too_tight,2025-09-05 15:15:00,2025-09-05 16:15:00,2025-09-05 15:55:00
-1,2025-09-25 07:40:00,asian,3751.905,2025-09-25 09:25:00,2025-09-25 08:15:00,3761.425,3757.109,3757.109,3761.7182142857146,3747.8905714285706,signal,2025-09-25 14:40:00,2025-09-25 16:25:00,2025-09-25 15:15:00
1,2025-09-25 13:55:00,asian,3721.915,2025-09-25 14:20:00,2025-09-25 13:45:00,3728.775,3721.915,3728.775,3721.283907142857,3743.757185714286,signal,2025-09-25 20:55:00,2025-09-25 21:20:00,2025-09-25 20:45:00
1,2025-11-20 08:20:00,asian,4038.605,2025-11-20 08:55:00,2025-11-20 08:15:00,4050.355,4042.315,4050.355,4041.5735,4067.918,signal,2025-11-20 15:20:00,2025-11-20 15:55:00,2025-11-20 15:15:00
1,2025-11-25 08:35:00,asian,4121.115,2025-11-25 10:00:00,2025-11-25 08:50:00,4124.155,4109.415,4124.155,4108.925278571429,4154.6144428571415,signal,2025-11-25 15:35:00,2025-11-25 17:00:00,2025-11-25 15:50:00
1,2025-11-28 08:05:00,asian,4161.485,2025-11-28 10:05:00,2025-11-28 08:20:00,4167.476,4161.169,4167.476,4160.5993285714285,4181.229342857142,signal,2025-11-28 15:05:00,2025-11-28 17:05:00,2025-11-28 15:20:00
-1,2025-12-02 14:25:00,asian,4230.365,2025-12-02 15:15:00,2025-12-02 14:25:00,4230.365,4224.165,4224.165,4231.049735714286,4210.395528571428,signal,2025-12-02 21:25:00,2025-12-02 22:15:00,2025-12-02 21:25:00
-1,2025-12-16 14:00:00,asian,4319.778,2025-12-16 15:15:00,2025-12-16 15:05:00,4334.935,4329.105,4329.105,4335.688621428571,4315.937757142856,signal,2025-12-16 21:00:00,2025-12-16 22:15:00,2025-12-16 22:05:00
1,2025-12-17 10:35:00,asian,4306.305,2025-12-17 12:15:00,2025-12-17 10:35:00,4313.465,4306.305,4313.465,4306.037357142857,4328.320285714286,signal,2025-12-17 17:35:00,2025-12-17 19:15:00,2025-12-17 17:35:00
1,2025-12-18 08:55:00,asian,4321.665,2025-12-18 10:40:00,2025-12-18 09:50:00,4323.155,4320.785,,,,sl_too_tight,2025-12-18 15:55:00,2025-12-18 17:40:00,2025-12-18 16:50:00
1,2025-12-23 14:05:00,asian,4454.398,2025-12-23 15:35:00,2025-12-23 15:00:00,4450.365,4429.975,4450.365,4428.908021428571,4493.278957142857,signal,2025-12-23 21:05:00,2025-12-23 22:35:00,2025-12-23 22:00:00
-1,2025-12-30 07:50:00,asian,4383.035,2025-12-30 08:20:00,2025-12-30 07:45:00,4381.505,4375.775,4375.775,4382.067664285714,4363.18967142857,signal,2025-12-30 14:50:00,2025-12-30 15:20:00,2025-12-30 14:45:00
1,2026-01-08 12:00:00,asian,4414.775,2026-01-08 12:40:00,2026-01-08 12:10:00,4419.295,4411.898,4419.295,4411.374042857143,4435.136914285715,signal,2026-01-08 19:00:00,2026-01-08 19:40:00,2026-01-08 19:10:00
-1,2026-02-18 07:10:00,asian,4942.095,2026-02-18 07:45:00,2026-02-18 07:05:00,4938.955,4933.085,4933.085,4939.438942857143,4920.377114285714,signal,2026-02-18 14:10:00,2026-02-18 14:45:00,2026-02-18 14:05:00
1,2026-02-23 07:25:00,asian,5125.378,2026-02-23 08:55:00,2026-02-23 08:25:00,5130.545,5122.218,5130.545,5121.618114285714,5148.398771428572,signal,2026-02-23 14:25:00,2026-02-23 15:55:00,2026-02-23 15:25:00
1,2026-02-24 13:40:00,asian,5133.085,2026-02-24 15:15:00,2026-02-24 14:10:00,5121.585,5093.225,5121.585,5091.9886857142865,5180.777628571427,signal,2026-02-24 20:40:00,2026-02-24 22:15:00,2026-02-24 21:10:00
-1,2026-03-04 10:20:00,asian,5202.048,2026-03-04 12:15:00,2026-03-04 12:00:00,5205.995,5191.935,5191.935,5206.6531428571425,5162.498714285716,signal,2026-03-04 17:20:00,2026-03-04 19:15:00,2026-03-04 19:00:00
1,2026-03-11 07:35:00,asian,5184.935,2026-03-11 08:10:00,2026-03-11 07:35:00,5194.005,5184.935,5194.005,5184.413142857144,5213.188714285713,signal,2026-03-11 14:35:00,2026-03-11 15:10:00,2026-03-11 14:35:00
-1,2026-03-16 14:05:00,asian,5037.715,2026-03-16 14:25:00,2026-03-16 14:05:00,5037.715,5029.795,5029.795,5038.530885714285,5012.323228571429,signal,2026-03-16 21:05:00,2026-03-16 21:25:00,2026-03-16 21:05:00
1,2026-03-25 09:45:00,asian,4527.665,2026-03-25 10:50:00,2026-03-25 09:45:00,4551.105,4527.665,4551.105,4526.879207142857,4599.556585714285,signal,2026-03-25 16:45:00,2026-03-25 17:50:00,2026-03-25 16:45:00
1,2026-04-10 08:55:00,asian,4730.205,2026-04-10 09:15:00,2026-04-10 08:45:00,4743.755,4732.805,4743.755,4732.151685714286,4766.961628571428,signal,2026-04-10 15:55:00,2026-04-10 16:15:00,2026-04-10 15:45:00
-1,2026-04-13 07:05:00,asian,4738.465,2026-04-13 08:35:00,2026-04-13 07:45:00,4738.845,4731.775,4731.775,4739.327714285714,4716.669571428571,signal,2026-04-13 14:05:00,2026-04-13 15:35:00,2026-04-13 14:45:00
1,2026-04-15 07:10:00,asian,4803.715,2026-04-15 08:50:00,2026-04-15 07:00:00,4813.418,4803.715,4813.418,4803.234185714286,4833.785628571428,signal,2026-04-15 14:10:00,2026-04-15 15:50:00,2026-04-15 14:00:00
1,2026-04-16 13:55:00,prev_day,4784.745,2026-04-16 15:05:00,2026-04-16 14:40:00,4790.175,4772.898,4790.175,4771.9632357142855,4826.59852857143,signal,2026-04-16 20:55:00,2026-04-16 22:05:00,2026-04-16 21:40:00
