direction,break_time,level,zone,outcome,sl,tp1,tp2,break_time_thai
1,2018-01-03 14:10:00,1316.472,,sl_too_tight,,,,2018-01-03 21:10:00
1,2018-01-04 14:30:00,1316.102,,no_room,,,,2018-01-04 21:30:00
1,2018-01-04 15:35:00,1317.081,,sl_too_tight,,,,2018-01-04 22:35:00
-1,2018-01-05 14:10:00,1316.678,,no_room,,,,2018-01-05 21:10:00
1,2018-01-08 14:00:00,1320.492,,no_room,,,,2018-01-08 21:00:00
-1,2018-01-09 10:20:00,1314.431,,sl_too_tight,,,,2018-01-09 17:20:00
-1,2018-01-09 14:35:00,1310.522,,sl_too_tight,,,,2018-01-09 21:35:00
1,2018-01-10 09:05:00,1314.872,,sl_too_tight,,,,2018-01-10 16:05:00
1,2018-01-10 10:10:00,1315.512,,sl_too_tight,,,,2018-01-10 17:10:00
1,2018-01-10 11:00:00,1322.698,,no_room,,,,2018-01-10 18:00:00
1,2018-01-10 13:25:00,1322.919,,sl_too_tight,,,,2018-01-10 20:25:00
1,2018-01-11 14:55:00,1321.769,,sl_too_tight,,,,2018-01-11 21:55:00
1,2018-01-12 09:40:00,1331.802,,sl_too_tight,,,,2018-01-12 16:40:00
1,2018-01-12 12:35:00,1331.672,,sl_too_tight,,,,2018-01-12 19:35:00
1,2018-01-15 07:55:00,1342.752,,sl_too_tight,,,,2018-01-15 14:55:00
1,2018-01-15 09:35:00,1341.802,,sl_too_tight,,,,2018-01-15 16:35:00
1,2018-01-15 13:10:00,1342.259,,sl_too_tight,,,,2018-01-15 20:10:00
-1,2018-01-16 08:40:00,1338.308,,sl_too_tight,,,,2018-01-16 15:40:00
-1,2018-01-16 09:15:00,1336.368,,no_room,,,,2018-01-16 16:15:00
-1,2018-01-16 10:35:00,1333.102,,sl_too_tight,,,,2018-01-16 17:35:00
1,2018-01-17 13:40:00,1336.148,,sl_too_tight,,,,2018-01-17 20:40:00
-1,2018-01-18 07:25:00,1325.711,,sl_too_tight,,,,2018-01-18 14:25:00
-1,2018-01-18 08:50:00,1328.031,,sl_too_tight,,,,2018-01-18 15:50:00
1,2018-01-18 13:50:00,1329.429,,sl_too_tight,,,,2018-01-18 20:50:00
1,2018-01-18 14:45:00,1331.248,,sl_too_tight,,,,2018-01-18 21:45:00
1,2018-01-19 07:55:00,1332.872,,sl_too_tight,,,,2018-01-19 14:55:00
1,2018-01-19 08:20:00,1335.362,,no_room,,,,2018-01-19 15:20:00
1,2018-01-19 10:15:00,1335.829,,sl_too_tight,,,,2018-01-19 17:15:00
1,2018-01-19 15:00:00,1334.579,,sl_too_tight,,,,2018-01-19 22:00:00
1,2018-01-22 15:40:00,1334.538,,sl_too_tight,,,,2018-01-22 22:40:00
1,2018-01-24 08:45:00,1347.162,,no_room,,,,2018-01-24 15:45:00
1,2018-01-24 09:20:00,1348.172,,no_room,,,,2018-01-24 16:20:00
1,2018-01-24 09:45:00,1348.648,,sl_too_tight,,,,2018-01-24 16:45:00
1,2018-01-24 10:25:00,1349.532,,sl_too_tight,,,,2018-01-24 17:25:00
1,2018-01-24 12:35:00,1350.878,,sl_too_tight,,,,2018-01-24 19:35:00
1,2018-01-24 14:30:00,1353.501,,sl_too_tight,,,,2018-01-24 21:30:00
1,2018-01-24 14:50:00,1354.778,,no_room,,,,2018-01-24 21:50:00
1,2018-01-25 07:45:00,1361.352,,sl_too_tight,,,,2018-01-25 14:45:00
1,2018-01-25 09:45:00,1359.779,,sl_too_tight,,,,2018-01-25 16:45:00
1,2018-01-25 13:00:00,1359.251,,sl_too_tight,,,,2018-01-25 20:00:00
1,2018-01-25 14:00:00,1360.539,,sl_too_tight,,,,2018-01-25 21:00:00
1,2018-01-26 11:30:00,1354.589,,sl_too_tight,,,,2018-01-26 18:30:00
-1,2018-01-26 14:05:00,1349.888,,no_room,,,,2018-01-26 21:05:00
-1,2018-01-29 08:40:00,1345.989,,sl_too_tight,,,,2018-01-29 15:40:00
-1,2018-01-29 10:55:00,1347.438,,sl_too_tight,,,,2018-01-29 17:55:00
-1,2018-01-29 12:10:00,1345.918,,sl_too_tight,,,,2018-01-29 19:10:00
-1,2018-01-29 14:40:00,1343.228,,sl_too_tight,,,,2018-01-29 21:40:00
-1,2018-01-29 15:40:00,1342.998,,sl_too_tight,,,,2018-01-29 22:40:00
1,2018-01-30 09:45:00,1339.892,,sl_too_tight,,,,2018-01-30 16:45:00
1,2018-01-30 10:20:00,1344.408,,no_room,,,,2018-01-30 17:20:00
1,2018-01-30 13:20:00,1344.269,,sl_too_tight,,,,2018-01-30 20:20:00
-1,2018-01-30 15:40:00,1342.278,,no_room,,,,2018-01-30 22:40:00
-1,2018-02-01 11:15:00,1339.239,,sl_too_tight,,,,2018-02-01 18:15:00
-1,2018-02-01 13:30:00,1338.948,,sl_too_tight,,,,2018-02-01 20:30:00
1,2018-02-01 14:40:00,1341.091,,sl_too_tight,,,,2018-02-01 21:40:00
-1,2018-02-02 13:30:00,1344.411,,sl_too_tight,,,,2018-02-02 20:30:00
-1,2018-02-02 14:50:00,1333.671,,no_room,,,,2018-02-02 21:50:00
1,2018-02-05 08:40:00,1335.028,,no_room,,,,2018-02-05 15:40:00
1,2018-02-05 10:05:00,1335.498,,sl_too_tight,,,,2018-02-05 17:05:00
1,2018-02-05 11:30:00,1338.058,,sl_too_tight,,,,2018-02-05 18:30:00
-1,2018-02-06 12:00:00,1342.092,,sl_too_tight,,,,2018-02-06 19:00:00
-1,2018-02-06 13:45:00,1334.139,,no_room,,,,2018-02-06 20:45:00
-1,2018-02-06 14:30:00,1333.338,,sl_too_tight,,,,2018-02-06 21:30:00
-1,2018-02-06 15:10:00,1330.138,,no_room,,,,2018-02-06 22:10:00
-1,2018-02-06 15:50:00,1327.961,,no_room,,,,2018-02-06 22:50:00
-1,2018-02-07 12:40:00,1323.661,,no_room,,,,2018-02-07 19:40:00
-1,2018-02-07 13:10:00,1323.381,,sl_too_tight,,,,2018-02-07 20:10:00
-1,2018-02-07 14:05:00,1322.419,,sl_too_tight,,,,2018-02-07 21:05:00
-1,2018-02-08 08:25:00,1311.588,,sl_too_tight,,,,2018-02-08 15:25:00
-1,2018-02-08 11:10:00,1310.501,,sl_too_tight,,,,2018-02-08 18:10:00
-1,2018-02-08 12:05:00,1310.191,,sl_too_tight,,,,2018-02-08 19:05:00
1,2018-02-08 14:20:00,1315.568,,sl_too_tight,,,,2018-02-08 21:20:00
-1,2018-02-09 10:35:00,1315.138,,sl_too_tight,,,,2018-02-09 17:35:00
-1,2018-02-09 11:05:00,1314.609,,sl_too_tight,,,,2018-02-09 18:05:00
1,2018-02-09 13:10:00,1316.979,,sl_too_tight,,,,2018-02-09 20:10:00
-1,2018-02-09 14:30:00,1313.521,,sl_too_tight,,,,2018-02-09 21:30:00
-1,2018-02-09 15:25:00,1312.188,,sl_too_tight,,,,2018-02-09 22:25:00
-1,2018-02-12 10:25:00,1320.809,,sl_too_tight,,,,2018-02-12 17:25:00
-1,2018-02-12 11:05:00,1320.499,,sl_too_tight,,,,2018-02-12 18:05:00
1,2018-02-13 07:30:00,1326.328,,sl_too_tight,,,,2018-02-13 14:30:00
1,2018-02-13 08:25:00,1328.709,,sl_too_tight,,,,2018-02-13 15:25:00
1,2018-02-13 10:20:00,1329.552,,sl_too_tight,,,,2018-02-13 17:20:00
1,2018-02-14 14:25:00,1331.912,,no_room,,,,2018-02-14 21:25:00
1,2018-02-15 07:55:00,1354.322,,sl_too_tight,,,,2018-02-15 14:55:00
1,2018-02-15 08:15:00,1355.078,,sl_too_tight,,,,2018-02-15 15:15:00
1,2018-02-15 08:55:00,1356.382,,sl_too_tight,,,,2018-02-15 15:55:00
-1,2018-02-15 12:10:00,1350.619,,sl_too_tight,,,,2018-02-15 19:10:00
-1,2018-02-15 15:00:00,1352.268,,sl_too_tight,,,,2018-02-15 22:00:00
1,2018-02-16 07:35:00,1358.239,,sl_too_tight,,,,2018-02-16 14:35:00
1,2018-02-16 09:00:00,1360.322,,sl_too_tight,,,,2018-02-16 16:00:00
-1,2018-02-16 14:20:00,1353.258,,no_room,,,,2018-02-16 21:20:00
-1,2018-02-20 10:30:00,1337.431,,sl_too_tight,,,,2018-02-20 17:30:00
-1,2018-02-20 13:50:00,1338.279,,sl_too_tight,,,,2018-02-20 20:50:00
-1,2018-02-20 15:30:00,1338.928,,no_room,,,,2018-02-20 22:30:00
1,2018-02-21 08:35:00,1328.309,,no_room,,,,2018-02-21 15:35:00
1,2018-02-21 09:20:00,1329.258,,sl_too_tight,,,,2018-02-21 16:20:00
1,2018-02-21 09:50:00,1329.538,,sl_too_tight,,,,2018-02-21 16:50:00
1,2018-02-22 15:00:00,1328.402,,no_room,,,,2018-02-22 22:00:00
1,2018-02-26 09:35:00,1338.958,,sl_too_tight,,,,2018-02-26 16:35:00
-1,2018-02-26 14:00:00,1335.801,,sl_too_tight,,,,2018-02-26 21:00:00
-1,2018-02-27 14:45:00,1327.181,,sl_too_tight,,,,2018-02-27 21:45:00
-1,2018-02-27 15:30:00,1324.061,,no_room,,,,2018-02-27 22:30:00
1,2018-02-28 12:10:00,1320.342,,sl_too_tight,,,,2018-02-28 19:10:00
-1,2018-02-28 14:55:00,1318.408,,no_room,,,,2018-02-28 21:55:00
-1,2018-03-01 15:20:00,1304.658,,no_room,,,,2018-03-01 22:20:00
1,2018-03-02 10:40:00,1317.679,,sl_too_tight,,,,2018-03-02 17:40:00
1,2018-03-02 13:55:00,1323.801,,no_room,,,,2018-03-02 20:55:00
1,2018-03-06 12:50:00,1328.118,,no_room,,,,2018-03-06 19:50:00
1,2018-03-06 13:35:00,1330.371,,no_room,,,,2018-03-06 20:35:00
1,2018-03-06 15:00:00,1332.759,,no_room,,,,2018-03-06 22:00:00
-1,2018-03-07 08:00:00,1332.259,,sl_too_tight,,,,2018-03-07 15:00:00
-1,2018-03-07 14:40:00,1330.219,,sl_too_tight,,,,2018-03-07 21:40:00
-1,2018-03-07 15:30:00,1328.559,,no_room,,,,2018-03-07 22:30:00
-1,2018-03-08 14:35:00,1323.638,,sl_too_tight,,,,2018-03-08 21:35:00
-1,2018-03-08 15:00:00,1321.768,,no_room,,,,2018-03-08 22:00:00
-1,2018-03-08 15:55:00,1319.588,,no_room,,,,2018-03-08 22:55:00
-1,2018-03-12 10:35:00,1316.818,,sl_too_tight,,,,2018-03-12 17:35:00
-1,2018-03-12 14:00:00,1317.199,,sl_too_tight,,,,2018-03-12 21:00:00
1,2018-03-13 15:20:00,1324.221,,no_room,,,,2018-03-13 22:20:00
-1,2018-03-15 13:40:00,1317.808,,no_room,,,,2018-03-15 20:40:00
-1,2018-03-15 15:25:00,1317.758,,sl_too_tight,,,,2018-03-15 22:25:00
-1,2018-03-16 14:55:00,1310.398,,sl_too_tight,,,,2018-03-16 21:55:00
1,2018-03-19 12:10:00,1312.508,,no_room,,,,2018-03-19 19:10:00
1,2018-03-19 13:25:00,1312.638,,sl_too_tight,,,,2018-03-19 20:25:00
1,2018-03-19 15:35:00,1314.249,,sl_too_tight,,,,2018-03-19 22:35:00
-1,2018-03-20 11:35:00,1312.619,,sl_too_tight,,,,2018-03-20 18:35:00
-1,2018-03-20 13:45:00,1309.549,,sl_too_tight,,,,2018-03-20 20:45:00
-1,2018-03-20 14:20:00,1308.121,,no_room,,,,2018-03-20 21:20:00
1,2018-03-21 15:20:00,1323.511,,no_room,,,,2018-03-21 22:20:00
1,2018-03-22 11:15:00,1330.422,,sl_too_tight,,,,2018-03-22 18:15:00
1,2018-03-22 12:20:00,1330.432,,sl_too_tight,,,,2018-03-22 19:20:00
1,2018-03-23 10:00:00,1342.328,,sl_too_tight,,,,2018-03-23 17:00:00
1,2018-03-23 12:15:00,1342.861,,sl_too_tight,,,,2018-03-23 19:15:00
1,2018-03-23 13:10:00,1347.712,,no_room,,,,2018-03-23 20:10:00
1,2018-03-23 14:05:00,1348.381,,no_room,,,,2018-03-23 21:05:00
1,2018-03-23 15:40:00,1348.091,,sl_too_tight,,,,2018-03-23 22:40:00
-1,2018-03-27 08:40:00,1352.008,,sl_too_tight,,,,2018-03-27 15:40:00
-1,2018-03-27 10:25:00,1348.292,,sl_too_tight,,,,2018-03-27 17:25:00
-1,2018-03-27 11:00:00,1348.101,,sl_too_tight,,,,2018-03-27 18:00:00
-1,2018-03-27 12:00:00,1344.559,,sl_too_tight,,,,2018-03-27 19:00:00
-1,2018-03-27 13:35:00,1341.271,,sl_too_tight,,,,2018-03-27 20:35:00
-1,2018-03-28 07:20:00,1339.818,,sl_too_tight,,,,2018-03-28 14:20:00
-1,2018-03-28 09:40:00,1340.658,,sl_too_tight,,,,2018-03-28 16:40:00
-1,2018-03-28 10:35:00,1338.948,,sl_too_tight,,,,2018-03-28 17:35:00
-1,2018-03-28 10:55:00,1337.688,,no_room,,,,2018-03-28 17:55:00
-1,2018-03-28 11:20:00,1336.588,,no_room,,,,2018-03-28 18:20:00
-1,2018-03-28 12:05:00,1336.0,,sl_too_tight,,,,2018-03-28 19:05:00
-1,2018-03-28 13:55:00,1331.908,,no_room,,,,2018-03-28 20:55:00
-1,2018-03-28 14:25:00,1331.198,,no_room,,,,2018-03-28 21:25:00
-1,2018-03-28 15:30:00,1329.298,,sl_too_tight,,,,2018-03-28 22:30:00
-1,2018-03-29 09:30:00,1323.958,,sl_too_tight,,,,2018-03-29 16:30:00
1,2018-04-02 14:20:00,1336.521,,no_room,,,,2018-04-02 21:20:00
1,2018-04-02 15:10:00,1338.071,,sl_too_tight,,,,2018-04-02 22:10:00
-1,2018-04-03 10:55:00,1336.518,,sl_too_tight,,,,2018-04-03 17:55:00
-1,2018-04-03 14:40:00,1332.5,,sl_too_tight,,,,2018-04-03 21:40:00
1,2018-04-04 10:15:00,1344.112,,sl_too_tight,,,,2018-04-04 17:15:00
1,2018-04-04 11:50:00,1344.372,,sl_too_tight,,,,2018-04-04 18:50:00
-1,2018-04-04 14:45:00,1339.608,,sl_too_tight,,,,2018-04-04 21:45:00
-1,2018-04-04 15:55:00,1334.669,,sl_too_tight,,,,2018-04-04 22:55:00
-1,2018-04-05 13:15:00,1324.718,,no_room,,,,2018-04-05 20:15:00
-1,2018-04-05 14:40:00,1324.288,,no_room,,,,2018-04-05 21:40:00
-1,2018-04-06 07:25:00,1323.639,,no_room,,,,2018-04-06 14:25:00
-1,2018-04-06 12:25:00,1322.279,,sl_too_tight,,,,2018-04-06 19:25:00
1,2018-04-06 13:20:00,1330.957,,no_room,,,,2018-04-06 20:20:00
1,2018-04-06 14:45:00,1333.172,,sl_too_tight,,,,2018-04-06 21:45:00
-1,2018-04-09 08:30:00,1328.981,,sl_too_tight,,,,2018-04-09 15:30:00
-1,2018-04-09 09:55:00,1328.238,,sl_too_tight,,,,2018-04-09 16:55:00
1,2018-04-10 11:05:00,1336.148,,sl_too_tight,,,,2018-04-10 18:05:00
1,2018-04-10 13:10:00,1339.111,,no_room,,,,2018-04-10 20:10:00
1,2018-04-11 09:30:00,1343.879,,sl_too_tight,,,,2018-04-11 16:30:00
1,2018-04-11 11:00:00,1347.422,,sl_too_tight,,,,2018-04-11 18:00:00
1,2018-04-11 12:25:00,1351.421,,no_room,,,,2018-04-11 19:25:00
1,2018-04-11 13:45:00,1353.019,,no_room,,,,2018-04-11 20:45:00
1,2018-04-11 14:40:00,1354.071,,no_room,,,,2018-04-11 21:40:00
-1,2018-04-12 07:45:00,1350.129,,sl_too_tight,,,,2018-04-12 14:45:00
-1,2018-04-12 08:55:00,1348.308,,sl_too_tight,,,,2018-04-12 15:55:00
-1,2018-04-12 10:35:00,1345.362,,no_room,,,,2018-04-12 17:35:00
-1,2018-04-12 12:20:00,1344.831,,sl_too_tight,,,,2018-04-12 19:20:00
-1,2018-04-12 13:15:00,1343.028,,no_room,,,,2018-04-12 20:15:00
-1,2018-04-12 15:15:00,1337.679,,sl_too_tight,,,,2018-04-12 22:15:00
1,2018-04-13 08:05:00,1340.258,,no_room,,,,2018-04-13 15:05:00
1,2018-04-13 08:30:00,1340.739,,no_room,,,,2018-04-13 15:30:00
1,2018-04-13 12:35:00,1338.031,,sl_too_tight,,,,2018-04-13 19:35:00
1,2018-04-13 13:30:00,1340.412,,no_room,,,,2018-04-13 20:30:00
1,2018-04-13 15:00:00,1345.742,,sl_too_tight,,,,2018-04-13 22:00:00
-1,2018-04-16 09:15:00,1344.698,,sl_too_tight,,,,2018-04-16 16:15:00
-1,2018-04-16 10:05:00,1343.898,,sl_too_tight,,,,2018-04-16 17:05:00
-1,2018-04-16 10:50:00,1343.369,,sl_too_tight,,,,2018-04-16 17:50:00
1,2018-04-16 13:50:00,1348.412,,no_room,,,,2018-04-16 20:50:00
-1,2018-04-17 07:50:00,1344.046,,no_room,,,,2018-04-17 14:50:00
-1,2018-04-17 09:50:00,1342.039,,sl_too_tight,,,,2018-04-17 16:50:00
-1,2018-04-17 11:15:00,1341.758,,sl_too_tight,,,,2018-04-17 18:15:00
-1,2018-04-17 12:35:00,1341.381,,sl_too_tight,,,,2018-04-17 19:35:00
1,2018-04-18 09:40:00,1346.842,,no_room,,,,2018-04-18 16:40:00
1,2018-04-18 10:35:00,1346.739,,sl_too_tight,,,,2018-04-18 17:35:00
1,2018-04-18 11:30:00,1349.971,,no_room,,,,2018-04-18 18:30:00
1,2018-04-18 12:10:00,1350.978,,sl_too_tight,,,,2018-04-18 19:10:00
1,2018-04-18 13:25:00,1353.239,,sl_too_tight,,,,2018-04-18 20:25:00
-1,2018-04-19 12:20:00,1346.868,,no_room,,,,2018-04-19 19:20:00
-1,2018-04-19 14:30:00,1347.528,,sl_too_tight,,,,2018-04-19 21:30:00
-1,2018-04-19 15:35:00,1343.281,,no_room,,,,2018-04-19 22:35:00
-1,2018-04-20 09:25:00,1340.558,,sl_too_tight,,,,2018-04-20 16:25:00
-1,2018-04-20 12:55:00,1339.968,,no_room,,,,2018-04-20 19:55:00
-1,2018-04-20 13:20:00,1338.778,,no_room,,,,2018-04-20 20:20:00
-1,2018-04-20 13:45:00,1336.128,,no_room,,,,2018-04-20 20:45:00
-1,2018-04-20 14:25:00,1335.902,,sl_too_tight,,,,2018-04-20 21:25:00
-1,2018-04-23 08:00:00,1331.608,,no_room,,,,2018-04-23 15:00:00
-1,2018-04-23 11:35:00,1327.768,,sl_too_tight,,,,2018-04-23 18:35:00
-1,2018-04-23 12:20:00,1326.719,,sl_too_tight,,,,2018-04-23 19:20:00
-1,2018-04-23 13:45:00,1324.768,,sl_too_tight,,,,2018-04-23 20:45:00
-1,2018-04-23 15:35:00,1323.048,,sl_too_tight,,,,2018-04-23 22:35:00
-1,2018-04-25 12:20:00,1320.068,,no_room,,,,2018-04-25 19:20:00
-1,2018-04-25 14:25:00,1319.938,,sl_too_tight,,,,2018-04-25 21:25:00
-1,2018-04-26 12:20:00,1322.688,,no_room,,,,2018-04-26 19:20:00
-1,2018-04-26 14:00:00,1321.509,,no_room,,,,2018-04-26 21:00:00
-1,2018-04-26 15:30:00,1316.798,,no_room,,,,2018-04-26 22:30:00
1,2018-04-27 12:55:00,1320.328,,no_room,,,,2018-04-27 19:55:00
-1,2018-04-30 09:00:00,1316.929,,sl_too_tight,,,,2018-04-30 16:00:00
-1,2018-04-30 11:10:00,1315.388,,sl_too_tight,,,,2018-04-30 18:10:00
-1,2018-04-30 13:15:00,1312.618,,sl_too_tight,,,,2018-04-30 20:15:00
-1,2018-04-30 13:45:00,1311.058,,no_room,,,,2018-04-30 20:45:00
-1,2018-05-01 13:25:00,1307.711,,sl_too_tight,,,,2018-05-01 20:25:00
-1,2018-05-01 13:55:00,1305.689,,no_room,,,,2018-05-01 20:55:00
-1,2018-05-01 14:40:00,1303.698,,no_room,,,,2018-05-01 21:40:00
1,2018-05-02 09:20:00,1310.068,,sl_too_tight,,,,2018-05-02 16:20:00
1,2018-05-03 08:35:00,1310.011,,sl_too_tight,,,,2018-05-03 15:35:00
1,2018-05-03 09:15:00,1311.149,,sl_too_tight,,,,2018-05-03 16:15:00
1,2018-05-03 11:35:00,1312.281,,sl_too_tight,,,,2018-05-03 18:35:00
-1,2018-05-04 08:20:00,1309.711,,sl_too_tight,,,,2018-05-04 15:20:00
-1,2018-05-04 13:15:00,1309.558,,no_room,,,,2018-05-04 20:15:00
1,2018-05-07 15:10:00,1314.992,,sl_too_tight,,,,2018-05-07 22:10:00
-1,2018-05-08 08:25:00,1312.648,,sl_too_tight,,,,2018-05-08 15:25:00
-1,2018-05-08 13:05:00,1309.218,,sl_too_tight,,,,2018-05-08 20:05:00
-1,2018-05-08 13:30:00,1308.938,,sl_too_tight,,,,2018-05-08 20:30:00
-1,2018-05-09 10:00:00,1306.598,,sl_too_tight,,,,2018-05-09 17:00:00
-1,2018-05-09 15:10:00,1314.901,,sl_too_tight,,,,2018-05-09 22:10:00
1,2018-05-10 08:45:00,1313.152,,sl_too_tight,,,,2018-05-10 15:45:00
1,2018-05-10 10:25:00,1315.979,,sl_too_tight,,,,2018-05-10 17:25:00
1,2018-05-10 11:05:00,1316.898,,sl_too_tight,,,,2018-05-10 18:05:00
1,2018-05-10 12:30:00,1318.431,,sl_too_tight,,,,2018-05-10 19:30:00
1,2018-05-10 15:30:00,1318.408,,sl_too_tight,,,,2018-05-10 22:30:00
1,2018-05-11 09:30:00,1323.529,,no_room,,,,2018-05-11 16:30:00
-1,2018-05-14 15:20:00,1318.968,,sl_too_tight,,,,2018-05-14 22:20:00
-1,2018-05-15 12:50:00,1301.131,,no_room,,,,2018-05-15 19:50:00
-1,2018-05-16 09:15:00,1292.439,,no_room,,,,2018-05-16 16:15:00
-1,2018-05-16 10:05:00,1290.489,,no_room,,,,2018-05-16 17:05:00
-1,2018-05-16 11:30:00,1289.549,,sl_too_tight,,,,2018-05-16 18:30:00
-1,2018-05-16 14:50:00,1288.438,,no_room,,,,2018-05-16 21:50:00
-1,2018-05-16 15:15:00,1288.001,,sl_too_tight,,,,2018-05-16 22:15:00
-1,2018-05-17 08:30:00,1288.079,,sl_too_tight,,,,2018-05-17 15:30:00
-1,2018-05-17 10:20:00,1287.248,,sl_too_tight,,,,2018-05-17 17:20:00
-1,2018-05-17 15:45:00,1288.038,,sl_too_tight,,,,2018-05-17 22:45:00
1,2018-05-18 14:35:00,1290.439,,sl_too_tight,,,,2018-05-18 21:35:00
1,2018-05-21 13:15:00,1287.981,,no_room,,,,2018-05-21 20:15:00
1,2018-05-21 15:15:00,1288.959,,sl_too_tight,,,,2018-05-21 22:15:00
1,2018-05-22 09:45:00,1294.348,,sl_too_tight,,,,2018-05-22 16:45:00
1,2018-05-23 11:40:00,1296.778,,sl_too_tight,,,,2018-05-23 18:40:00
1,2018-05-24 09:00:00,1297.402,,sl_too_tight,,,,2018-05-24 16:00:00
1,2018-05-24 13:40:00,1299.699,,sl_too_tight,,,,2018-05-24 20:40:00
-1,2018-05-30 07:15:00,1296.579,,sl_too_tight,,,,2018-05-30 14:15:00
-1,2018-05-30 10:25:00,1296.639,,no_room,,,,2018-05-30 17:25:00
1,2018-05-30 14:20:00,1301.428,,sl_too_tight,,,,2018-05-30 21:20:00
1,2018-05-31 09:45:00,1304.568,,sl_too_tight,,,,2018-05-31 16:45:00
1,2018-05-31 11:10:00,1305.011,,sl_too_tight,,,,2018-05-31 18:10:00
-1,2018-05-31 15:25:00,1303.148,,no_room,,,,2018-05-31 22:25:00
-1,2018-06-01 11:35:00,1295.738,,no_room,,,,2018-06-01 18:35:00
-1,2018-06-01 12:25:00,1294.258,,sl_too_tight,,,,2018-06-01 19:25:00
-1,2018-06-01 15:55:00,1296.568,,sl_too_tight,,,,2018-06-01 22:55:00
-1,2018-06-04 10:15:00,1293.798,,sl_too_tight,,,,2018-06-04 17:15:00
1,2018-06-04 12:45:00,1297.098,,sl_too_tight,,,,2018-06-04 19:45:00
1,2018-06-05 14:55:00,1293.542,,no_room,,,,2018-06-05 21:55:00
-1,2018-06-06 09:50:00,1294.638,,no_room,,,,2018-06-06 16:50:00
1,2018-06-06 15:45:00,1299.859,,sl_too_tight,,,,2018-06-06 22:45:00
-1,2018-06-07 13:45:00,1296.448,,no_room,,,,2018-06-07 20:45:00
1,2018-06-08 07:55:00,1296.592,,sl_too_tight,,,,2018-06-08 14:55:00
1,2018-06-08 08:15:00,1299.348,,no_room,,,,2018-06-08 15:15:00
1,2018-06-08 10:20:00,1299.828,,sl_too_tight,,,,2018-06-08 17:20:00
1,2018-06-13 15:10:00,1297.379,,sl_too_tight,,,,2018-06-13 22:10:00
1,2018-06-14 12:20:00,1305.812,,sl_too_tight,,,,2018-06-14 19:20:00
-1,2018-06-14 15:45:00,1304.609,,sl_too_tight,,,,2018-06-14 22:45:00
-1,2018-06-15 09:50:00,1299.449,,sl_too_tight,,,,2018-06-15 16:50:00
-1,2018-06-15 11:55:00,1298.808,,sl_too_tight,,,,2018-06-15 18:55:00
-1,2018-06-15 12:55:00,1293.098,,no_room,,,,2018-06-15 19:55:00
-1,2018-06-15 13:35:00,1287.179,,no_room,,,,2018-06-15 20:35:00
-1,2018-06-15 14:30:00,1283.0,,no_room,,,,2018-06-15 21:30:00
-1,2018-06-15 15:45:00,1278.318,,no_room,,,,2018-06-15 22:45:00
-1,2018-06-18 14:25:00,1279.139,,sl_too_tight,,,,2018-06-18 21:25:00
-1,2018-06-18 15:45:00,1278.289,,sl_too_tight,,,,2018-06-18 22:45:00
-1,2018-06-19 12:00:00,1272.129,,no_room,,,,2018-06-19 19:00:00
-1,2018-06-19 14:20:00,1273.779,,no_room,,,,2018-06-19 21:20:00
1,2018-06-20 15:00:00,1274.422,,sl_too_tight,,,,2018-06-20 22:00:00
-1,2018-06-21 08:50:00,1263.488,,sl_too_tight,,,,2018-06-21 15:50:00
-1,2018-06-21 12:10:00,1262.728,,sl_too_tight,,,,2018-06-21 19:10:00
1,2018-06-21 14:20:00,1266.459,,sl_too_tight,,,,2018-06-21 21:20:00
1,2018-06-22 09:10:00,1270.178,,sl_too_tight,,,,2018-06-22 16:10:00
-1,2018-06-25 12:45:00,1268.378,,sl_too_tight,,,,2018-06-25 19:45:00
-1,2018-06-25 14:40:00,1265.769,,no_room,,,,2018-06-25 21:40:00
-1,2018-06-26 09:20:00,1257.698,,sl_too_tight,,,,2018-06-26 16:20:00
-1,2018-06-26 12:10:00,1255.488,,sl_too_tight,,,,2018-06-26 19:10:00
1,2018-06-26 15:05:00,1260.138,,sl_too_tight,,,,2018-06-26 22:05:00
1,2018-06-26 15:40:00,1261.861,,no_room,,,,2018-06-26 22:40:00
1,2018-06-27 10:40:00,1258.709,,no_room,,,,2018-06-27 17:40:00
-1,2018-06-27 13:30:00,1254.668,,sl_too_tight,,,,2018-06-27 20:30:00
-1,2018-06-27 15:20:00,1254.939,,sl_too_tight,,,,2018-06-27 22:20:00
-1,2018-06-28 08:30:00,1249.419,,sl_too_tight,,,,2018-06-28 15:30:00
1,2018-06-28 10:35:00,1252.612,,sl_too_tight,,,,2018-06-28 17:35:00
1,2018-06-28 12:50:00,1252.879,,sl_too_tight,,,,2018-06-28 19:50:00
-1,2018-06-28 14:55:00,1250.608,,sl_too_tight,,,,2018-06-28 21:55:00
-1,2018-07-02 13:35:00,1246.889,,no_room,,,,2018-07-02 20:35:00
-1,2018-07-02 15:25:00,1246.089,,sl_too_tight,,,,2018-07-02 22:25:00
1,2018-07-03 07:35:00,1244.058,,no_room,,,,2018-07-03 14:35:00
1,2018-07-03 07:55:00,1244.382,,sl_too_tight,,,,2018-07-03 14:55:00
1,2018-07-03 09:30:00,1245.539,,sl_too_tight,,,,2018-07-03 16:30:00
1,2018-07-03 10:05:00,1246.759,,sl_too_tight,,,,2018-07-03 17:05:00
1,2018-07-03 11:45:00,1247.251,,sl_too_tight,,,,2018-07-03 18:45:00
1,2018-07-03 12:35:00,1248.701,,sl_too_tight,,,,2018-07-03 19:35:00
1,2018-07-03 13:35:00,1250.612,,sl_too_tight,,,,2018-07-03 20:35:00
1,2018-07-03 15:15:00,1255.079,,no_room,,,,2018-07-03 22:15:00
-1,2018-07-04 11:10:00,1255.928,,sl_too_tight,,,,2018-07-04 18:10:00
-1,2018-07-05 07:25:00,1254.408,,no_room,,,,2018-07-05 14:25:00
-1,2018-07-05 07:55:00,1253.749,,no_room,,,,2018-07-05 14:55:00
-1,2018-07-05 09:15:00,1252.808,,sl_too_tight,,,,2018-07-05 16:15:00
-1,2018-07-05 09:50:00,1252.208,,sl_too_tight,,,,2018-07-05 16:50:00
-1,2018-07-06 15:10:00,1255.008,,sl_too_tight,,,,2018-07-06 22:10:00
-1,2018-07-06 15:30:00,1254.538,,sl_too_tight,,,,2018-07-06 22:30:00
1,2018-07-09 08:40:00,1261.228,,sl_too_tight,,,,2018-07-09 15:40:00
1,2018-07-09 09:30:00,1262.022,,sl_too_tight,,,,2018-07-09 16:30:00
-1,2018-07-10 08:30:00,1255.678,,sl_too_tight,,,,2018-07-10 15:30:00
-1,2018-07-10 10:45:00,1252.638,,sl_too_tight,,,,2018-07-10 17:45:00
-1,2018-07-10 13:55:00,1253.178,,sl_too_tight,,,,2018-07-10 20:55:00
1,2018-07-11 12:40:00,1251.038,,sl_too_tight,,,,2018-07-11 19:40:00
1,2018-07-12 09:50:00,1244.989,,sl_too_tight,,,,2018-07-12 16:50:00
1,2018-07-12 13:05:00,1246.051,,sl_too_tight,,,,2018-07-12 20:05:00
1,2018-07-12 14:20:00,1247.049,,sl_too_tight,,,,2018-07-12 21:20:00
1,2018-07-12 15:25:00,1247.419,,sl_too_tight,,,,2018-07-12 22:25:00
-1,2018-07-13 08:30:00,1241.178,,sl_too_tight,,,,2018-07-13 15:30:00
-1,2018-07-13 09:15:00,1240.348,,sl_too_tight,,,,2018-07-13 16:15:00
-1,2018-07-13 11:55:00,1239.458,,sl_too_tight,,,,2018-07-13 18:55:00
1,2018-07-13 14:25:00,1242.098,,sl_too_tight,,,,2018-07-13 21:25:00
-1,2018-07-16 13:10:00,1241.098,,sl_too_tight,,,,2018-07-16 20:10:00
-1,2018-07-16 14:30:00,1240.308,,sl_too_tight,,,,2018-07-16 21:30:00
-1,2018-07-16 15:05:00,1239.701,,sl_too_tight,,,,2018-07-16 22:05:00
-1,2018-07-17 14:25:00,1231.219,,no_room,,,,2018-07-17 21:25:00
-1,2018-07-17 14:50:00,1227.908,,no_room,,,,2018-07-17 21:50:00
-1,2018-07-18 08:05:00,1222.939,,sl_too_tight,,,,2018-07-18 15:05:00
-1,2018-07-18 11:00:00,1222.458,,sl_too_tight,,,,2018-07-18 18:00:00
-1,2018-07-18 13:30:00,1224.489,,sl_too_tight,,,,2018-07-18 20:30:00
-1,2018-07-18 14:00:00,1223.979,,sl_too_tight,,,,2018-07-18 21:00:00
-1,2018-07-19 08:30:00,1217.948,,sl_too_tight,,,,2018-07-19 15:30:00
-1,2018-07-19 09:15:00,1217.498,,sl_too_tight,,,,2018-07-19 16:15:00
-1,2018-07-19 10:05:00,1216.251,,no_room,,,,2018-07-19 17:05:00
-1,2018-07-19 11:45:00,1215.5,,sl_too_tight,,,,2018-07-19 18:45:00
-1,2018-07-19 12:20:00,1214.788,,sl_too_tight,,,,2018-07-19 19:20:00
1,2018-07-20 09:35:00,1224.721,,sl_too_tight,,,,2018-07-20 16:35:00
1,2018-07-20 11:55:00,1224.588,,sl_too_tight,,,,2018-07-20 18:55:00
1,2018-07-20 12:35:00,1225.482,,sl_too_tight,,,,2018-07-20 19:35:00
-1,2018-07-23 08:30:00,1230.221,,sl_too_tight,,,,2018-07-23 15:30:00
-1,2018-07-23 13:45:00,1225.989,,no_room,,,,2018-07-23 20:45:00
-1,2018-07-23 14:15:00,1224.218,,no_room,,,,2018-07-23 21:15:00
1,2018-07-24 09:55:00,1224.732,,sl_too_tight,,,,2018-07-24 16:55:00
1,2018-07-24 11:50:00,1227.409,,sl_too_tight,,,,2018-07-24 18:50:00
1,2018-07-24 13:50:00,1228.138,,no_room,,,,2018-07-24 20:50:00
1,2018-07-25 08:25:00,1227.299,,sl_too_tight,,,,2018-07-25 15:25:00
1,2018-07-25 09:20:00,1229.008,,no_room,,,,2018-07-25 16:20:00
1,2018-07-25 11:00:00,1230.828,,sl_too_tight,,,,2018-07-25 18:00:00
1,2018-07-25 11:30:00,1231.159,,sl_too_tight,,,,2018-07-25 18:30:00
1,2018-07-25 13:10:00,1233.091,,sl_too_tight,,,,2018-07-25 20:10:00
-1,2018-07-26 07:30:00,1228.669,,sl_too_tight,,,,2018-07-26 14:30:00
-1,2018-07-26 08:25:00,1226.958,,sl_too_tight,,,,2018-07-26 15:25:00
-1,2018-07-26 15:55:00,1226.368,,sl_too_tight,,,,2018-07-26 22:55:00
-1,2018-07-27 09:55:00,1218.708,,sl_too_tight,,,,2018-07-27 16:55:00
-1,2018-07-27 10:30:00,1218.349,,sl_too_tight,,,,2018-07-27 17:30:00
-1,2018-07-27 15:10:00,1224.038,,sl_too_tight,,,,2018-07-27 22:10:00
1,2018-07-30 14:20:00,1224.562,,sl_too_tight,,,,2018-07-30 21:20:00
-1,2018-07-31 07:20:00,1220.979,,sl_too_tight,,,,2018-07-31 14:20:00
-1,2018-07-31 12:40:00,1219.678,,sl_too_tight,,,,2018-07-31 19:40:00
-1,2018-08-01 14:30:00,1218.599,,sl_too_tight,,,,2018-08-01 21:30:00
-1,2018-08-02 11:45:00,1215.008,,sl_too_tight,,,,2018-08-02 18:45:00
-1,2018-08-02 13:25:00,1216.348,,sl_too_tight,,,,2018-08-02 20:25:00
-1,2018-08-02 13:55:00,1215.748,,sl_too_tight,,,,2018-08-02 20:55:00
-1,2018-08-02 14:30:00,1214.298,,sl_too_tight,,,,2018-08-02 21:30:00
-1,2018-08-02 15:40:00,1213.529,,sl_too_tight,,,,2018-08-02 22:40:00
1,2018-08-03 12:30:00,1212.818,,sl_too_tight,,,,2018-08-03 19:30:00
1,2018-08-03 14:20:00,1217.142,,sl_too_tight,,,,2018-08-03 21:20:00
-1,2018-08-06 10:10:00,1211.218,,sl_too_tight,,,,2018-08-06 17:10:00
1,2018-08-07 09:00:00,1213.789,,no_room,,,,2018-08-07 16:00:00
1,2018-08-07 09:30:00,1214.729,,no_room,,,,2018-08-07 16:30:00
1,2018-08-07 10:10:00,1215.671,,no_room,,,,2018-08-07 17:10:00
1,2018-08-07 15:05:00,1211.709,,sl_too_tight,,,,2018-08-07 22:05:00
1,2018-08-07 15:30:00,1211.938,,sl_too_tight,,,,2018-08-07 22:30:00
-1,2018-08-08 12:30:00,1209.412,,sl_too_tight,,,,2018-08-08 19:30:00
-1,2018-08-09 08:20:00,1211.378,,no_room,,,,2018-08-09 15:20:00
-1,2018-08-09 14:55:00,1213.771,,sl_too_tight,,,,2018-08-09 21:55:00
-1,2018-08-10 08:25:00,1207.409,,sl_too_tight,,,,2018-08-10 15:25:00
1,2018-08-10 13:30:00,1213.989,,sl_too_tight,,,,2018-08-10 20:30:00
-1,2018-08-13 09:05:00,1204.608,,sl_too_tight,,,,2018-08-13 16:05:00
-1,2018-08-13 09:55:00,1202.839,,sl_too_tight,,,,2018-08-13 16:55:00
-1,2018-08-13 10:50:00,1201.288,,sl_too_tight,,,,2018-08-13 17:50:00
-1,2018-08-13 13:55:00,1200.211,,sl_too_tight,,,,2018-08-13 20:55:00
-1,2018-08-13 15:00:00,1196.648,,no_room,,,,2018-08-13 22:00:00
1,2018-08-14 14:25:00,1197.639,,sl_too_tight,,,,2018-08-14 21:25:00
-1,2018-08-15 07:25:00,1187.618,,sl_too_tight,,,,2018-08-15 14:25:00
-1,2018-08-15 08:55:00,1186.968,,sl_too_tight,,,,2018-08-15 15:55:00
-1,2018-08-15 10:20:00,1185.698,,sl_too_tight,,,,2018-08-15 17:20:00
-1,2018-08-15 12:55:00,1185.878,,sl_too_tight,,,,2018-08-15 19:55:00
-1,2018-08-15 13:35:00,1184.058,,no_room,,,,2018-08-15 20:35:00
-1,2018-08-15 14:50:00,1180.072,,no_room,,,,2018-08-15 21:50:00
-1,2018-08-15 15:30:00,1178.5,,sl_too_tight,,,,2018-08-15 22:30:00
1,2018-08-16 07:25:00,1175.898,,sl_too_tight,,,,2018-08-16 14:25:00
1,2018-08-16 08:00:00,1177.768,,no_room,,,,2018-08-16 15:00:00
1,2018-08-16 11:25:00,1180.278,,sl_too_tight,,,,2018-08-16 18:25:00
1,2018-08-16 15:05:00,1180.791,,no_room,,,,2018-08-16 22:05:00
1,2018-08-17 12:40:00,1177.868,,sl_too_tight,,,,2018-08-17 19:40:00
1,2018-08-17 15:20:00,1179.388,,sl_too_tight,,,,2018-08-17 22:20:00
1,2018-08-21 08:50:00,1195.018,,sl_too_tight,,,,2018-08-21 15:50:00
-1,2018-08-21 10:10:00,1193.208,,sl_too_tight,,,,2018-08-21 17:10:00
-1,2018-08-21 11:05:00,1193.158,,sl_too_tight,,,,2018-08-21 18:05:00
-1,2018-08-21 14:25:00,1190.411,,sl_too_tight,,,,2018-08-21 21:25:00
-1,2018-08-21 14:45:00,1190.138,,sl_too_tight,,,,2018-08-21 21:45:00
1,2018-08-22 11:10:00,1197.161,,sl_too_tight,,,,2018-08-22 18:10:00
1,2018-08-22 12:15:00,1200.099,,sl_too_tight,,,,2018-08-22 19:15:00
-1,2018-08-23 09:10:00,1188.238,,sl_too_tight,,,,2018-08-23 16:10:00
-1,2018-08-23 13:15:00,1189.598,,no_room,,,,2018-08-23 20:15:00
-1,2018-08-23 14:20:00,1189.568,,sl_too_tight,,,,2018-08-23 21:20:00
-1,2018-08-23 15:35:00,1189.278,,sl_too_tight,,,,2018-08-23 22:35:00
1,2018-08-24 08:25:00,1190.129,,sl_too_tight,,,,2018-08-24 15:25:00
1,2018-08-24 09:45:00,1190.859,,sl_too_tight,,,,2018-08-24 16:45:00
1,2018-08-24 11:15:00,1192.322,,sl_too_tight,,,,2018-08-24 18:15:00
1,2018-08-24 11:35:00,1192.879,,sl_too_tight,,,,2018-08-24 18:35:00
1,2018-08-24 13:05:00,1193.948,,sl_too_tight,,,,2018-08-24 20:05:00
1,2018-08-24 14:00:00,1197.172,,no_room,,,,2018-08-24 21:00:00
1,2018-08-24 14:40:00,1203.782,,no_room,,,,2018-08-24 21:40:00
1,2018-08-24 15:55:00,1208.128,,sl_too_tight,,,,2018-08-24 22:55:00
-1,2018-08-27 08:30:00,1204.178,,sl_too_tight,,,,2018-08-27 15:30:00
-1,2018-08-27 09:05:00,1203.839,,sl_too_tight,,,,2018-08-27 16:05:00
-1,2018-08-27 10:35:00,1203.548,,sl_too_tight,,,,2018-08-27 17:35:00
1,2018-08-27 13:35:00,1206.838,,sl_too_tight,,,,2018-08-27 20:35:00
1,2018-08-27 14:05:00,1207.921,,sl_too_tight,,,,2018-08-27 21:05:00
1,2018-08-28 08:10:00,1212.372,,sl_too_tight,,,,2018-08-28 15:10:00
1,2018-08-28 09:45:00,1213.651,,sl_too_tight,,,,2018-08-28 16:45:00
-1,2018-08-28 14:10:00,1210.708,,sl_too_tight,,,,2018-08-28 21:10:00
-1,2018-08-29 10:30:00,1203.568,,sl_too_tight,,,,2018-08-29 17:30:00
1,2018-08-29 15:35:00,1204.069,,sl_too_tight,,,,2018-08-29 22:35:00
-1,2018-08-30 15:25:00,1199.648,,sl_too_tight,,,,2018-08-30 22:25:00
1,2018-08-31 07:55:00,1207.879,,no_room,,,,2018-08-31 14:55:00
1,2018-08-31 10:05:00,1207.238,,sl_too_tight,,,,2018-08-31 17:05:00
-1,2018-08-31 12:35:00,1203.138,,sl_too_tight,,,,2018-08-31 19:35:00
-1,2018-08-31 13:05:00,1202.301,,sl_too_tight,,,,2018-08-31 20:05:00
-1,2018-08-31 15:50:00,1200.648,,no_room,,,,2018-08-31 22:50:00
1,2018-09-03 11:00:00,1201.689,,sl_too_tight,,,,2018-09-03 18:00:00
-1,2018-09-04 08:20:00,1193.898,,sl_too_tight,,,,2018-09-04 15:20:00
-1,2018-09-04 10:40:00,1194.698,,sl_too_tight,,,,2018-09-04 17:40:00
-1,2018-09-04 11:10:00,1193.618,,sl_too_tight,,,,2018-09-04 18:10:00
-1,2018-09-04 13:05:00,1192.258,,no_room,,,,2018-09-04 20:05:00
-1,2018-09-04 14:10:00,1190.359,,no_room,,,,2018-09-04 21:10:00
1,2018-09-05 08:30:00,1193.689,,sl_too_tight,,,,2018-09-05 15:30:00
1,2018-09-05 10:45:00,1194.879,,sl_too_tight,,,,2018-09-05 17:45:00
1,2018-09-05 12:45:00,1195.032,,sl_too_tight,,,,2018-09-05 19:45:00
1,2018-09-05 15:05:00,1196.838,,sl_too_tight,,,,2018-09-05 22:05:00
1,2018-09-06 09:15:00,1203.192,,no_room,,,,2018-09-06 16:15:00
1,2018-09-06 10:30:00,1205.169,,sl_too_tight,,,,2018-09-06 17:30:00
1,2018-09-06 11:00:00,1205.891,,sl_too_tight,,,,2018-09-06 18:00:00
1,2018-09-06 12:15:00,1205.712,,sl_too_tight,,,,2018-09-06 19:15:00
-1,2018-09-07 07:00:00,1200.038,,sl_too_tight,,,,2018-09-07 14:00:00
-1,2018-09-07 09:35:00,1200.098,,sl_too_tight,,,,2018-09-07 16:35:00
-1,2018-09-10 10:25:00,1193.689,,sl_too_tight,,,,2018-09-10 17:25:00
-1,2018-09-10 11:35:00,1192.999,,sl_too_tight,,,,2018-09-10 18:35:00
-1,2018-09-10 12:10:00,1191.939,,sl_too_tight,,,,2018-09-10 19:10:00
1,2018-09-10 14:00:00,1197.662,,sl_too_tight,,,,2018-09-10 21:00:00
-1,2018-09-11 15:10:00,1190.858,,sl_too_tight,,,,2018-09-11 22:10:00
1,2018-09-11 15:55:00,1194.042,,no_room,,,,2018-09-11 22:55:00
-1,2018-09-12 10:55:00,1195.568,,sl_too_tight,,,,2018-09-12 17:55:00
-1,2018-09-12 12:00:00,1193.498,,no_room,,,,2018-09-12 19:00:00
1,2018-09-13 11:00:00,1205.628,,sl_too_tight,,,,2018-09-13 18:00:00
1,2018-09-13 12:00:00,1206.179,,sl_too_tight,,,,2018-09-13 19:00:00
1,2018-09-13 12:30:00,1206.689,,sl_too_tight,,,,2018-09-13 19:30:00
1,2018-09-13 13:20:00,1211.772,,no_room,,,,2018-09-13 20:20:00
-1,2018-09-13 15:40:00,1202.668,,no_room,,,,2018-09-13 22:40:00
-1,2018-09-14 14:10:00,1200.878,,sl_too_tight,,,,2018-09-14 21:10:00
-1,2018-09-14 15:05:00,1197.209,,no_room,,,,2018-09-14 22:05:00
1,2018-09-17 12:55:00,1199.119,,no_room,,,,2018-09-17 19:55:00
1,2018-09-17 14:05:00,1201.939,,no_room,,,,2018-09-17 21:05:00
1,2018-09-17 14:35:00,1203.909,,no_room,,,,2018-09-17 21:35:00
1,2018-09-18 11:00:00,1200.249,,sl_too_tight,,,,2018-09-18 18:00:00
1,2018-09-18 13:30:00,1203.188,,sl_too_tight,,,,2018-09-18 20:30:00
-1,2018-09-19 13:10:00,1203.888,,sl_too_tight,,,,2018-09-19 20:10:00
-1,2018-09-20 08:35:00,1202.188,,sl_too_tight,,,,2018-09-20 15:35:00
-1,2018-09-20 08:55:00,1201.488,,sl_too_tight,,,,2018-09-20 15:55:00
-1,2018-09-20 10:05:00,1202.498,,sl_too_tight,,,,2018-09-20 17:05:00
1,2018-09-20 13:30:00,1207.422,,sl_too_tight,,,,2018-09-20 20:30:00
1,2018-09-20 14:00:00,1207.628,,sl_too_tight,,,,2018-09-20 21:00:00
-1,2018-09-21 09:15:00,1207.988,,sl_too_tight,,,,2018-09-21 16:15:00
-1,2018-09-21 10:05:00,1207.358,,sl_too_tight,,,,2018-09-21 17:05:00
-1,2018-09-21 11:00:00,1204.93,,no_room,,,,2018-09-21 18:00:00
-1,2018-09-21 11:50:00,1204.608,,sl_too_tight,,,,2018-09-21 18:50:00
-1,2018-09-21 12:25:00,1204.119,,sl_too_tight,,,,2018-09-21 19:25:00
1,2018-09-24 08:25:00,1198.719,,sl_too_tight,,,,2018-09-24 15:25:00
1,2018-09-24 10:20:00,1198.999,,sl_too_tight,,,,2018-09-24 17:20:00
1,2018-09-24 13:00:00,1199.419,,sl_too_tight,,,,2018-09-24 20:00:00
1,2018-09-25 08:45:00,1199.668,,sl_too_tight,,,,2018-09-25 15:45:00
1,2018-09-25 13:40:00,1202.108,,sl_too_tight,,,,2018-09-25 20:40:00
-1,2018-09-26 13:40:00,1194.608,,sl_too_tight,,,,2018-09-26 20:40:00
-1,2018-09-27 10:05:00,1195.689,,sl_too_tight,,,,2018-09-27 17:05:00
-1,2018-09-27 14:50:00,1184.098,,no_room,,,,2018-09-27 21:50:00
-1,2018-09-27 15:10:00,1182.688,,no_room,,,,2018-09-27 22:10:00
1,2018-09-28 12:55:00,1185.208,,sl_too_tight,,,,2018-09-28 19:55:00
1,2018-09-28 13:55:00,1186.718,,sl_too_tight,,,,2018-09-28 20:55:00
1,2018-09-28 14:45:00,1188.029,,no_room,,,,2018-09-28 21:45:00
-1,2018-10-01 08:40:00,1185.758,,sl_too_tight,,,,2018-10-01 15:40:00
-1,2018-10-01 11:35:00,1185.358,,sl_too_tight,,,,2018-10-01 18:35:00
1,2018-10-01 15:45:00,1188.648,,sl_too_tight,,,,2018-10-01 22:45:00
1,2018-10-02 13:50:00,1202.668,,no_room,,,,2018-10-02 20:50:00
1,2018-10-02 14:55:00,1206.402,,no_room,,,,2018-10-02 21:55:00
1,2018-10-02 15:20:00,1207.719,,no_room,,,,2018-10-02 22:20:00
-1,2018-10-03 08:00:00,1203.388,,sl_too_tight,,,,2018-10-03 15:00:00
-1,2018-10-03 11:05:00,1202.308,,sl_too_tight,,,,2018-10-03 18:05:00
-1,2018-10-03 12:10:00,1201.788,,sl_too_tight,,,,2018-10-03 19:10:00
-1,2018-10-03 14:00:00,1202.558,,sl_too_tight,,,,2018-10-03 21:00:00
-1,2018-10-03 15:15:00,1200.898,,no_room,,,,2018-10-03 22:15:00
1,2018-10-04 07:25:00,1198.969,,sl_too_tight,,,,2018-10-04 14:25:00
1,2018-10-04 14:10:00,1204.421,,no_room,,,,2018-10-04 21:10:00
1,2018-10-05 09:25:00,1199.592,,sl_too_tight,,,,2018-10-05 16:25:00
1,2018-10-05 10:05:00,1202.132,,no_room,,,,2018-10-05 17:05:00
1,2018-10-05 14:00:00,1204.781,,no_room,,,,2018-10-05 21:00:00
-1,2018-10-08 14:45:00,1185.879,,no_room,,,,2018-10-08 21:45:00
-1,2018-10-09 09:50:00,1187.082,,no_room,,,,2018-10-09 16:50:00
-1,2018-10-09 10:15:00,1186.718,,no_room,,,,2018-10-09 17:15:00
-1,2018-10-09 11:30:00,1185.849,,sl_too_tight,,,,2018-10-09 18:30:00
-1,2018-10-09 12:40:00,1186.128,,sl_too_tight,,,,2018-10-09 19:40:00
-1,2018-10-09 13:45:00,1185.358,,sl_too_tight,,,,2018-10-09 20:45:00
-1,2018-10-10 11:35:00,1188.268,,sl_too_tight,,,,2018-10-10 18:35:00
-1,2018-10-10 14:40:00,1187.158,,no_room,,,,2018-10-10 21:40:00
1,2018-10-11 08:45:00,1198.328,,sl_too_tight,,,,2018-10-11 15:45:00
1,2018-10-11 10:35:00,1204.259,,sl_too_tight,,,,2018-10-11 17:35:00
1,2018-10-11 12:00:00,1203.971,,sl_too_tight,,,,2018-10-11 19:00:00
1,2018-10-11 12:30:00,1204.468,,sl_too_tight,,,,2018-10-11 19:30:00
1,2018-10-11 14:15:00,1209.462,,no_room,,,,2018-10-11 21:15:00
1,2018-10-11 15:40:00,1219.998,,no_room,,,,2018-10-11 22:40:00
-1,2018-10-12 08:00:00,1218.289,,sl_too_tight,,,,2018-10-12 15:00:00
1,2018-10-12 10:20:00,1220.918,,no_room,,,,2018-10-12 17:20:00
1,2018-10-12 12:05:00,1222.212,,sl_too_tight,,,,2018-10-12 19:05:00
1,2018-10-15 08:40:00,1229.179,,sl_too_tight,,,,2018-10-15 15:40:00
1,2018-10-15 10:55:00,1231.428,,sl_too_tight,,,,2018-10-15 17:55:00
1,2018-10-15 12:30:00,1230.882,,sl_too_tight,,,,2018-10-15 19:30:00
1,2018-10-16 07:45:00,1229.209,,no_room,,,,2018-10-16 14:45:00
1,2018-10-16 10:35:00,1228.972,,sl_too_tight,,,,2018-10-16 17:35:00
1,2018-10-16 12:25:00,1230.398,,sl_too_tight,,,,2018-10-16 19:25:00
1,2018-10-17 08:40:00,1225.719,,sl_too_tight,,,,2018-10-17 15:40:00
1,2018-10-17 14:00:00,1228.262,,no_room,,,,2018-10-17 21:00:00
1,2018-10-18 11:20:00,1223.952,,sl_too_tight,,,,2018-10-18 18:20:00
1,2018-10-18 12:25:00,1225.131,,sl_too_tight,,,,2018-10-18 19:25:00
1,2018-10-18 14:20:00,1224.461,,sl_too_tight,,,,2018-10-18 21:20:00
1,2018-10-18 15:10:00,1225.639,,sl_too_tight,,,,2018-10-18 22:10:00
-1,2018-10-22 08:30:00,1224.521,,no_room,,,,2018-10-22 15:30:00
-1,2018-10-22 13:30:00,1221.388,,sl_too_tight,,,,2018-10-22 20:30:00
1,2018-10-23 08:00:00,1232.528,,sl_too_tight,,,,2018-10-23 15:00:00
1,2018-10-23 08:25:00,1234.262,,no_room,,,,2018-10-23 15:25:00
1,2018-10-23 11:10:00,1234.428,,sl_too_tight,,,,2018-10-23 18:10:00
1,2018-10-23 12:05:00,1238.342,,no_room,,,,2018-10-23 19:05:00
-1,2018-10-23 14:50:00,1232.408,,no_room,,,,2018-10-23 21:50:00
-1,2018-10-24 07:20:00,1231.068,,sl_too_tight,,,,2018-10-24 14:20:00
-1,2018-10-24 07:45:00,1230.468,,sl_too_tight,,,,2018-10-24 14:45:00
-1,2018-10-24 08:35:00,1230.231,,sl_too_tight,,,,2018-10-24 15:35:00
-1,2018-10-24 15:20:00,1230.021,,sl_too_tight,,,,2018-10-24 22:20:00
1,2018-10-25 10:50:00,1233.018,,sl_too_tight,,,,2018-10-25 17:50:00
1,2018-10-25 12:55:00,1232.938,,sl_too_tight,,,,2018-10-25 19:55:00
-1,2018-10-25 14:00:00,1229.771,,no_room,,,,2018-10-25 21:00:00
1,2018-10-26 08:40:00,1236.889,,sl_too_tight,,,,2018-10-26 15:40:00
-1,2018-10-29 08:35:00,1230.063,,sl_too_tight,,,,2018-10-29 15:35:00
-1,2018-10-29 11:25:00,1229.204,,sl_too_tight,,,,2018-10-29 18:25:00
-1,2018-10-29 13:40:00,1229.723,,sl_too_tight,,,,2018-10-29 20:40:00
-1,2018-10-30 09:55:00,1223.346,,sl_too_tight,,,,2018-10-30 16:55:00
-1,2018-10-31 07:15:00,1216.68,,sl_too_tight,,,,2018-10-31 14:15:00
1,2018-10-31 11:10:00,1217.843,,sl_too_tight,,,,2018-10-31 18:10:00
-1,2018-10-31 13:35:00,1213.273,,no_room,,,,2018-10-31 20:35:00
1,2018-11-01 08:25:00,1224.793,,sl_too_tight,,,,2018-11-01 15:25:00
1,2018-11-01 11:25:00,1223.755,,sl_too_tight,,,,2018-11-01 18:25:00
1,2018-11-01 12:00:00,1224.968,,sl_too_tight,,,,2018-11-01 19:00:00
1,2018-11-01 14:15:00,1231.045,,no_room,,,,2018-11-01 21:15:00
1,2018-11-02 09:20:00,1235.168,,sl_too_tight,,,,2018-11-02 16:20:00
1,2018-11-02 12:00:00,1235.578,,sl_too_tight,,,,2018-11-02 19:00:00
1,2018-11-05 08:30:00,1233.438,,sl_too_tight,,,,2018-11-05 15:30:00
1,2018-11-05 11:05:00,1232.385,,sl_too_tight,,,,2018-11-05 18:05:00
1,2018-11-06 10:40:00,1234.988,,sl_too_tight,,,,2018-11-06 17:40:00
1,2018-11-07 08:10:00,1231.578,,sl_too_tight,,,,2018-11-07 15:10:00
1,2018-11-07 09:00:00,1232.628,,sl_too_tight,,,,2018-11-07 16:00:00
1,2018-11-07 11:30:00,1234.988,,sl_too_tight,,,,2018-11-07 18:30:00
-1,2018-11-07 14:35:00,1227.765,,no_room,,,,2018-11-07 21:35:00
-1,2018-11-07 15:50:00,1228.475,,sl_too_tight,,,,2018-11-07 22:50:00
-1,2018-11-08 09:05:00,1222.488,,sl_too_tight,,,,2018-11-08 16:05:00
-1,2018-11-08 11:25:00,1222.535,,sl_too_tight,,,,2018-11-08 18:25:00
-1,2018-11-08 13:40:00,1221.795,,no_room,,,,2018-11-08 20:40:00
-1,2018-11-08 15:30:00,1223.885,,sl_too_tight,,,,2018-11-08 22:30:00
-1,2018-11-09 14:20:00,1210.688,,no_room,,,,2018-11-09 21:20:00
-1,2018-11-12 07:40:00,1205.788,,sl_too_tight,,,,2018-11-12 14:40:00
-1,2018-11-12 11:10:00,1206.448,,sl_too_tight,,,,2018-11-12 18:10:00
-1,2018-11-12 14:45:00,1204.335,,sl_too_tight,,,,2018-11-12 21:45:00
-1,2018-11-12 15:25:00,1203.645,,sl_too_tight,,,,2018-11-12 22:25:00
-1,2018-11-13 09:10:00,1201.205,,sl_too_tight,,,,2018-11-13 16:10:00
-1,2018-11-13 10:00:00,1198.375,,no_room,,,,2018-11-13 17:00:00
-1,2018-11-13 15:10:00,1200.365,,sl_too_tight,,,,2018-11-13 22:10:00
-1,2018-11-14 12:00:00,1199.495,,sl_too_tight,,,,2018-11-14 19:00:00
1,2018-11-14 12:25:00,1200.495,,sl_too_tight,,,,2018-11-14 19:25:00
1,2018-11-15 09:20:00,1214.888,,sl_too_tight,,,,2018-11-15 16:20:00
-1,2018-11-15 12:05:00,1209.655,,sl_too_tight,,,,2018-11-15 19:05:00
-1,2018-11-15 13:00:00,1208.615,,sl_too_tight,,,,2018-11-15 20:00:00
1,2018-11-19 14:50:00,1221.728,,sl_too_tight,,,,2018-11-19 21:50:00
1,2018-11-20 11:55:00,1224.275,,sl_too_tight,,,,2018-11-20 18:55:00
1,2018-11-20 13:20:00,1226.468,,sl_too_tight,,,,2018-11-20 20:20:00
1,2018-11-21 13:20:00,1224.438,,sl_too_tight,,,,2018-11-21 20:20:00
1,2018-11-21 15:15:00,1227.468,,sl_too_tight,,,,2018-11-21 22:15:00
-1,2018-11-23 10:20:00,1222.265,,sl_too_tight,,,,2018-11-23 17:20:00
-1,2018-11-23 11:50:00,1221.418,,sl_too_tight,,,,2018-11-23 18:50:00
-1,2018-11-23 13:30:00,1220.878,,sl_too_tight,,,,2018-11-23 20:30:00
-1,2018-11-26 14:30:00,1223.955,,sl_too_tight,,,,2018-11-26 21:30:00
1,2018-11-27 10:25:00,1223.115,,sl_too_tight,,,,2018-11-27 17:25:00
1,2018-11-27 12:45:00,1223.945,,sl_too_tight,,,,2018-11-27 19:45:00
-1,2018-11-27 14:50:00,1220.785,,sl_too_tight,,,,2018-11-27 21:50:00
-1,2018-11-27 15:40:00,1216.265,,no_room,,,,2018-11-27 22:40:00
1,2018-11-29 14:50:00,1227.188,,sl_too_tight,,,,2018-11-29 21:50:00
-1,2018-11-30 14:30:00,1219.685,,sl_too_tight,,,,2018-11-30 21:30:00
1,2018-12-03 08:45:00,1231.225,,sl_too_tight,,,,2018-12-03 15:45:00
-1,2018-12-03 11:20:00,1228.685,,sl_too_tight,,,,2018-12-03 18:20:00
1,2018-12-04 09:35:00,1239.655,,no_room,,,,2018-12-04 16:35:00
1,2018-12-04 12:50:00,1239.368,,sl_too_tight,,,,2018-12-04 19:50:00
1,2018-12-04 14:05:00,1241.288,,no_room,,,,2018-12-04 21:05:00
1,2018-12-05 15:55:00,1237.188,,sl_too_tight,,,,2018-12-05 22:55:00
-1,2018-12-06 10:25:00,1236.438,,sl_too_tight,,,,2018-12-06 17:25:00
1,2018-12-06 14:05:00,1239.815,,no_room,,,,2018-12-06 21:05:00
1,2018-12-07 14:40:00,1244.628,,sl_too_tight,,,,2018-12-07 21:40:00
-1,2018-12-11 14:20:00,1245.515,,sl_too_tight,,,,2018-12-11 21:20:00
-1,2018-12-11 15:25:00,1244.065,,sl_too_tight,,,,2018-12-11 22:25:00
1,2018-12-12 14:35:00,1245.635,,sl_too_tight,,,,2018-12-12 21:35:00
-1,2018-12-13 14:45:00,1241.678,,sl_too_tight,,,,2018-12-13 21:45:00
-1,2018-12-18 14:05:00,1246.665,,sl_too_tight,,,,2018-12-18 21:05:00
1,2018-12-20 09:10:00,1250.265,,sl_too_tight,,,,2018-12-20 16:10:00
1,2018-12-20 11:35:00,1256.208,,sl_too_tight,,,,2018-12-20 18:35:00
1,2018-12-20 13:35:00,1256.678,,no_room,,,,2018-12-20 20:35:00
1,2018-12-20 14:05:00,1257.278,,no_room,,,,2018-12-20 21:05:00
-1,2018-12-21 10:05:00,1256.805,,no_room,,,,2018-12-21 17:05:00
-1,2018-12-24 10:50:00,1260.915,,sl_too_tight,,,,2018-12-24 17:50:00
1,2018-12-26 15:15:00,1277.028,,no_room,,,,2018-12-26 22:15:00
1,2018-12-27 09:30:00,1272.798,,no_room,,,,2018-12-27 16:30:00
1,2018-12-27 12:25:00,1272.368,,sl_too_tight,,,,2018-12-27 19:25:00
1,2018-12-27 13:15:00,1274.008,,sl_too_tight,,,,2018-12-27 20:15:00
-1,2018-12-28 12:55:00,1278.115,,sl_too_tight,,,,2018-12-28 19:55:00
-1,2018-12-28 13:25:00,1276.968,,sl_too_tight,,,,2018-12-28 20:25:00
-1,2018-12-28 14:10:00,1276.365,,sl_too_tight,,,,2018-12-28 21:10:00
1,2019-01-02 08:40:00,1286.538,,sl_too_tight,,,,2019-01-02 15:40:00
1,2019-01-02 10:45:00,1287.575,,sl_too_tight,,,,2019-01-02 17:45:00
-1,2019-01-02 14:25:00,1283.255,,sl_too_tight,,,,2019-01-02 21:25:00
1,2019-01-03 10:10:00,1288.528,,sl_too_tight,,,,2019-01-03 17:10:00
-1,2019-01-03 13:15:00,1287.575,,sl_too_tight,,,,2019-01-03 20:15:00
-1,2019-01-04 09:25:00,1291.188,,no_room,,,,2019-01-04 16:25:00
-1,2019-01-04 14:10:00,1285.748,,no_room,,,,2019-01-04 21:10:00
1,2019-01-07 07:50:00,1291.075,,sl_too_tight,,,,2019-01-07 14:50:00
1,2019-01-07 10:00:00,1291.575,,sl_too_tight,,,,2019-01-07 17:00:00
1,2019-01-09 14:30:00,1285.768,,sl_too_tight,,,,2019-01-09 21:30:00
-1,2019-01-10 08:55:00,1295.445,,sl_too_tight,,,,2019-01-10 15:55:00
-1,2019-01-10 10:20:00,1292.228,,no_room,,,,2019-01-10 17:20:00
-1,2019-01-10 15:45:00,1290.275,,sl_too_tight,,,,2019-01-10 22:45:00
1,2019-01-11 08:10:00,1294.498,,sl_too_tight,,,,2019-01-11 15:10:00
-1,2019-01-11 14:05:00,1291.068,,sl_too_tight,,,,2019-01-11 21:05:00
-1,2019-01-14 15:25:00,1291.468,,sl_too_tight,,,,2019-01-14 22:25:00
1,2019-01-15 14:25:00,1293.288,,no_room,,,,2019-01-15 21:25:00
1,2019-01-16 15:25:00,1293.538,,sl_too_tight,,,,2019-01-16 22:25:00
-1,2019-01-17 15:10:00,1290.398,,sl_too_tight,,,,2019-01-17 22:10:00
-1,2019-01-18 11:55:00,1284.975,,sl_too_tight,,,,2019-01-18 18:55:00
1,2019-01-22 08:30:00,1283.778,,no_room,,,,2019-01-22 15:30:00
1,2019-01-22 09:10:00,1284.518,,no_room,,,,2019-01-22 16:10:00
1,2019-01-24 14:25:00,1281.578,,no_room,,,,2019-01-24 21:25:00
1,2019-01-25 15:15:00,1294.988,,no_room,,,,2019-01-25 22:15:00
1,2019-01-29 13:10:00,1310.065,,no_room,,,,2019-01-29 20:10:00
1,2019-01-29 15:05:00,1309.305,,no_room,,,,2019-01-29 22:05:00
1,2019-02-01 13:45:00,1322.098,,no_room,,,,2019-02-01 20:45:00
1,2019-02-05 15:10:00,1315.448,,sl_too_tight,,,,2019-02-05 22:10:00
1,2019-02-07 14:05:00,1310.178,,sl_too_tight,,,,2019-02-07 21:05:00
-1,2019-02-11 14:15:00,1304.638,,sl_too_tight,,,,2019-02-11 21:15:00
1,2019-02-12 10:40:00,1312.625,,sl_too_tight,,,,2019-02-12 17:40:00
-1,2019-02-12 14:45:00,1310.745,,sl_too_tight,,,,2019-02-12 21:45:00
-1,2019-02-12 15:30:00,1308.645,,no_room,,,,2019-02-12 22:30:00
1,2019-02-13 14:40:00,1311.488,,sl_too_tight,,,,2019-02-13 21:40:00
1,2019-02-13 15:00:00,1313.908,,no_room,,,,2019-02-13 22:00:00
1,2019-02-14 14:40:00,1310.878,,sl_too_tight,,,,2019-02-14 21:40:00
1,2019-02-14 15:55:00,1309.168,,sl_too_tight,,,,2019-02-14 22:55:00
1,2019-02-15 14:15:00,1318.885,,no_room,,,,2019-02-15 21:15:00
-1,2019-02-15 15:45:00,1314.505,,no_room,,,,2019-02-15 22:45:00
1,2019-02-19 09:10:00,1328.748,,no_room,,,,2019-02-19 16:10:00
1,2019-02-19 11:05:00,1329.575,,sl_too_tight,,,,2019-02-19 18:05:00
1,2019-02-19 14:05:00,1332.595,,sl_too_tight,,,,2019-02-19 21:05:00
1,2019-02-19 14:55:00,1334.325,,sl_too_tight,,,,2019-02-19 21:55:00
1,2019-02-19 15:45:00,1337.605,,no_room,,,,2019-02-19 22:45:00
1,2019-02-20 10:30:00,1344.685,,sl_too_tight,,,,2019-02-20 17:30:00
1,2019-02-20 15:00:00,1344.538,,sl_too_tight,,,,2019-02-20 22:00:00
-1,2019-02-21 08:30:00,1337.415,,no_room,,,,2019-02-21 15:30:00
-1,2019-02-21 09:00:00,1335.408,,no_room,,,,2019-02-21 16:00:00
1,2019-02-22 15:05:00,1329.468,,sl_too_tight,,,,2019-02-22 22:05:00
1,2019-02-25 14:30:00,1331.868,,no_room,,,,2019-02-25 21:30:00
-1,2019-02-26 15:00:00,1324.645,,sl_too_tight,,,,2019-02-26 22:00:00
-1,2019-02-27 13:45:00,1325.955,,sl_too_tight,,,,2019-02-27 20:45:00
-1,2019-02-27 14:00:00,1325.245,,no_room,,,,2019-02-27 21:00:00
-1,2019-02-27 14:35:00,1324.635,,no_room,,,,2019-02-27 21:35:00
1,2019-02-28 09:25:00,1324.385,,sl_too_tight,,,,2019-02-28 16:25:00
1,2019-02-28 11:25:00,1325.548,,sl_too_tight,,,,2019-02-28 18:25:00
-1,2019-02-28 15:15:00,1316.235,,no_room,,,,2019-02-28 22:15:00
-1,2019-03-01 09:05:00,1306.828,,sl_too_tight,,,,2019-03-01 16:05:00
-1,2019-03-01 12:05:00,1308.455,,sl_too_tight,,,,2019-03-01 19:05:00
-1,2019-03-01 12:40:00,1307.365,,sl_too_tight,,,,2019-03-01 19:40:00
-1,2019-03-01 13:25:00,1305.948,,sl_too_tight,,,,2019-03-01 20:25:00
-1,2019-03-01 15:55:00,1306.068,,no_room,,,,2019-03-01 22:55:00
-1,2019-03-04 11:50:00,1286.685,,sl_too_tight,,,,2019-03-04 18:50:00
-1,2019-03-04 14:30:00,1286.315,,sl_too_tight,,,,2019-03-04 21:30:00
-1,2019-03-05 09:25:00,1284.365,,sl_too_tight,,,,2019-03-05 16:25:00
1,2019-03-05 13:10:00,1286.478,,sl_too_tight,,,,2019-03-05 20:10:00
-1,2019-03-06 13:25:00,1286.378,,sl_on_wrong_side,,,,2019-03-06 20:25:00
-1,2019-03-06 15:05:00,1284.815,,sl_too_tight,,,,2019-03-06 22:05:00
1,2019-03-07 15:35:00,1286.168,,no_room,,,,2019-03-07 22:35:00
1,2019-03-08 07:40:00,1293.208,,sl_too_tight,,,,2019-03-08 14:40:00
1,2019-03-08 09:10:00,1294.518,,sl_too_tight,,,,2019-03-08 16:10:00
1,2019-03-08 13:50:00,1298.265,,no_room,,,,2019-03-08 20:50:00
-1,2019-03-11 14:35:00,1293.135,,sl_too_tight,,,,2019-03-11 21:35:00
1,2019-03-12 14:40:00,1298.295,,sl_too_tight,,,,2019-03-12 21:40:00
1,2019-03-13 13:50:00,1308.428,,sl_too_tight,,,,2019-03-13 20:50:00
-1,2019-03-14 11:20:00,1297.858,,sl_too_tight,,,,2019-03-14 18:20:00
-1,2019-03-14 12:55:00,1297.228,,sl_too_tight,,,,2019-03-14 19:55:00
1,2019-03-15 08:25:00,1303.768,,sl_too_tight,,,,2019-03-15 15:25:00
1,2019-03-15 13:20:00,1302.908,,sl_too_tight,,,,2019-03-15 20:20:00
1,2019-03-15 13:50:00,1303.878,,no_room,,,,2019-03-15 20:50:00
1,2019-03-18 09:25:00,1304.688,,sl_too_tight,,,,2019-03-18 16:25:00
1,2019-03-18 09:50:00,1304.925,,sl_too_tight,,,,2019-03-18 16:50:00
1,2019-03-20 15:20:00,1303.755,,sl_too_tight,,,,2019-03-20 22:20:00
-1,2019-03-20 15:40:00,1302.125,,sl_too_tight,,,,2019-03-20 22:40:00
-1,2019-03-21 13:30:00,1315.238,,no_room,,,,2019-03-21 20:30:00
-1,2019-03-21 14:55:00,1310.398,,sl_too_tight,,,,2019-03-21 21:55:00
1,2019-03-22 09:35:00,1312.448,,no_room,,,,2019-03-22 16:35:00
1,2019-03-22 11:10:00,1313.148,,sl_too_tight,,,,2019-03-22 18:10:00
1,2019-03-22 13:45:00,1312.175,,sl_too_tight,,,,2019-03-22 20:45:00
1,2019-03-25 14:05:00,1320.028,,sl_too_tight,,,,2019-03-25 21:05:00
1,2019-03-25 15:35:00,1322.445,,no_room,,,,2019-03-25 22:35:00
-1,2019-03-26 07:55:00,1316.028,,no_room,,,,2019-03-26 14:55:00
-1,2019-03-26 09:05:00,1316.455,,sl_too_tight,,,,2019-03-26 16:05:00
-1,2019-03-26 09:50:00,1315.565,,sl_too_tight,,,,2019-03-26 16:50:00
-1,2019-03-26 10:35:00,1314.265,,no_room,,,,2019-03-26 17:35:00
-1,2019-03-26 11:30:00,1313.905,,sl_too_tight,,,,2019-03-26 18:30:00
-1,2019-03-26 15:40:00,1314.5,,sl_too_tight,,,,2019-03-26 22:40:00
-1,2019-03-27 13:40:00,1313.898,,no_room,,,,2019-03-27 20:40:00
-1,2019-03-27 15:00:00,1310.125,,sl_too_tight,,,,2019-03-27 22:00:00
-1,2019-03-28 10:30:00,1306.726,,sl_too_tight,,,,2019-03-28 17:30:00
-1,2019-03-28 11:25:00,1305.245,,sl_too_tight,,,,2019-03-28 18:25:00
-1,2019-03-28 11:45:00,1304.418,,sl_too_tight,,,,2019-03-28 18:45:00
-1,2019-03-28 12:40:00,1302.315,,sl_too_tight,,,,2019-03-28 19:40:00
-1,2019-03-28 13:40:00,1293.325,,no_room,,,,2019-03-28 20:40:00
-1,2019-03-28 15:20:00,1292.695,,sl_too_tight,,,,2019-03-28 22:20:00
1,2019-03-29 10:15:00,1292.085,,sl_too_tight,,,,2019-03-29 17:15:00
1,2019-03-29 11:45:00,1292.435,,sl_too_tight,,,,2019-03-29 18:45:00
-1,2019-04-01 10:20:00,1290.0,,sl_too_tight,,,,2019-04-01 17:20:00
-1,2019-04-01 11:05:00,1289.625,,sl_too_tight,,,,2019-04-01 18:05:00
1,2019-04-01 12:50:00,1295.268,,no_room,,,,2019-04-01 19:50:00
1,2019-04-01 15:00:00,1292.288,,sl_too_tight,,,,2019-04-01 22:00:00
1,2019-04-02 09:35:00,1287.308,,sl_too_tight,,,,2019-04-02 16:35:00
1,2019-04-02 11:25:00,1288.608,,sl_too_tight,,,,2019-04-02 18:25:00
1,2019-04-02 13:35:00,1289.785,,sl_too_tight,,,,2019-04-02 20:35:00
1,2019-04-02 14:10:00,1290.015,,sl_too_tight,,,,2019-04-02 21:10:00
1,2019-04-02 15:15:00,1291.075,,sl_too_tight,,,,2019-04-02 22:15:00
-1,2019-04-04 13:05:00,1283.195,,no_room,,,,2019-04-04 20:05:00
-1,2019-04-04 13:35:00,1281.335,,no_room,,,,2019-04-04 20:35:00
1,2019-04-09 09:20:00,1301.448,,sl_too_tight,,,,2019-04-09 16:20:00
1,2019-04-09 11:10:00,1302.405,,sl_too_tight,,,,2019-04-09 18:10:00
1,2019-04-09 12:15:00,1302.508,,sl_too_tight,,,,2019-04-09 19:15:00
1,2019-04-09 15:35:00,1304.848,,sl_too_tight,,,,2019-04-09 22:35:00
1,2019-04-10 14:25:00,1306.768,,sl_too_tight,,,,2019-04-10 21:25:00
1,2019-04-10 15:05:00,1307.188,,sl_too_tight,,,,2019-04-10 22:05:00
-1,2019-04-11 14:45:00,1296.345,,sl_too_tight,,,,2019-04-11 21:45:00
1,2019-04-12 13:55:00,1292.438,,sl_too_tight,,,,2019-04-12 20:55:00
-1,2019-04-15 12:30:00,1284.885,,no_room,,,,2019-04-15 19:30:00
-1,2019-04-15 13:15:00,1283.515,,sl_too_tight,,,,2019-04-15 20:15:00
-1,2019-04-16 12:25:00,1282.778,,sl_too_tight,,,,2019-04-16 19:25:00
-1,2019-04-16 13:10:00,1278.198,,sl_too_tight,,,,2019-04-16 20:10:00
-1,2019-04-17 09:35:00,1275.655,,sl_too_tight,,,,2019-04-17 16:35:00
-1,2019-04-17 13:15:00,1275.085,,sl_too_tight,,,,2019-04-17 20:15:00
-1,2019-04-17 14:05:00,1274.608,,sl_too_tight,,,,2019-04-17 21:05:00
-1,2019-04-17 14:40:00,1273.605,,sl_too_tight,,,,2019-04-17 21:40:00
1,2019-04-18 09:00:00,1276.115,,sl_too_tight,,,,2019-04-18 16:00:00
1,2019-04-18 11:30:00,1275.538,,sl_too_tight,,,,2019-04-18 18:30:00
-1,2019-04-18 14:45:00,1274.865,,sl_too_tight,,,,2019-04-18 21:45:00
-1,2019-04-18 15:35:00,1274.428,,sl_too_tight,,,,2019-04-18 22:35:00
-1,2019-04-22 15:55:00,1274.375,,sl_too_tight,,,,2019-04-22 22:55:00
-1,2019-04-23 14:35:00,1267.278,,sl_too_tight,,,,2019-04-23 21:35:00
1,2019-04-24 13:45:00,1272.108,,sl_too_tight,,,,2019-04-24 20:45:00
1,2019-04-24 14:05:00,1272.935,,sl_too_tight,,,,2019-04-24 21:05:00
1,2019-04-24 15:10:00,1274.748,,sl_too_tight,,,,2019-04-24 22:10:00
1,2019-04-24 15:35:00,1276.148,,sl_too_tight,,,,2019-04-24 22:35:00
1,2019-04-25 09:10:00,1277.738,,sl_too_tight,,,,2019-04-25 16:10:00
1,2019-04-25 13:10:00,1278.078,,no_room,,,,2019-04-25 20:10:00
1,2019-04-25 13:35:00,1279.278,,no_room,,,,2019-04-25 20:35:00
1,2019-04-26 13:25:00,1284.048,,sl_too_tight,,,,2019-04-26 20:25:00
1,2019-04-26 14:30:00,1286.698,,sl_too_tight,,,,2019-04-26 21:30:00
1,2019-04-26 15:15:00,1287.698,,sl_too_tight,,,,2019-04-26 22:15:00
-1,2019-04-29 15:40:00,1278.975,,sl_too_tight,,,,2019-04-29 22:40:00
-1,2019-05-01 13:50:00,1281.055,,sl_too_tight,,,,2019-05-01 20:50:00
-1,2019-05-02 13:00:00,1268.655,,no_room,,,,2019-05-02 20:00:00
-1,2019-05-02 14:30:00,1267.405,,sl_too_tight,,,,2019-05-02 21:30:00
1,2019-05-03 14:00:00,1278.898,,no_room,,,,2019-05-03 21:00:00
-1,2019-05-06 10:10:00,1281.555,,sl_too_tight,,,,2019-05-06 17:10:00
-1,2019-05-06 13:30:00,1277.355,,sl_too_tight,,,,2019-05-06 20:30:00
1,2019-05-07 14:55:00,1283.065,,sl_too_tight,,,,2019-05-07 21:55:00
1,2019-05-08 12:25:00,1289.665,,sl_too_tight,,,,2019-05-08 19:25:00
-1,2019-05-08 14:40:00,1283.175,,no_room,,,,2019-05-08 21:40:00
-1,2019-05-08 15:25:00,1282.0,,no_room,,,,2019-05-08 22:25:00
-1,2019-05-08 15:50:00,1281.545,,sl_too_tight,,,,2019-05-08 22:50:00
1,2019-05-09 13:45:00,1283.448,,sl_too_tight,,,,2019-05-09 20:45:00
1,2019-05-09 15:25:00,1285.475,,no_room,,,,2019-05-09 22:25:00
1,2019-05-10 14:00:00,1286.788,,sl_too_tight,,,,2019-05-10 21:00:00
1,2019-05-10 14:30:00,1287.168,,sl_too_tight,,,,2019-05-10 21:30:00
1,2019-05-13 15:25:00,1298.678,,sl_too_tight,,,,2019-05-13 22:25:00
1,2019-05-15 08:45:00,1297.618,,no_room,,,,2019-05-15 15:45:00
-1,2019-05-15 14:25:00,1297.105,,no_room,,,,2019-05-15 21:25:00
-1,2019-05-15 14:50:00,1295.655,,no_room,,,,2019-05-15 21:50:00
-1,2019-05-16 09:15:00,1294.635,,no_room,,,,2019-05-16 16:15:00
-1,2019-05-16 10:05:00,1294.468,,sl_too_tight,,,,2019-05-16 17:05:00
-1,2019-05-16 10:55:00,1294.0,,sl_too_tight,,,,2019-05-16 17:55:00
-1,2019-05-16 14:45:00,1289.865,,sl_too_tight,,,,2019-05-16 21:45:00
-1,2019-05-16 15:15:00,1286.228,,no_room,,,,2019-05-16 22:15:00
-1,2019-05-17 13:25:00,1282.795,,sl_too_tight,,,,2019-05-17 20:25:00
-1,2019-05-20 11:40:00,1275.655,,sl_too_tight,,,,2019-05-20 18:40:00
1,2019-05-20 13:35:00,1277.298,,sl_too_tight,,,,2019-05-20 20:35:00
1,2019-05-20 15:00:00,1277.975,,sl_too_tight,,,,2019-05-20 22:00:00
-1,2019-05-21 13:30:00,1271.205,,sl_too_tight,,,,2019-05-21 20:30:00
1,2019-05-21 14:55:00,1273.098,,no_room,,,,2019-05-21 21:55:00
1,2019-05-21 15:20:00,1274.608,,no_room,,,,2019-05-21 22:20:00
1,2019-05-22 15:00:00,1275.658,,sl_too_tight,,,,2019-05-22 22:00:00
1,2019-05-22 15:30:00,1275.898,,sl_too_tight,,,,2019-05-22 22:30:00
1,2019-05-23 10:00:00,1276.308,,sl_too_tight,,,,2019-05-23 17:00:00
1,2019-05-23 14:00:00,1283.688,,no_room,,,,2019-05-23 21:00:00
1,2019-05-23 14:20:00,1284.808,,no_room,,,,2019-05-23 21:20:00
1,2019-05-23 14:55:00,1285.218,,sl_too_tight,,,,2019-05-23 21:55:00
-1,2019-05-24 09:10:00,1281.655,,sl_too_tight,,,,2019-05-24 16:10:00
-1,2019-05-28 13:35:00,1278.128,,sl_too_tight,,,,2019-05-28 20:35:00
1,2019-05-29 10:30:00,1283.318,,sl_too_tight,,,,2019-05-29 17:30:00
-1,2019-05-29 14:20:00,1281.495,,no_room,,,,2019-05-29 21:20:00
-1,2019-05-30 10:30:00,1276.065,,sl_too_tight,,,,2019-05-30 17:30:00
1,2019-05-30 14:40:00,1282.678,,sl_too_tight,,,,2019-05-30 21:40:00
1,2019-05-31 09:15:00,1295.345,,sl_too_tight,,,,2019-05-31 16:15:00
1,2019-05-31 14:25:00,1298.958,,no_room,,,,2019-05-31 21:25:00
1,2019-06-03 07:10:00,1311.868,,sl_too_tight,,,,2019-06-03 14:10:00
1,2019-06-03 10:25:00,1315.528,,sl_too_tight,,,,2019-06-03 17:25:00
1,2019-06-03 11:15:00,1317.325,,no_room,,,,2019-06-03 18:15:00
1,2019-06-03 12:25:00,1317.745,,sl_too_tight,,,,2019-06-03 19:25:00
1,2019-06-03 13:50:00,1316.365,,no_room,,,,2019-06-03 20:50:00
1,2019-06-04 08:10:00,1328.728,,sl_too_tight,,,,2019-06-04 15:10:00
-1,2019-06-04 14:40:00,1322.115,,no_room,,,,2019-06-04 21:40:00
1,2019-06-05 07:00:00,1334.018,,no_room,,,,2019-06-05 14:00:00
1,2019-06-05 09:00:00,1334.215,,sl_too_tight,,,,2019-06-05 16:00:00
1,2019-06-05 10:40:00,1338.338,,sl_too_tight,,,,2019-06-05 17:40:00
1,2019-06-05 12:20:00,1340.018,,no_room,,,,2019-06-05 19:20:00
-1,2019-06-05 14:50:00,1332.798,,no_room,,,,2019-06-05 21:50:00
-1,2019-06-05 15:35:00,1328.288,,no_room,,,,2019-06-05 22:35:00
1,2019-06-06 08:05:00,1335.565,,no_room,,,,2019-06-06 15:05:00
1,2019-06-06 15:45:00,1338.178,,no_room,,,,2019-06-06 22:45:00
1,2019-06-07 14:15:00,1344.008,,no_room,,,,2019-06-07 21:15:00
-1,2019-06-10 08:10:00,1325.675,,sl_too_tight,,,,2019-06-10 15:10:00
1,2019-06-10 10:00:00,1328.835,,sl_too_tight,,,,2019-06-10 17:00:00
1,2019-06-10 12:20:00,1326.508,,sl_too_tight,,,,2019-06-10 19:20:00
1,2019-06-10 14:25:00,1329.668,,sl_too_tight,,,,2019-06-10 21:25:00
-1,2019-06-11 08:55:00,1322.235,,sl_too_tight,,,,2019-06-11 15:55:00
1,2019-06-11 13:20:00,1324.265,,sl_too_tight,,,,2019-06-11 20:20:00
1,2019-06-11 14:50:00,1325.108,,sl_too_tight,,,,2019-06-11 21:50:00
1,2019-06-12 07:55:00,1337.108,,sl_too_tight,,,,2019-06-12 14:55:00
1,2019-06-12 08:15:00,1337.828,,no_room,,,,2019-06-12 15:15:00
1,2019-06-12 11:15:00,1335.728,,sl_too_tight,,,,2019-06-12 18:15:00
1,2019-06-12 14:40:00,1334.238,,sl_too_tight,,,,2019-06-12 21:40:00
1,2019-06-13 08:15:00,1337.688,,sl_too_tight,,,,2019-06-13 15:15:00
1,2019-06-13 15:15:00,1338.445,,no_room,,,,2019-06-13 22:15:00
1,2019-06-14 11:40:00,1354.088,,sl_too_tight,,,,2019-06-14 18:40:00
1,2019-06-14 12:10:00,1354.468,,sl_too_tight,,,,2019-06-14 19:10:00
-1,2019-06-14 13:15:00,1348.208,,no_room,,,,2019-06-14 20:15:00
-1,2019-06-17 09:10:00,1333.785,,sl_too_tight,,,,2019-06-17 16:10:00
-1,2019-06-17 14:20:00,1339.585,,no_room,,,,2019-06-17 21:20:00
1,2019-06-18 10:55:00,1346.158,,sl_too_tight,,,,2019-06-18 17:55:00
1,2019-06-18 11:25:00,1348.105,,no_room,,,,2019-06-18 18:25:00
1,2019-06-18 11:55:00,1349.928,,no_room,,,,2019-06-18 18:55:00
1,2019-06-18 12:25:00,1350.965,,no_room,,,,2019-06-18 19:25:00
-1,2019-06-19 08:55:00,1341.948,,sl_too_tight,,,,2019-06-19 15:55:00
-1,2019-06-19 11:40:00,1342.155,,sl_too_tight,,,,2019-06-19 18:40:00
-1,2019-06-19 12:45:00,1343.355,,sl_too_tight,,,,2019-06-19 19:45:00
1,2019-06-20 09:30:00,1380.985,,no_room,,,,2019-06-20 16:30:00
1,2019-06-20 11:40:00,1382.008,,sl_too_tight,,,,2019-06-20 18:40:00
1,2019-06-20 12:15:00,1382.508,,sl_too_tight,,,,2019-06-20 19:15:00
1,2019-06-20 14:45:00,1383.538,,no_room,,,,2019-06-20 21:45:00
-1,2019-06-21 12:30:00,1394.298,1386.555,signal,1398.0291428571427,1386.8357142857146,1379.3734285714293,2019-06-21 19:30:00
-1,2019-06-21 14:05:00,1395.838,,no_room,,,,2019-06-21 21:05:00
-1,2019-06-24 07:05:00,1401.948,,no_room,,,,2019-06-24 14:05:00
1,2019-06-24 11:15:00,1407.878,,sl_too_tight,,,,2019-06-24 18:15:00
1,2019-06-24 13:30:00,1407.258,,sl_too_tight,,,,2019-06-24 20:30:00
1,2019-06-24 14:25:00,1407.825,,sl_too_tight,,,,2019-06-24 21:25:00
1,2019-06-24 15:10:00,1409.348,,sl_too_tight,,,,2019-06-24 22:10:00
-1,2019-06-25 08:30:00,1431.435,1424.028,signal,1435.6844071428573,1424.1974071428572,1416.9598142857144,2019-06-25 15:30:00
-1,2019-06-25 11:00:00,1428.078,,no_room,,,,2019-06-25 18:00:00
-1,2019-06-25 12:00:00,1427.078,,no_room,,,,2019-06-25 19:00:00
-1,2019-06-25 12:40:00,1425.168,,no_room,,,,2019-06-25 19:40:00
1,2019-06-25 14:05:00,1433.735,,no_room,,,,2019-06-25 21:05:00
-1,2019-06-26 11:10:00,1404.045,,no_room,,,,2019-06-26 18:10:00
-1,2019-06-26 13:40:00,1407.385,,sl_too_tight,,,,2019-06-26 20:40:00
-1,2019-06-26 14:00:00,1405.358,,no_room,,,,2019-06-26 21:00:00
-1,2019-06-27 07:55:00,1402.978,,sl_too_tight,,,,2019-06-27 14:55:00
-1,2019-06-27 12:45:00,1404.508,,sl_too_tight,,,,2019-06-27 19:45:00
-1,2019-06-28 11:45:00,1413.585,,sl_too_tight,,,,2019-06-28 18:45:00
-1,2019-06-28 12:20:00,1413.005,,sl_too_tight,,,,2019-06-28 19:20:00
-1,2019-06-28 13:00:00,1411.148,,no_room,,,,2019-06-28 20:00:00
-1,2019-06-28 13:30:00,1409.938,,no_room,,,,2019-06-28 20:30:00
1,2019-07-01 12:30:00,1393.225,,sl_too_tight,,,,2019-07-01 19:30:00
1,2019-07-01 14:55:00,1394.558,,no_room,,,,2019-07-01 21:55:00
1,2019-07-02 07:00:00,1391.748,,sl_too_tight,,,,2019-07-02 14:00:00
1,2019-07-02 08:40:00,1393.848,,sl_too_tight,,,,2019-07-02 15:40:00
1,2019-07-02 11:50:00,1392.958,,sl_too_tight,,,,2019-07-02 18:50:00
1,2019-07-02 13:50:00,1392.785,,no_room,,,,2019-07-02 20:50:00
1,2019-07-02 15:00:00,1394.748,,no_room,,,,2019-07-02 22:00:00
1,2019-07-03 08:45:00,1424.748,,sl_too_tight,,,,2019-07-03 15:45:00
1,2019-07-03 09:35:00,1425.518,,no_room,,,,2019-07-03 16:35:00
1,2019-07-03 10:55:00,1425.918,,sl_too_tight,,,,2019-07-03 17:55:00
-1,2019-07-03 12:00:00,1417.598,,no_room,,,,2019-07-03 19:00:00
-1,2019-07-03 13:30:00,1414.755,,no_room,,,,2019-07-03 20:30:00
-1,2019-07-03 15:35:00,1416.475,,no_room,,,,2019-07-03 22:35:00
-1,2019-07-04 07:50:00,1413.145,,sl_too_tight,,,,2019-07-04 14:50:00
-1,2019-07-04 08:50:00,1412.608,,sl_too_tight,,,,2019-07-04 15:50:00
-1,2019-07-04 11:15:00,1414.365,,sl_too_tight,,,,2019-07-04 18:15:00
-1,2019-07-04 12:25:00,1414.025,,sl_too_tight,,,,2019-07-04 19:25:00
-1,2019-07-05 09:10:00,1413.685,,sl_too_tight,,,,2019-07-05 16:10:00
-1,2019-07-05 10:35:00,1413.768,,sl_too_tight,,,,2019-07-05 17:35:00
-1,2019-07-05 12:30:00,1409.839,,no_room,,,,2019-07-05 19:30:00
-1,2019-07-05 13:15:00,1394.8,,no_room,,,,2019-07-05 20:15:00
1,2019-07-08 07:00:00,1405.898,,no_room,,,,2019-07-08 14:00:00
1,2019-07-08 09:10:00,1405.965,,sl_too_tight,,,,2019-07-08 16:10:00
1,2019-07-08 11:20:00,1405.938,,sl_too_tight,,,,2019-07-08 18:20:00
-1,2019-07-08 13:00:00,1403.315,,no_room,,,,2019-07-08 20:00:00
-1,2019-07-08 14:20:00,1399.868,,no_room,,,,2019-07-08 21:20:00
-1,2019-07-08 15:45:00,1395.488,,no_room,,,,2019-07-08 22:45:00
-1,2019-07-09 08:25:00,1391.788,,no_room,,,,2019-07-09 15:25:00
-1,2019-07-09 08:50:00,1389.455,,no_room,,,,2019-07-09 15:50:00
1,2019-07-10 09:20:00,1394.555,,no_room,,,,2019-07-10 16:20:00
1,2019-07-10 12:30:00,1396.188,,sl_too_tight,,,,2019-07-10 19:30:00
1,2019-07-10 15:40:00,1409.475,,no_room,,,,2019-07-10 22:40:00
-1,2019-07-11 09:45:00,1422.628,,sl_too_tight,,,,2019-07-11 16:45:00
-1,2019-07-11 10:55:00,1420.825,,sl_too_tight,,,,2019-07-11 17:55:00
-1,2019-07-11 11:15:00,1420.588,,sl_too_tight,,,,2019-07-11 18:15:00
-1,2019-07-11 12:30:00,1417.778,,no_room,,,,2019-07-11 19:30:00
-1,2019-07-11 13:50:00,1414.595,,sl_too_tight,,,,2019-07-11 20:50:00
-1,2019-07-11 14:35:00,1412.165,,no_room,,,,2019-07-11 21:35:00
1,2019-07-12 10:50:00,1407.165,,no_room,,,,2019-07-12 17:50:00
1,2019-07-12 13:20:00,1407.218,,sl_too_tight,,,,2019-07-12 20:20:00
1,2019-07-12 14:55:00,1408.155,,no_room,,,,2019-07-12 21:55:00
1,2019-07-12 15:15:00,1408.825,,no_room,,,,2019-07-12 22:15:00
1,2019-07-15 08:00:00,1414.705,,sl_too_tight,,,,2019-07-15 15:00:00
1,2019-07-15 08:50:00,1415.968,,sl_too_tight,,,,2019-07-15 15:50:00
1,2019-07-15 11:10:00,1415.948,,sl_too_tight,,,,2019-07-15 18:10:00
1,2019-07-15 13:35:00,1413.065,,sl_too_tight,,,,2019-07-15 20:35:00
-1,2019-07-15 14:40:00,1408.875,,no_room,,,,2019-07-15 21:40:00
-1,2019-07-16 15:35:00,1409.128,,sl_too_tight,,,,2019-07-16 22:35:00
1,2019-07-17 10:50:00,1402.748,,sl_too_tight,,,,2019-07-17 17:50:00
1,2019-07-17 11:40:00,1403.748,,sl_too_tight,,,,2019-07-17 18:40:00
1,2019-07-17 13:15:00,1408.315,,no_room,,,,2019-07-17 20:15:00
1,2019-07-17 14:15:00,1412.488,,sl_too_tight,,,,2019-07-17 21:15:00
1,2019-07-17 14:45:00,1416.358,,no_room,,,,2019-07-17 21:45:00
-1,2019-07-18 09:25:00,1421.438,,sl_too_tight,,,,2019-07-18 16:25:00
-1,2019-07-18 10:30:00,1420.728,,sl_too_tight,,,,2019-07-18 17:30:00
-1,2019-07-18 10:40:00,1419.898,,sl_too_tight,,,,2019-07-18 17:40:00
-1,2019-07-18 12:40:00,1417.858,,no_room,,,,2019-07-18 19:40:00
-1,2019-07-19 09:10:00,1438.578,,sl_too_tight,,,,2019-07-19 16:10:00
-1,2019-07-19 11:15:00,1437.395,,no_room,,,,2019-07-19 18:15:00
-1,2019-07-19 12:40:00,1435.055,1427.905,signal,1438.8037785714284,1428.0407785714285,1421.026557142857,2019-07-19 19:40:00
1,2019-07-22 10:25:00,1425.718,,sl_too_tight,,,,2019-07-22 17:25:00
1,2019-07-22 12:20:00,1426.715,,sl_too_tight,,,,2019-07-22 19:20:00
1,2019-07-22 13:45:00,1427.828,,sl_too_tight,,,,2019-07-22 20:45:00
1,2019-07-23 12:25:00,1424.808,,sl_too_tight,,,,2019-07-23 19:25:00
1,2019-07-23 12:50:00,1426.135,,no_room,,,,2019-07-23 19:50:00
1,2019-07-23 13:55:00,1425.675,,no_room,,,,2019-07-23 20:55:00
1,2019-07-24 07:25:00,1422.645,,sl_too_tight,,,,2019-07-24 14:25:00
1,2019-07-24 08:55:00,1424.528,,sl_too_tight,,,,2019-07-24 15:55:00
1,2019-07-24 09:40:00,1425.968,,no_room,,,,2019-07-24 16:40:00
1,2019-07-24 11:40:00,1426.688,,sl_too_tight,,,,2019-07-24 18:40:00
1,2019-07-24 13:15:00,1426.715,,sl_too_tight,,,,2019-07-24 20:15:00
-1,2019-07-24 15:35:00,1422.768,,sl_too_tight,,,,2019-07-24 22:35:00
1,2019-07-25 11:40:00,1427.538,,sl_too_tight,,,,2019-07-25 18:40:00
-1,2019-07-25 15:20:00,1417.598,,no_room,,,,2019-07-25 22:20:00
1,2019-07-26 09:15:00,1418.245,,sl_too_tight,,,,2019-07-26 16:15:00
1,2019-07-26 13:00:00,1421.248,,no_room,,,,2019-07-26 20:00:00
-1,2019-07-29 13:40:00,1419.415,,sl_too_tight,,,,2019-07-29 20:40:00
1,2019-07-30 09:30:00,1427.948,,no_room,,,,2019-07-30 16:30:00
1,2019-07-30 10:20:00,1428.668,,no_room,,,,2019-07-30 17:20:00
1,2019-07-30 11:35:00,1429.085,,sl_too_tight,,,,2019-07-30 18:35:00
-1,2019-07-31 13:55:00,1428.815,,no_room,,,,2019-07-31 20:55:00
-1,2019-08-01 07:55:00,1404.975,,no_room,,,,2019-08-01 14:55:00
-1,2019-08-01 11:10:00,1405.985,,sl_too_tight,,,,2019-08-01 18:10:00
-1,2019-08-01 11:45:00,1405.035,,sl_too_tight,,,,2019-08-01 18:45:00
-1,2019-08-01 12:20:00,1403.505,,no_room,,,,2019-08-01 19:20:00
-1,2019-08-01 13:10:00,1401.538,,no_room,,,,2019-08-01 20:10:00
1,2019-08-01 14:55:00,1413.165,,no_room,,,,2019-08-01 21:55:00
1,2019-08-01 15:25:00,1415.745,,no_room,,,,2019-08-01 22:25:00
-1,2019-08-02 08:25:00,1437.635,,sl_too_tight,,,,2019-08-02 15:25:00
1,2019-08-02 15:55:00,1446.048,,no_room,,,,2019-08-02 22:55:00
1,2019-08-05 08:05:00,1457.668,,sl_too_tight,,,,2019-08-05 15:05:00
1,2019-08-05 10:35:00,1457.848,,sl_too_tight,,,,2019-08-05 17:35:00
1,2019-08-05 12:15:00,1461.165,,no_room,,,,2019-08-05 19:15:00
1,2019-08-05 13:05:00,1463.565,,signal,1457.5622714285714,1475.5704571428573,1487.5759142857146,2019-08-05 20:05:00
1,2019-08-05 13:40:00,1465.378,,signal,1461.5260857142857,1473.0818285714283,1480.7856571428567,2019-08-05 20:40:00
1,2019-08-05 14:15:00,1465.965,,signal,1461.5367714285715,1474.8214571428568,1483.6779142857138,2019-08-05 21:15:00
-1,2019-08-06 07:20:00,1461.668,,sl_too_tight,,,,2019-08-06 14:20:00
1,2019-08-06 11:25:00,1465.655,,sl_too_tight,,,,2019-08-06 18:25:00
1,2019-08-06 13:00:00,1467.038,,no_room,,,,2019-08-06 20:00:00
1,2019-08-06 14:15:00,1468.048,,no_room,,,,2019-08-06 21:15:00
1,2019-08-07 09:15:00,1487.485,,sl_too_tight,,,,2019-08-07 16:15:00
1,2019-08-07 10:25:00,1488.768,,sl_too_tight,,,,2019-08-07 17:25:00
1,2019-08-07 11:05:00,1489.768,,no_room,,,,2019-08-07 18:05:00
1,2019-08-07 12:00:00,1495.408,,signal,1488.2074785714285,1509.8090428571427,1524.2100857142855,2019-08-07 19:00:00
1,2019-08-07 13:40:00,1498.935,,no_room,,,,2019-08-07 20:40:00
-1,2019-08-08 08:45:00,1496.945,,sl_too_tight,,,,2019-08-08 15:45:00
-1,2019-08-08 12:30:00,1496.905,,sl_too_tight,,,,2019-08-08 19:30:00
1,2019-08-09 08:30:00,1502.588,,sl_too_tight,,,,2019-08-09 15:30:00
1,2019-08-09 09:30:00,1503.068,,sl_too_tight,,,,2019-08-09 16:30:00
1,2019-08-09 10:20:00,1503.685,,sl_too_tight,,,,2019-08-09 17:20:00
-1,2019-08-09 13:30:00,1496.795,,no_room,,,,2019-08-09 20:30:00
1,2019-08-09 15:25:00,1504.955,,no_room,,,,2019-08-09 22:25:00
-1,2019-08-12 07:20:00,1489.618,,no_room,,,,2019-08-12 14:20:00
1,2019-08-12 08:45:00,1498.178,,no_room,,,,2019-08-12 15:45:00
1,2019-08-12 09:50:00,1504.045,,sl_too_tight,,,,2019-08-12 16:50:00
1,2019-08-12 11:30:00,1506.078,,sl_too_tight,,,,2019-08-12 18:30:00
1,2019-08-12 13:40:00,1503.228,,sl_too_tight,,,,2019-08-12 20:40:00
1,2019-08-12 15:35:00,1505.808,,no_room,,,,2019-08-12 22:35:00
1,2019-08-13 07:45:00,1524.618,,signal,1521.3003214285714,1531.253357142857,1537.8887142857143,2019-08-13 14:45:00
1,2019-08-13 09:20:00,1526.955,,signal,1522.7326928571429,1535.399614285714,1543.8442285714282,2019-08-13 16:20:00
-1,2019-08-13 15:45:00,1499.908,,no_room,,,,2019-08-13 22:45:00
1,2019-08-14 10:50:00,1508.868,,no_room,,,,2019-08-14 17:50:00
1,2019-08-14 13:45:00,1516.285,,no_room,,,,2019-08-14 20:45:00
1,2019-08-14 15:10:00,1517.708,,no_room,,,,2019-08-14 22:10:00
-1,2019-08-15 11:25:00,1517.775,,no_room,,,,2019-08-15 18:25:00
-1,2019-08-16 08:05:00,1513.865,,sl_too_tight,,,,2019-08-16 15:05:00
-1,2019-08-16 09:05:00,1510.248,,no_room,,,,2019-08-16 16:05:00
-1,2019-08-16 12:10:00,1511.808,,no_room,,,,2019-08-16 19:10:00
-1,2019-08-16 14:35:00,1511.848,,no_room,,,,2019-08-16 21:35:00
-1,2019-08-19 07:50:00,1506.635,,sl_too_tight,,,,2019-08-19 14:50:00
-1,2019-08-19 09:05:00,1499.715,,no_room,,,,2019-08-19 16:05:00
-1,2019-08-19 09:45:00,1498.108,,no_room,,,,2019-08-19 16:45:00
-1,2019-08-19 11:25:00,1497.235,,no_room,,,,2019-08-19 18:25:00
-1,2019-08-19 13:40:00,1496.908,,sl_too_tight,,,,2019-08-19 20:40:00
1,2019-08-19 14:40:00,1502.408,,no_room,,,,2019-08-19 21:40:00
1,2019-08-19 15:45:00,1501.715,,sl_too_tight,,,,2019-08-19 22:45:00
1,2019-08-20 08:00:00,1500.155,,no_room,,,,2019-08-20 15:00:00
1,2019-08-20 08:40:00,1502.295,,no_room,,,,2019-08-20 15:40:00
1,2019-08-20 09:50:00,1503.298,,sl_too_tight,,,,2019-08-20 16:50:00
1,2019-08-20 11:00:00,1505.068,,sl_too_tight,,,,2019-08-20 18:00:00
1,2019-08-20 13:45:00,1505.945,,no_room,,,,2019-08-20 20:45:00
-1,2019-08-21 11:30:00,1500.935,,sl_too_tight,,,,2019-08-21 18:30:00
1,2019-08-21 14:10:00,1503.785,,no_room,,,,2019-08-21 21:10:00
1,2019-08-21 15:40:00,1503.835,,sl_too_tight,,,,2019-08-21 22:40:00
-1,2019-08-22 10:00:00,1497.605,,sl_too_tight,,,,2019-08-22 17:00:00
-1,2019-08-22 11:35:00,1495.178,,sl_too_tight,,,,2019-08-22 18:35:00
1,2019-08-22 15:00:00,1501.418,,no_room,,,,2019-08-22 22:00:00
1,2019-08-23 12:30:00,1503.468,,no_room,,,,2019-08-23 19:30:00
1,2019-08-23 13:35:00,1504.898,,no_room,,,,2019-08-23 20:35:00
1,2019-08-23 14:20:00,1507.648,,no_room,,,,2019-08-23 21:20:00
1,2019-08-23 15:55:00,1527.148,,no_room,,,,2019-08-23 22:55:00
-1,2019-08-26 08:15:00,1528.675,,no_room,,,,2019-08-26 15:15:00
-1,2019-08-26 11:25:00,1529.195,,no_room,,,,2019-08-26 18:25:00
-1,2019-08-26 12:55:00,1528.265,,no_room,,,,2019-08-26 19:55:00
1,2019-08-27 07:10:00,1534.208,,no_room,,,,2019-08-27 14:10:00
1,2019-08-27 12:00:00,1531.445,,sl_too_tight,,,,2019-08-27 19:00:00
-1,2019-08-27 12:25:00,1529.465,,no_room,,,,2019-08-27 19:25:00
1,2019-08-27 13:40:00,1531.375,,no_room,,,,2019-08-27 20:40:00
1,2019-08-27 14:45:00,1533.928,,no_room,,,,2019-08-27 21:45:00
1,2019-08-28 12:00:00,1545.898,,no_room,,,,2019-08-28 19:00:00
-1,2019-08-29 09:00:00,1539.178,,sl_too_tight,,,,2019-08-29 16:00:00
-1,2019-08-29 09:20:00,1537.655,,no_room,,,,2019-08-29 16:20:00
-1,2019-08-29 10:50:00,1536.655,,no_room,,,,2019-08-29 17:50:00
1,2019-08-30 09:00:00,1526.085,,no_room,,,,2019-08-30 16:00:00
1,2019-08-30 12:15:00,1526.188,,sl_too_tight,,,,2019-08-30 19:15:00
1,2019-08-30 15:15:00,1530.378,,no_room,,,,2019-08-30 22:15:00
-1,2019-09-02 08:55:00,1521.408,,sl_too_tight,,,,2019-09-02 15:55:00
-1,2019-09-02 10:35:00,1524.058,,sl_too_tight,,,,2019-09-02 17:35:00
-1,2019-09-02 11:45:00,1524.708,,sl_too_tight,,,,2019-09-02 18:45:00
-1,2019-09-02 12:55:00,1523.898,,sl_too_tight,,,,2019-09-02 19:55:00
1,2019-09-02 15:45:00,1526.515,,sl_too_tight,,,,2019-09-02 22:45:00
1,2019-09-03 09:50:00,1533.065,,sl_too_tight,,,,2019-09-03 16:50:00
1,2019-09-03 11:55:00,1531.288,,sl_too_tight,,,,2019-09-03 18:55:00
1,2019-09-03 13:05:00,1534.845,,no_room,,,,2019-09-03 20:05:00
1,2019-09-03 14:00:00,1538.098,,no_room,,,,2019-09-03 21:00:00
1,2019-09-03 15:00:00,1544.998,,no_room,,,,2019-09-03 22:00:00
-1,2019-09-04 07:30:00,1536.988,,sl_too_tight,,,,2019-09-04 14:30:00
-1,2019-09-04 10:15:00,1537.335,,sl_too_tight,,,,2019-09-04 17:15:00
-1,2019-09-04 10:55:00,1536.595,,sl_too_tight,,,,2019-09-04 17:55:00
1,2019-09-04 13:30:00,1544.658,,no_room,,,,2019-09-04 20:30:00
1,2019-09-04 13:50:00,1546.425,,no_room,,,,2019-09-04 20:50:00
1,2019-09-04 15:50:00,1547.415,,no_room,,,,2019-09-04 22:50:00
-1,2019-09-05 09:55:00,1541.335,,sl_too_tight,,,,2019-09-05 16:55:00
-1,2019-09-05 12:20:00,1540.325,,no_room,,,,2019-09-05 19:20:00
-1,2019-09-06 08:00:00,1509.255,,sl_too_tight,,,,2019-09-06 15:00:00
-1,2019-09-06 09:15:00,1506.185,,sl_too_tight,,,,2019-09-06 16:15:00
-1,2019-09-06 11:30:00,1504.738,,no_room,,,,2019-09-06 18:30:00
1,2019-09-06 13:00:00,1518.365,,no_room,,,,2019-09-06 20:00:00
1,2019-09-06 13:40:00,1524.715,,no_room,,,,2019-09-06 20:40:00
1,2019-09-06 15:20:00,1521.518,,no_room,,,,2019-09-06 22:20:00
-1,2019-09-09 07:55:00,1505.195,,no_room,,,,2019-09-09 14:55:00
1,2019-09-09 12:30:00,1513.965,,no_room,,,,2019-09-09 19:30:00
1,2019-09-10 07:20:00,1492.288,,sl_too_tight,,,,2019-09-10 14:20:00
1,2019-09-10 08:10:00,1495.665,,sl_too_tight,,,,2019-09-10 15:10:00
1,2019-09-10 10:40:00,1494.895,,sl_too_tight,,,,2019-09-10 17:40:00
1,2019-09-11 09:10:00,1494.008,,no_room,,,,2019-09-11 16:10:00
-1,2019-09-11 13:10:00,1489.805,,no_room,,,,2019-09-11 20:10:00
1,2019-09-11 15:00:00,1494.808,,no_room,,,,2019-09-11 22:00:00
1,2019-09-12 07:15:00,1502.158,,no_room,,,,2019-09-12 14:15:00
1,2019-09-12 08:15:00,1503.915,,no_room,,,,2019-09-12 15:15:00
1,2019-09-12 11:45:00,1504.508,,no_room,,,,2019-09-12 18:45:00
1,2019-09-13 08:10:00,1505.935,,no_room,,,,2019-09-13 15:10:00
1,2019-09-13 09:35:00,1506.225,,sl_too_tight,,,,2019-09-13 16:35:00
1,2019-09-13 11:35:00,1505.788,,sl_too_tight,,,,2019-09-13 18:35:00
-1,2019-09-13 14:25:00,1497.018,,no_room,,,,2019-09-13 21:25:00
-1,2019-09-13 15:40:00,1492.385,,no_room,,,,2019-09-13 22:40:00
-1,2019-09-16 12:25:00,1503.298,,sl_too_tight,,,,2019-09-16 19:25:00
-1,2019-09-16 13:45:00,1499.935,,sl_too_tight,,,,2019-09-16 20:45:00
1,2019-09-17 09:25:00,1498.565,,sl_too_tight,,,,2019-09-17 16:25:00
1,2019-09-17 10:50:00,1498.528,,sl_too_tight,,,,2019-09-17 17:50:00
1,2019-09-17 12:00:00,1501.388,,sl_too_tight,,,,2019-09-17 19:00:00
1,2019-09-17 15:05:00,1504.068,,no_room,,,,2019-09-17 22:05:00
1,2019-09-18 14:30:00,1506.298,,sl_too_tight,,,,2019-09-18 21:30:00
1,2019-09-18 15:00:00,1508.148,,no_room,,,,2019-09-18 22:00:00
1,2019-09-18 15:25:00,1508.838,,no_room,,,,2019-09-18 22:25:00
-1,2019-09-19 07:10:00,1494.888,,sl_too_tight,,,,2019-09-19 14:10:00
1,2019-09-19 11:10:00,1498.945,,sl_too_tight,,,,2019-09-19 18:10:00
1,2019-09-20 08:45:00,1504.635,,sl_too_tight,,,,2019-09-20 15:45:00
-1,2019-09-20 12:20:00,1499.705,,sl_too_tight,,,,2019-09-20 19:20:00
1,2019-09-23 07:30:00,1516.205,,no_room,,,,2019-09-23 14:30:00
1,2019-09-23 08:05:00,1518.398,,sl_too_tight,,,,2019-09-23 15:05:00
1,2019-09-23 14:50:00,1524.598,,sl_too_tight,,,,2019-09-23 21:50:00
1,2019-09-24 07:35:00,1522.365,,sl_too_tight,,,,2019-09-24 14:35:00
1,2019-09-24 10:25:00,1521.888,,sl_too_tight,,,,2019-09-24 17:25:00
-1,2019-09-24 13:10:00,1520.115,,no_room,,,,2019-09-24 20:10:00
-1,2019-09-24 13:40:00,1516.985,,no_room,,,,2019-09-24 20:40:00
1,2019-09-24 15:10:00,1524.298,,no_room,,,,2019-09-24 22:10:00
1,2019-09-25 08:45:00,1531.948,,sl_too_tight,,,,2019-09-25 15:45:00
-1,2019-09-25 14:05:00,1526.335,,no_room,,,,2019-09-25 21:05:00
-1,2019-09-25 14:30:00,1524.911,,no_room,,,,2019-09-25 21:30:00
-1,2019-09-25 15:40:00,1513.478,,no_room,,,,2019-09-25 22:40:00
1,2019-09-26 08:00:00,1507.448,,sl_too_tight,,,,2019-09-26 15:00:00
1,2019-09-26 10:25:00,1508.725,,sl_too_tight,,,,2019-09-26 17:25:00
-1,2019-09-27 08:55:00,1496.818,,sl_too_tight,,,,2019-09-27 15:55:00
-1,2019-09-27 09:50:00,1496.245,,sl_too_tight,,,,2019-09-27 16:50:00
-1,2019-09-27 10:35:00,1491.465,,no_room,,,,2019-09-27 17:35:00
-1,2019-09-27 13:05:00,1493.065,,no_room,,,,2019-09-27 20:05:00
-1,2019-09-30 08:00:00,1489.635,,no_room,,,,2019-09-30 15:00:00
-1,2019-09-30 09:10:00,1486.615,,no_room,,,,2019-09-30 16:10:00
-1,2019-09-30 10:45:00,1486.635,,sl_too_tight,,,,2019-09-30 17:45:00
-1,2019-09-30 11:40:00,1485.945,,sl_too_tight,,,,2019-09-30 18:40:00
-1,2019-09-30 14:50:00,1482.985,,no_room,,,,2019-09-30 21:50:00
-1,2019-10-01 07:30:00,1460.725,,no_room,,,,2019-10-01 14:30:00
1,2019-10-01 10:40:00,1469.295,,no_room,,,,2019-10-01 17:40:00
1,2019-10-01 14:00:00,1466.808,,no_room,,,,2019-10-01 21:00:00
-1,2019-10-02 08:10:00,1480.985,,no_room,,,,2019-10-02 15:10:00
1,2019-10-02 08:40:00,1482.275,,no_room,,,,2019-10-02 15:40:00
1,2019-10-02 09:25:00,1483.568,,no_room,,,,2019-10-02 16:25:00
1,2019-10-02 11:00:00,1484.915,,sl_too_tight,,,,2019-10-02 18:00:00
1,2019-10-02 12:50:00,1490.608,,no_room,,,,2019-10-02 19:50:00
1,2019-10-02 14:40:00,1496.578,,no_room,,,,2019-10-02 21:40:00
1,2019-10-02 15:10:00,1497.828,,no_room,,,,2019-10-02 22:10:00
-1,2019-10-03 12:30:00,1500.655,,no_room,,,,2019-10-03 19:30:00
1,2019-10-04 09:00:00,1509.238,,sl_too_tight,,,,2019-10-04 16:00:00
-1,2019-10-04 12:55:00,1498.168,,no_room,,,,2019-10-04 19:55:00
-1,2019-10-04 15:30:00,1504.205,,no_room,,,,2019-10-04 22:30:00
-1,2019-10-07 10:50:00,1500.548,,sl_too_tight,,,,2019-10-07 17:50:00
-1,2019-10-07 12:40:00,1498.098,,sl_too_tight,,,,2019-10-07 19:40:00
1,2019-10-08 07:30:00,1492.788,,no_room,,,,2019-10-08 14:30:00
1,2019-10-08 08:15:00,1497.728,,no_room,,,,2019-10-08 15:15:00
1,2019-10-08 09:25:00,1499.458,,sl_too_tight,,,,2019-10-08 16:25:00
1,2019-10-08 11:00:00,1504.788,,no_room,,,,2019-10-08 18:00:00
1,2019-10-08 11:25:00,1506.078,,no_room,,,,2019-10-08 18:25:00
1,2019-10-08 13:35:00,1507.208,,no_room,,,,2019-10-08 20:35:00
-1,2019-10-08 14:55:00,1503.785,,sl_too_tight,,,,2019-10-08 21:55:00
-1,2019-10-09 09:10:00,1504.025,,no_room,,,,2019-10-09 16:10:00
-1,2019-10-09 11:20:00,1501.335,,sl_too_tight,,,,2019-10-09 18:20:00
-1,2019-10-10 08:25:00,1508.275,,sl_too_tight,,,,2019-10-10 15:25:00
-1,2019-10-10 10:10:00,1507.498,,sl_too_tight,,,,2019-10-10 17:10:00
-1,2019-10-10 12:35:00,1506.855,,sl_too_tight,,,,2019-10-10 19:35:00
-1,2019-10-10 13:30:00,1500.908,,no_room,,,,2019-10-10 20:30:00
-1,2019-10-10 14:15:00,1493.395,,no_room,,,,2019-10-10 21:15:00
-1,2019-10-11 10:10:00,1493.688,,no_room,,,,2019-10-11 17:10:00
-1,2019-10-11 11:20:00,1492.425,,no_room,,,,2019-10-11 18:20:00
-1,2019-10-11 13:40:00,1482.985,,no_room,,,,2019-10-11 20:40:00
1,2019-10-14 09:15:00,1490.505,,sl_too_tight,,,,2019-10-14 16:15:00
1,2019-10-14 10:10:00,1494.925,,no_room,,,,2019-10-14 17:10:00
1,2019-10-14 14:45:00,1491.488,,sl_too_tight,,,,2019-10-14 21:45:00
-1,2019-10-15 14:05:00,1485.778,,no_room,,,,2019-10-15 21:05:00
1,2019-10-16 12:30:00,1482.305,,no_room,,,,2019-10-16 19:30:00
-1,2019-10-17 09:30:00,1487.168,,sl_too_tight,,,,2019-10-17 16:30:00
1,2019-10-17 15:25:00,1493.568,,no_room,,,,2019-10-17 22:25:00
1,2019-10-17 15:55:00,1495.655,,no_room,,,,2019-10-17 22:55:00
-1,2019-10-18 07:40:00,1488.155,,sl_too_tight,,,,2019-10-18 14:40:00
-1,2019-10-18 08:40:00,1487.385,,sl_too_tight,,,,2019-10-18 15:40:00
-1,2019-10-18 10:55:00,1487.778,,sl_too_tight,,,,2019-10-18 17:55:00
-1,2019-10-18 15:10:00,1490.148,,sl_too_tight,,,,2019-10-18 22:10:00
-1,2019-10-21 14:40:00,1489.335,,no_room,,,,2019-10-21 21:40:00
-1,2019-10-22 14:05:00,1486.048,,sl_too_tight,,,,2019-10-22 21:05:00
-1,2019-10-22 14:55:00,1484.545,,sl_too_tight,,,,2019-10-22 21:55:00
1,2019-10-23 13:50:00,1494.428,,no_room,,,,2019-10-23 20:50:00
-1,2019-10-24 09:15:00,1489.395,,sl_too_tight,,,,2019-10-24 16:15:00
1,2019-10-24 13:25:00,1495.365,,no_room,,,,2019-10-24 20:25:00
1,2019-10-24 14:25:00,1501.435,,no_room,,,,2019-10-24 21:25:00
1,2019-10-25 08:55:00,1505.785,,sl_too_tight,,,,2019-10-25 15:55:00
1,2019-10-25 12:00:00,1509.848,,no_room,,,,2019-10-25 19:00:00
1,2019-10-25 12:25:00,1510.948,,no_room,,,,2019-10-25 19:25:00
1,2019-10-25 13:00:00,1514.368,,no_room,,,,2019-10-25 20:00:00
1,2019-10-28 11:10:00,1505.608,,sl_too_tight,,,,2019-10-28 18:10:00
-1,2019-10-28 12:20:00,1502.655,,sl_too_tight,,,,2019-10-28 19:20:00
-1,2019-10-28 13:30:00,1497.205,,no_room,,,,2019-10-28 20:30:00
-1,2019-10-29 13:30:00,1485.785,,no_room,,,,2019-10-29 20:30:00
1,2019-10-30 13:40:00,1492.945,,no_room,,,,2019-10-30 20:40:00
1,2019-10-30 15:05:00,1493.348,,sl_too_tight,,,,2019-10-30 22:05:00
1,2019-10-31 10:05:00,1505.818,,no_room,,,,2019-10-31 17:05:00
1,2019-10-31 11:10:00,1506.275,,sl_too_tight,,,,2019-10-31 18:10:00
1,2019-10-31 12:30:00,1507.628,,no_room,,,,2019-10-31 19:30:00
1,2019-10-31 13:40:00,1509.658,,no_room,,,,2019-10-31 20:40:00
-1,2019-11-04 10:15:00,1510.055,,sl_too_tight,,,,2019-11-04 17:15:00
1,2019-11-04 13:10:00,1513.085,,sl_too_tight,,,,2019-11-04 20:10:00
1,2019-11-04 15:10:00,1511.495,,no_room,,,,2019-11-04 22:10:00
-1,2019-11-04 15:40:00,1509.488,,sl_too_tight,,,,2019-11-04 22:40:00
-1,2019-11-05 08:10:00,1505.475,,sl_too_tight,,,,2019-11-05 15:10:00
-1,2019-11-05 08:55:00,1504.338,,sl_too_tight,,,,2019-11-05 15:55:00
-1,2019-11-05 12:10:00,1501.718,,no_room,,,,2019-11-05 19:10:00
-1,2019-11-05 12:30:00,1501.008,,no_room,,,,2019-11-05 19:30:00
-1,2019-11-05 13:20:00,1498.495,,no_room,,,,2019-11-05 20:20:00
-1,2019-11-05 15:00:00,1490.495,,no_room,,,,2019-11-05 22:00:00
-1,2019-11-05 15:30:00,1486.545,,no_room,,,,2019-11-05 22:30:00
1,2019-11-06 08:50:00,1486.248,,sl_too_tight,,,,2019-11-06 15:50:00
1,2019-11-06 09:45:00,1487.598,,sl_too_tight,,,,2019-11-06 16:45:00
1,2019-11-06 15:50:00,1488.455,,sl_too_tight,,,,2019-11-06 22:50:00
-1,2019-11-07 09:20:00,1485.725,,sl_too_tight,,,,2019-11-07 16:20:00
-1,2019-11-07 10:15:00,1484.785,,sl_too_tight,,,,2019-11-07 17:15:00
-1,2019-11-07 10:50:00,1482.725,,no_room,,,,2019-11-07 17:50:00
-1,2019-11-07 13:30:00,1483.365,,no_room,,,,2019-11-07 20:30:00
-1,2019-11-07 15:10:00,1483.518,,no_room,,,,2019-11-07 22:10:00
1,2019-11-08 07:55:00,1471.308,,no_room,,,,2019-11-08 14:55:00
-1,2019-11-08 09:55:00,1465.865,,no_room,,,,2019-11-08 16:55:00
-1,2019-11-08 11:10:00,1465.728,,no_room,,,,2019-11-08 18:10:00
-1,2019-11-08 14:45:00,1459.298,,no_room,,,,2019-11-08 21:45:00
1,2019-11-11 10:45:00,1465.905,,sl_too_tight,,,,2019-11-11 17:45:00
-1,2019-11-11 14:30:00,1459.875,,sl_too_tight,,,,2019-11-11 21:30:00
-1,2019-11-11 15:00:00,1459.495,,no_room,,,,2019-11-11 22:00:00
-1,2019-11-11 15:50:00,1450.975,,no_room,,,,2019-11-11 22:50:00
-1,2019-11-12 11:10:00,1453.848,,sl_too_tight,,,,2019-11-12 18:10:00
-1,2019-11-12 13:00:00,1452.675,,sl_too_tight,,,,2019-11-12 20:00:00
-1,2019-11-12 13:30:00,1451.495,,no_room,,,,2019-11-12 20:30:00
-1,2019-11-12 15:25:00,1451.675,,sl_too_tight,,,,2019-11-12 22:25:00
1,2019-11-13 09:10:00,1462.915,,no_room,,,,2019-11-13 16:10:00
1,2019-11-13 11:35:00,1465.115,,sl_too_tight,,,,2019-11-13 18:35:00
1,2019-11-13 15:30:00,1464.778,,sl_too_tight,,,,2019-11-13 22:30:00
1,2019-11-14 08:25:00,1467.798,,sl_too_tight,,,,2019-11-14 15:25:00
-1,2019-11-15 12:00:00,1465.465,,sl_too_tight,,,,2019-11-15 19:00:00
-1,2019-11-15 12:40:00,1464.038,,no_room,,,,2019-11-15 19:40:00
1,2019-11-15 15:30:00,1468.165,,no_room,,,,2019-11-15 22:30:00
-1,2019-11-18 09:45:00,1459.268,,sl_too_tight,,,,2019-11-18 16:45:00
1,2019-11-18 15:55:00,1471.168,,no_room,,,,2019-11-18 22:55:00
-1,2019-11-19 08:30:00,1468.855,,sl_too_tight,,,,2019-11-19 15:30:00
-1,2019-11-19 09:50:00,1467.0,,sl_too_tight,,,,2019-11-19 16:50:00
-1,2019-11-19 10:25:00,1465.835,,sl_too_tight,,,,2019-11-19 17:25:00
1,2019-11-20 07:40:00,1475.665,,no_room,,,,2019-11-20 14:40:00
-1,2019-11-20 13:20:00,1472.625,,sl_too_tight,,,,2019-11-20 20:20:00
-1,2019-11-20 14:15:00,1470.295,,sl_too_tight,,,,2019-11-20 21:15:00
-1,2019-11-20 15:30:00,1469.325,,no_room,,,,2019-11-20 22:30:00
-1,2019-11-21 09:35:00,1470.855,,no_room,,,,2019-11-21 16:35:00
-1,2019-11-21 14:20:00,1468.615,,sl_too_tight,,,,2019-11-21 21:20:00
-1,2019-11-21 14:55:00,1468.045,,sl_too_tight,,,,2019-11-21 21:55:00
1,2019-11-22 09:00:00,1468.058,,no_room,,,,2019-11-22 16:00:00
1,2019-11-22 10:05:00,1471.775,,no_room,,,,2019-11-22 17:05:00
-1,2019-11-22 15:40:00,1464.008,,no_room,,,,2019-11-22 22:40:00
-1,2019-11-25 10:40:00,1458.875,,sl_too_tight,,,,2019-11-25 17:40:00
-1,2019-11-25 13:45:00,1455.048,,no_room,,,,2019-11-25 20:45:00
-1,2019-11-26 14:40:00,1453.605,,no_room,,,,2019-11-26 21:40:00
-1,2019-12-02 10:45:00,1456.095,,sl_too_tight,,,,2019-12-02 17:45:00
1,2019-12-02 15:00:00,1460.105,,no_room,,,,2019-12-02 22:00:00
1,2019-12-03 10:10:00,1466.858,,no_room,,,,2019-12-03 17:10:00
1,2019-12-03 12:50:00,1470.418,,sl_too_tight,,,,2019-12-03 19:50:00
1,2019-12-03 13:15:00,1471.178,,sl_too_tight,,,,2019-12-03 20:15:00
1,2019-12-03 14:10:00,1475.098,,no_room,,,,2019-12-03 21:10:00
-1,2019-12-04 11:40:00,1475.925,,sl_too_tight,,,,2019-12-04 18:40:00
-1,2019-12-04 14:10:00,1476.088,,no_room,,,,2019-12-04 21:10:00
-1,2019-12-04 14:35:00,1475.605,,no_room,,,,2019-12-04 21:35:00
-1,2019-12-04 15:00:00,1473.555,,no_room,,,,2019-12-04 22:00:00
-1,2019-12-05 09:45:00,1474.275,,sl_too_tight,,,,2019-12-05 16:45:00
-1,2019-12-05 10:30:00,1473.469,,sl_too_tight,,,,2019-12-05 17:30:00
1,2019-12-05 14:35:00,1475.768,,no_room,,,,2019-12-05 21:35:00
1,2019-12-05 15:05:00,1477.188,,no_room,,,,2019-12-05 22:05:00
-1,2019-12-06 14:10:00,1464.925,,no_room,,,,2019-12-06 21:10:00
1,2019-12-10 14:00:00,1467.668,,no_room,,,,2019-12-10 21:00:00
1,2019-12-11 15:20:00,1468.618,,sl_too_tight,,,,2019-12-11 22:20:00
1,2019-12-13 08:40:00,1471.605,,sl_too_tight,,,,2019-12-13 15:40:00
1,2019-12-13 11:05:00,1471.805,,sl_too_tight,,,,2019-12-13 18:05:00
1,2019-12-13 12:50:00,1472.095,,sl_too_tight,,,,2019-12-13 19:50:00
1,2019-12-13 14:40:00,1472.548,,no_room,,,,2019-12-13 21:40:00
1,2019-12-16 09:55:00,1477.345,,sl_too_tight,,,,2019-12-16 16:55:00
1,2019-12-16 15:05:00,1478.448,,sl_too_tight,,,,2019-12-16 22:05:00
-1,2019-12-17 15:45:00,1474.865,,sl_too_tight,,,,2019-12-17 22:45:00
1,2019-12-24 15:45:00,1497.628,,sl_too_tight,,,,2019-12-24 22:45:00
1,2019-12-26 13:40:00,1507.118,,sl_too_tight,,,,2019-12-26 20:40:00
1,2019-12-27 15:10:00,1511.438,,sl_too_tight,,,,2019-12-27 22:10:00
-1,2019-12-31 14:30:00,1519.798,,no_room,,,,2019-12-31 21:30:00
1,2020-01-02 14:35:00,1528.978,,sl_too_tight,,,,2020-01-02 21:35:00
1,2020-01-03 07:45:00,1542.888,,sl_too_tight,,,,2020-01-03 14:45:00
1,2020-01-03 09:05:00,1545.378,,no_room,,,,2020-01-03 16:05:00
1,2020-01-03 11:35:00,1549.545,,no_room,,,,2020-01-03 18:35:00
1,2020-01-03 14:25:00,1547.315,,sl_too_tight,,,,2020-01-03 21:25:00
1,2020-01-03 15:00:00,1548.068,,no_room,,,,2020-01-03 22:00:00
1,2020-01-06 08:40:00,1574.295,1577.735,signal,1571.1371000000001,1577.6071,1580.9191999999998,2020-01-06 15:40:00
1,2020-01-06 09:20:00,1576.435,,sl_too_tight,,,,2020-01-06 16:20:00
1,2020-01-06 10:45:00,1577.045,,sl_too_tight,,,,2020-01-06 17:45:00
1,2020-01-06 14:25:00,1575.628,,sl_too_tight,,,,2020-01-06 21:25:00
1,2020-01-07 07:30:00,1569.218,1577.735,signal,1564.25145,1577.59145,1585.9648999999997,2020-01-07 14:30:00
1,2020-01-07 10:40:00,1566.775,,no_room,,,,2020-01-07 17:40:00
1,2020-01-07 13:55:00,1567.478,,no_room,,,,2020-01-07 20:55:00
1,2020-01-07 14:35:00,1568.475,,sl_too_tight,,,,2020-01-07 21:35:00
-1,2020-01-08 10:15:00,1582.735,1571.388,signal,1585.7906071428572,1576.6237857142853,1570.5125714285707,2020-01-08 17:15:00
-1,2020-01-08 11:30:00,1578.905,1571.388,signal,1582.7509285714286,1571.5439285714285,1564.182857142857,2020-01-08 18:30:00
-1,2020-01-08 12:50:00,1577.375,,sl_too_tight,,,,2020-01-08 19:50:00
-1,2020-01-08 15:30:00,1570.918,,no_room,,,,2020-01-08 22:30:00
-1,2020-01-09 09:10:00,1545.298,,no_room,,,,2020-01-09 16:10:00
-1,2020-01-09 12:05:00,1547.175,,sl_too_tight,,,,2020-01-09 19:05:00
1,2020-01-09 12:25:00,1549.298,,sl_too_tight,,,,2020-01-09 19:25:00
-1,2020-01-10 09:25:00,1549.745,,sl_too_tight,,,,2020-01-10 16:25:00
1,2020-01-10 15:05:00,1554.468,,sl_too_tight,,,,2020-01-10 22:05:00
-1,2020-01-13 08:40:00,1551.415,,sl_too_tight,,,,2020-01-13 15:40:00
-1,2020-01-13 14:35:00,1552.758,,no_room,,,,2020-01-13 21:35:00
1,2020-01-14 08:20:00,1543.615,,sl_too_tight,,,,2020-01-14 15:20:00
1,2020-01-14 10:00:00,1544.085,,sl_too_tight,,,,2020-01-14 17:00:00
1,2020-01-14 13:30:00,1544.188,,sl_too_tight,,,,2020-01-14 20:30:00
1,2020-01-14 14:30:00,1544.765,,sl_too_tight,,,,2020-01-14 21:30:00
-1,2020-01-16 14:35:00,1552.425,,sl_too_tight,,,,2020-01-16 21:35:00
-1,2020-01-16 15:20:00,1550.618,,no_room,,,,2020-01-16 22:20:00
-1,2020-01-21 07:55:00,1561.235,,no_room,,,,2020-01-21 14:55:00
-1,2020-01-21 08:40:00,1558.238,,no_room,,,,2020-01-21 15:40:00
-1,2020-01-21 11:00:00,1554.545,,sl_too_tight,,,,2020-01-21 18:00:00
-1,2020-01-21 13:10:00,1555.395,,sl_too_tight,,,,2020-01-21 20:10:00
-1,2020-01-21 13:50:00,1552.335,,no_room,,,,2020-01-21 20:50:00
-1,2020-01-21 14:10:00,1550.688,,no_room,,,,2020-01-21 21:10:00
1,2020-01-22 14:50:00,1558.255,,sl_too_tight,,,,2020-01-22 21:50:00
-1,2020-01-23 07:40:00,1555.495,,sl_too_tight,,,,2020-01-23 14:40:00
-1,2020-01-23 09:25:00,1554.618,,sl_too_tight,,,,2020-01-23 16:25:00
1,2020-01-23 14:30:00,1557.508,,no_room,,,,2020-01-23 21:30:00
1,2020-01-24 15:05:00,1566.228,,no_room,,,,2020-01-24 22:05:00
1,2020-01-27 10:30:00,1583.478,,sl_too_tight,,,,2020-01-27 17:30:00
1,2020-01-27 12:55:00,1583.365,,no_room,,,,2020-01-27 19:55:00
1,2020-01-28 10:25:00,1579.785,,sl_too_tight,,,,2020-01-28 17:25:00
1,2020-01-28 11:15:00,1579.995,,sl_too_tight,,,,2020-01-28 18:15:00
-1,2020-01-28 12:35:00,1573.085,,no_room,,,,2020-01-28 19:35:00
-1,2020-01-28 15:00:00,1574.228,,no_room,,,,2020-01-28 22:00:00
1,2020-01-29 13:40:00,1571.675,,sl_too_tight,,,,2020-01-29 20:40:00
-1,2020-01-29 14:25:00,1569.085,,no_room,,,,2020-01-29 21:25:00
1,2020-01-30 08:15:00,1582.475,,no_room,,,,2020-01-30 15:15:00
1,2020-01-30 11:00:00,1580.568,,sl_too_tight,,,,2020-01-30 18:00:00
-1,2020-01-30 14:30:00,1577.745,,sl_too_tight,,,,2020-01-30 21:30:00
1,2020-01-31 15:25:00,1584.618,,no_room,,,,2020-01-31 22:25:00
-1,2020-02-03 11:45:00,1578.555,,sl_too_tight,,,,2020-02-03 18:45:00
-1,2020-02-03 13:10:00,1578.435,,sl_too_tight,,,,2020-02-03 20:10:00
-1,2020-02-03 14:50:00,1576.015,,no_room,,,,2020-02-03 21:50:00
-1,2020-02-04 08:20:00,1570.505,,no_room,,,,2020-02-04 15:20:00
-1,2020-02-04 08:50:00,1568.175,,no_room,,,,2020-02-04 15:50:00
-1,2020-02-04 13:00:00,1566.525,,no_room,,,,2020-02-04 20:00:00
-1,2020-02-04 14:45:00,1558.165,,no_room,,,,2020-02-04 21:45:00
-1,2020-02-04 15:20:00,1556.425,,sl_too_tight,,,,2020-02-04 22:20:00
-1,2020-02-05 13:05:00,1553.175,,sl_too_tight,,,,2020-02-05 20:05:00
1,2020-02-05 14:10:00,1555.375,,no_room,,,,2020-02-05 21:10:00
1,2020-02-05 14:30:00,1556.295,,no_room,,,,2020-02-05 21:30:00
1,2020-02-05 15:25:00,1556.845,,no_room,,,,2020-02-05 22:25:00
1,2020-02-06 07:45:00,1559.065,,sl_too_tight,,,,2020-02-06 14:45:00
1,2020-02-06 09:15:00,1560.585,,sl_too_tight,,,,2020-02-06 16:15:00
1,2020-02-06 10:05:00,1563.945,,no_room,,,,2020-02-06 17:05:00
1,2020-02-06 10:35:00,1564.835,,no_room,,,,2020-02-06 17:35:00
1,2020-02-06 12:50:00,1565.655,,sl_too_tight,,,,2020-02-06 19:50:00
1,2020-02-07 09:30:00,1566.715,,sl_too_tight,,,,2020-02-07 16:30:00
1,2020-02-07 10:10:00,1568.468,,no_room,,,,2020-02-07 17:10:00
1,2020-02-07 13:45:00,1568.625,,no_room,,,,2020-02-07 20:45:00
1,2020-02-07 14:20:00,1570.198,,no_room,,,,2020-02-07 21:20:00
1,2020-02-10 08:25:00,1573.048,,sl_too_tight,,,,2020-02-10 15:25:00
-1,2020-02-10 14:55:00,1571.995,,no_room,,,,2020-02-10 21:55:00
1,2020-02-13 09:25:00,1575.138,,sl_too_tight,,,,2020-02-13 16:25:00
1,2020-02-13 09:50:00,1575.535,,sl_too_tight,,,,2020-02-13 16:50:00
1,2020-02-13 13:45:00,1574.728,,sl_too_tight,,,,2020-02-13 20:45:00
1,2020-02-13 14:55:00,1575.298,,sl_too_tight,,,,2020-02-13 21:55:00
1,2020-02-18 15:20:00,1593.308,,no_room,,,,2020-02-18 22:20:00
1,2020-02-19 09:35:00,1608.708,,no_room,,,,2020-02-19 16:35:00
1,2020-02-19 10:10:00,1609.138,,no_room,,,,2020-02-19 17:10:00
1,2020-02-19 10:40:00,1609.815,,sl_too_tight,,,,2020-02-19 17:40:00
1,2020-02-19 11:10:00,1610.865,,sl_too_tight,,,,2020-02-19 18:10:00
1,2020-02-19 15:15:00,1605.598,1609.465,signal,1602.2245714285714,1609.3145714285713,1613.0311428571426,2020-02-19 22:15:00
1,2020-02-20 10:10:00,1610.018,,sl_too_tight,,,,2020-02-20 17:10:00
1,2020-02-20 11:00:00,1610.995,,sl_too_tight,,,,2020-02-20 18:00:00
1,2020-02-20 12:25:00,1617.745,,signal,1609.5088142857144,1634.217371428571,1650.689742857142,2020-02-20 19:25:00
1,2020-02-20 14:45:00,1616.725,,signal,1613.4798071428572,1623.2153857142853,1629.7057714285706,2020-02-20 21:45:00
1,2020-02-21 08:05:00,1635.298,,signal,1625.4373142857144,1655.0193714285713,1674.7407428571425,2020-02-21 15:05:00
1,2020-02-21 09:35:00,1633.825,,sl_too_tight,,,,2020-02-21 16:35:00
1,2020-02-21 11:50:00,1635.128,,sl_too_tight,,,,2020-02-21 18:50:00
1,2020-02-21 12:50:00,1636.145,,sl_too_tight,,,,2020-02-21 19:50:00
1,2020-02-21 13:45:00,1643.165,,signal,1633.3064285714286,1662.8821428571428,1682.5992857142855,2020-02-21 20:45:00
1,2020-02-21 14:45:00,1645.475,,signal,1637.6509785714286,1661.1230428571425,1676.7710857142852,2020-02-21 21:45:00
1,2020-02-21 15:10:00,1646.518,,signal,1637.6358928571428,1664.2822142857144,1682.0464285714288,2020-02-21 22:10:00
1,2020-02-24 07:50:00,1670.538,1680.605,signal,1661.843285714286,1680.4232857142858,1690.3085714285717,2020-02-24 14:50:00
1,2020-02-24 09:25:00,1686.165,,signal,1666.377264285714,1725.7404714285717,1765.3159428571435,2020-02-24 16:25:00
-1,2020-02-24 15:00:00,1674.268,,no_room,,,,2020-02-24 22:00:00
1,2020-02-25 12:30:00,1649.098,,no_room,,,,2020-02-25 19:30:00
1,2020-02-25 13:20:00,1650.465,1655.415,signal,1646.0356285714288,1655.1956285714286,1659.9262571428574,2020-02-25 20:20:00
1,2020-02-25 15:20:00,1654.735,,no_room,,,,2020-02-25 22:20:00
1,2020-02-26 08:25:00,1647.888,,no_room,,,,2020-02-26 15:25:00
-1,2020-02-26 13:10:00,1643.305,,no_room,,,,2020-02-26 20:10:00
-1,2020-02-26 13:35:00,1639.328,,no_room,,,,2020-02-26 20:35:00
-1,2020-02-26 14:35:00,1631.158,,no_room,,,,2020-02-26 21:35:00
-1,2020-02-27 08:50:00,1647.098,,no_room,,,,2020-02-27 15:50:00
1,2020-02-27 14:40:00,1653.148,,no_room,,,,2020-02-27 21:40:00
1,2020-02-27 15:30:00,1657.708,,no_room,,,,2020-02-27 22:30:00
-1,2020-02-28 07:05:00,1630.555,1624.898,signal,1635.543992857143,1625.1539928571428,1619.7529857142856,2020-02-28 14:05:00
-1,2020-02-28 09:45:00,1629.565,,no_room,,,,2020-02-28 16:45:00
-1,2020-02-28 12:25:00,1624.578,,no_room,,,,2020-02-28 19:25:00
-1,2020-02-28 14:35:00,1619.795,,no_room,,,,2020-02-28 21:35:00
-1,2020-02-28 15:00:00,1613.785,,no_room,,,,2020-02-28 22:00:00
1,2020-03-02 08:20:00,1603.908,,no_room,,,,2020-03-02 15:20:00
1,2020-03-02 09:15:00,1606.718,,no_room,,,,2020-03-02 16:15:00
1,2020-03-02 10:10:00,1610.438,,no_room,,,,2020-03-02 17:10:00
-1,2020-03-02 14:10:00,1592.835,,no_room,,,,2020-03-02 21:10:00
1,2020-03-03 07:35:00,1597.548,,no_room,,,,2020-03-03 14:35:00
1,2020-03-03 10:05:00,1597.168,,sl_too_tight,,,,2020-03-03 17:05:00
1,2020-03-03 11:05:00,1599.788,,no_room,,,,2020-03-03 18:05:00
1,2020-03-03 11:45:00,1603.308,,no_room,,,,2020-03-03 18:45:00
1,2020-03-03 12:40:00,1603.898,,sl_too_tight,,,,2020-03-03 19:40:00
1,2020-03-03 13:55:00,1604.088,,no_room,,,,2020-03-03 20:55:00
1,2020-03-03 14:50:00,1605.858,,no_room,,,,2020-03-03 21:50:00
-1,2020-03-04 11:20:00,1640.788,,no_room,,,,2020-03-04 18:20:00
1,2020-03-04 14:40:00,1642.428,,no_room,,,,2020-03-04 21:40:00
1,2020-03-05 09:50:00,1644.068,,no_room,,,,2020-03-05 16:50:00
1,2020-03-05 11:35:00,1647.598,,sl_too_tight,,,,2020-03-05 18:35:00
1,2020-03-05 12:15:00,1648.598,,sl_too_tight,,,,2020-03-05 19:15:00
1,2020-03-05 13:25:00,1654.368,,no_room,,,,2020-03-05 20:25:00
1,2020-03-05 14:15:00,1656.458,,no_room,,,,2020-03-05 21:15:00
1,2020-03-05 15:55:00,1659.928,,no_room,,,,2020-03-05 22:55:00
1,2020-03-06 08:10:00,1672.938,,no_room,,,,2020-03-06 15:10:00
1,2020-03-06 09:30:00,1678.698,,no_room,,,,2020-03-06 16:30:00
1,2020-03-06 10:00:00,1685.898,,no_room,,,,2020-03-06 17:00:00
1,2020-03-06 13:10:00,1688.328,,no_room,,,,2020-03-06 20:10:00
-1,2020-03-09 08:30:00,1673.675,,no_room,,,,2020-03-09 15:30:00
-1,2020-03-09 09:05:00,1670.368,,no_room,,,,2020-03-09 16:05:00
-1,2020-03-09 11:45:00,1675.598,,no_room,,,,2020-03-09 18:45:00
1,2020-03-09 13:10:00,1680.455,,no_room,,,,2020-03-09 20:10:00
-1,2020-03-10 09:35:00,1660.298,,no_room,,,,2020-03-10 16:35:00
-1,2020-03-10 10:25:00,1657.185,,no_room,,,,2020-03-10 17:25:00
-1,2020-03-10 13:30:00,1659.595,,no_room,,,,2020-03-10 20:30:00
1,2020-03-11 07:00:00,1665.275,,no_room,,,,2020-03-11 14:00:00
1,2020-03-11 12:15:00,1668.438,,sl_too_tight,,,,2020-03-11 19:15:00
-1,2020-03-11 15:40:00,1646.885,,no_room,,,,2020-03-11 22:40:00
-1,2020-03-12 07:00:00,1635.455,,sl_too_tight,,,,2020-03-12 14:00:00
-1,2020-03-12 09:25:00,1640.205,,no_room,,,,2020-03-12 16:25:00
-1,2020-03-12 11:55:00,1635.688,,no_room,,,,2020-03-12 18:55:00
-1,2020-03-12 12:25:00,1616.095,,no_room,,,,2020-03-12 19:25:00
-1,2020-03-12 13:30:00,1607.595,,no_room,,,,2020-03-12 20:30:00
-1,2020-03-12 14:10:00,1585.915,,no_room,,,,2020-03-12 21:10:00
-1,2020-03-12 15:05:00,1576.305,,no_room,,,,2020-03-12 22:05:00
1,2020-03-13 07:35:00,1590.618,,no_room,,,,2020-03-13 14:35:00
1,2020-03-13 10:30:00,1588.235,,no_room,,,,2020-03-13 17:30:00
1,2020-03-13 12:15:00,1589.168,,no_room,,,,2020-03-13 19:15:00
1,2020-03-13 12:40:00,1591.755,,no_room,,,,2020-03-13 19:40:00
-1,2020-03-13 14:55:00,1566.375,,no_room,,,,2020-03-13 21:55:00
-1,2020-03-13 15:35:00,1560.425,,no_room,,,,2020-03-13 22:35:00
-1,2020-03-16 09:25:00,1533.958,,no_room,,,,2020-03-16 16:25:00
-1,2020-03-16 10:20:00,1512.415,,no_room,,,,2020-03-16 17:20:00
-1,2020-03-16 11:35:00,1464.985,,no_room,,,,2020-03-16 18:35:00
-1,2020-03-16 12:55:00,1456.288,,no_room,,,,2020-03-16 19:55:00
-1,2020-03-17 08:00:00,1483.818,,no_room,,,,2020-03-17 15:00:00
-1,2020-03-17 09:30:00,1482.148,,no_room,,,,2020-03-17 16:30:00
-1,2020-03-17 10:50:00,1470.848,,no_room,,,,2020-03-17 17:50:00
1,2020-03-17 14:25:00,1506.368,,no_room,,,,2020-03-17 21:25:00
-1,2020-03-18 07:40:00,1504.808,,no_room,,,,2020-03-18 14:40:00
-1,2020-03-18 08:45:00,1494.678,,no_room,,,,2020-03-18 15:45:00
-1,2020-03-18 10:55:00,1497.918,,no_room,,,,2020-03-18 17:55:00
-1,2020-03-19 09:25:00,1478.628,,no_room,,,,2020-03-19 16:25:00
-1,2020-03-19 10:10:00,1476.845,,no_room,,,,2020-03-19 17:10:00
-1,2020-03-19 10:55:00,1475.108,,no_room,,,,2020-03-19 17:55:00
-1,2020-03-19 12:10:00,1470.868,,no_room,,,,2020-03-19 19:10:00
1,2020-03-20 07:25:00,1505.388,,no_room,,,,2020-03-20 14:25:00
1,2020-03-20 10:45:00,1508.548,,no_room,,,,2020-03-20 17:45:00
-1,2020-03-20 13:40:00,1490.718,,no_room,,,,2020-03-20 20:40:00
-1,2020-03-20 15:05:00,1493.045,,no_room,,,,2020-03-20 22:05:00
-1,2020-03-23 09:40:00,1490.128,,no_room,,,,2020-03-23 16:40:00
1,2020-03-23 13:50:00,1522.148,,no_room,,,,2020-03-23 20:50:00
1,2020-03-23 14:30:00,1528.958,,no_room,,,,2020-03-23 21:30:00
1,2020-03-24 08:10:00,1576.308,,no_room,,,,2020-03-24 15:10:00
1,2020-03-24 09:45:00,1590.311,,no_room,,,,2020-03-24 16:45:00
1,2020-03-24 10:35:00,1596.145,,no_room,,,,2020-03-24 17:35:00
1,2020-03-24 12:10:00,1601.688,,no_room,,,,2020-03-24 19:10:00
1,2020-03-24 13:15:00,1603.325,,no_room,,,,2020-03-24 20:15:00
1,2020-03-24 15:35:00,1608.915,,no_room,,,,2020-03-24 22:35:00
-1,2020-03-25 07:15:00,1606.148,,no_room,,,,2020-03-25 14:15:00
1,2020-03-25 09:40:00,1613.128,,no_room,,,,2020-03-25 16:40:00
1,2020-03-25 13:00:00,1612.938,,no_room,,,,2020-03-25 20:00:00
1,2020-03-26 11:40:00,1619.703,,no_room,,,,2020-03-26 18:40:00
1,2020-03-26 13:30:00,1632.198,,no_room,,,,2020-03-26 20:30:00
-1,2020-03-27 07:15:00,1619.858,,no_room,,,,2020-03-27 14:15:00
-1,2020-03-27 07:45:00,1618.198,,no_room,,,,2020-03-27 14:45:00
-1,2020-03-27 09:05:00,1616.368,,no_room,,,,2020-03-27 16:05:00
-1,2020-03-27 11:35:00,1619.848,,no_room,,,,2020-03-27 18:35:00
-1,2020-03-27 14:10:00,1617.938,,no_room,,,,2020-03-27 21:10:00
1,2020-03-30 08:50:00,1622.508,,no_room,,,,2020-03-30 15:50:00
1,2020-03-30 10:35:00,1623.438,,no_room,,,,2020-03-30 17:35:00
-1,2020-03-30 14:55:00,1620.278,,no_room,,,,2020-03-30 21:55:00
-1,2020-03-31 08:25:00,1614.058,,sl_too_tight,,,,2020-03-31 15:25:00
-1,2020-03-31 10:15:00,1601.305,,no_room,,,,2020-03-31 17:15:00
-1,2020-03-31 10:50:00,1597.985,,no_room,,,,2020-03-31 17:50:00
-1,2020-04-01 08:20:00,1593.148,,no_room,,,,2020-04-01 15:20:00
-1,2020-04-01 11:00:00,1592.208,,no_room,,,,2020-04-01 18:00:00
-1,2020-04-01 11:55:00,1588.545,,no_room,,,,2020-04-01 18:55:00
-1,2020-04-01 13:15:00,1581.395,,no_room,,,,2020-04-01 20:15:00
1,2020-04-02 07:00:00,1592.365,,no_room,,,,2020-04-02 14:00:00
1,2020-04-02 10:45:00,1590.818,,no_room,,,,2020-04-02 17:45:00
1,2020-04-02 12:05:00,1596.208,,no_room,,,,2020-04-02 19:05:00
1,2020-04-02 14:00:00,1610.198,,no_room,,,,2020-04-02 21:00:00
1,2020-04-03 08:15:00,1616.488,,no_room,,,,2020-04-03 15:15:00
1,2020-04-03 11:30:00,1612.558,,no_room,,,,2020-04-03 18:30:00
1,2020-04-06 07:35:00,1628.588,,no_room,,,,2020-04-06 14:35:00
1,2020-04-06 08:50:00,1633.488,,sl_too_tight,,,,2020-04-06 15:50:00
1,2020-04-06 10:55:00,1636.168,,no_room,,,,2020-04-06 17:55:00
1,2020-04-06 12:05:00,1642.708,,no_room,,,,2020-04-06 19:05:00
1,2020-04-06 12:50:00,1643.095,,no_room,,,,2020-04-06 19:50:00
1,2020-04-06 13:50:00,1644.398,,no_room,,,,2020-04-06 20:50:00
-1,2020-04-07 11:55:00,1652.778,,no_room,,,,2020-04-07 18:55:00
1,2020-04-08 09:15:00,1652.808,,no_room,,,,2020-04-08 16:15:00
1,2020-04-08 12:45:00,1649.898,,no_room,,,,2020-04-08 19:45:00
1,2020-04-09 07:45:00,1658.318,,no_room,,,,2020-04-09 14:45:00
1,2020-04-09 09:00:00,1658.838,,no_room,,,,2020-04-09 16:00:00
1,2020-04-09 10:05:00,1662.348,,no_room,,,,2020-04-09 17:05:00
1,2020-04-09 11:45:00,1662.988,,no_room,,,,2020-04-09 18:45:00
1,2020-04-09 12:30:00,1665.328,,no_room,,,,2020-04-09 19:30:00
1,2020-04-09 15:55:00,1683.458,,no_room,,,,2020-04-09 22:55:00
1,2020-04-13 07:10:00,1690.865,,no_room,,,,2020-04-13 14:10:00
1,2020-04-13 10:35:00,1689.768,,no_room,,,,2020-04-13 17:35:00
1,2020-04-13 11:45:00,1690.988,,no_room,,,,2020-04-13 18:45:00
1,2020-04-13 14:05:00,1692.648,,no_room,,,,2020-04-13 21:05:00
1,2020-04-14 11:00:00,1721.718,,no_room,,,,2020-04-14 18:00:00
1,2020-04-14 12:10:00,1723.125,,no_room,,,,2020-04-14 19:10:00
1,2020-04-14 13:20:00,1730.498,,signal,1724.437692857143,1742.618614285714,1754.7392285714282,2020-04-14 20:20:00
-1,2020-04-15 07:25:00,1710.488,,no_room,,,,2020-04-15 14:25:00
-1,2020-04-15 12:30:00,1718.835,,no_room,,,,2020-04-15 19:30:00
-1,2020-04-15 15:40:00,1716.508,,no_room,,,,2020-04-15 22:40:00
1,2020-04-16 10:30:00,1724.588,,no_room,,,,2020-04-16 17:30:00
1,2020-04-16 11:45:00,1733.278,1738.818,signal,1729.5108500000001,1738.59085,1743.9037,2020-04-16 18:45:00
1,2020-04-16 14:05:00,1730.195,,no_room,,,,2020-04-16 21:05:00
-1,2020-04-17 09:30:00,1691.365,,no_room,,,,2020-04-17 16:30:00
-1,2020-04-17 10:00:00,1689.685,,no_room,,,,2020-04-17 17:00:00
-1,2020-04-17 14:00:00,1695.158,,no_room,,,,2020-04-17 21:00:00
-1,2020-04-20 09:55:00,1680.338,,no_room,,,,2020-04-20 16:55:00
1,2020-04-20 11:40:00,1684.868,,no_room,,,,2020-04-20 18:40:00
1,2020-04-20 13:30:00,1688.088,,no_room,,,,2020-04-20 20:30:00
1,2020-04-20 15:00:00,1692.288,,no_room,,,,2020-04-20 22:00:00
1,2020-04-20 15:55:00,1697.548,,no_room,,,,2020-04-20 22:55:00
-1,2020-04-21 11:15:00,1673.665,,no_room,,,,2020-04-21 18:15:00
-1,2020-04-21 12:40:00,1665.798,,no_room,,,,2020-04-21 19:40:00
-1,2020-04-21 15:25:00,1678.888,,no_room,,,,2020-04-21 22:25:00
1,2020-04-22 07:45:00,1692.608,,no_room,,,,2020-04-22 14:45:00
1,2020-04-22 09:10:00,1698.478,,no_room,,,,2020-04-22 16:10:00
1,2020-04-22 12:50:00,1703.388,,no_room,,,,2020-04-22 19:50:00
-1,2020-04-23 07:20:00,1712.058,,no_room,,,,2020-04-23 14:20:00
1,2020-04-23 11:00:00,1728.161,,no_room,,,,2020-04-23 18:00:00
1,2020-04-23 13:30:00,1727.958,,no_room,,,,2020-04-23 20:30:00
1,2020-04-23 14:10:00,1733.756,,no_room,,,,2020-04-23 21:10:00
1,2020-04-24 09:15:00,1730.458,,no_room,,,,2020-04-24 16:15:00
1,2020-04-24 10:25:00,1729.925,,sl_too_tight,,,,2020-04-24 17:25:00
-1,2020-04-24 15:15:00,1715.638,,no_room,,,,2020-04-24 22:15:00
-1,2020-04-24 15:35:00,1713.088,,no_room,,,,2020-04-24 22:35:00
-1,2020-04-27 09:30:00,1718.198,,no_room,,,,2020-04-27 16:30:00
-1,2020-04-27 11:55:00,1715.595,,no_room,,,,2020-04-27 18:55:00
-1,2020-04-27 13:30:00,1717.578,,no_room,,,,2020-04-27 20:30:00
1,2020-04-28 11:15:00,1709.905,,no_room,,,,2020-04-28 18:15:00
1,2020-04-28 12:40:00,1711.258,,no_room,,,,2020-04-28 19:40:00
-1,2020-04-29 07:55:00,1705.238,,no_room,,,,2020-04-29 14:55:00
-1,2020-04-29 10:40:00,1704.118,,no_room,,,,2020-04-29 17:40:00
1,2020-04-30 07:25:00,1719.808,,no_room,,,,2020-04-30 14:25:00
1,2020-04-30 09:00:00,1717.088,,sl_too_tight,,,,2020-04-30 16:00:00
-1,2020-04-30 10:50:00,1714.428,,sl_too_tight,,,,2020-04-30 17:50:00
-1,2020-04-30 11:05:00,1713.748,,sl_too_tight,,,,2020-04-30 18:05:00
-1,2020-04-30 12:25:00,1712.618,,no_room,,,,2020-04-30 19:25:00
-1,2020-04-30 15:50:00,1699.028,,no_room,,,,2020-04-30 22:50:00
-1,2020-05-01 07:30:00,1673.415,,no_room,,,,2020-05-01 14:30:00
1,2020-05-01 11:10:00,1680.765,,no_room,,,,2020-05-01 18:10:00
1,2020-05-01 13:30:00,1680.298,,no_room,,,,2020-05-01 20:30:00
1,2020-05-01 14:55:00,1688.428,,no_room,,,,2020-05-01 21:55:00
1,2020-05-01 15:30:00,1694.268,,no_room,,,,2020-05-01 22:30:00
1,2020-05-04 10:00:00,1707.295,,no_room,,,,2020-05-04 17:00:00
1,2020-05-04 11:50:00,1707.345,,no_room,,,,2020-05-04 18:50:00
-1,2020-05-04 12:25:00,1705.168,,no_room,,,,2020-05-04 19:25:00
-1,2020-05-04 14:40:00,1704.008,,no_room,,,,2020-05-04 21:40:00
-1,2020-05-05 09:30:00,1697.448,,no_room,,,,2020-05-05 16:30:00
-1,2020-05-05 11:55:00,1697.128,,sl_too_tight,,,,2020-05-05 18:55:00
-1,2020-05-05 12:45:00,1696.385,,no_room,,,,2020-05-05 19:45:00
1,2020-05-05 13:25:00,1700.098,,no_room,,,,2020-05-05 20:25:00
1,2020-05-05 15:15:00,1699.868,,no_room,,,,2020-05-05 22:15:00
1,2020-05-05 15:50:00,1700.938,,no_room,,,,2020-05-05 22:50:00
1,2020-05-06 07:20:00,1705.555,,no_room,,,,2020-05-06 14:20:00
1,2020-05-06 07:45:00,1706.338,,no_room,,,,2020-05-06 14:45:00
-1,2020-05-06 10:15:00,1699.846,,sl_too_tight,,,,2020-05-06 17:15:00
-1,2020-05-06 12:20:00,1700.468,,sl_too_tight,,,,2020-05-06 19:20:00
-1,2020-05-06 13:00:00,1694.478,,no_room,,,,2020-05-06 20:00:00
1,2020-05-07 09:10:00,1693.128,,sl_too_tight,,,,2020-05-07 16:10:00
1,2020-05-07 11:55:00,1694.975,,no_room,,,,2020-05-07 18:55:00
1,2020-05-07 12:50:00,1697.358,,no_room,,,,2020-05-07 19:50:00
1,2020-05-07 14:00:00,1697.878,,no_room,,,,2020-05-07 21:00:00
1,2020-05-07 15:15:00,1698.788,,sl_too_tight,,,,2020-05-07 22:15:00
1,2020-05-08 09:05:00,1720.038,,no_room,,,,2020-05-08 16:05:00
-1,2020-05-08 14:50:00,1713.128,,no_room,,,,2020-05-08 21:50:00
1,2020-05-11 07:20:00,1707.808,,no_room,,,,2020-05-11 14:20:00
-1,2020-05-11 10:10:00,1700.028,,no_room,,,,2020-05-11 17:10:00
-1,2020-05-11 14:05:00,1702.088,,no_room,,,,2020-05-11 21:05:00
-1,2020-05-11 15:00:00,1696.788,,no_room,,,,2020-05-11 22:00:00
1,2020-05-12 08:15:00,1705.678,,no_room,,,,2020-05-12 15:15:00
-1,2020-05-12 12:25:00,1701.968,,sl_too_tight,,,,2020-05-12 19:25:00
1,2020-05-12 13:55:00,1705.938,,no_room,,,,2020-05-12 20:55:00
1,2020-05-12 14:50:00,1707.608,,no_room,,,,2020-05-12 21:50:00
1,2020-05-13 11:05:00,1704.848,,sl_too_tight,,,,2020-05-13 18:05:00
1,2020-05-13 12:20:00,1708.878,,no_room,,,,2020-05-13 19:20:00
1,2020-05-13 14:25:00,1711.198,,no_room,,,,2020-05-13 21:25:00
1,2020-05-14 08:50:00,1717.495,,no_room,,,,2020-05-14 15:50:00
1,2020-05-14 09:50:00,1718.425,,sl_too_tight,,,,2020-05-14 16:50:00
1,2020-05-14 12:45:00,1717.925,,no_room,,,,2020-05-14 19:45:00
1,2020-05-14 13:30:00,1719.565,,no_room,,,,2020-05-14 20:30:00
1,2020-05-14 15:50:00,1732.808,,no_room,,,,2020-05-14 22:50:00
1,2020-05-15 07:15:00,1736.475,,no_room,,,,2020-05-15 14:15:00
1,2020-05-15 15:00:00,1743.118,,no_room,,,,2020-05-15 22:00:00
1,2020-05-15 15:55:00,1746.608,,no_room,,,,2020-05-15 22:55:00
1,2020-05-18 10:05:00,1763.138,,no_room,,,,2020-05-18 17:05:00
1,2020-05-18 11:25:00,1764.613,,no_room,,,,2020-05-18 18:25:00
-1,2020-05-18 12:55:00,1750.948,1739.658,signal,1756.3089714285713,1740.2260571428576,1729.504114285715,2020-05-18 19:55:00
-1,2020-05-18 13:45:00,1741.108,,no_room,,,,2020-05-18 20:45:00
-1,2020-05-18 15:25:00,1731.698,,no_room,,,,2020-05-18 22:25:00
-1,2020-05-19 10:00:00,1734.708,,no_room,,,,2020-05-19 17:00:00
-1,2020-05-19 11:05:00,1734.255,,sl_too_tight,,,,2020-05-19 18:05:00
-1,2020-05-19 12:35:00,1732.098,,no_room,,,,2020-05-19 19:35:00
1,2020-05-19 14:20:00,1741.105,,no_room,,,,2020-05-19 21:20:00
1,2020-05-20 09:15:00,1750.008,,sl_too_tight,,,,2020-05-20 16:15:00
1,2020-05-20 10:20:00,1750.405,,sl_too_tight,,,,2020-05-20 17:20:00
1,2020-05-20 12:00:00,1751.482,,no_room,,,,2020-05-20 19:00:00
-1,2020-05-20 14:45:00,1745.438,,no_room,,,,2020-05-20 21:45:00
-1,2020-05-21 08:25:00,1735.608,,sl_too_tight,,,,2020-05-21 15:25:00
1,2020-05-21 12:30:00,1739.278,,no_room,,,,2020-05-21 19:30:00
-1,2020-05-21 14:30:00,1724.275,,no_room,,,,2020-05-21 21:30:00
1,2020-05-22 08:05:00,1737.005,,no_room,,,,2020-05-22 15:05:00
1,2020-05-22 08:30:00,1738.628,,no_room,,,,2020-05-22 15:30:00
1,2020-05-22 10:55:00,1735.418,,sl_too_tight,,,,2020-05-22 17:55:00
-1,2020-05-22 15:50:00,1731.428,,no_room,,,,2020-05-22 22:50:00
-1,2020-05-26 08:45:00,1726.625,,no_room,,,,2020-05-26 15:45:00
-1,2020-05-26 09:25:00,1724.738,,no_room,,,,2020-05-26 16:25:00
-1,2020-05-26 13:45:00,1722.945,,no_room,,,,2020-05-26 20:45:00
-1,2020-05-26 14:50:00,1714.328,,no_room,,,,2020-05-26 21:50:00
1,2020-05-27 08:05:00,1708.758,,sl_too_tight,,,,2020-05-27 15:05:00
-1,2020-05-27 11:25:00,1705.555,,sl_too_tight,,,,2020-05-27 18:25:00
-1,2020-05-27 13:10:00,1698.328,,sl_too_tight,,,,2020-05-27 20:10:00
1,2020-05-28 09:30:00,1721.845,,sl_too_tight,,,,2020-05-28 16:30:00
1,2020-05-28 11:05:00,1724.848,,no_room,,,,2020-05-28 18:05:00
1,2020-05-28 13:15:00,1724.215,,no_room,,,,2020-05-28 20:15:00
1,2020-05-29 08:45:00,1724.628,,no_room,,,,2020-05-29 15:45:00
1,2020-05-29 10:00:00,1726.558,,sl_too_tight,,,,2020-05-29 17:00:00
1,2020-05-29 10:35:00,1727.115,,sl_too_tight,,,,2020-05-29 17:35:00
1,2020-05-29 11:30:00,1728.748,,sl_too_tight,,,,2020-05-29 18:30:00
1,2020-05-29 14:25:00,1731.508,,no_room,,,,2020-05-29 21:25:00
1,2020-06-01 08:10:00,1742.098,,no_room,,,,2020-06-01 15:10:00
-1,2020-06-01 13:05:00,1730.895,,no_room,,,,2020-06-01 20:05:00
1,2020-06-02 10:50:00,1739.158,,sl_too_tight,,,,2020-06-02 17:50:00
1,2020-06-02 11:25:00,1740.718,,sl_too_tight,,,,2020-06-02 18:25:00
1,2020-06-02 13:00:00,1741.578,,no_room,,,,2020-06-02 20:00:00
1,2020-06-02 14:15:00,1744.568,,no_room,,,,2020-06-02 21:15:00
-1,2020-06-02 15:50:00,1731.045,,no_room,,,,2020-06-02 22:50:00
-1,2020-06-03 08:40:00,1716.705,,no_room,,,,2020-06-03 15:40:00
-1,2020-06-03 11:00:00,1717.995,,sl_too_tight,,,,2020-06-03 18:00:00
-1,2020-06-03 12:15:00,1718.485,,no_room,,,,2020-06-03 19:15:00
-1,2020-06-03 14:00:00,1702.735,,no_room,,,,2020-06-03 21:00:00
1,2020-06-04 07:40:00,1702.718,,no_room,,,,2020-06-04 14:40:00
1,2020-06-04 09:00:00,1705.018,,sl_too_tight,,,,2020-06-04 16:00:00
1,2020-06-04 10:15:00,1708.325,,no_room,,,,2020-06-04 17:15:00
1,2020-06-04 10:50:00,1710.665,,sl_too_tight,,,,2020-06-04 17:50:00
1,2020-06-04 12:30:00,1710.558,,no_room,,,,2020-06-04 19:30:00
-1,2020-06-05 09:40:00,1707.135,,no_room,,,,2020-06-05 16:40:00
-1,2020-06-05 12:10:00,1702.775,,no_room,,,,2020-06-05 19:10:00
-1,2020-06-05 14:25:00,1678.788,,no_room,,,,2020-06-05 21:25:00
1,2020-06-08 08:05:00,1696.265,,no_room,,,,2020-06-08 15:05:00
1,2020-06-08 09:50:00,1694.898,,no_room,,,,2020-06-08 16:50:00
-1,2020-06-08 13:05:00,1690.658,,no_room,,,,2020-06-08 20:05:00
-1,2020-06-08 15:00:00,1692.688,,no_room,,,,2020-06-08 22:00:00
1,2020-06-09 08:05:00,1702.075,,no_room,,,,2020-06-09 15:05:00
1,2020-06-09 09:10:00,1706.895,,no_room,,,,2020-06-09 16:10:00
1,2020-06-09 10:55:00,1709.878,,sl_too_tight,,,,2020-06-09 17:55:00
1,2020-06-09 12:20:00,1711.128,,no_room,,,,2020-06-09 19:20:00
1,2020-06-09 13:50:00,1717.798,,no_room,,,,2020-06-09 20:50:00
1,2020-06-09 14:25:00,1719.791,,no_room,,,,2020-06-09 21:25:00
1,2020-06-10 14:15:00,1724.988,,no_room,,,,2020-06-10 21:15:00
1,2020-06-11 14:00:00,1739.185,,no_room,,,,2020-06-11 21:00:00
1,2020-06-12 09:00:00,1735.766,,no_room,,,,2020-06-12 16:00:00
1,2020-06-12 12:20:00,1737.515,,no_room,,,,2020-06-12 19:20:00
1,2020-06-12 13:40:00,1740.188,,no_room,,,,2020-06-12 20:40:00
-1,2020-06-15 07:20:00,1719.655,,no_room,,,,2020-06-15 14:20:00
-1,2020-06-15 09:15:00,1719.648,,no_room,,,,2020-06-15 16:15:00
-1,2020-06-15 10:15:00,1711.935,,no_room,,,,2020-06-15 17:15:00
-1,2020-06-15 12:00:00,1709.358,,sl_too_tight,,,,2020-06-15 19:00:00
-1,2020-06-15 12:30:00,1708.448,,no_room,,,,2020-06-15 19:30:00
-1,2020-06-15 13:40:00,1704.715,,no_room,,,,2020-06-15 20:40:00
1,2020-06-15 15:05:00,1719.278,,no_room,,,,2020-06-15 22:05:00
1,2020-06-16 10:05:00,1729.915,,sl_too_tight,,,,2020-06-16 17:05:00
-1,2020-06-16 12:15:00,1725.878,,no_room,,,,2020-06-16 19:15:00
-1,2020-06-16 13:10:00,1719.685,,no_room,,,,2020-06-16 20:10:00
-1,2020-06-16 14:15:00,1720.545,,no_room,,,,2020-06-16 21:15:00
-1,2020-06-17 08:50:00,1720.908,,no_room,,,,2020-06-17 15:50:00
1,2020-06-17 12:55:00,1720.448,,no_room,,,,2020-06-17 19:55:00
1,2020-06-17 13:55:00,1724.168,,no_room,,,,2020-06-17 20:55:00
1,2020-06-17 14:40:00,1725.378,,no_room,,,,2020-06-17 21:40:00
-1,2020-06-18 14:00:00,1721.948,,no_room,,,,2020-06-18 21:00:00
-1,2020-06-18 14:25:00,1718.485,,no_room,,,,2020-06-18 21:25:00
1,2020-06-19 14:10:00,1735.485,,no_room,,,,2020-06-19 21:10:00
1,2020-06-19 15:10:00,1740.388,,no_room,,,,2020-06-19 22:10:00
-1,2020-06-22 10:25:00,1745.848,,no_room,,,,2020-06-22 17:25:00
-1,2020-06-22 12:05:00,1746.748,,sl_too_tight,,,,2020-06-22 19:05:00
1,2020-06-22 13:35:00,1758.378,,no_room,,,,2020-06-22 20:35:00
1,2020-06-23 07:45:00,1753.978,,no_room,,,,2020-06-23 14:45:00
1,2020-06-23 08:40:00,1756.848,,no_room,,,,2020-06-23 15:40:00
1,2020-06-23 10:20:00,1758.018,,sl_too_tight,,,,2020-06-23 17:20:00
1,2020-06-23 11:10:00,1757.198,,sl_too_tight,,,,2020-06-23 18:10:00
1,2020-06-23 13:15:00,1761.688,,no_room,,,,2020-06-23 20:15:00
1,2020-06-24 08:10:00,1770.955,,no_room,,,,2020-06-24 15:10:00
1,2020-06-24 08:45:00,1773.538,,signal,1770.3261785714287,1779.9616428571426,1786.3852857142851,2020-06-24 15:45:00
-1,2020-06-24 15:30:00,1766.888,,no_room,,,,2020-06-24 22:30:00
-1,2020-06-25 12:10:00,1758.325,,no_room,,,,2020-06-25 19:10:00
-1,2020-06-26 13:05:00,1759.138,,no_room,,,,2020-06-26 20:05:00
1,2020-06-29 13:25:00,1771.045,,no_room,,,,2020-06-29 20:25:00
1,2020-06-29 14:40:00,1772.385,,no_room,,,,2020-06-29 21:40:00
-1,2020-07-01 13:05:00,1775.765,1769.995,signal,1780.5174357142857,1770.2644357142856,1764.763871428571,2020-07-01 20:05:00
-1,2020-07-01 13:30:00,1772.528,,no_room,,,,2020-07-01 20:30:00
-1,2020-07-01 14:30:00,1763.878,,no_room,,,,2020-07-01 21:30:00
-1,2020-07-01 15:20:00,1761.538,,no_room,,,,2020-07-01 22:20:00
-1,2020-07-02 12:55:00,1762.748,,no_room,,,,2020-07-02 19:55:00
1,2020-07-02 14:20:00,1776.058,,no_room,,,,2020-07-02 21:20:00
1,2020-07-02 15:15:00,1778.838,,no_room,,,,2020-07-02 22:15:00
1,2020-07-06 13:40:00,1785.538,,no_room,,,,2020-07-06 20:40:00
1,2020-07-06 15:20:00,1783.618,,sl_too_tight,,,,2020-07-06 22:20:00
1,2020-07-07 14:50:00,1795.318,,signal,1791.4219785714286,1803.1100428571428,1810.9020857142857,2020-07-07 21:50:00
1,2020-07-07 15:50:00,1795.045,,sl_too_tight,,,,2020-07-07 22:50:00
1,2020-07-08 10:25:00,1802.895,,sl_too_tight,,,,2020-07-08 17:25:00
1,2020-07-08 11:50:00,1803.998,,signal,1800.0210928571428,1811.9518142857146,1819.9056285714291,2020-07-08 18:50:00
1,2020-07-08 14:20:00,1815.198,,signal,1808.5878142857143,1828.4183714285716,1841.6387428571431,2020-07-08 21:20:00
-1,2020-07-09 12:25:00,1807.068,,no_room,,,,2020-07-09 19:25:00
-1,2020-07-09 14:40:00,1809.978,,no_room,,,,2020-07-09 21:40:00
-1,2020-07-10 15:00:00,1801.378,,no_room,,,,2020-07-10 22:00:00
1,2020-07-13 13:10:00,1809.888,,no_room,,,,2020-07-13 20:10:00
1,2020-07-14 14:15:00,1802.218,,no_room,,,,2020-07-14 21:15:00
-1,2020-07-15 13:15:00,1805.375,,sl_too_tight,,,,2020-07-15 20:15:00
-1,2020-07-16 15:05:00,1805.368,,no_room,,,,2020-07-16 22:05:00
1,2020-07-20 14:30:00,1817.498,,no_room,,,,2020-07-20 21:30:00
-1,2020-07-22 08:10:00,1851.048,1839.208,signal,1857.3782142857142,1839.4782142857143,1827.9084285714287,2020-07-22 15:10:00
-1,2020-07-22 08:50:00,1847.905,1839.208,signal,1852.758242857143,1839.451242857143,1830.9974857142859,2020-07-22 15:50:00
-1,2020-07-22 12:15:00,1855.728,,no_room,,,,2020-07-22 19:15:00
-1,2020-07-22 12:40:00,1853.755,,no_room,,,,2020-07-22 19:40:00
-1,2020-07-23 07:25:00,1873.215,1867.475,signal,1876.3236785714284,1867.6506785714284,1862.086357142857,2020-07-23 14:25:00
1,2020-07-23 13:55:00,1879.895,,no_room,,,,2020-07-23 20:55:00
1,2020-07-23 14:25:00,1881.625,,no_room,,,,2020-07-23 21:25:00
1,2020-07-23 15:15:00,1889.588,,signal,1869.4587714285713,1929.8464571428574,1970.1049142857148,2020-07-23 22:15:00
1,2020-07-24 07:10:00,1889.585,,no_room,,,,2020-07-24 14:10:00
1,2020-07-24 11:05:00,1891.128,1897.875,signal,1886.9513785714284,1897.7183785714285,1904.308757142857,2020-07-24 18:05:00
1,2020-07-24 12:45:00,1895.025,,no_room,,,,2020-07-24 19:45:00
1,2020-07-24 13:25:00,1904.978,,signal,1891.5913142857144,1931.7513714285715,1958.5247428571429,2020-07-24 20:25:00
1,2020-07-27 08:10:00,1936.595,,no_room,,,,2020-07-27 15:10:00
1,2020-07-27 09:50:00,1940.815,,no_room,,,,2020-07-27 16:50:00
1,2020-07-27 10:55:00,1943.755,,no_room,,,,2020-07-27 17:55:00
1,2020-07-27 13:35:00,1937.708,,no_room,,,,2020-07-27 20:35:00
-1,2020-07-28 10:45:00,1928.598,1906.645,signal,1932.7517357142858,1920.2905285714282,1911.9830571428565,2020-07-28 17:45:00
1,2020-07-28 14:10:00,1941.555,,no_room,,,,2020-07-28 21:10:00
1,2020-07-28 14:40:00,1947.868,1980.98,signal,1930.5039285714286,1980.5659285714287,2013.2638571428574,2020-07-28 21:40:00
1,2020-07-29 07:00:00,1957.945,,sl_too_tight,,,,2020-07-29 14:00:00
1,2020-07-29 08:50:00,1959.108,,sl_too_tight,,,,2020-07-29 15:50:00
1,2020-07-29 12:40:00,1957.318,,no_room,,,,2020-07-29 19:40:00
-1,2020-07-29 14:10:00,1949.525,,no_room,,,,2020-07-29 21:10:00
-1,2020-07-30 07:20:00,1951.5,,no_room,,,,2020-07-30 14:20:00
-1,2020-07-30 09:00:00,1952.065,,no_room,,,,2020-07-30 16:00:00
-1,2020-07-30 12:15:00,1951.645,,no_room,,,,2020-07-30 19:15:00
1,2020-07-30 13:40:00,1957.358,,no_room,,,,2020-07-30 20:40:00
-1,2020-08-03 12:40:00,1969.928,,sl_too_tight,,,,2020-08-03 19:40:00
-1,2020-08-03 13:40:00,1965.828,,no_room,,,,2020-08-03 20:40:00
1,2020-08-04 15:25:00,1994.198,,signal,1989.5647428571428,2003.4645142857146,2012.731028571429,2020-08-04 22:25:00
1,2020-08-05 07:40:00,2036.728,,signal,2027.2319642857142,2055.720071428572,2074.7121428571436,2020-08-05 14:40:00
1,2020-08-05 09:45:00,2037.765,,no_room,,,,2020-08-05 16:45:00
1,2020-08-05 10:45:00,2041.518,,signal,2033.9448714285713,2056.6642571428574,2071.810514285715,2020-08-05 17:45:00
1,2020-08-05 13:45:00,2044.085,,no_room,,,,2020-08-05 20:45:00
1,2020-08-05 14:20:00,2047.958,,signal,2035.4408357142856,2072.992328571429,2098.026657142858,2020-08-05 21:20:00
1,2020-08-06 11:25:00,2051.788,,no_room,,,,2020-08-06 18:25:00
1,2020-08-06 13:40:00,2062.068,,no_room,,,,2020-08-06 20:40:00
-1,2020-08-07 12:25:00,2050.678,,no_room,,,,2020-08-07 19:25:00
-1,2020-08-07 13:35:00,2049.938,,no_room,,,,2020-08-07 20:35:00
-1,2020-08-10 09:30:00,2032.818,,sl_too_tight,,,,2020-08-10 16:30:00
-1,2020-08-10 09:55:00,2030.968,,no_room,,,,2020-08-10 16:55:00
-1,2020-08-10 11:10:00,2028.088,,no_room,,,,2020-08-10 18:10:00
-1,2020-08-11 08:05:00,1993.898,,no_room,,,,2020-08-11 15:05:00
-1,2020-08-11 10:15:00,1987.615,,no_room,,,,2020-08-11 17:15:00
-1,2020-08-11 11:10:00,1983.968,,no_room,,,,2020-08-11 18:10:00
-1,2020-08-11 12:30:00,1974.008,,no_room,,,,2020-08-11 19:30:00
-1,2020-08-11 15:25:00,1947.338,,no_room,,,,2020-08-11 22:25:00
1,2020-08-12 09:20:00,1932.848,,no_room,,,,2020-08-12 16:20:00
1,2020-08-12 11:10:00,1934.798,,no_room,,,,2020-08-12 18:10:00
1,2020-08-12 13:10:00,1939.485,,no_room,,,,2020-08-12 20:10:00
1,2020-08-12 14:50:00,1941.968,,no_room,,,,2020-08-12 21:50:00
-1,2020-08-13 12:05:00,1927.628,,no_room,,,,2020-08-13 19:05:00
-1,2020-08-14 09:35:00,1946.515,,no_room,,,,2020-08-14 16:35:00
-1,2020-08-14 11:15:00,1945.335,,no_room,,,,2020-08-14 18:15:00
1,2020-08-14 13:20:00,1950.008,,no_room,,,,2020-08-14 20:20:00
1,2020-08-14 15:00:00,1948.005,,no_room,,,,2020-08-14 22:00:00
1,2020-08-17 07:30:00,1955.298,,no_room,,,,2020-08-17 14:30:00
1,2020-08-17 10:35:00,1952.918,,no_room,,,,2020-08-17 17:35:00
1,2020-08-17 11:55:00,1954.735,,no_room,,,,2020-08-17 18:55:00
1,2020-08-17 12:35:00,1959.248,,no_room,,,,2020-08-17 19:35:00
1,2020-08-17 13:05:00,1962.325,,no_room,,,,2020-08-17 20:05:00
1,2020-08-17 13:25:00,1962.685,,no_room,,,,2020-08-17 20:25:00
1,2020-08-18 07:40:00,2007.398,2021.365,signal,1996.766957142857,2021.066957142857,2034.7359142857142,2020-08-18 14:40:00
1,2020-08-18 09:25:00,2008.905,,no_room,,,,2020-08-18 16:25:00
1,2020-08-18 10:40:00,2007.958,,no_room,,,,2020-08-18 17:40:00
1,2020-08-18 12:15:00,2008.995,,no_room,,,,2020-08-18 19:15:00
1,2020-08-18 12:35:00,2012.808,,no_room,,,,2020-08-18 19:35:00
-1,2020-08-19 13:40:00,1988.865,,no_room,,,,2020-08-19 20:40:00
-1,2020-08-19 14:35:00,1981.688,,no_room,,,,2020-08-19 21:35:00
-1,2020-08-20 12:15:00,1936.828,,no_room,,,,2020-08-20 19:15:00
-1,2020-08-20 13:00:00,1933.678,,no_room,,,,2020-08-20 20:00:00
1,2020-08-20 15:25:00,1947.258,,no_room,,,,2020-08-20 22:25:00
-1,2020-08-21 07:10:00,1941.108,,no_room,,,,2020-08-21 14:10:00
-1,2020-08-21 08:20:00,1934.945,,no_room,,,,2020-08-21 15:20:00
-1,2020-08-21 10:30:00,1932.025,,no_room,,,,2020-08-21 17:30:00
-1,2020-08-21 11:30:00,1929.025,,no_room,,,,2020-08-21 18:30:00
1,2020-08-21 14:55:00,1940.478,,no_room,,,,2020-08-21 21:55:00
1,2020-08-24 10:30:00,1948.535,,no_room,,,,2020-08-24 17:30:00
1,2020-08-24 12:00:00,1950.708,,sl_too_tight,,,,2020-08-24 19:00:00
-1,2020-08-25 09:35:00,1924.798,,no_room,,,,2020-08-25 16:35:00
-1,2020-08-25 12:10:00,1922.035,,no_room,,,,2020-08-25 19:10:00
-1,2020-08-25 14:00:00,1919.725,,no_room,,,,2020-08-25 21:00:00
-1,2020-08-25 15:20:00,1916.735,,no_room,,,,2020-08-25 22:20:00
-1,2020-08-26 07:00:00,1915.225,,no_room,,,,2020-08-26 14:00:00
-1,2020-08-26 11:00:00,1917.795,,sl_too_tight,,,,2020-08-26 18:00:00
-1,2020-08-26 11:45:00,1915.398,,no_room,,,,2020-08-26 18:45:00
-1,2020-08-26 12:15:00,1913.955,,no_room,,,,2020-08-26 19:15:00
1,2020-08-26 14:25:00,1935.968,,no_room,,,,2020-08-26 21:25:00
1,2020-08-26 15:20:00,1943.758,,no_room,,,,2020-08-26 22:20:00
1,2020-08-27 10:00:00,1943.345,,no_room,,,,2020-08-27 17:00:00
1,2020-08-27 15:40:00,1925.798,,no_room,,,,2020-08-27 22:40:00
1,2020-08-28 08:25:00,1951.995,,no_room,,,,2020-08-28 15:25:00
1,2020-08-28 11:20:00,1958.528,,no_room,,,,2020-08-28 18:20:00
1,2020-08-28 14:45:00,1960.268,,no_room,,,,2020-08-28 21:45:00
-1,2020-08-31 07:20:00,1961.518,,no_room,,,,2020-08-31 14:20:00
-1,2020-08-31 12:00:00,1965.688,,no_room,,,,2020-08-31 19:00:00
1,2020-08-31 15:50:00,1970.065,,no_room,,,,2020-08-31 22:50:00
1,2020-09-01 07:40:00,1989.958,,no_room,,,,2020-09-01 14:40:00
1,2020-09-01 10:20:00,1988.978,,no_room,,,,2020-09-01 17:20:00
1,2020-09-01 12:40:00,1990.608,,no_room,,,,2020-09-01 19:40:00
-1,2020-09-01 14:00:00,1978.865,,no_room,,,,2020-09-01 21:00:00
-1,2020-09-01 14:40:00,1969.575,,no_room,,,,2020-09-01 21:40:00
-1,2020-09-02 07:15:00,1961.358,,no_room,,,,2020-09-02 14:15:00
1,2020-09-02 12:25:00,1967.105,,no_room,,,,2020-09-02 19:25:00
-1,2020-09-03 09:55:00,1933.238,,no_room,,,,2020-09-03 16:55:00
-1,2020-09-03 10:15:00,1929.915,,no_room,,,,2020-09-03 17:15:00
-1,2020-09-03 11:10:00,1929.518,,no_room,,,,2020-09-03 18:10:00
-1,2020-09-04 08:30:00,1934.615,,sl_too_tight,,,,2020-09-04 15:30:00
-1,2020-09-04 13:00:00,1925.038,,no_room,,,,2020-09-04 20:00:00
-1,2020-09-04 14:40:00,1920.535,,no_room,,,,2020-09-04 21:40:00
-1,2020-09-04 15:05:00,1918.585,,no_room,,,,2020-09-04 22:05:00
-1,2020-09-07 09:10:00,1930.295,,sl_too_tight,,,,2020-09-07 16:10:00
-1,2020-09-08 10:05:00,1916.975,,no_room,,,,2020-09-08 17:05:00
-1,2020-09-08 11:40:00,1914.428,,no_room,,,,2020-09-08 18:40:00
-1,2020-09-08 12:45:00,1913.928,,no_room,,,,2020-09-08 19:45:00
-1,2020-09-08 13:40:00,1910.958,,no_room,,,,2020-09-08 20:40:00
1,2020-09-08 15:25:00,1926.398,,no_room,,,,2020-09-08 22:25:00
-1,2020-09-09 10:10:00,1927.198,,sl_too_tight,,,,2020-09-09 17:10:00
-1,2020-09-09 11:10:00,1920.945,,no_room,,,,2020-09-09 18:10:00
1,2020-09-09 13:50:00,1945.798,,no_room,,,,2020-09-09 20:50:00
1,2020-09-10 12:25:00,1952.526,,no_room,,,,2020-09-10 19:25:00
1,2020-09-10 13:05:00,1958.238,,no_room,,,,2020-09-10 20:05:00
1,2020-09-10 14:00:00,1963.708,,no_room,,,,2020-09-10 21:00:00
1,2020-09-10 15:25:00,1959.115,,no_room,,,,2020-09-10 22:25:00
1,2020-09-11 13:05:00,1946.565,,no_room,,,,2020-09-11 20:05:00
1,2020-09-14 13:55:00,1957.995,,no_room,,,,2020-09-14 20:55:00
1,2020-09-14 15:20:00,1960.008,,no_room,,,,2020-09-14 22:20:00
-1,2020-09-15 14:40:00,1949.718,,no_room,,,,2020-09-15 21:40:00
1,2020-09-16 13:05:00,1970.518,,no_room,,,,2020-09-16 20:05:00
-1,2020-09-17 08:05:00,1943.205,,no_room,,,,2020-09-17 15:05:00
-1,2020-09-18 13:50:00,1946.738,,no_room,,,,2020-09-18 20:50:00
-1,2020-09-18 15:30:00,1952.595,,sl_too_tight,,,,2020-09-18 22:30:00
-1,2020-09-21 09:30:00,1934.748,,no_room,,,,2020-09-21 16:30:00
-1,2020-09-21 12:20:00,1928.838,,no_room,,,,2020-09-21 19:20:00
-1,2020-09-21 13:05:00,1919.158,,no_room,,,,2020-09-21 20:05:00
-1,2020-09-21 14:10:00,1911.508,,no_room,,,,2020-09-21 21:10:00
-1,2020-09-22 07:40:00,1898.398,,no_room,,,,2020-09-22 14:40:00
1,2020-09-22 12:10:00,1907.718,1916.135,signal,1903.8315785714285,1915.4908428571432,1923.2636857142863,2020-09-22 19:10:00
1,2020-09-22 12:35:00,1908.588,1916.135,signal,1902.2761428571428,1915.8531428571428,1923.1182857142855,2020-09-22 19:35:00
-1,2020-09-23 07:35:00,1877.885,,no_room,,,,2020-09-23 14:35:00
-1,2020-09-23 11:45:00,1888.218,,no_room,,,,2020-09-23 18:45:00
-1,2020-09-23 12:40:00,1880.238,,no_room,,,,2020-09-23 19:40:00
-1,2020-09-23 13:50:00,1880.758,,no_room,,,,2020-09-23 20:50:00
-1,2020-09-23 15:55:00,1864.548,,no_room,,,,2020-09-23 22:55:00
-1,2020-09-24 09:05:00,1852.428,,no_room,,,,2020-09-24 16:05:00
-1,2020-09-24 12:35:00,1855.418,,no_room,,,,2020-09-24 19:35:00
1,2020-09-24 15:20:00,1863.928,,no_room,,,,2020-09-24 22:20:00
1,2020-09-25 07:25:00,1874.018,,no_room,,,,2020-09-25 14:25:00
-1,2020-09-25 14:05:00,1856.858,,no_room,,,,2020-09-25 21:05:00
-1,2020-09-25 15:40:00,1861.298,1855.678,signal,1865.3346714285715,1855.9176714285716,1850.5373428571431,2020-09-25 22:40:00
-1,2020-09-28 08:00:00,1858.038,,no_room,,,,2020-09-28 15:00:00
1,2020-09-28 11:40:00,1860.438,,no_room,,,,2020-09-28 18:40:00
1,2020-09-28 12:25:00,1866.155,,no_room,,,,2020-09-28 19:25:00
1,2020-09-28 13:10:00,1872.338,,no_room,,,,2020-09-28 20:10:00
1,2020-09-28 15:35:00,1872.585,,no_room,,,,2020-09-28 22:35:00
1,2020-09-29 09:55:00,1885.665,,no_room,,,,2020-09-29 16:55:00
1,2020-09-29 10:55:00,1885.618,,sl_too_tight,,,,2020-09-29 17:55:00
1,2020-09-29 13:25:00,1885.608,,no_room,,,,2020-09-29 20:25:00
1,2020-09-29 14:15:00,1889.228,,no_room,,,,2020-09-29 21:15:00
1,2020-09-29 15:20:00,1892.018,,no_room,,,,2020-09-29 22:20:00
-1,2020-09-30 07:20:00,1886.178,,no_room,,,,2020-09-30 14:20:00
-1,2020-09-30 08:50:00,1883.655,,no_room,,,,2020-09-30 15:50:00
-1,2020-09-30 09:10:00,1882.438,,no_room,,,,2020-09-30 16:10:00
-1,2020-09-30 11:55:00,1884.305,,sl_too_tight,,,,2020-09-30 18:55:00
1,2020-09-30 14:55:00,1890.228,,no_room,,,,2020-09-30 21:55:00
1,2020-10-01 12:20:00,1902.216,,no_room,,,,2020-10-01 19:20:00
1,2020-10-01 15:05:00,1906.588,,no_room,,,,2020-10-01 22:05:00
1,2020-10-02 08:20:00,1911.968,,no_room,,,,2020-10-02 15:20:00
1,2020-10-02 09:50:00,1909.068,,no_room,,,,2020-10-02 16:50:00
-1,2020-10-02 13:10:00,1905.978,,no_room,,,,2020-10-02 20:10:00
-1,2020-10-02 15:45:00,1902.098,,no_room,,,,2020-10-02 22:45:00
1,2020-10-05 14:05:00,1910.438,,no_room,,,,2020-10-05 21:05:00
1,2020-10-06 13:30:00,1918.968,,no_room,,,,2020-10-06 20:30:00
-1,2020-10-06 14:40:00,1911.788,,no_room,,,,2020-10-06 21:40:00
-1,2020-10-06 15:45:00,1908.208,,no_room,,,,2020-10-06 22:45:00
1,2020-10-07 11:55:00,1887.988,,no_room,,,,2020-10-07 18:55:00
1,2020-10-07 12:40:00,1890.708,,no_room,,,,2020-10-07 19:40:00
-1,2020-10-08 14:25:00,1885.518,,no_room,,,,2020-10-08 21:25:00
1,2020-10-09 13:55:00,1923.068,,no_room,,,,2020-10-09 20:55:00
-1,2020-10-12 13:05:00,1921.948,,no_room,,,,2020-10-12 20:05:00
-1,2020-10-12 14:35:00,1919.528,,no_room,,,,2020-10-12 21:35:00
-1,2020-10-13 09:50:00,1921.065,,no_room,,,,2020-10-13 16:50:00
-1,2020-10-13 12:40:00,1918.318,,no_room,,,,2020-10-13 19:40:00
-1,2020-10-13 14:00:00,1893.138,,no_room,,,,2020-10-13 21:00:00
1,2020-10-14 12:15:00,1902.668,,no_room,,,,2020-10-14 19:15:00
1,2020-10-14 13:50:00,1909.618,,no_room,,,,2020-10-14 20:50:00
1,2020-10-15 07:40:00,1900.328,,no_room,,,,2020-10-15 14:40:00
-1,2020-10-15 11:45:00,1892.678,,no_room,,,,2020-10-15 18:45:00
1,2020-10-15 13:40:00,1898.038,,no_room,,,,2020-10-15 20:40:00
1,2020-10-15 14:50:00,1898.738,,no_room,,,,2020-10-15 21:50:00
1,2020-10-15 15:15:00,1901.185,,no_room,,,,2020-10-15 22:15:00
-1,2020-10-16 14:30:00,1905.085,,no_room,,,,2020-10-16 21:30:00
-1,2020-10-16 15:20:00,1898.758,,no_room,,,,2020-10-16 22:20:00
1,2020-10-20 14:35:00,1903.268,,no_room,,,,2020-10-20 21:35:00
1,2020-10-21 13:55:00,1925.948,,no_room,,,,2020-10-21 20:55:00
-1,2020-10-22 13:55:00,1903.568,,no_room,,,,2020-10-22 20:55:00
-1,2020-10-22 14:20:00,1899.748,,no_room,,,,2020-10-22 21:20:00
-1,2020-10-23 13:55:00,1904.118,,no_room,,,,2020-10-23 20:55:00
-1,2020-10-23 14:20:00,1902.738,,no_room,,,,2020-10-23 21:20:00
-1,2020-10-23 15:50:00,1896.278,,no_room,,,,2020-10-23 22:50:00
1,2020-10-26 10:50:00,1904.738,,no_room,,,,2020-10-26 17:50:00
1,2020-10-26 14:00:00,1905.118,,no_room,,,,2020-10-26 21:00:00
-1,2020-10-28 13:50:00,1876.378,,no_room,,,,2020-10-28 20:50:00
-1,2020-10-28 14:50:00,1873.548,,no_room,,,,2020-10-28 21:50:00
-1,2020-10-29 10:00:00,1877.058,,no_room,,,,2020-10-29 17:00:00
-1,2020-10-29 11:30:00,1876.648,,sl_too_tight,,,,2020-10-29 18:30:00
-1,2020-10-29 13:00:00,1863.605,,no_room,,,,2020-10-29 20:00:00
1,2020-10-30 08:00:00,1873.375,,no_room,,,,2020-10-30 15:00:00
1,2020-10-30 09:30:00,1874.298,,no_room,,,,2020-10-30 16:30:00
1,2020-10-30 11:55:00,1877.335,,no_room,,,,2020-10-30 18:55:00
1,2020-10-30 12:20:00,1880.338,,no_room,,,,2020-10-30 19:20:00
1,2020-10-30 15:00:00,1883.648,,no_room,,,,2020-10-30 22:00:00
1,2020-11-02 09:00:00,1885.848,,no_room,,,,2020-11-02 16:00:00
1,2020-11-02 09:30:00,1887.458,,no_room,,,,2020-11-02 16:30:00
1,2020-11-02 10:55:00,1888.148,,sl_too_tight,,,,2020-11-02 17:55:00
1,2020-11-02 15:50:00,1891.148,,no_room,,,,2020-11-02 22:50:00
1,2020-11-03 09:35:00,1898.108,,no_room,,,,2020-11-03 16:35:00
1,2020-11-03 15:35:00,1908.158,,no_room,,,,2020-11-03 22:35:00
-1,2020-11-04 07:05:00,1896.438,,no_room,,,,2020-11-04 14:05:00
-1,2020-11-04 09:25:00,1891.028,,no_room,,,,2020-11-04 16:25:00
-1,2020-11-04 10:30:00,1888.725,,no_room,,,,2020-11-04 17:30:00
1,2020-11-05 08:15:00,1913.378,,no_room,,,,2020-11-05 15:15:00
1,2020-11-05 08:45:00,1917.038,,no_room,,,,2020-11-05 15:45:00
1,2020-11-05 11:45:00,1918.928,,no_room,,,,2020-11-05 18:45:00
1,2020-11-05 12:30:00,1920.668,,no_room,,,,2020-11-05 19:30:00
1,2020-11-05 13:40:00,1929.998,,no_room,,,,2020-11-05 20:40:00
1,2020-11-05 15:00:00,1932.898,,no_room,,,,2020-11-05 22:00:00
1,2020-11-06 07:25:00,1942.295,,no_room,,,,2020-11-06 14:25:00
1,2020-11-06 10:25:00,1948.928,,no_room,,,,2020-11-06 17:25:00
1,2020-11-06 13:10:00,1954.248,,no_room,,,,2020-11-06 20:10:00
-1,2020-11-09 13:10:00,1901.045,,no_room,,,,2020-11-09 20:10:00
-1,2020-11-09 14:50:00,1868.448,,no_room,,,,2020-11-09 21:50:00
-1,2020-11-09 15:40:00,1859.225,,no_room,,,,2020-11-09 22:40:00
-1,2020-11-10 13:10:00,1876.878,,no_room,,,,2020-11-10 20:10:00
-1,2020-11-11 11:00:00,1875.708,,no_room,,,,2020-11-11 18:00:00
-1,2020-11-11 12:55:00,1871.028,,no_room,,,,2020-11-11 19:55:00
-1,2020-11-11 13:20:00,1869.868,,no_room,,,,2020-11-11 20:20:00
-1,2020-11-11 15:00:00,1860.225,,no_room,,,,2020-11-11 22:00:00
1,2020-11-12 15:05:00,1879.7,,no_room,,,,2020-11-12 22:05:00
1,2020-11-13 13:00:00,1886.911,,no_room,,,,2020-11-13 20:00:00
-1,2020-11-18 12:00:00,1871.478,,no_room,,,,2020-11-18 19:00:00
-1,2020-11-19 08:45:00,1857.408,,no_room,,,,2020-11-19 15:45:00
-1,2020-11-19 10:15:00,1860.895,,no_room,,,,2020-11-19 17:15:00
-1,2020-11-19 10:40:00,1857.45,,no_room,,,,2020-11-19 17:40:00
-1,2020-11-19 13:25:00,1860.228,,no_room,,,,2020-11-19 20:25:00
1,2020-11-20 08:35:00,1868.315,,no_room,,,,2020-11-20 15:35:00
-1,2020-11-23 11:30:00,1864.198,,no_room,,,,2020-11-23 18:30:00
-1,2020-11-23 13:20:00,1865.538,,no_room,,,,2020-11-23 20:20:00
-1,2020-11-23 14:45:00,1862.398,,no_room,,,,2020-11-23 21:45:00
-1,2020-11-24 07:55:00,1827.435,,no_room,,,,2020-11-24 14:55:00
-1,2020-11-24 08:25:00,1827.344,1822.508,signal,1830.8169142857143,1822.6919142857143,1818.0398285714286,2020-11-24 15:25:00
-1,2020-11-24 08:50:00,1826.075,,no_room,,,,2020-11-24 15:50:00
-1,2020-11-24 10:00:00,1824.448,,sl_too_tight,,,,2020-11-24 17:00:00
-1,2020-11-24 13:10:00,1809.265,,no_room,,,,2020-11-24 20:10:00
-1,2020-11-24 14:20:00,1804.283,,no_room,,,,2020-11-24 21:20:00
1,2020-11-25 13:30:00,1814.678,,no_room,,,,2020-11-25 20:30:00
-1,2020-11-30 09:50:00,1773.655,,no_room,,,,2020-11-30 16:50:00
-1,2020-11-30 10:35:00,1771.718,,no_room,,,,2020-11-30 17:35:00
-1,2020-11-30 12:20:00,1770.73,,sl_too_tight,,,,2020-11-30 19:20:00
-1,2020-11-30 12:45:00,1768.118,,no_room,,,,2020-11-30 19:45:00
1,2020-11-30 14:55:00,1776.918,,no_room,,,,2020-11-30 21:55:00
1,2020-12-01 10:20:00,1796.985,,no_room,,,,2020-12-01 17:20:00
1,2020-12-01 10:55:00,1798.815,,no_room,,,,2020-12-01 17:55:00
1,2020-12-01 13:05:00,1808.518,,no_room,,,,2020-12-01 20:05:00
1,2020-12-01 13:55:00,1810.898,,no_room,,,,2020-12-01 20:55:00
1,2020-12-02 09:50:00,1826.278,,no_room,,,,2020-12-02 16:50:00
1,2020-12-02 10:20:00,1827.135,,no_room,,,,2020-12-02 17:20:00
1,2020-12-02 13:15:00,1824.318,,no_room,,,,2020-12-02 20:15:00
1,2020-12-02 15:00:00,1820.778,,no_room,,,,2020-12-02 22:00:00
1,2020-12-03 10:45:00,1838.428,,no_room,,,,2020-12-03 17:45:00
1,2020-12-03 11:20:00,1840.228,,sl_too_tight,,,,2020-12-03 18:20:00
1,2020-12-03 11:55:00,1842.175,,no_room,,,,2020-12-03 18:55:00
1,2020-12-03 12:35:00,1843.025,,no_room,,,,2020-12-03 19:35:00
1,2020-12-03 14:15:00,1841.128,,no_room,,,,2020-12-03 21:15:00
-1,2020-12-03 15:50:00,1832.415,,no_room,,,,2020-12-03 22:50:00
-1,2020-12-07 11:00:00,1831.21,,sl_too_tight,,,,2020-12-07 18:00:00
-1,2020-12-07 12:25:00,1829.288,,sl_too_tight,,,,2020-12-07 19:25:00
1,2020-12-07 13:25:00,1834.285,,no_room,,,,2020-12-07 20:25:00
1,2020-12-07 14:30:00,1840.255,,sl_too_tight,,,,2020-12-07 21:30:00
1,2020-12-07 15:45:00,1863.705,,no_room,,,,2020-12-07 22:45:00
1,2020-12-08 10:10:00,1864.705,,sl_too_tight,,,,2020-12-08 17:10:00
1,2020-12-08 14:40:00,1872.478,,no_room,,,,2020-12-08 21:40:00
-1,2020-12-09 07:10:00,1858.778,,no_room,,,,2020-12-09 14:10:00
-1,2020-12-09 11:35:00,1857.235,,no_room,,,,2020-12-09 18:35:00
-1,2020-12-09 14:15:00,1854.648,,no_room,,,,2020-12-09 21:15:00
-1,2020-12-10 08:45:00,1834.808,,sl_too_tight,,,,2020-12-10 15:45:00
-1,2020-12-10 11:45:00,1835.228,,sl_too_tight,,,,2020-12-10 18:45:00
1,2020-12-10 14:35:00,1847.588,,no_room,,,,2020-12-10 21:35:00
-1,2020-12-11 11:00:00,1831.308,,no_room,,,,2020-12-11 18:00:00
-1,2020-12-11 11:25:00,1828.255,,no_room,,,,2020-12-11 18:25:00
1,2020-12-11 15:00:00,1842.448,,no_room,,,,2020-12-11 22:00:00
-1,2020-12-14 10:25:00,1825.258,,no_room,,,,2020-12-14 17:25:00
-1,2020-12-14 12:55:00,1824.788,,sl_too_tight,,,,2020-12-14 19:55:00
1,2020-12-14 14:30:00,1834.224,,no_room,,,,2020-12-14 21:30:00
1,2020-12-15 13:10:00,1848.198,,no_room,,,,2020-12-15 20:10:00
1,2020-12-16 11:15:00,1864.645,,sl_too_tight,,,,2020-12-16 18:15:00
-1,2020-12-16 13:15:00,1856.608,,no_room,,,,2020-12-16 20:15:00
1,2020-12-17 11:15:00,1876.708,,no_room,,,,2020-12-17 18:15:00
1,2020-12-17 11:55:00,1878.555,,no_room,,,,2020-12-17 18:55:00
1,2020-12-17 12:35:00,1880.382,,no_room,,,,2020-12-17 19:35:00
1,2020-12-17 13:40:00,1883.968,,no_room,,,,2020-12-17 20:40:00
1,2020-12-17 14:30:00,1889.955,,no_room,,,,2020-12-17 21:30:00
1,2020-12-18 15:55:00,1884.918,,no_room,,,,2020-12-18 22:55:00
-1,2020-12-21 13:05:00,1877.81,,no_room,,,,2020-12-21 20:05:00
-1,2020-12-22 07:10:00,1867.858,,no_room,,,,2020-12-22 14:10:00
-1,2020-12-22 09:25:00,1870.515,,no_room,,,,2020-12-22 16:25:00
-1,2020-12-23 12:10:00,1863.118,,no_room,,,,2020-12-23 19:10:00
-1,2020-12-23 14:25:00,1867.138,,no_room,,,,2020-12-23 21:25:00
-1,2020-12-28 08:05:00,1883.998,,no_room,,,,2020-12-28 15:05:00
-1,2020-12-28 09:20:00,1882.295,,no_room,,,,2020-12-28 16:20:00
1,2020-12-28 14:05:00,1887.895,,no_room,,,,2020-12-28 21:05:00
1,2020-12-29 13:30:00,1879.905,,no_room,,,,2020-12-29 20:30:00
1,2020-12-29 14:20:00,1880.364,,no_room,,,,2020-12-29 21:20:00
1,2020-12-30 14:50:00,1885.205,,no_room,,,,2020-12-30 21:50:00
1,2021-01-04 10:50:00,1932.938,,no_room,,,,2021-01-04 17:50:00
1,2021-01-04 13:15:00,1936.435,,no_room,,,,2021-01-04 20:15:00
1,2021-01-04 14:40:00,1941.57,,no_room,,,,2021-01-04 21:40:00
1,2021-01-05 09:05:00,1943.109,,no_room,,,,2021-01-05 16:05:00
1,2021-01-05 09:35:00,1944.665,,no_room,,,,2021-01-05 16:35:00
1,2021-01-05 10:50:00,1946.428,,sl_too_tight,,,,2021-01-05 17:50:00
1,2021-01-05 11:20:00,1948.238,,no_room,,,,2021-01-05 18:20:00
1,2021-01-05 13:50:00,1950.538,,no_room,,,,2021-01-05 20:50:00
-1,2021-01-05 15:05:00,1941.358,,no_room,,,,2021-01-05 22:05:00
1,2021-01-06 08:10:00,1949.309,,no_room,,,,2021-01-06 15:10:00
1,2021-01-06 09:55:00,1956.575,,sl_too_tight,,,,2021-01-06 16:55:00
-1,2021-01-06 15:25:00,1927.288,,no_room,,,,2021-01-06 22:25:00
-1,2021-01-07 12:15:00,1915.638,,no_room,,,,2021-01-07 19:15:00
-1,2021-01-07 13:45:00,1914.835,,no_room,,,,2021-01-07 20:45:00
-1,2021-01-07 14:40:00,1910.278,,no_room,,,,2021-01-07 21:40:00
-1,2021-01-08 09:20:00,1887.938,,no_room,,,,2021-01-08 16:20:00
-1,2021-01-08 12:15:00,1892.095,,sl_too_tight,,,,2021-01-08 19:15:00
-1,2021-01-08 13:05:00,1886.468,,no_room,,,,2021-01-08 20:05:00
-1,2021-01-08 14:40:00,1876.188,,no_room,,,,2021-01-08 21:40:00
1,2021-01-11 08:05:00,1850.168,,no_room,,,,2021-01-11 15:05:00
1,2021-01-11 10:55:00,1851.698,,no_room,,,,2021-01-11 17:55:00
1,2021-01-12 09:50:00,1861.715,,no_room,,,,2021-01-12 16:50:00
1,2021-01-12 11:35:00,1861.483,,sl_too_tight,,,,2021-01-12 18:35:00
-1,2021-01-12 14:05:00,1842.621,,no_room,,,,2021-01-12 21:05:00
-1,2021-01-13 09:10:00,1854.218,,no_room,,,,2021-01-13 16:10:00
-1,2021-01-13 10:25:00,1854.318,,no_room,,,,2021-01-13 17:25:00
-1,2021-01-13 11:55:00,1853.145,,sl_too_tight,,,,2021-01-13 18:55:00
-1,2021-01-13 13:05:00,1853.035,,sl_too_tight,,,,2021-01-13 20:05:00
-1,2021-01-14 07:40:00,1838.848,,no_room,,,,2021-01-14 14:40:00
-1,2021-01-14 10:45:00,1838.968,,no_room,,,,2021-01-14 17:45:00
-1,2021-01-15 08:55:00,1851.118,,sl_too_tight,,,,2021-01-15 15:55:00
-1,2021-01-15 13:40:00,1845.832,,no_room,,,,2021-01-15 20:40:00
-1,2021-01-15 15:05:00,1836.378,,no_room,,,,2021-01-15 22:05:00
-1,2021-01-15 15:50:00,1829.785,,no_room,,,,2021-01-15 22:50:00
1,2021-01-18 12:55:00,1834.985,,no_room,,,,2021-01-18 19:55:00
1,2021-01-18 14:00:00,1835.178,,sl_too_tight,,,,2021-01-18 21:00:00
1,2021-01-20 15:15:00,1864.715,,no_room,,,,2021-01-20 22:15:00
-1,2021-01-21 13:50:00,1863.011,,no_room,,,,2021-01-21 20:50:00
-1,2021-01-21 15:50:00,1864.408,,sl_too_tight,,,,2021-01-21 22:50:00
-1,2021-01-22 12:30:00,1845.277,,no_room,,,,2021-01-22 19:30:00
-1,2021-01-22 14:30:00,1840.785,,no_room,,,,2021-01-22 21:30:00
1,2021-01-25 13:10:00,1864.675,,no_room,,,,2021-01-25 20:10:00
-1,2021-01-27 12:10:00,1838.255,,no_room,,,,2021-01-27 19:10:00
-1,2021-01-27 14:35:00,1839.115,,no_room,,,,2021-01-27 21:35:00
1,2021-01-27 15:55:00,1847.915,,no_room,,,,2021-01-27 22:55:00
1,2021-01-28 13:40:00,1842.203,,no_room,,,,2021-01-28 20:40:00
1,2021-01-29 09:00:00,1846.405,,no_room,,,,2021-01-29 16:00:00
1,2021-01-29 10:25:00,1852.08,,no_room,,,,2021-01-29 17:25:00
1,2021-01-29 11:30:00,1860.075,,no_room,,,,2021-01-29 18:30:00
1,2021-01-29 12:40:00,1866.655,,no_room,,,,2021-01-29 19:40:00
1,2021-01-29 13:35:00,1869.738,,no_room,,,,2021-01-29 20:35:00
1,2021-02-01 08:10:00,1866.005,,no_room,,,,2021-02-01 15:10:00
-1,2021-02-01 12:45:00,1864.035,,no_room,,,,2021-02-01 19:45:00
-1,2021-02-01 15:45:00,1862.109,,no_room,,,,2021-02-01 22:45:00
-1,2021-02-02 09:30:00,1848.075,,no_room,,,,2021-02-02 16:30:00
-1,2021-02-02 11:35:00,1846.363,,no_room,,,,2021-02-02 18:35:00
-1,2021-02-02 11:55:00,1842.394,,no_room,,,,2021-02-02 18:55:00
-1,2021-02-02 13:00:00,1842.345,,no_room,,,,2021-02-02 20:00:00
1,2021-02-03 14:30:00,1839.945,,no_room,,,,2021-02-03 21:30:00
-1,2021-02-04 15:55:00,1786.586,,no_room,,,,2021-02-04 22:55:00
1,2021-02-05 10:30:00,1808.075,,sl_too_tight,,,,2021-02-05 17:30:00
1,2021-02-05 13:30:00,1804.225,,no_room,,,,2021-02-05 20:30:00
1,2021-02-05 15:05:00,1805.218,,no_room,,,,2021-02-05 22:05:00
1,2021-02-08 13:35:00,1826.325,,no_room,,,,2021-02-08 20:35:00
1,2021-02-08 15:00:00,1834.898,,no_room,,,,2021-02-08 22:00:00
-1,2021-02-16 13:30:00,1804.355,,no_room,,,,2021-02-16 20:30:00
-1,2021-02-17 09:15:00,1786.425,,no_room,,,,2021-02-17 16:15:00
-1,2021-02-17 09:45:00,1784.785,,no_room,,,,2021-02-17 16:45:00
-1,2021-02-17 15:50:00,1773.885,,no_room,,,,2021-02-17 22:50:00
-1,2021-02-18 14:05:00,1781.815,,no_room,,,,2021-02-18 21:05:00
1,2021-02-19 07:50:00,1773.136,,no_room,,,,2021-02-19 14:50:00
1,2021-02-19 13:55:00,1774.975,,no_room,,,,2021-02-19 20:55:00
1,2021-02-19 14:45:00,1787.325,,no_room,,,,2021-02-19 21:45:00
1,2021-02-22 07:40:00,1793.285,,no_room,,,,2021-02-22 14:40:00
1,2021-02-22 09:15:00,1795.28,,no_room,,,,2021-02-22 16:15:00
1,2021-02-22 14:35:00,1802.375,,no_room,,,,2021-02-22 21:35:00
1,2021-02-22 15:25:00,1808.255,,no_room,,,,2021-02-22 22:25:00
-1,2021-02-23 09:20:00,1806.435,,no_room,,,,2021-02-23 16:20:00
-1,2021-02-23 09:55:00,1805.025,,sl_too_tight,,,,2021-02-23 16:55:00
-1,2021-02-24 14:30:00,1787.655,,no_room,,,,2021-02-24 21:30:00
-1,2021-02-25 08:15:00,1790.235,,no_room,,,,2021-02-25 15:15:00
-1,2021-02-25 08:50:00,1788.748,,sl_too_tight,,,,2021-02-25 15:50:00
-1,2021-02-25 09:20:00,1787.795,,no_room,,,,2021-02-25 16:20:00
-1,2021-02-25 11:15:00,1791.625,,no_room,,,,2021-02-25 18:15:00
-1,2021-02-25 13:30:00,1781.295,,no_room,,,,2021-02-25 20:30:00
-1,2021-02-25 15:00:00,1778.195,,no_room,,,,2021-02-25 22:00:00
-1,2021-02-26 07:10:00,1760.348,,no_room,,,,2021-02-26 14:10:00
-1,2021-02-26 11:10:00,1762.108,,no_room,,,,2021-02-26 18:10:00
-1,2021-02-26 14:30:00,1759.475,,no_room,,,,2021-02-26 21:30:00
1,2021-03-01 14:15:00,1739.89,,no_room,,,,2021-03-01 21:15:00
-1,2021-03-02 08:15:00,1716.616,,no_room,,,,2021-03-02 15:15:00
1,2021-03-02 09:40:00,1724.606,,no_room,,,,2021-03-02 16:40:00
1,2021-03-02 10:20:00,1726.253,,no_room,,,,2021-03-02 17:20:00
1,2021-03-02 11:10:00,1730.836,,no_room,,,,2021-03-02 18:10:00
1,2021-03-02 12:50:00,1733.195,,no_room,,,,2021-03-02 19:50:00
-1,2021-03-03 11:25:00,1723.845,,no_room,,,,2021-03-03 18:25:00
-1,2021-03-03 15:40:00,1708.033,,no_room,,,,2021-03-03 22:40:00
1,2021-03-04 07:10:00,1719.959,,no_room,,,,2021-03-04 14:10:00
1,2021-03-04 11:45:00,1716.294,,no_room,,,,2021-03-04 18:45:00
1,2021-03-04 15:25:00,1717.398,,no_room,,,,2021-03-04 22:25:00
1,2021-03-05 09:05:00,1694.858,,no_room,,,,2021-03-05 16:05:00
1,2021-03-05 10:30:00,1695.574,,sl_too_tight,,,,2021-03-05 17:30:00
1,2021-03-05 11:35:00,1697.475,,no_room,,,,2021-03-05 18:35:00
1,2021-03-05 12:55:00,1697.995,,no_room,,,,2021-03-05 19:55:00
1,2021-03-05 14:15:00,1701.089,,no_room,,,,2021-03-05 21:15:00
-1,2021-03-08 08:25:00,1696.998,,no_room,,,,2021-03-08 15:25:00
-1,2021-03-08 09:15:00,1691.594,,no_room,,,,2021-03-08 16:15:00
-1,2021-03-08 11:15:00,1692.098,,sl_too_tight,,,,2021-03-08 18:15:00
-1,2021-03-08 11:50:00,1688.564,,no_room,,,,2021-03-08 18:50:00
1,2021-03-09 10:00:00,1703.715,,no_room,,,,2021-03-09 17:00:00
1,2021-03-09 11:15:00,1704.888,,no_room,,,,2021-03-09 18:15:00
1,2021-03-09 13:20:00,1707.498,,no_room,,,,2021-03-09 20:20:00
-1,2021-03-11 13:30:00,1732.508,,no_room,,,,2021-03-11 20:30:00
-1,2021-03-11 14:20:00,1727.248,,no_room,,,,2021-03-11 21:20:00
-1,2021-03-12 08:10:00,1707.445,,no_room,,,,2021-03-12 15:10:00
-1,2021-03-12 09:00:00,1706.325,,no_room,,,,2021-03-12 16:00:00
-1,2021-03-12 09:45:00,1701.658,,no_room,,,,2021-03-12 16:45:00
1,2021-03-15 13:55:00,1733.849,,no_room,,,,2021-03-15 20:55:00
-1,2021-03-17 14:00:00,1727.848,,no_room,,,,2021-03-17 21:00:00
-1,2021-03-17 15:55:00,1727.364,,no_room,,,,2021-03-17 22:55:00
-1,2021-03-18 08:40:00,1737.01,,no_room,,,,2021-03-18 15:40:00
-1,2021-03-18 11:20:00,1733.618,,sl_too_tight,,,,2021-03-18 18:20:00
-1,2021-03-18 13:05:00,1726.228,,no_room,,,,2021-03-18 20:05:00
1,2021-03-19 07:30:00,1743.425,,no_room,,,,2021-03-19 14:30:00
-1,2021-03-22 07:45:00,1728.498,,no_room,,,,2021-03-22 14:45:00
-1,2021-03-22 09:25:00,1728.638,,sl_too_tight,,,,2021-03-22 16:25:00
-1,2021-03-23 15:35:00,1726.385,,no_room,,,,2021-03-23 22:35:00
1,2021-03-24 15:50:00,1732.558,,no_room,,,,2021-03-24 22:50:00
-1,2021-03-30 09:30:00,1697.078,,no_room,,,,2021-03-30 16:30:00
-1,2021-03-30 10:50:00,1694.568,,sl_too_tight,,,,2021-03-30 17:50:00
-1,2021-03-30 12:25:00,1686.088,,no_room,,,,2021-03-30 19:25:00
1,2021-03-31 08:55:00,1685.645,,no_room,,,,2021-03-31 15:55:00
1,2021-03-31 13:30:00,1688.465,,no_room,,,,2021-03-31 20:30:00
1,2021-03-31 14:45:00,1699.218,,no_room,,,,2021-03-31 21:45:00
1,2021-03-31 15:45:00,1706.058,,no_room,,,,2021-03-31 22:45:00
1,2021-04-01 13:50:00,1725.298,,no_room,,,,2021-04-01 20:50:00
1,2021-04-01 14:55:00,1728.018,,no_room,,,,2021-04-01 21:55:00
1,2021-04-05 15:45:00,1732.825,,no_room,,,,2021-04-05 22:45:00
1,2021-04-06 15:15:00,1744.198,,sl_too_tight,,,,2021-04-06 22:15:00
1,2021-04-07 13:55:00,1738.405,,no_room,,,,2021-04-07 20:55:00
1,2021-04-07 15:05:00,1741.948,,no_room,,,,2021-04-07 22:05:00
1,2021-04-08 13:35:00,1753.178,,no_room,,,,2021-04-08 20:35:00
1,2021-04-08 14:40:00,1758.028,,sl_too_tight,,,,2021-04-08 21:40:00
-1,2021-04-12 14:35:00,1731.845,,no_room,,,,2021-04-12 21:35:00
1,2021-04-13 13:30:00,1742.785,,no_room,,,,2021-04-13 20:30:00
1,2021-04-15 13:30:00,1752.148,,no_room,,,,2021-04-15 20:30:00
1,2021-04-15 15:35:00,1767.678,,no_room,,,,2021-04-15 22:35:00
1,2021-04-19 08:30:00,1787.215,,no_room,,,,2021-04-19 15:30:00
1,2021-04-19 09:20:00,1788.518,,sl_too_tight,,,,2021-04-19 16:20:00
1,2021-04-20 13:35:00,1770.435,,no_room,,,,2021-04-20 20:35:00
1,2021-04-20 15:40:00,1776.338,,no_room,,,,2021-04-20 22:40:00
-1,2021-04-22 15:15:00,1783.198,,no_room,,,,2021-04-22 22:15:00
1,2021-04-28 13:55:00,1772.108,,no_room,,,,2021-04-28 20:55:00
1,2021-04-28 15:35:00,1774.798,,no_room,,,,2021-04-28 22:35:00
-1,2021-04-29 13:10:00,1774.775,,no_room,,,,2021-04-29 20:10:00
-1,2021-04-30 14:00:00,1766.868,,no_room,,,,2021-04-30 21:00:00
1,2021-05-03 13:00:00,1786.358,,no_room,,,,2021-05-03 20:00:00
-1,2021-05-04 15:10:00,1789.677,,no_room,,,,2021-05-04 22:10:00
1,2021-05-05 13:10:00,1782.598,,no_room,,,,2021-05-05 20:10:00
1,2021-05-06 14:45:00,1813.865,,no_room,,,,2021-05-06 21:45:00
1,2021-05-06 15:20:00,1815.858,,no_room,,,,2021-05-06 22:20:00
1,2021-05-07 15:40:00,1835.235,,no_room,,,,2021-05-07 22:40:00
1,2021-05-10 13:25:00,1844.318,,no_room,,,,2021-05-10 20:25:00
1,2021-05-10 15:55:00,1841.448,,no_room,,,,2021-05-10 22:55:00
-1,2021-05-13 09:50:00,1813.418,,sl_too_tight,,,,2021-05-13 16:50:00
1,2021-05-14 09:00:00,1835.678,,sl_too_tight,,,,2021-05-14 16:00:00
1,2021-05-14 13:35:00,1838.048,,no_room,,,,2021-05-14 20:35:00
1,2021-05-14 15:25:00,1838.108,,no_room,,,,2021-05-14 22:25:00
1,2021-05-17 14:10:00,1856.435,,no_room,,,,2021-05-17 21:10:00
-1,2021-05-18 13:55:00,1865.328,,no_room,,,,2021-05-18 20:55:00
-1,2021-05-19 08:40:00,1865.818,,no_room,,,,2021-05-19 15:40:00
-1,2021-05-19 09:25:00,1859.858,,no_room,,,,2021-05-19 16:25:00
-1,2021-05-19 11:05:00,1855.0,,no_room,,,,2021-05-19 18:05:00
1,2021-05-19 15:55:00,1884.915,,no_room,,,,2021-05-19 22:55:00
-1,2021-05-20 10:05:00,1866.015,,no_room,,,,2021-05-20 17:05:00
1,2021-05-20 15:10:00,1878.728,,no_room,,,,2021-05-20 22:10:00
1,2021-05-25 13:45:00,1884.188,,sl_too_tight,,,,2021-05-25 20:45:00
-1,2021-05-26 13:55:00,1901.948,,no_room,,,,2021-05-26 20:55:00
-1,2021-05-27 14:50:00,1890.608,,no_room,,,,2021-05-27 21:50:00
1,2021-05-28 13:30:00,1897.728,,no_room,,,,2021-05-28 20:30:00
-1,2021-06-01 10:40:00,1905.035,,no_room,,,,2021-06-01 17:40:00
-1,2021-06-01 14:40:00,1896.868,,no_room,,,,2021-06-01 21:40:00
-1,2021-06-03 15:25:00,1869.188,,no_room,,,,2021-06-03 22:25:00
1,2021-06-04 13:35:00,1888.358,,no_room,,,,2021-06-04 20:35:00
1,2021-06-07 14:25:00,1891.028,,no_room,,,,2021-06-07 21:25:00
1,2021-06-07 15:15:00,1893.158,,sl_too_tight,,,,2021-06-07 22:15:00
1,2021-06-07 15:50:00,1893.958,,no_room,,,,2021-06-07 22:50:00
-1,2021-06-08 15:50:00,1891.528,,no_room,,,,2021-06-08 22:50:00
1,2021-06-09 15:30:00,1891.458,,sl_too_tight,,,,2021-06-09 22:30:00
-1,2021-06-10 07:55:00,1877.418,,no_room,,,,2021-06-10 14:55:00
1,2021-06-10 15:50:00,1892.838,,no_room,,,,2021-06-10 22:50:00
-1,2021-06-11 12:25:00,1887.208,,no_room,,,,2021-06-11 19:25:00
-1,2021-06-11 12:55:00,1884.648,,no_room,,,,2021-06-11 19:55:00
-1,2021-06-11 13:50:00,1882.468,,no_room,,,,2021-06-11 20:50:00
-1,2021-06-11 14:35:00,1880.818,,no_room,,,,2021-06-11 21:35:00
-1,2021-06-11 15:20:00,1878.368,,no_room,,,,2021-06-11 22:20:00
-1,2021-06-14 08:25:00,1856.788,,no_room,,,,2021-06-14 15:25:00
-1,2021-06-14 10:35:00,1855.474,,no_room,,,,2021-06-14 17:35:00
-1,2021-06-14 12:00:00,1853.638,,sl_too_tight,,,,2021-06-14 19:00:00
-1,2021-06-14 12:45:00,1847.168,,no_room,,,,2021-06-14 19:45:00
-1,2021-06-15 15:55:00,1857.958,,no_room,,,,2021-06-15 22:55:00
-1,2021-06-17 07:15:00,1809.678,,no_room,,,,2021-06-17 14:15:00
-1,2021-06-17 08:45:00,1805.948,,no_room,,,,2021-06-17 15:45:00
-1,2021-06-17 10:10:00,1804.955,,no_room,,,,2021-06-17 17:10:00
-1,2021-06-17 11:40:00,1795.208,,no_room,,,,2021-06-17 18:40:00
-1,2021-06-17 12:20:00,1785.698,,no_room,,,,2021-06-17 19:20:00
-1,2021-06-17 14:00:00,1779.235,,no_room,,,,2021-06-17 21:00:00
-1,2021-06-17 15:10:00,1775.0,,no_room,,,,2021-06-17 22:10:00
1,2021-06-18 09:50:00,1793.288,,sl_too_tight,,,,2021-06-18 16:50:00
1,2021-06-18 10:50:00,1792.998,,sl_too_tight,,,,2021-06-18 17:50:00
1,2021-06-18 11:55:00,1793.498,,no_room,,,,2021-06-18 18:55:00
-1,2021-06-18 13:35:00,1774.068,,no_room,,,,2021-06-18 20:35:00
-1,2021-06-18 15:50:00,1774.638,,no_room,,,,2021-06-18 22:50:00
1,2021-06-21 08:05:00,1779.988,,no_room,,,,2021-06-21 15:05:00
1,2021-06-21 08:45:00,1784.588,,no_room,,,,2021-06-21 15:45:00
1,2021-06-21 09:50:00,1784.618,,sl_too_tight,,,,2021-06-21 16:50:00
-1,2021-06-22 08:05:00,1777.418,,no_room,,,,2021-06-22 15:05:00
1,2021-06-23 09:05:00,1784.428,,sl_too_tight,,,,2021-06-23 16:05:00
1,2021-06-23 13:30:00,1784.848,,no_room,,,,2021-06-23 20:30:00
-1,2021-06-25 15:45:00,1779.458,,sl_too_tight,,,,2021-06-25 22:45:00
1,2021-06-29 12:10:00,1773.088,,no_room,,,,2021-06-29 19:10:00
1,2021-06-29 15:05:00,1755.638,,no_room,,,,2021-06-29 22:05:00
-1,2021-06-30 07:55:00,1756.278,,no_room,,,,2021-06-30 14:55:00
-1,2021-06-30 09:55:00,1757.148,,sl_too_tight,,,,2021-06-30 16:55:00
-1,2021-06-30 12:25:00,1757.898,,no_room,,,,2021-06-30 19:25:00
1,2021-07-01 13:00:00,1779.368,,no_room,,,,2021-07-01 20:00:00
-1,2021-07-01 15:10:00,1772.778,,no_room,,,,2021-07-01 22:10:00
1,2021-07-02 13:05:00,1793.798,,no_room,,,,2021-07-02 20:05:00
1,2021-07-06 14:10:00,1811.148,,no_room,,,,2021-07-06 21:10:00
-1,2021-07-06 15:45:00,1801.748,,no_room,,,,2021-07-06 22:45:00
-1,2021-07-07 14:30:00,1800.588,,no_room,,,,2021-07-07 21:30:00
1,2021-07-08 08:30:00,1810.878,,no_room,,,,2021-07-08 15:30:00
1,2021-07-08 10:50:00,1813.168,,no_room,,,,2021-07-08 17:50:00
1,2021-07-08 12:20:00,1815.528,,no_room,,,,2021-07-08 19:20:00
-1,2021-07-08 14:55:00,1804.168,,no_room,,,,2021-07-08 21:55:00
1,2021-07-09 15:15:00,1808.548,,no_room,,,,2021-07-09 22:15:00
-1,2021-07-12 13:35:00,1800.108,,no_room,,,,2021-07-12 20:35:00
-1,2021-07-13 12:55:00,1803.228,,no_room,,,,2021-07-13 19:55:00
1,2021-07-14 15:15:00,1822.838,,no_room,,,,2021-07-14 22:15:00
-1,2021-07-15 12:45:00,1824.228,,no_room,,,,2021-07-15 19:45:00
-1,2021-07-15 14:00:00,1824.455,,sl_too_tight,,,,2021-07-15 21:00:00
-1,2021-07-16 14:45:00,1813.815,,no_room,,,,2021-07-16 21:45:00
-1,2021-07-19 09:10:00,1802.418,,no_room,,,,2021-07-19 16:10:00
-1,2021-07-19 11:55:00,1801.708,,no_room,,,,2021-07-19 18:55:00
1,2021-07-19 13:55:00,1813.978,,no_room,,,,2021-07-19 20:55:00
-1,2021-07-21 08:10:00,1805.948,,no_room,,,,2021-07-21 15:10:00
-1,2021-07-21 10:40:00,1802.475,,no_room,,,,2021-07-21 17:40:00
1,2021-07-22 15:25:00,1806.058,,no_room,,,,2021-07-22 22:25:00
-1,2021-07-23 11:15:00,1796.938,,sl_too_tight,,,,2021-07-23 18:15:00
-1,2021-07-23 14:40:00,1796.698,,no_room,,,,2021-07-23 21:40:00
-1,2021-07-26 14:10:00,1799.298,,no_room,,,,2021-07-26 21:10:00
1,2021-07-27 15:15:00,1797.788,,no_room,,,,2021-07-27 22:15:00
1,2021-07-29 13:35:00,1826.118,,no_room,,,,2021-07-29 20:35:00
1,2021-07-29 15:05:00,1828.478,,sl_too_tight,,,,2021-07-29 22:05:00
-1,2021-07-30 14:20:00,1823.438,,no_room,,,,2021-07-30 21:20:00
1,2021-08-02 13:30:00,1810.948,,no_room,,,,2021-08-02 20:30:00
1,2021-08-02 14:10:00,1812.438,,no_room,,,,2021-08-02 21:10:00
-1,2021-08-04 15:10:00,1808.975,,no_room,,,,2021-08-04 22:10:00
-1,2021-08-05 13:40:00,1808.185,,no_room,,,,2021-08-05 20:40:00
-1,2021-08-06 14:35:00,1763.058,,no_room,,,,2021-08-06 21:35:00
1,2021-08-09 07:30:00,1747.828,,no_room,,,,2021-08-09 14:30:00
1,2021-08-09 11:15:00,1744.505,,no_room,,,,2021-08-09 18:15:00
-1,2021-08-09 14:00:00,1737.808,,no_room,,,,2021-08-09 21:00:00
-1,2021-08-09 14:45:00,1735.308,,no_room,,,,2021-08-09 21:45:00
-1,2021-08-10 10:10:00,1728.908,,sl_too_tight,,,,2021-08-10 17:10:00
-1,2021-08-10 12:40:00,1728.478,,no_room,,,,2021-08-10 19:40:00
-1,2021-08-10 13:25:00,1726.148,,no_room,,,,2021-08-10 20:25:00
-1,2021-08-10 14:00:00,1720.888,,no_room,,,,2021-08-10 21:00:00
1,2021-08-11 14:45:00,1744.478,,no_room,,,,2021-08-11 21:45:00
1,2021-08-11 15:30:00,1749.568,,no_room,,,,2021-08-11 22:30:00
1,2021-08-13 14:00:00,1765.628,,no_room,,,,2021-08-13 21:00:00
1,2021-08-13 15:20:00,1774.373,,no_room,,,,2021-08-13 22:20:00
1,2021-08-16 13:10:00,1781.178,,no_room,,,,2021-08-16 20:10:00
1,2021-08-16 13:35:00,1783.028,,no_room,,,,2021-08-16 20:35:00
1,2021-08-16 14:30:00,1786.868,,no_room,,,,2021-08-16 21:30:00
-1,2021-08-17 14:10:00,1786.631,,no_room,,,,2021-08-17 21:10:00
-1,2021-08-17 15:40:00,1781.508,,no_room,,,,2021-08-17 22:40:00
-1,2021-08-18 15:15:00,1779.488,,no_room,,,,2021-08-18 22:15:00
-1,2021-08-19 08:15:00,1779.348,,sl_too_tight,,,,2021-08-19 15:15:00
1,2021-08-19 09:15:00,1787.658,,no_room,,,,2021-08-19 16:15:00
1,2021-08-19 10:40:00,1789.398,,sl_too_tight,,,,2021-08-19 17:40:00
1,2021-08-19 12:30:00,1788.658,,no_room,,,,2021-08-19 19:30:00
1,2021-08-19 13:05:00,1789.838,,no_room,,,,2021-08-19 20:05:00
1,2021-08-19 15:50:00,1783.038,,sl_too_tight,,,,2021-08-19 22:50:00
-1,2021-08-25 13:45:00,1790.354,,no_room,,,,2021-08-25 20:45:00
1,2021-08-26 15:05:00,1794.975,,no_room,,,,2021-08-26 22:05:00
-1,2021-08-27 13:10:00,1794.045,,no_room,,,,2021-08-27 20:10:00
1,2021-08-27 14:40:00,1806.048,,no_room,,,,2021-08-27 21:40:00
1,2021-08-27 15:45:00,1808.878,,no_room,,,,2021-08-27 22:45:00
-1,2021-08-30 15:30:00,1810.118,,no_room,,,,2021-08-30 22:30:00
-1,2021-08-31 14:55:00,1807.532,,no_room,,,,2021-08-31 21:55:00
-1,2021-09-01 14:55:00,1810.018,,no_room,,,,2021-09-01 21:55:00
1,2021-09-03 14:30:00,1826.424,,no_room,,,,2021-09-03 21:30:00
1,2021-09-03 15:05:00,1830.998,,no_room,,,,2021-09-03 22:05:00
-1,2021-09-07 10:00:00,1810.208,,sl_too_tight,,,,2021-09-07 17:00:00
-1,2021-09-07 14:00:00,1808.308,,no_room,,,,2021-09-07 21:00:00
-1,2021-09-07 15:10:00,1793.158,,no_room,,,,2021-09-07 22:10:00
-1,2021-09-08 13:40:00,1794.268,,no_room,,,,2021-09-08 20:40:00
-1,2021-09-10 13:30:00,1791.627,,no_room,,,,2021-09-10 20:30:00
-1,2021-09-10 15:00:00,1794.217,,sl_too_tight,,,,2021-09-10 22:00:00
-1,2021-09-10 15:40:00,1793.398,,no_room,,,,2021-09-10 22:40:00
-1,2021-09-13 15:25:00,1794.378,,no_room,,,,2021-09-13 22:25:00
1,2021-09-14 14:35:00,1800.454,,no_room,,,,2021-09-14 21:35:00
1,2021-09-14 15:15:00,1807.844,,no_room,,,,2021-09-14 22:15:00
-1,2021-09-15 14:45:00,1793.857,,no_room,,,,2021-09-15 21:45:00
-1,2021-09-16 08:25:00,1784.757,,sl_too_tight,,,,2021-09-16 15:25:00
-1,2021-09-17 12:35:00,1757.828,,no_room,,,,2021-09-17 19:35:00
-1,2021-09-17 13:20:00,1751.377,,no_room,,,,2021-09-17 20:20:00
1,2021-09-20 14:15:00,1760.437,,no_room,,,,2021-09-20 21:15:00
1,2021-09-20 15:00:00,1766.184,,no_room,,,,2021-09-20 22:00:00
1,2021-09-21 12:10:00,1768.264,,no_room,,,,2021-09-21 19:10:00
1,2021-09-21 14:30:00,1775.128,,no_room,,,,2021-09-21 21:30:00
1,2021-09-22 15:20:00,1777.857,,no_room,,,,2021-09-22 22:20:00
1,2021-09-23 08:15:00,1767.188,,no_room,,,,2021-09-23 15:15:00
1,2021-09-23 09:05:00,1769.818,,no_room,,,,2021-09-23 16:05:00
1,2021-09-23 10:10:00,1771.857,,sl_too_tight,,,,2021-09-23 17:10:00
-1,2021-09-23 13:35:00,1753.974,,no_room,,,,2021-09-23 20:35:00
-1,2021-09-23 15:10:00,1749.497,,no_room,,,,2021-09-23 22:10:00
-1,2021-09-27 09:40:00,1749.778,,no_room,,,,2021-09-27 16:40:00
-1,2021-09-27 13:30:00,1751.458,,no_room,,,,2021-09-27 20:30:00
-1,2021-09-27 14:50:00,1749.828,,no_room,,,,2021-09-27 21:50:00
-1,2021-09-28 09:30:00,1741.228,,sl_too_tight,,,,2021-09-28 16:30:00
-1,2021-09-28 10:00:00,1737.518,,no_room,,,,2021-09-28 17:00:00
-1,2021-09-28 10:40:00,1737.014,,no_room,,,,2021-09-28 17:40:00
-1,2021-09-28 12:35:00,1732.788,,no_room,,,,2021-09-28 19:35:00
-1,2021-09-29 08:10:00,1738.695,,sl_too_tight,,,,2021-09-29 15:10:00
1,2021-09-29 10:15:00,1743.095,,sl_too_tight,,,,2021-09-29 17:15:00
-1,2021-09-29 14:00:00,1735.568,,no_room,,,,2021-09-29 21:00:00
1,2021-09-30 14:00:00,1742.728,,no_room,,,,2021-09-30 21:00:00
-1,2021-10-01 07:50:00,1752.955,,no_room,,,,2021-10-01 14:50:00
-1,2021-10-01 10:35:00,1753.938,,sl_too_tight,,,,2021-10-01 17:35:00
-1,2021-10-01 12:10:00,1751.888,,no_room,,,,2021-10-01 19:10:00
1,2021-10-01 12:40:00,1755.938,,no_room,,,,2021-10-01 19:40:00
1,2021-10-01 14:25:00,1759.785,,no_room,,,,2021-10-01 21:25:00
-1,2021-10-04 08:25:00,1752.878,,sl_too_tight,,,,2021-10-04 15:25:00
-1,2021-10-04 09:50:00,1750.558,,sl_too_tight,,,,2021-10-04 16:50:00
-1,2021-10-04 10:20:00,1750.075,,sl_too_tight,,,,2021-10-04 17:20:00
-1,2021-10-04 10:50:00,1748.598,,no_room,,,,2021-10-04 17:50:00
-1,2021-10-04 13:10:00,1751.158,,no_room,,,,2021-10-04 20:10:00
-1,2021-10-05 08:25:00,1758.248,,sl_too_tight,,,,2021-10-05 15:25:00
-1,2021-10-05 13:05:00,1756.155,,no_room,,,,2021-10-05 20:05:00
-1,2021-10-05 13:50:00,1751.358,,no_room,,,,2021-10-05 20:50:00
1,2021-10-06 12:10:00,1756.738,,no_room,,,,2021-10-06 19:10:00
1,2021-10-06 14:45:00,1760.605,,no_room,,,,2021-10-06 21:45:00
1,2021-10-07 10:20:00,1761.098,,sl_too_tight,,,,2021-10-07 17:20:00
-1,2021-10-07 13:10:00,1753.975,,no_room,,,,2021-10-07 20:10:00
1,2021-10-08 13:00:00,1776.728,,no_room,,,,2021-10-08 20:00:00
-1,2021-10-11 15:55:00,1757.645,,sl_too_tight,,,,2021-10-11 22:55:00
1,2021-10-14 09:20:00,1797.424,,sl_too_tight,,,,2021-10-14 16:20:00
1,2021-10-14 10:15:00,1798.434,,no_room,,,,2021-10-14 17:15:00
1,2021-10-14 14:20:00,1799.138,,no_room,,,,2021-10-14 21:20:00
1,2021-10-14 15:40:00,1797.894,,no_room,,,,2021-10-14 22:40:00
-1,2021-10-15 10:55:00,1781.314,,sl_too_tight,,,,2021-10-15 17:55:00
-1,2021-10-15 11:40:00,1780.268,,sl_too_tight,,,,2021-10-15 18:40:00
-1,2021-10-15 12:50:00,1770.154,,no_room,,,,2021-10-15 19:50:00
-1,2021-10-15 15:40:00,1771.374,,no_room,,,,2021-10-15 22:40:00
-1,2021-10-18 08:20:00,1763.774,,no_room,,,,2021-10-18 15:20:00
-1,2021-10-18 09:45:00,1762.458,,sl_too_tight,,,,2021-10-18 16:45:00
1,2021-10-18 13:25:00,1768.404,,no_room,,,,2021-10-18 20:25:00
1,2021-10-18 14:05:00,1769.838,,no_room,,,,2021-10-18 21:05:00
1,2021-10-18 14:30:00,1770.668,,no_room,,,,2021-10-18 21:30:00
-1,2021-10-19 15:35:00,1770.238,,no_room,,,,2021-10-19 22:35:00
1,2021-10-20 15:30:00,1784.038,,sl_too_tight,,,,2021-10-20 22:30:00
-1,2021-10-21 13:55:00,1780.284,,no_room,,,,2021-10-21 20:55:00
1,2021-10-22 13:55:00,1807.714,,no_room,,,,2021-10-22 20:55:00
1,2021-10-25 08:05:00,1799.914,,no_room,,,,2021-10-25 15:05:00
1,2021-10-25 08:45:00,1801.736,,no_room,,,,2021-10-25 15:45:00
-1,2021-10-26 12:25:00,1801.078,,no_room,,,,2021-10-26 19:25:00
-1,2021-10-26 13:30:00,1794.168,,no_room,,,,2021-10-26 20:30:00
-1,2021-10-26 14:00:00,1789.198,,no_room,,,,2021-10-26 21:00:00
1,2021-10-27 09:15:00,1788.148,,no_room,,,,2021-10-27 16:15:00
1,2021-10-27 13:35:00,1795.994,,no_room,,,,2021-10-27 20:35:00
1,2021-10-27 15:55:00,1794.318,,no_room,,,,2021-10-27 22:55:00
1,2021-10-28 13:25:00,1806.664,,no_room,,,,2021-10-28 20:25:00
-1,2021-10-29 08:10:00,1794.918,,sl_too_tight,,,,2021-10-29 15:10:00
-1,2021-10-29 13:40:00,1775.918,,no_room,,,,2021-10-29 20:40:00
1,2021-11-01 09:25:00,1784.674,,no_room,,,,2021-11-01 16:25:00
1,2021-11-01 13:50:00,1791.414,,no_room,,,,2021-11-01 20:50:00
1,2021-11-01 14:20:00,1794.308,,no_room,,,,2021-11-01 21:20:00
-1,2021-11-02 14:05:00,1788.908,,no_room,,,,2021-11-02 21:05:00
-1,2021-11-02 15:50:00,1788.678,,no_room,,,,2021-11-02 22:50:00
1,2021-11-04 10:35:00,1777.608,,sl_too_tight,,,,2021-11-04 17:35:00
1,2021-11-04 11:40:00,1780.286,,no_room,,,,2021-11-04 18:40:00
1,2021-11-04 12:20:00,1783.288,,no_room,,,,2021-11-04 19:20:00
1,2021-11-05 13:25:00,1797.318,,no_room,,,,2021-11-05 20:25:00
1,2021-11-05 15:05:00,1801.944,,no_room,,,,2021-11-05 22:05:00
1,2021-11-08 14:10:00,1824.148,,no_room,,,,2021-11-08 21:10:00
1,2021-11-09 13:10:00,1825.488,,sl_too_tight,,,,2021-11-09 20:10:00
1,2021-11-10 14:00:00,1851.668,,no_room,,,,2021-11-10 21:00:00
1,2021-11-11 08:25:00,1858.108,,no_room,,,,2021-11-11 15:25:00
1,2021-11-11 10:55:00,1862.348,,sl_too_tight,,,,2021-11-11 17:55:00
-1,2021-11-12 09:00:00,1852.214,,no_room,,,,2021-11-12 16:00:00
1,2021-11-16 11:55:00,1873.738,,sl_too_tight,,,,2021-11-16 18:55:00
-1,2021-11-16 15:00:00,1858.978,,no_room,,,,2021-11-16 22:00:00
1,2021-11-17 14:30:00,1865.164,,no_room,,,,2021-11-17 21:30:00
1,2021-11-17 15:05:00,1866.644,,no_room,,,,2021-11-17 22:05:00
-1,2021-11-18 13:20:00,1862.018,,no_room,,,,2021-11-18 20:20:00
-1,2021-11-18 15:05:00,1860.568,,no_room,,,,2021-11-18 22:05:00
-1,2021-11-18 15:40:00,1858.818,,no_room,,,,2021-11-18 22:40:00
1,2021-11-19 09:55:00,1862.167,,no_room,,,,2021-11-19 16:55:00
1,2021-11-19 12:40:00,1862.884,,no_room,,,,2021-11-19 19:40:00
1,2021-11-19 13:20:00,1863.898,,no_room,,,,2021-11-19 20:20:00
-1,2021-11-22 10:10:00,1843.778,,sl_too_tight,,,,2021-11-22 17:10:00
-1,2021-11-22 13:00:00,1839.504,,no_room,,,,2021-11-22 20:00:00
-1,2021-11-22 13:30:00,1838.218,,no_room,,,,2021-11-22 20:30:00
-1,2021-11-22 14:00:00,1834.858,,no_room,,,,2021-11-22 21:00:00
-1,2021-11-22 15:30:00,1814.654,,no_room,,,,2021-11-22 22:30:00
-1,2021-11-23 09:25:00,1798.738,,no_room,,,,2021-11-23 16:25:00
-1,2021-11-23 11:05:00,1795.604,,no_room,,,,2021-11-23 18:05:00
-1,2021-11-23 11:35:00,1794.598,,sl_too_tight,,,,2021-11-23 18:35:00
-1,2021-11-23 12:55:00,1793.424,,no_room,,,,2021-11-23 19:55:00
-1,2021-11-23 15:00:00,1788.358,,no_room,,,,2021-11-23 22:00:00
-1,2021-11-24 08:40:00,1792.278,,sl_too_tight,,,,2021-11-24 15:40:00
-1,2021-11-24 10:00:00,1790.708,,sl_too_tight,,,,2021-11-24 17:00:00
-1,2021-11-24 11:05:00,1788.298,,no_room,,,,2021-11-24 18:05:00
-1,2021-11-24 12:35:00,1785.435,,no_room,,,,2021-11-24 19:35:00
-1,2021-11-24 13:20:00,1784.148,,no_room,,,,2021-11-24 20:20:00
-1,2021-11-24 15:15:00,1780.858,,no_room,,,,2021-11-24 22:15:00
1,2021-11-26 09:55:00,1808.119,,no_room,,,,2021-11-26 16:55:00
1,2021-11-26 11:00:00,1810.319,,no_room,,,,2021-11-26 18:00:00
-1,2021-11-26 15:55:00,1797.719,,no_room,,,,2021-11-26 22:55:00
1,2021-11-29 08:40:00,1797.028,,no_room,,,,2021-11-29 15:40:00
-1,2021-11-29 13:35:00,1790.198,,no_room,,,,2021-11-29 20:35:00
1,2021-11-30 08:05:00,1793.008,,sl_too_tight,,,,2021-11-30 15:05:00
1,2021-11-30 09:30:00,1795.618,,no_room,,,,2021-11-30 16:30:00
1,2021-11-30 13:20:00,1793.508,,no_room,,,,2021-11-30 20:20:00
1,2021-11-30 14:45:00,1797.188,,no_room,,,,2021-11-30 21:45:00
1,2021-12-01 09:35:00,1780.858,,no_room,,,,2021-12-01 16:35:00
1,2021-12-01 10:10:00,1784.028,,no_room,,,,2021-12-01 17:10:00
1,2021-12-01 10:30:00,1784.918,,no_room,,,,2021-12-01 17:30:00
1,2021-12-01 10:50:00,1786.248,,no_room,,,,2021-12-01 17:50:00
1,2021-12-01 12:40:00,1787.838,,no_room,,,,2021-12-01 19:40:00
1,2021-12-01 13:30:00,1788.558,,no_room,,,,2021-12-01 20:30:00
1,2021-12-02 14:15:00,1777.558,,no_room,,,,2021-12-02 21:15:00
-1,2021-12-06 09:40:00,1778.878,,no_room,,,,2021-12-06 16:40:00
-1,2021-12-06 11:40:00,1780.718,,sl_too_tight,,,,2021-12-06 18:40:00
-1,2021-12-08 13:05:00,1783.679,,sl_too_tight,,,,2021-12-08 20:05:00
-1,2021-12-08 14:00:00,1781.508,,no_room,,,,2021-12-08 21:00:00
-1,2021-12-08 14:35:00,1780.098,,no_room,,,,2021-12-08 21:35:00
-1,2021-12-09 09:40:00,1782.308,,no_room,,,,2021-12-09 16:40:00
-1,2021-12-09 13:05:00,1774.795,,no_room,,,,2021-12-09 20:05:00
1,2021-12-10 13:55:00,1782.465,,no_room,,,,2021-12-10 20:55:00
1,2021-12-16 14:05:00,1789.958,,no_room,,,,2021-12-16 21:05:00
1,2021-12-16 14:45:00,1790.898,,no_room,,,,2021-12-16 21:45:00
-1,2021-12-17 15:55:00,1805.078,,no_room,,,,2021-12-17 22:55:00
-1,2021-12-20 14:40:00,1795.675,,sl_too_tight,,,,2021-12-20 21:40:00
-1,2021-12-20 15:55:00,1793.865,,no_room,,,,2021-12-20 22:55:00
-1,2021-12-21 15:35:00,1789.968,,no_room,,,,2021-12-21 22:35:00
1,2021-12-22 15:50:00,1794.825,,no_room,,,,2021-12-22 22:50:00
1,2021-12-31 15:35:00,1822.844,,sl_too_tight,,,,2021-12-31 22:35:00
-1,2022-01-03 14:30:00,1805.584,,no_room,,,,2022-01-03 21:30:00
-1,2022-01-03 14:55:00,1804.278,,no_room,,,,2022-01-03 21:55:00
1,2022-01-04 10:30:00,1806.585,,sl_too_tight,,,,2022-01-04 17:30:00
1,2022-01-04 14:55:00,1810.085,,no_room,,,,2022-01-04 21:55:00
1,2022-01-04 15:20:00,1812.465,,no_room,,,,2022-01-04 22:20:00
1,2022-01-05 13:25:00,1820.644,,no_room,,,,2022-01-05 20:25:00
1,2022-01-05 14:40:00,1827.148,,no_room,,,,2022-01-05 21:40:00
-1,2022-01-06 08:25:00,1799.319,,sl_too_tight,,,,2022-01-06 15:25:00
-1,2022-01-06 08:50:00,1796.518,,no_room,,,,2022-01-06 15:50:00
-1,2022-01-06 09:30:00,1794.568,,no_room,,,,2022-01-06 16:30:00
-1,2022-01-06 12:00:00,1797.294,,sl_too_tight,,,,2022-01-06 19:00:00
-1,2022-01-06 12:40:00,1796.378,,sl_too_tight,,,,2022-01-06 19:40:00
1,2022-01-11 15:55:00,1808.938,,no_room,,,,2022-01-11 22:55:00
-1,2022-01-13 14:40:00,1820.488,,no_room,,,,2022-01-13 21:40:00
-1,2022-01-14 14:25:00,1823.968,,no_room,,,,2022-01-14 21:25:00
-1,2022-01-18 08:25:00,1814.618,,sl_too_tight,,,,2022-01-18 15:25:00
-1,2022-01-18 09:30:00,1811.528,,no_room,,,,2022-01-18 16:30:00
-1,2022-01-18 13:05:00,1812.582,,no_room,,,,2022-01-18 20:05:00
1,2022-01-18 14:50:00,1816.638,,no_room,,,,2022-01-18 21:50:00
1,2022-01-18 15:45:00,1819.108,,no_room,,,,2022-01-18 22:45:00
1,2022-01-19 14:35:00,1825.474,,sl_too_tight,,,,2022-01-19 21:35:00
1,2022-01-19 15:50:00,1837.448,,no_room,,,,2022-01-19 22:50:00
1,2022-01-20 15:05:00,1847.068,,no_room,,,,2022-01-20 22:05:00
1,2022-01-20 15:55:00,1846.288,,sl_too_tight,,,,2022-01-20 22:55:00
-1,2022-01-21 11:00:00,1833.839,,sl_too_tight,,,,2022-01-21 18:00:00
-1,2022-01-21 11:30:00,1833.408,,sl_too_tight,,,,2022-01-21 18:30:00
1,2022-01-21 13:45:00,1839.948,,no_room,,,,2022-01-21 20:45:00
1,2022-01-24 12:05:00,1839.394,,sl_too_tight,,,,2022-01-24 19:05:00
1,2022-01-24 13:25:00,1840.844,,no_room,,,,2022-01-24 20:25:00
-1,2022-01-24 14:35:00,1834.488,,no_room,,,,2022-01-24 21:35:00
-1,2022-01-24 15:00:00,1832.568,,no_room,,,,2022-01-24 22:00:00
-1,2022-01-26 13:55:00,1844.608,,no_room,,,,2022-01-26 20:55:00
-1,2022-01-27 12:55:00,1807.464,,no_room,,,,2022-01-27 19:55:00
-1,2022-01-27 13:30:00,1804.658,,no_room,,,,2022-01-27 20:30:00
-1,2022-01-27 13:50:00,1802.298,,no_room,,,,2022-01-27 20:50:00
-1,2022-01-27 15:30:00,1797.364,,no_room,,,,2022-01-27 22:30:00
-1,2022-01-28 13:45:00,1785.008,,no_room,,,,2022-01-28 20:45:00
-1,2022-01-28 14:15:00,1784.375,,no_room,,,,2022-01-28 21:15:00
1,2022-01-31 11:50:00,1792.168,,sl_too_tight,,,,2022-01-31 18:50:00
1,2022-01-31 13:40:00,1792.528,,no_room,,,,2022-01-31 20:40:00
1,2022-01-31 14:35:00,1798.148,,no_room,,,,2022-01-31 21:35:00
1,2022-02-01 15:50:00,1804.288,,no_room,,,,2022-02-01 22:50:00
-1,2022-02-03 14:40:00,1800.418,,no_room,,,,2022-02-03 21:40:00
1,2022-02-07 15:20:00,1815.133,,sl_too_tight,,,,2022-02-07 22:20:00
1,2022-02-08 15:10:00,1823.089,,no_room,,,,2022-02-08 22:10:00
1,2022-02-09 15:25:00,1831.009,,no_room,,,,2022-02-09 22:25:00
1,2022-02-11 15:15:00,1833.308,,no_room,,,,2022-02-11 22:15:00
1,2022-02-14 12:10:00,1856.628,,sl_too_tight,,,,2022-02-14 19:10:00
1,2022-02-14 13:35:00,1858.124,,no_room,,,,2022-02-14 20:35:00
1,2022-02-14 14:30:00,1863.108,,no_room,,,,2022-02-14 21:30:00
1,2022-02-14 15:05:00,1866.438,,no_room,,,,2022-02-14 22:05:00
1,2022-02-14 15:35:00,1868.928,,no_room,,,,2022-02-14 22:35:00
-1,2022-02-15 09:10:00,1857.368,,no_room,,,,2022-02-15 16:10:00
-1,2022-02-15 11:30:00,1854.216,,sl_too_tight,,,,2022-02-15 18:30:00
-1,2022-02-15 12:20:00,1849.85,,no_room,,,,2022-02-15 19:20:00
-1,2022-02-15 14:30:00,1849.714,,no_room,,,,2022-02-15 21:30:00
1,2022-02-16 14:30:00,1859.508,,sl_too_tight,,,,2022-02-16 21:30:00
1,2022-02-17 07:55:00,1875.918,,sl_too_tight,,,,2022-02-17 14:55:00
1,2022-02-17 09:15:00,1888.438,,no_room,,,,2022-02-17 16:15:00
1,2022-02-17 15:10:00,1895.048,,no_room,,,,2022-02-17 22:10:00
1,2022-02-18 09:55:00,1894.418,,sl_too_tight,,,,2022-02-18 16:55:00
-1,2022-02-22 08:50:00,1901.638,,no_room,,,,2022-02-22 15:50:00
-1,2022-02-22 10:15:00,1898.858,,no_room,,,,2022-02-22 17:15:00
-1,2022-02-22 11:50:00,1893.103,,no_room,,,,2022-02-22 18:50:00
-1,2022-02-22 15:25:00,1897.788,,no_room,,,,2022-02-22 22:25:00
-1,2022-02-23 08:50:00,1893.598,,no_room,,,,2022-02-23 15:50:00
-1,2022-02-23 09:30:00,1891.988,,no_room,,,,2022-02-23 16:30:00
1,2022-02-23 14:40:00,1902.115,,sl_too_tight,,,,2022-02-23 21:40:00
1,2022-02-23 15:50:00,1907.978,,no_room,,,,2022-02-23 22:50:00
1,2022-02-24 07:10:00,1943.188,,no_room,,,,2022-02-24 14:10:00
1,2022-02-24 07:55:00,1944.528,,no_room,,,,2022-02-24 14:55:00
1,2022-02-24 08:50:00,1945.298,,no_room,,,,2022-02-24 15:50:00
1,2022-02-24 09:30:00,1946.023,,no_room,,,,2022-02-24 16:30:00
1,2022-02-24 10:55:00,1973.158,,no_room,,,,2022-02-24 17:55:00
1,2022-02-24 13:00:00,1963.838,,no_room,,,,2022-02-24 20:00:00
-1,2022-02-24 15:15:00,1930.538,,no_room,,,,2022-02-24 22:15:00
-1,2022-02-25 10:25:00,1908.358,,no_room,,,,2022-02-25 17:25:00
-1,2022-02-25 11:20:00,1907.028,,no_room,,,,2022-02-25 18:20:00
-1,2022-02-25 13:10:00,1892.698,,no_room,,,,2022-02-25 20:10:00
-1,2022-02-25 13:35:00,1890.348,,no_room,,,,2022-02-25 20:35:00
-1,2022-02-25 15:05:00,1885.0,,no_room,,,,2022-02-25 22:05:00
-1,2022-02-28 11:55:00,1905.628,,sl_too_tight,,,,2022-02-28 18:55:00
1,2022-02-28 13:40:00,1914.638,,no_room,,,,2022-02-28 20:40:00
1,2022-03-01 09:05:00,1914.018,,no_room,,,,2022-03-01 16:05:00
1,2022-03-01 10:25:00,1918.718,,no_room,,,,2022-03-01 17:25:00
1,2022-03-01 14:35:00,1920.383,,no_room,,,,2022-03-01 21:35:00
1,2022-03-01 15:40:00,1926.988,,no_room,,,,2022-03-01 22:40:00
1,2022-03-02 07:10:00,1940.138,,no_room,,,,2022-03-02 14:10:00
1,2022-03-02 07:45:00,1943.518,,no_room,,,,2022-03-02 14:45:00
-1,2022-03-02 10:25:00,1931.286,,no_room,,,,2022-03-02 17:25:00
-1,2022-03-02 12:15:00,1926.158,,no_room,,,,2022-03-02 19:15:00
1,2022-03-03 11:30:00,1935.569,,no_room,,,,2022-03-03 18:30:00
-1,2022-03-04 08:15:00,1934.893,,no_room,,,,2022-03-04 15:15:00
1,2022-03-04 10:50:00,1947.028,,no_room,,,,2022-03-04 17:50:00
1,2022-03-04 14:10:00,1948.248,,no_room,,,,2022-03-04 21:10:00
1,2022-03-08 12:25:00,2010.868,,no_room,,,,2022-03-08 19:25:00
1,2022-03-08 13:40:00,2016.892,,no_room,,,,2022-03-08 20:40:00
1,2022-03-08 14:35:00,2019.528,,no_room,,,,2022-03-08 21:35:00
1,2022-03-08 15:40:00,2063.398,,no_room,,,,2022-03-08 22:40:00
1,2022-03-09 08:35:00,2047.47,,no_room,,,,2022-03-09 15:35:00
-1,2022-03-09 12:55:00,2009.438,,no_room,,,,2022-03-09 19:55:00
-1,2022-03-09 13:20:00,2000.678,,no_room,,,,2022-03-09 20:20:00
-1,2022-03-09 13:50:00,1990.218,,no_room,,,,2022-03-09 20:50:00
-1,2022-03-10 07:05:00,1980.328,,no_room,,,,2022-03-10 14:05:00
-1,2022-03-10 07:35:00,1978.088,,no_room,,,,2022-03-10 14:35:00
-1,2022-03-10 07:55:00,1976.708,,no_room,,,,2022-03-10 14:55:00
1,2022-03-10 10:55:00,1998.778,,no_room,,,,2022-03-10 17:55:00
1,2022-03-10 12:35:00,2007.842,,no_room,,,,2022-03-10 19:35:00
1,2022-03-10 13:40:00,2007.782,,no_room,,,,2022-03-10 20:40:00
-1,2022-03-11 11:00:00,1990.908,,sl_too_tight,,,,2022-03-11 18:00:00
-1,2022-03-11 12:10:00,1969.382,,no_room,,,,2022-03-11 19:10:00
-1,2022-03-11 13:45:00,1961.748,,no_room,,,,2022-03-11 20:45:00
-1,2022-03-14 08:00:00,1972.605,,no_room,,,,2022-03-14 15:00:00
-1,2022-03-14 08:55:00,1967.668,,no_room,,,,2022-03-14 15:55:00
-1,2022-03-14 09:35:00,1963.301,,no_room,,,,2022-03-14 16:35:00
-1,2022-03-14 11:20:00,1960.058,,no_room,,,,2022-03-14 18:20:00
-1,2022-03-14 13:10:00,1960.098,,no_room,,,,2022-03-14 20:10:00
-1,2022-03-14 13:45:00,1958.498,,no_room,,,,2022-03-14 20:45:00
-1,2022-03-15 07:50:00,1931.458,,no_room,,,,2022-03-15 14:50:00
-1,2022-03-15 09:15:00,1931.728,,no_room,,,,2022-03-15 16:15:00
-1,2022-03-15 10:50:00,1928.043,,no_room,,,,2022-03-15 17:50:00
-1,2022-03-15 13:10:00,1919.253,,no_room,,,,2022-03-15 20:10:00
-1,2022-03-15 14:10:00,1913.608,,no_room,,,,2022-03-15 21:10:00
-1,2022-03-16 08:15:00,1914.098,,no_room,,,,2022-03-16 15:15:00
1,2022-03-16 11:35:00,1922.758,,sl_too_tight,,,,2022-03-16 18:35:00
-1,2022-03-16 13:45:00,1915.413,,no_room,,,,2022-03-16 20:45:00
-1,2022-03-16 14:10:00,1912.648,,no_room,,,,2022-03-16 21:10:00
1,2022-03-17 07:55:00,1934.928,,no_room,,,,2022-03-17 14:55:00
1,2022-03-17 10:00:00,1942.553,,no_room,,,,2022-03-17 17:00:00
1,2022-03-17 11:35:00,1945.618,,no_room,,,,2022-03-17 18:35:00
1,2022-03-17 13:15:00,1942.548,,no_room,,,,2022-03-17 20:15:00
1,2022-03-17 13:35:00,1943.573,,no_room,,,,2022-03-17 20:35:00
1,2022-03-17 14:10:00,1945.364,,no_room,,,,2022-03-17 21:10:00
-1,2022-03-18 09:30:00,1931.962,,no_room,,,,2022-03-18 16:30:00
1,2022-03-18 11:55:00,1939.788,,no_room,,,,2022-03-18 18:55:00
-1,2022-03-18 15:40:00,1933.348,,no_room,,,,2022-03-18 22:40:00
1,2022-03-21 09:55:00,1924.848,,sl_too_tight,,,,2022-03-21 16:55:00
-1,2022-03-22 08:00:00,1932.128,,no_room,,,,2022-03-22 15:00:00
-1,2022-03-22 08:40:00,1925.79,,no_room,,,,2022-03-22 15:40:00
-1,2022-03-22 11:30:00,1927.163,,sl_too_tight,,,,2022-03-22 18:30:00
-1,2022-03-22 13:30:00,1924.058,,no_room,,,,2022-03-22 20:30:00
-1,2022-03-22 15:20:00,1912.718,,no_room,,,,2022-03-22 22:20:00
1,2022-03-23 08:40:00,1923.828,,no_room,,,,2022-03-23 15:40:00
1,2022-03-23 09:25:00,1927.138,,no_room,,,,2022-03-23 16:25:00
1,2022-03-23 10:00:00,1931.088,,no_room,,,,2022-03-23 17:00:00
1,2022-03-23 10:45:00,1933.245,,no_room,,,,2022-03-23 17:45:00
1,2022-03-23 13:00:00,1931.243,,no_room,,,,2022-03-23 20:00:00
1,2022-03-23 13:40:00,1933.028,,sl_too_tight,,,,2022-03-23 20:40:00
-1,2022-03-24 09:20:00,1938.723,,no_room,,,,2022-03-24 16:20:00
1,2022-03-24 10:25:00,1945.809,,no_room,,,,2022-03-24 17:25:00
1,2022-03-24 11:35:00,1947.193,,no_room,,,,2022-03-24 18:35:00
1,2022-03-24 13:25:00,1949.598,,no_room,,,,2022-03-24 20:25:00
1,2022-03-24 14:15:00,1957.103,,no_room,,,,2022-03-24 21:15:00
-1,2022-03-25 10:30:00,1955.592,,no_room,,,,2022-03-25 17:30:00
-1,2022-03-25 13:10:00,1952.628,,no_room,,,,2022-03-25 20:10:00
-1,2022-03-28 07:20:00,1933.349,,no_room,,,,2022-03-28 14:20:00
-1,2022-03-28 08:25:00,1931.538,,no_room,,,,2022-03-28 15:25:00
-1,2022-03-28 09:00:00,1926.965,,no_room,,,,2022-03-28 16:00:00
1,2022-03-28 12:10:00,1933.398,,no_room,,,,2022-03-28 19:10:00
-1,2022-03-29 07:25:00,1921.578,,no_room,,,,2022-03-29 14:25:00
-1,2022-03-29 08:05:00,1918.899,,sl_too_tight,,,,2022-03-29 15:05:00
-1,2022-03-29 08:25:00,1917.664,,no_room,,,,2022-03-29 15:25:00
-1,2022-03-29 10:50:00,1913.448,,sl_too_tight,,,,2022-03-29 17:50:00
-1,2022-03-29 11:40:00,1911.359,,no_room,,,,2022-03-29 18:40:00
-1,2022-03-29 12:20:00,1900.858,,no_room,,,,2022-03-29 19:20:00
-1,2022-03-30 07:40:00,1922.019,,no_room,,,,2022-03-30 14:40:00
-1,2022-03-30 08:15:00,1920.518,,no_room,,,,2022-03-30 15:15:00
-1,2022-03-30 08:55:00,1919.318,,no_room,,,,2022-03-30 15:55:00
1,2022-03-30 14:30:00,1934.383,,no_room,,,,2022-03-30 21:30:00
-1,2022-03-31 08:30:00,1925.273,,no_room,,,,2022-03-31 15:30:00
-1,2022-03-31 09:10:00,1923.738,,no_room,,,,2022-03-31 16:10:00
1,2022-03-31 15:25:00,1942.268,,no_room,,,,2022-03-31 22:25:00
-1,2022-04-01 10:05:00,1933.183,,sl_too_tight,,,,2022-04-01 17:05:00
-1,2022-04-01 10:40:00,1931.578,,no_room,,,,2022-04-01 17:40:00
-1,2022-04-01 11:35:00,1924.968,,no_room,,,,2022-04-01 18:35:00
-1,2022-04-01 13:10:00,1925.41,,no_room,,,,2022-04-01 20:10:00
-1,2022-04-01 14:30:00,1922.385,,no_room,,,,2022-04-01 21:30:00
1,2022-04-04 08:00:00,1930.228,,sl_too_tight,,,,2022-04-04 15:00:00
1,2022-04-04 10:55:00,1928.645,,no_room,,,,2022-04-04 17:55:00
1,2022-04-04 12:00:00,1930.993,,sl_too_tight,,,,2022-04-04 19:00:00
1,2022-04-04 12:30:00,1933.178,,no_room,,,,2022-04-04 19:30:00
-1,2022-04-04 15:25:00,1931.878,,no_room,,,,2022-04-04 22:25:00
1,2022-04-05 08:45:00,1929.508,,no_room,,,,2022-04-05 15:45:00
1,2022-04-05 12:20:00,1928.013,,no_room,,,,2022-04-05 19:20:00
-1,2022-04-05 15:55:00,1925.073,,no_room,,,,2022-04-05 22:55:00
1,2022-04-06 13:30:00,1928.388,,no_room,,,,2022-04-06 20:30:00
1,2022-04-07 09:50:00,1928.318,,no_room,,,,2022-04-07 16:50:00
1,2022-04-07 13:35:00,1930.668,,no_room,,,,2022-04-07 20:35:00
1,2022-04-07 14:00:00,1932.089,,no_room,,,,2022-04-07 21:00:00
1,2022-04-07 14:35:00,1934.532,,no_room,,,,2022-04-07 21:35:00
1,2022-04-08 13:35:00,1938.808,,no_room,,,,2022-04-08 20:35:00
1,2022-04-11 09:10:00,1957.972,,no_room,,,,2022-04-11 16:10:00
1,2022-04-11 11:45:00,1959.078,,no_room,,,,2022-04-11 18:45:00
-1,2022-04-11 15:55:00,1951.478,,no_room,,,,2022-04-11 22:55:00
1,2022-04-12 10:05:00,1954.638,,no_room,,,,2022-04-12 17:05:00
1,2022-04-12 12:05:00,1957.215,,no_room,,,,2022-04-12 19:05:00
1,2022-04-12 12:30:00,1960.952,,no_room,,,,2022-04-12 19:30:00
1,2022-04-12 14:45:00,1972.952,,no_room,,,,2022-04-12 21:45:00
1,2022-04-13 07:45:00,1969.888,,no_room,,,,2022-04-13 14:45:00
1,2022-04-13 08:15:00,1972.788,,no_room,,,,2022-04-13 15:15:00
1,2022-04-13 09:35:00,1975.984,,no_room,,,,2022-04-13 16:35:00
1,2022-04-13 12:10:00,1979.502,,no_room,,,,2022-04-13 19:10:00
1,2022-04-13 13:35:00,1978.748,,no_room,,,,2022-04-13 20:35:00
1,2022-04-13 14:50:00,1979.678,,no_room,,,,2022-04-13 21:50:00
1,2022-04-13 15:45:00,1980.348,,no_room,,,,2022-04-13 22:45:00
-1,2022-04-14 08:50:00,1973.918,,sl_too_tight,,,,2022-04-14 15:50:00
1,2022-04-18 07:40:00,1990.652,,sl_too_tight,,,,2022-04-18 14:40:00
1,2022-04-18 09:00:00,1993.028,,no_room,,,,2022-04-18 16:00:00
1,2022-04-19 11:50:00,1979.008,,sl_too_tight,,,,2022-04-19 18:50:00
1,2022-04-19 12:15:00,1980.238,,no_room,,,,2022-04-19 19:15:00
-1,2022-04-19 14:35:00,1958.058,,no_room,,,,2022-04-19 21:35:00
-1,2022-04-20 08:20:00,1941.128,,no_room,,,,2022-04-20 15:20:00
1,2022-04-20 09:25:00,1947.082,,no_room,,,,2022-04-20 16:25:00
1,2022-04-20 10:00:00,1949.488,,no_room,,,,2022-04-20 17:00:00
1,2022-04-20 11:00:00,1953.528,,no_room,,,,2022-04-20 18:00:00
1,2022-04-20 14:00:00,1950.078,,no_room,,,,2022-04-20 21:00:00
1,2022-04-20 14:40:00,1952.738,,no_room,,,,2022-04-20 21:40:00
-1,2022-04-21 11:00:00,1942.868,,no_room,,,,2022-04-21 18:00:00
-1,2022-04-21 11:40:00,1939.445,,no_room,,,,2022-04-21 18:40:00
-1,2022-04-21 14:05:00,1943.182,,no_room,,,,2022-04-21 21:05:00
-1,2022-04-21 15:30:00,1940.578,,no_room,,,,2022-04-21 22:30:00
-1,2022-04-22 08:50:00,1945.618,,no_room,,,,2022-04-22 15:50:00
-1,2022-04-22 10:15:00,1941.838,,sl_too_tight,,,,2022-04-22 17:15:00
-1,2022-04-22 12:00:00,1934.398,,no_room,,,,2022-04-22 19:00:00
-1,2022-04-22 14:35:00,1940.838,,no_room,,,,2022-04-22 21:35:00
-1,2022-04-22 15:05:00,1933.358,,no_room,,,,2022-04-22 22:05:00
-1,2022-04-25 10:10:00,1915.718,,no_room,,,,2022-04-25 17:10:00
-1,2022-04-25 10:35:00,1914.013,,no_room,,,,2022-04-25 17:35:00
-1,2022-04-25 12:10:00,1905.198,,no_room,,,,2022-04-25 19:10:00
-1,2022-04-25 12:45:00,1894.408,,no_room,,,,2022-04-25 19:45:00
-1,2022-04-25 14:00:00,1896.183,,no_room,,,,2022-04-25 21:00:00
1,2022-04-26 10:55:00,1906.935,,no_room,,,,2022-04-26 17:55:00
1,2022-04-26 13:05:00,1904.728,,no_room,,,,2022-04-26 20:05:00
1,2022-04-27 07:30:00,1901.278,,no_room,,,,2022-04-27 14:30:00
1,2022-04-27 12:00:00,1900.818,,no_room,,,,2022-04-27 19:00:00
-1,2022-04-27 15:35:00,1882.878,,no_room,,,,2022-04-27 22:35:00
1,2022-04-28 08:40:00,1886.178,,no_room,,,,2022-04-28 15:40:00
1,2022-04-28 09:40:00,1889.898,,no_room,,,,2022-04-28 16:40:00
1,2022-04-28 11:40:00,1889.928,,sl_too_tight,,,,2022-04-28 18:40:00
1,2022-04-29 07:40:00,1913.118,,no_room,,,,2022-04-29 14:40:00
1,2022-04-29 10:25:00,1916.853,,sl_too_tight,,,,2022-04-29 17:25:00
1,2022-04-29 11:50:00,1917.673,,no_room,,,,2022-04-29 18:50:00
1,2022-04-29 14:40:00,1912.563,,no_room,,,,2022-04-29 21:40:00
-1,2022-05-02 07:05:00,1885.028,,sl_too_tight,,,,2022-05-02 14:05:00
-1,2022-05-02 08:20:00,1883.017,,no_room,,,,2022-05-02 15:20:00
-1,2022-05-02 09:00:00,1879.328,,no_room,,,,2022-05-02 16:00:00
-1,2022-05-02 11:35:00,1877.573,,no_room,,,,2022-05-02 18:35:00
-1,2022-05-02 13:35:00,1859.298,,no_room,,,,2022-05-02 20:35:00
-1,2022-05-02 15:10:00,1861.328,,no_room,,,,2022-05-02 22:10:00
-1,2022-05-03 07:00:00,1857.218,,no_room,,,,2022-05-03 14:00:00
-1,2022-05-03 08:20:00,1853.318,,no_room,,,,2022-05-03 15:20:00
-1,2022-05-03 10:30:00,1857.514,,no_room,,,,2022-05-03 17:30:00
1,2022-05-03 13:00:00,1863.838,,no_room,,,,2022-05-03 20:00:00
1,2022-05-03 13:30:00,1866.323,,no_room,,,,2022-05-03 20:30:00
1,2022-05-03 14:15:00,1872.258,,no_room,,,,2022-05-03 21:15:00
1,2022-05-04 07:30:00,1869.658,,no_room,,,,2022-05-04 14:30:00
1,2022-05-05 09:50:00,1895.968,,no_room,,,,2022-05-05 16:50:00
1,2022-05-05 11:05:00,1899.228,,no_room,,,,2022-05-05 18:05:00
1,2022-05-05 12:15:00,1900.168,,no_room,,,,2022-05-05 19:15:00
-1,2022-05-05 14:30:00,1886.549,,no_room,,,,2022-05-05 21:30:00
-1,2022-05-05 15:50:00,1878.247,,no_room,,,,2022-05-05 22:50:00
1,2022-05-06 10:55:00,1884.338,,no_room,,,,2022-05-06 17:55:00
1,2022-05-06 12:20:00,1884.698,,no_room,,,,2022-05-06 19:20:00
-1,2022-05-09 08:35:00,1867.453,,no_room,,,,2022-05-09 15:35:00
-1,2022-05-09 09:25:00,1864.078,,no_room,,,,2022-05-09 16:25:00
-1,2022-05-09 10:15:00,1862.218,,no_room,,,,2022-05-09 17:15:00
-1,2022-05-09 13:50:00,1863.783,,no_room,,,,2022-05-09 20:50:00
-1,2022-05-09 14:15:00,1861.278,,no_room,,,,2022-05-09 21:15:00
-1,2022-05-09 15:25:00,1859.698,,no_room,,,,2022-05-09 22:25:00
-1,2022-05-10 07:55:00,1859.703,,no_room,,,,2022-05-10 14:55:00
-1,2022-05-10 09:50:00,1860.402,,no_room,,,,2022-05-10 16:50:00
-1,2022-05-10 13:45:00,1856.382,,no_room,,,,2022-05-10 20:45:00
-1,2022-05-10 14:35:00,1854.768,,no_room,,,,2022-05-10 21:35:00
-1,2022-05-10 15:30:00,1845.178,,no_room,,,,2022-05-10 22:30:00
1,2022-05-11 07:10:00,1845.668,,no_room,,,,2022-05-11 14:10:00
1,2022-05-11 08:55:00,1850.848,,no_room,,,,2022-05-11 15:55:00
1,2022-05-11 10:40:00,1853.312,,sl_too_tight,,,,2022-05-11 17:40:00
1,2022-05-11 13:40:00,1853.018,,no_room,,,,2022-05-11 20:40:00
1,2022-05-11 15:25:00,1852.753,,no_room,,,,2022-05-11 22:25:00
-1,2022-05-12 07:05:00,1847.703,,no_room,,,,2022-05-12 14:05:00
-1,2022-05-12 08:35:00,1848.866,,no_room,,,,2022-05-12 15:35:00
-1,2022-05-12 10:50:00,1847.573,,no_room,,,,2022-05-12 17:50:00
-1,2022-05-12 11:40:00,1844.508,,no_room,,,,2022-05-12 18:40:00
-1,2022-05-12 13:50:00,1842.568,,no_room,,,,2022-05-12 20:50:00
-1,2022-05-12 15:30:00,1837.193,,no_room,,,,2022-05-12 22:30:00
1,2022-05-13 07:05:00,1824.216,,no_room,,,,2022-05-13 14:05:00
-1,2022-05-13 11:50:00,1815.913,,no_room,,,,2022-05-13 18:50:00
-1,2022-05-13 12:25:00,1812.808,,no_room,,,,2022-05-13 19:25:00
-1,2022-05-13 12:50:00,1810.338,,no_room,,,,2022-05-13 19:50:00
-1,2022-05-13 15:25:00,1811.778,,no_room,,,,2022-05-13 22:25:00
-1,2022-05-16 07:35:00,1805.238,,no_room,,,,2022-05-16 14:35:00
-1,2022-05-16 11:50:00,1799.198,,no_room,,,,2022-05-16 18:50:00
1,2022-05-16 14:15:00,1810.598,,no_room,,,,2022-05-16 21:15:00
1,2022-05-17 08:20:00,1826.978,,no_room,,,,2022-05-17 15:20:00
1,2022-05-17 09:10:00,1828.963,,no_room,,,,2022-05-17 16:10:00
1,2022-05-17 10:15:00,1828.586,,sl_too_tight,,,,2022-05-17 17:15:00
1,2022-05-17 11:25:00,1829.498,,no_room,,,,2022-05-17 18:25:00
-1,2022-05-17 15:50:00,1819.383,,no_room,,,,2022-05-17 22:50:00
-1,2022-05-18 08:35:00,1814.103,,no_room,,,,2022-05-18 15:35:00
1,2022-05-18 10:00:00,1820.098,,no_room,,,,2022-05-18 17:00:00
1,2022-05-18 12:35:00,1811.788,,no_room,,,,2022-05-18 19:35:00
1,2022-05-18 15:05:00,1814.778,,no_room,,,,2022-05-18 22:05:00
1,2022-05-18 15:25:00,1816.906,,no_room,,,,2022-05-18 22:25:00
1,2022-05-19 09:55:00,1828.738,,no_room,,,,2022-05-19 16:55:00
1,2022-05-19 12:30:00,1832.258,,no_room,,,,2022-05-19 19:30:00
1,2022-05-19 14:00:00,1841.398,,no_room,,,,2022-05-19 21:00:00
1,2022-05-19 15:15:00,1846.878,,no_room,,,,2022-05-19 22:15:00
-1,2022-05-20 07:35:00,1844.183,,no_room,,,,2022-05-20 14:35:00
-1,2022-05-20 10:30:00,1845.594,,sl_too_tight,,,,2022-05-20 17:30:00
-1,2022-05-20 11:25:00,1843.893,,sl_too_tight,,,,2022-05-20 18:25:00
-1,2022-05-20 13:50:00,1839.674,,no_room,,,,2022-05-20 20:50:00
1,2022-05-23 08:05:00,1857.249,,no_room,,,,2022-05-23 15:05:00
1,2022-05-23 09:30:00,1863.063,,no_room,,,,2022-05-23 16:30:00
1,2022-05-23 12:00:00,1862.698,,no_room,,,,2022-05-23 19:00:00
1,2022-05-23 14:20:00,1857.028,,no_room,,,,2022-05-23 21:20:00
-1,2022-05-23 15:50:00,1851.598,,sl_too_tight,,,,2022-05-23 22:50:00
1,2022-05-24 07:55:00,1857.538,,sl_too_tight,,,,2022-05-24 14:55:00
1,2022-05-24 12:55:00,1859.468,,no_room,,,,2022-05-24 19:55:00
1,2022-05-24 13:45:00,1862.608,,no_room,,,,2022-05-24 20:45:00
1,2022-05-24 15:05:00,1866.048,,sl_too_tight,,,,2022-05-24 22:05:00
1,2022-05-24 15:50:00,1869.063,,no_room,,,,2022-05-24 22:50:00
-1,2022-05-25 08:25:00,1856.653,,sl_too_tight,,,,2022-05-25 15:25:00
-1,2022-05-25 10:10:00,1855.008,,no_room,,,,2022-05-25 17:10:00
-1,2022-05-25 10:45:00,1853.0,,no_room,,,,2022-05-25 17:45:00
-1,2022-05-25 12:45:00,1853.348,,no_room,,,,2022-05-25 19:45:00
-1,2022-05-25 15:40:00,1848.238,,sl_too_tight,,,,2022-05-25 22:40:00
-1,2022-05-26 08:50:00,1847.058,,sl_too_tight,,,,2022-05-26 15:50:00
-1,2022-05-26 10:45:00,1845.323,,sl_too_tight,,,,2022-05-26 17:45:00
-1,2022-05-26 11:25:00,1842.974,,no_room,,,,2022-05-26 18:25:00
1,2022-05-27 08:05:00,1858.499,,sl_too_tight,,,,2022-05-27 15:05:00
1,2022-05-27 12:00:00,1860.148,,no_room,,,,2022-05-27 19:00:00
1,2022-05-31 12:05:00,1850.123,,no_room,,,,2022-05-31 19:05:00
1,2022-05-31 13:30:00,1852.198,,no_room,,,,2022-05-31 20:30:00
-1,2022-06-01 07:35:00,1832.614,,no_room,,,,2022-06-01 14:35:00
-1,2022-06-01 12:00:00,1829.158,,no_room,,,,2022-06-01 19:00:00
1,2022-06-01 15:50:00,1844.246,,no_room,,,,2022-06-01 22:50:00
1,2022-06-02 13:05:00,1858.638,,no_room,,,,2022-06-02 20:05:00
1,2022-06-02 15:45:00,1868.388,,sl_too_tight,,,,2022-06-02 22:45:00
-1,2022-06-03 12:35:00,1863.268,,no_room,,,,2022-06-03 19:35:00
-1,2022-06-03 14:25:00,1859.523,,no_room,,,,2022-06-03 21:25:00
-1,2022-06-03 15:20:00,1854.963,,no_room,,,,2022-06-03 22:20:00
-1,2022-06-06 15:10:00,1845.348,,no_room,,,,2022-06-06 22:10:00
1,2022-06-07 08:35:00,1845.538,,sl_too_tight,,,,2022-06-07 15:35:00
1,2022-06-07 09:15:00,1848.328,,no_room,,,,2022-06-07 16:15:00
1,2022-06-07 10:35:00,1848.808,,sl_too_tight,,,,2022-06-07 17:35:00
-1,2022-06-07 13:15:00,1842.638,,no_room,,,,2022-06-07 20:15:00
-1,2022-06-07 14:25:00,1848.178,,no_room,,,,2022-06-07 21:25:00
-1,2022-06-09 13:40:00,1847.054,,no_room,,,,2022-06-09 20:40:00
-1,2022-06-09 14:00:00,1845.548,,no_room,,,,2022-06-09 21:00:00
-1,2022-06-10 12:30:00,1832.018,,no_room,,,,2022-06-10 19:30:00
1,2022-06-10 15:20:00,1859.428,,no_room,,,,2022-06-10 22:20:00
1,2022-06-10 15:55:00,1865.068,,no_room,,,,2022-06-10 22:55:00
-1,2022-06-13 07:25:00,1861.458,,no_room,,,,2022-06-13 14:25:00
-1,2022-06-13 08:35:00,1855.603,,no_room,,,,2022-06-13 15:35:00
-1,2022-06-13 11:45:00,1855.638,,no_room,,,,2022-06-13 18:45:00
-1,2022-06-13 12:15:00,1853.508,,no_room,,,,2022-06-13 19:15:00
-1,2022-06-13 13:15:00,1842.12,,no_room,,,,2022-06-13 20:15:00
-1,2022-06-13 15:20:00,1824.818,,no_room,,,,2022-06-13 22:20:00
-1,2022-06-14 13:30:00,1819.008,,no_room,,,,2022-06-14 20:30:00
-1,2022-06-14 15:35:00,1812.554,,no_room,,,,2022-06-14 22:35:00
1,2022-06-15 07:30:00,1822.718,,no_room,,,,2022-06-15 14:30:00
1,2022-06-15 09:05:00,1822.858,,no_room,,,,2022-06-15 16:05:00
1,2022-06-15 09:40:00,1824.188,,no_room,,,,2022-06-15 16:40:00
1,2022-06-15 10:40:00,1826.178,,sl_too_tight,,,,2022-06-15 17:40:00
1,2022-06-15 11:15:00,1827.508,,no_room,,,,2022-06-15 18:15:00
1,2022-06-15 12:45:00,1835.378,,no_room,,,,2022-06-15 19:45:00
-1,2022-06-16 07:10:00,1828.128,,no_room,,,,2022-06-16 14:10:00
1,2022-06-16 09:10:00,1833.408,,no_room,,,,2022-06-16 16:10:00
-1,2022-06-16 14:10:00,1826.178,,no_room,,,,2022-06-16 21:10:00
1,2022-06-17 07:30:00,1847.078,,no_room,,,,2022-06-17 14:30:00
1,2022-06-17 08:10:00,1849.908,,no_room,,,,2022-06-17 15:10:00
1,2022-06-17 09:05:00,1850.598,,sl_too_tight,,,,2022-06-17 16:05:00
1,2022-06-17 11:50:00,1847.253,,sl_too_tight,,,,2022-06-17 18:50:00
1,2022-06-17 12:30:00,1848.518,,no_room,,,,2022-06-17 19:30:00
1,2022-06-20 09:00:00,1841.053,,sl_too_tight,,,,2022-06-20 16:00:00
-1,2022-06-20 11:25:00,1837.884,,sl_too_tight,,,,2022-06-20 18:25:00
-1,2022-06-21 10:20:00,1834.298,,no_room,,,,2022-06-21 17:20:00
-1,2022-06-21 10:55:00,1833.588,,no_room,,,,2022-06-21 17:55:00
-1,2022-06-21 11:45:00,1831.748,,no_room,,,,2022-06-21 18:45:00
-1,2022-06-21 13:25:00,1835.818,,no_room,,,,2022-06-21 20:25:00
1,2022-06-22 12:40:00,1841.963,,no_room,,,,2022-06-22 19:40:00
1,2022-06-23 07:40:00,1835.473,,sl_too_tight,,,,2022-06-23 14:40:00
-1,2022-06-23 09:30:00,1832.148,,no_room,,,,2022-06-23 16:30:00
-1,2022-06-23 11:00:00,1828.138,,sl_too_tight,,,,2022-06-23 18:00:00
1,2022-06-23 13:45:00,1838.783,,no_room,,,,2022-06-23 20:45:00
1,2022-06-24 09:20:00,1827.163,,sl_too_tight,,,,2022-06-24 16:20:00
1,2022-06-24 09:45:00,1827.408,,sl_too_tight,,,,2022-06-24 16:45:00
1,2022-06-24 13:10:00,1825.286,,no_room,,,,2022-06-24 20:10:00
1,2022-06-24 15:00:00,1828.498,,no_room,,,,2022-06-24 22:00:00
1,2022-06-27 10:35:00,1838.998,,sl_too_tight,,,,2022-06-27 17:35:00
-1,2022-06-27 14:00:00,1827.318,,no_room,,,,2022-06-27 21:00:00
-1,2022-06-27 14:35:00,1825.728,,no_room,,,,2022-06-27 21:35:00
-1,2022-06-28 13:45:00,1821.098,,no_room,,,,2022-06-28 20:45:00
1,2022-06-29 11:25:00,1826.763,,no_room,,,,2022-06-29 18:25:00
1,2022-06-29 12:30:00,1827.248,,no_room,,,,2022-06-29 19:30:00
1,2022-06-29 15:45:00,1817.408,,sl_too_tight,,,,2022-06-29 22:45:00
-1,2022-06-30 09:40:00,1812.288,,no_room,,,,2022-06-30 16:40:00
-1,2022-06-30 10:25:00,1810.926,,no_room,,,,2022-06-30 17:25:00
-1,2022-06-30 11:35:00,1809.198,,no_room,,,,2022-06-30 18:35:00
-1,2022-07-01 07:05:00,1796.068,,no_room,,,,2022-07-01 14:05:00
-1,2022-07-01 10:00:00,1794.612,,sl_too_tight,,,,2022-07-01 17:00:00
-1,2022-07-01 11:30:00,1789.384,,no_room,,,,2022-07-01 18:30:00
-1,2022-07-01 12:15:00,1785.008,,no_room,,,,2022-07-01 19:15:00
1,2022-07-01 14:10:00,1798.396,,no_room,,,,2022-07-01 21:10:00
1,2022-07-01 15:05:00,1804.089,,no_room,,,,2022-07-01 22:05:00
-1,2022-07-05 10:50:00,1801.684,,sl_too_tight,,,,2022-07-05 17:50:00
-1,2022-07-05 11:40:00,1798.374,,no_room,,,,2022-07-05 18:40:00
-1,2022-07-05 13:05:00,1798.134,,no_room,,,,2022-07-05 20:05:00
-1,2022-07-05 15:25:00,1766.658,,no_room,,,,2022-07-05 22:25:00
-1,2022-07-06 08:35:00,1767.204,,no_room,,,,2022-07-06 15:35:00
-1,2022-07-06 09:50:00,1764.258,,no_room,,,,2022-07-06 16:50:00
-1,2022-07-06 12:25:00,1760.308,,sl_too_tight,,,,2022-07-06 19:25:00
-1,2022-07-06 13:50:00,1759.438,,no_room,,,,2022-07-06 20:50:00
-1,2022-07-06 14:40:00,1751.428,,no_room,,,,2022-07-06 21:40:00
-1,2022-07-06 15:50:00,1736.498,,no_room,,,,2022-07-06 22:50:00
1,2022-07-07 09:30:00,1743.964,,no_room,,,,2022-07-07 16:30:00
1,2022-07-07 11:05:00,1744.443,,no_room,,,,2022-07-07 18:05:00
1,2022-07-07 12:15:00,1745.104,,sl_too_tight,,,,2022-07-07 19:15:00
1,2022-07-08 12:10:00,1742.978,,no_room,,,,2022-07-08 19:10:00
1,2022-07-08 14:30:00,1744.398,,no_room,,,,2022-07-08 21:30:00
-1,2022-07-11 09:30:00,1736.832,,no_room,,,,2022-07-11 16:30:00
-1,2022-07-11 10:50:00,1735.058,,no_room,,,,2022-07-11 17:50:00
-1,2022-07-11 11:35:00,1734.9,,no_room,,,,2022-07-11 18:35:00
1,2022-07-12 07:30:00,1735.894,,no_room,,,,2022-07-12 14:30:00
1,2022-07-12 08:35:00,1737.924,,no_room,,,,2022-07-12 15:35:00
-1,2022-07-12 12:20:00,1734.328,,no_room,,,,2022-07-12 19:20:00
-1,2022-07-12 12:45:00,1731.364,,no_room,,,,2022-07-12 19:45:00
-1,2022-07-12 13:15:00,1730.718,,no_room,,,,2022-07-12 20:15:00
1,2022-07-13 07:50:00,1727.124,,no_room,,,,2022-07-13 14:50:00
1,2022-07-13 08:55:00,1726.964,,sl_too_tight,,,,2022-07-13 15:55:00
1,2022-07-13 10:35:00,1729.197,,sl_too_tight,,,,2022-07-13 17:35:00
-1,2022-07-14 08:15:00,1716.768,,no_room,,,,2022-07-14 15:15:00
-1,2022-07-14 09:30:00,1715.286,,sl_too_tight,,,,2022-07-14 16:30:00
-1,2022-07-14 10:50:00,1712.598,,sl_too_tight,,,,2022-07-14 17:50:00
-1,2022-07-14 12:55:00,1709.668,,no_room,,,,2022-07-14 19:55:00
-1,2022-07-14 13:30:00,1704.544,,no_room,,,,2022-07-14 20:30:00
-1,2022-07-15 08:05:00,1702.818,,sl_too_tight,,,,2022-07-15 15:05:00
-1,2022-07-15 10:05:00,1702.078,,no_room,,,,2022-07-15 17:05:00
1,2022-07-15 12:35:00,1707.807,,no_room,,,,2022-07-15 19:35:00
1,2022-07-15 13:10:00,1710.718,,no_room,,,,2022-07-15 20:10:00
1,2022-07-15 15:05:00,1705.984,,no_room,,,,2022-07-15 22:05:00
1,2022-07-15 15:25:00,1706.298,,no_room,,,,2022-07-15 22:25:00
1,2022-07-18 09:10:00,1719.764,,sl_too_tight,,,,2022-07-18 16:10:00
1,2022-07-18 12:55:00,1715.28,,no_room,,,,2022-07-18 19:55:00
1,2022-07-18 13:25:00,1717.514,,no_room,,,,2022-07-18 20:25:00
1,2022-07-19 15:25:00,1714.311,,no_room,,,,2022-07-19 22:25:00
1,2022-07-20 12:20:00,1708.791,,sl_too_tight,,,,2022-07-20 19:20:00
1,2022-07-20 13:25:00,1711.186,,no_room,,,,2022-07-20 20:25:00
-1,2022-07-21 08:55:00,1685.108,,no_room,,,,2022-07-21 15:55:00
-1,2022-07-21 10:40:00,1682.268,,no_room,,,,2022-07-21 17:40:00
-1,2022-07-21 11:35:00,1681.688,,sl_too_tight,,,,2022-07-21 18:35:00
1,2022-07-21 14:55:00,1709.568,,no_room,,,,2022-07-21 21:55:00
1,2022-07-22 09:20:00,1719.668,,sl_too_tight,,,,2022-07-22 16:20:00
1,2022-07-22 11:25:00,1724.568,,sl_too_tight,,,,2022-07-22 18:25:00
1,2022-07-22 13:40:00,1727.008,,no_room,,,,2022-07-22 20:40:00
1,2022-07-25 09:10:00,1730.174,,sl_too_tight,,,,2022-07-25 16:10:00
1,2022-07-25 09:55:00,1733.589,,no_room,,,,2022-07-25 16:55:00
-1,2022-07-25 13:35:00,1721.978,,no_room,,,,2022-07-25 20:35:00
-1,2022-07-25 14:00:00,1719.098,,no_room,,,,2022-07-25 21:00:00
-1,2022-07-25 14:40:00,1717.148,,no_room,,,,2022-07-25 21:40:00
-1,2022-07-26 11:15:00,1717.298,,sl_too_tight,,,,2022-07-26 18:15:00
-1,2022-07-26 12:20:00,1716.588,,sl_too_tight,,,,2022-07-26 19:20:00
-1,2022-07-26 14:45:00,1717.969,,no_room,,,,2022-07-26 21:45:00
1,2022-07-27 08:10:00,1721.794,,no_room,,,,2022-07-27 15:10:00
-1,2022-07-27 12:55:00,1718.031,,no_room,,,,2022-07-27 19:55:00
-1,2022-07-27 13:40:00,1715.324,,no_room,,,,2022-07-27 20:40:00
1,2022-07-28 08:05:00,1744.605,,no_room,,,,2022-07-28 15:05:00
1,2022-07-28 11:50:00,1740.36,,sl_too_tight,,,,2022-07-28 18:50:00
1,2022-07-28 12:30:00,1741.695,,no_room,,,,2022-07-28 19:30:00
1,2022-07-28 13:20:00,1749.767,,no_room,,,,2022-07-28 20:20:00
1,2022-07-28 14:50:00,1754.764,,no_room,,,,2022-07-28 21:50:00
1,2022-07-29 10:40:00,1761.954,,sl_too_tight,,,,2022-07-29 17:40:00
1,2022-07-29 13:25:00,1758.514,,no_room,,,,2022-07-29 20:25:00
1,2022-07-29 15:45:00,1765.784,,no_room,,,,2022-07-29 22:45:00
1,2022-08-01 09:35:00,1766.985,,sl_too_tight,,,,2022-08-01 16:35:00
1,2022-08-01 12:15:00,1773.304,,sl_too_tight,,,,2022-08-01 19:15:00
1,2022-08-02 12:20:00,1779.674,,sl_too_tight,,,,2022-08-02 19:20:00
-1,2022-08-03 08:30:00,1765.738,,sl_too_tight,,,,2022-08-03 15:30:00
-1,2022-08-03 10:05:00,1764.828,,sl_too_tight,,,,2022-08-03 17:05:00
1,2022-08-04 08:50:00,1775.262,,sl_too_tight,,,,2022-08-04 15:50:00
1,2022-08-04 11:50:00,1783.314,,no_room,,,,2022-08-04 18:50:00
1,2022-08-04 14:05:00,1784.38,,no_room,,,,2022-08-04 21:05:00
1,2022-08-04 15:20:00,1787.614,,no_room,,,,2022-08-04 22:20:00
-1,2022-08-05 09:35:00,1786.19,,sl_too_tight,,,,2022-08-05 16:35:00
-1,2022-08-05 10:40:00,1785.038,,no_room,,,,2022-08-05 17:40:00
-1,2022-08-05 15:25:00,1775.064,,no_room,,,,2022-08-05 22:25:00
-1,2022-08-05 15:45:00,1774.177,,no_room,,,,2022-08-05 22:45:00
1,2022-08-08 13:45:00,1782.958,,sl_too_tight,,,,2022-08-08 20:45:00
1,2022-08-09 10:10:00,1792.078,,no_room,,,,2022-08-09 17:10:00
1,2022-08-09 12:35:00,1792.596,,no_room,,,,2022-08-09 19:35:00
1,2022-08-09 13:30:00,1798.109,,no_room,,,,2022-08-09 20:30:00
1,2022-08-10 14:30:00,1798.428,,no_room,,,,2022-08-10 21:30:00
1,2022-08-11 08:55:00,1788.098,,sl_too_tight,,,,2022-08-11 15:55:00
1,2022-08-11 09:55:00,1790.044,,sl_too_tight,,,,2022-08-11 16:55:00
-1,2022-08-12 08:30:00,1787.208,,sl_too_tight,,,,2022-08-12 15:30:00
-1,2022-08-12 10:05:00,1786.678,,sl_too_tight,,,,2022-08-12 17:05:00
-1,2022-08-12 11:40:00,1784.968,,no_room,,,,2022-08-12 18:40:00
1,2022-08-12 13:45:00,1795.564,,no_room,,,,2022-08-12 20:45:00
-1,2022-08-15 09:30:00,1781.728,,sl_too_tight,,,,2022-08-15 16:30:00
-1,2022-08-15 11:30:00,1774.708,,no_room,,,,2022-08-15 18:30:00
-1,2022-08-16 10:25:00,1774.838,,sl_too_tight,,,,2022-08-16 17:25:00
-1,2022-08-16 12:20:00,1775.174,,sl_too_tight,,,,2022-08-16 19:20:00
-1,2022-08-16 15:15:00,1775.788,,sl_too_tight,,,,2022-08-16 22:15:00
-1,2022-08-17 10:25:00,1772.494,,sl_too_tight,,,,2022-08-17 17:25:00
-1,2022-08-17 12:15:00,1767.628,,no_room,,,,2022-08-17 19:15:00
-1,2022-08-17 13:35:00,1768.484,,no_room,,,,2022-08-17 20:35:00
-1,2022-08-17 14:50:00,1766.294,,no_room,,,,2022-08-17 21:50:00
-1,2022-08-17 15:40:00,1761.888,,no_room,,,,2022-08-17 22:40:00
-1,2022-08-18 15:40:00,1760.528,,no_room,,,,2022-08-18 22:40:00
-1,2022-08-22 08:45:00,1734.188,,no_room,,,,2022-08-22 15:45:00
-1,2022-08-22 09:30:00,1732.328,,sl_too_tight,,,,2022-08-22 16:30:00
-1,2022-08-22 10:55:00,1734.598,,no_room,,,,2022-08-22 17:55:00
-1,2022-08-22 11:30:00,1733.331,,sl_too_tight,,,,2022-08-22 18:30:00
-1,2022-08-22 12:00:00,1730.604,,no_room,,,,2022-08-22 19:00:00
-1,2022-08-22 15:25:00,1735.198,,no_room,,,,2022-08-22 22:25:00
1,2022-08-23 11:45:00,1737.888,,no_room,,,,2022-08-23 18:45:00
1,2022-08-24 12:00:00,1745.674,,no_room,,,,2022-08-24 19:00:00
1,2022-08-24 13:50:00,1745.598,,sl_too_tight,,,,2022-08-24 20:50:00
1,2022-08-24 14:10:00,1746.894,,no_room,,,,2022-08-24 21:10:00
1,2022-08-24 14:50:00,1750.978,,no_room,,,,2022-08-24 21:50:00
-1,2022-08-25 13:35:00,1756.828,,no_room,,,,2022-08-25 20:35:00
-1,2022-08-25 15:45:00,1754.738,,no_room,,,,2022-08-25 22:45:00
-1,2022-08-26 09:35:00,1750.558,,sl_too_tight,,,,2022-08-26 16:35:00
-1,2022-08-26 14:50:00,1741.318,,no_room,,,,2022-08-26 21:50:00
1,2022-08-29 12:20:00,1729.364,,no_room,,,,2022-08-29 19:20:00
1,2022-08-29 13:45:00,1739.988,,no_room,,,,2022-08-29 20:45:00
-1,2022-08-30 11:35:00,1732.808,,sl_too_tight,,,,2022-08-30 18:35:00
-1,2022-08-30 12:45:00,1730.308,,no_room,,,,2022-08-30 19:45:00
-1,2022-08-30 14:15:00,1727.994,,no_room,,,,2022-08-30 21:15:00
-1,2022-08-31 09:45:00,1711.298,,no_room,,,,2022-08-31 16:45:00
1,2022-08-31 14:20:00,1718.204,,no_room,,,,2022-08-31 21:20:00
-1,2022-09-01 10:35:00,1700.458,,no_room,,,,2022-09-01 17:35:00
-1,2022-09-01 12:00:00,1700.988,,sl_too_tight,,,,2022-09-01 19:00:00
-1,2022-09-01 12:35:00,1700.014,,no_room,,,,2022-09-01 19:35:00
-1,2022-09-01 14:00:00,1694.528,,no_room,,,,2022-09-01 21:00:00
-1,2022-09-01 14:40:00,1690.824,,no_room,,,,2022-09-01 21:40:00
1,2022-09-02 13:20:00,1710.138,,no_room,,,,2022-09-02 20:20:00
1,2022-09-02 14:00:00,1712.598,,no_room,,,,2022-09-02 21:00:00
1,2022-09-02 14:35:00,1713.844,,no_room,,,,2022-09-02 21:35:00
-1,2022-09-06 08:45:00,1713.523,,no_room,,,,2022-09-06 15:45:00
-1,2022-09-06 09:00:00,1712.758,,no_room,,,,2022-09-06 16:00:00
-1,2022-09-06 14:00:00,1705.748,,no_room,,,,2022-09-06 21:00:00
-1,2022-09-06 15:35:00,1702.638,,no_room,,,,2022-09-06 22:35:00
1,2022-09-07 09:15:00,1705.384,,no_room,,,,2022-09-07 16:15:00
1,2022-09-07 09:45:00,1705.808,,no_room,,,,2022-09-07 16:45:00
1,2022-09-07 14:15:00,1704.114,,no_room,,,,2022-09-07 21:15:00
1,2022-09-08 09:05:00,1719.454,,no_room,,,,2022-09-08 16:05:00
1,2022-09-08 09:45:00,1720.458,,no_room,,,,2022-09-08 16:45:00
1,2022-09-08 10:20:00,1721.258,,sl_too_tight,,,,2022-09-08 17:20:00
1,2022-09-08 11:35:00,1725.194,,no_room,,,,2022-09-08 18:35:00
-1,2022-09-08 14:00:00,1710.944,,no_room,,,,2022-09-08 21:00:00
-1,2022-09-08 15:40:00,1706.45,,sl_too_tight,,,,2022-09-08 22:40:00
-1,2022-09-09 12:25:00,1719.654,,no_room,,,,2022-09-09 19:25:00
1,2022-09-12 08:55:00,1725.734,,no_room,,,,2022-09-12 15:55:00
1,2022-09-12 11:00:00,1727.378,,no_room,,,,2022-09-12 18:00:00
1,2022-09-12 11:35:00,1728.485,,no_room,,,,2022-09-12 18:35:00
1,2022-09-12 14:55:00,1729.978,,no_room,,,,2022-09-12 21:55:00
1,2022-09-12 15:25:00,1730.784,,sl_too_tight,,,,2022-09-12 22:25:00
1,2022-09-13 10:50:00,1727.678,,no_room,,,,2022-09-13 17:50:00
1,2022-09-13 11:30:00,1729.938,,no_room,,,,2022-09-13 18:30:00
-1,2022-09-13 15:40:00,1704.134,,no_room,,,,2022-09-13 22:40:00
-1,2022-09-14 14:00:00,1702.844,,no_room,,,,2022-09-14 21:00:00
-1,2022-09-15 08:45:00,1686.818,,no_room,,,,2022-09-15 15:45:00
-1,2022-09-15 12:20:00,1684.008,,no_room,,,,2022-09-15 19:20:00
-1,2022-09-15 13:35:00,1681.968,,no_room,,,,2022-09-15 20:35:00
-1,2022-09-15 14:45:00,1680.298,,no_room,,,,2022-09-15 21:45:00
1,2022-09-16 11:40:00,1667.005,,no_room,,,,2022-09-16 18:40:00
1,2022-09-16 13:50:00,1660.948,,no_room,,,,2022-09-16 20:50:00
-1,2022-09-19 11:25:00,1662.008,,no_room,,,,2022-09-19 18:25:00
-1,2022-09-19 13:20:00,1664.518,,sl_too_tight,,,,2022-09-19 20:20:00
-1,2022-09-20 07:40:00,1672.586,,no_room,,,,2022-09-20 14:40:00
-1,2022-09-20 09:40:00,1667.928,,sl_too_tight,,,,2022-09-20 16:40:00
-1,2022-09-20 12:25:00,1666.328,,no_room,,,,2022-09-20 19:25:00
-1,2022-09-20 13:25:00,1665.125,,no_room,,,,2022-09-20 20:25:00
1,2022-09-21 09:05:00,1671.725,,sl_too_tight,,,,2022-09-21 16:05:00
1,2022-09-21 09:45:00,1674.048,,no_room,,,,2022-09-21 16:45:00
1,2022-09-21 10:10:00,1674.815,,sl_too_tight,,,,2022-09-21 17:10:00
-1,2022-09-22 07:00:00,1658.293,,no_room,,,,2022-09-22 14:00:00
1,2022-09-22 11:35:00,1669.81,,no_room,,,,2022-09-22 18:35:00
-1,2022-09-23 07:40:00,1666.77,,no_room,,,,2022-09-23 14:40:00
-1,2022-09-23 08:05:00,1666.236,,no_room,,,,2022-09-23 15:05:00
-1,2022-09-23 09:30:00,1660.665,,sl_too_tight,,,,2022-09-23 16:30:00
-1,2022-09-23 10:45:00,1652.524,,no_room,,,,2022-09-23 17:45:00
1,2022-09-26 12:00:00,1641.206,,no_room,,,,2022-09-26 19:00:00
1,2022-09-26 12:45:00,1644.384,,no_room,,,,2022-09-26 19:45:00
1,2022-09-26 14:20:00,1647.598,,no_room,,,,2022-09-26 21:20:00
1,2022-09-27 10:10:00,1634.785,,sl_too_tight,,,,2022-09-27 17:10:00
1,2022-09-27 11:15:00,1638.025,,no_room,,,,2022-09-27 18:15:00
1,2022-09-27 13:50:00,1638.488,,no_room,,,,2022-09-27 20:50:00
-1,2022-09-28 07:10:00,1619.915,,no_room,,,,2022-09-28 14:10:00
1,2022-09-28 12:15:00,1629.075,,no_room,,,,2022-09-28 19:15:00
1,2022-09-28 13:15:00,1638.228,,no_room,,,,2022-09-28 20:15:00
1,2022-09-28 15:00:00,1652.734,,no_room,,,,2022-09-28 22:00:00
1,2022-09-28 15:50:00,1655.815,,no_room,,,,2022-09-28 22:50:00
1,2022-09-29 12:15:00,1652.15,,no_room,,,,2022-09-29 19:15:00
1,2022-09-29 13:15:00,1656.04,,no_room,,,,2022-09-29 20:15:00
1,2022-09-29 15:05:00,1655.436,,no_room,,,,2022-09-29 22:05:00
1,2022-09-29 15:45:00,1660.025,,no_room,,,,2022-09-29 22:45:00
1,2022-09-30 12:20:00,1665.868,,sl_too_tight,,,,2022-09-30 19:20:00
1,2022-09-30 13:45:00,1669.365,,no_room,,,,2022-09-30 20:45:00
1,2022-09-30 14:30:00,1672.845,,no_room,,,,2022-09-30 21:30:00
-1,2022-10-03 09:40:00,1661.036,,no_room,,,,2022-10-03 16:40:00
1,2022-10-03 13:15:00,1669.955,,no_room,,,,2022-10-03 20:15:00
1,2022-10-03 14:05:00,1674.578,,no_room,,,,2022-10-03 21:05:00
1,2022-10-03 15:05:00,1691.148,,no_room,,,,2022-10-03 22:05:00
1,2022-10-04 07:05:00,1706.728,,no_room,,,,2022-10-04 14:05:00
1,2022-10-04 10:20:00,1709.834,,sl_too_tight,,,,2022-10-04 17:20:00
1,2022-10-04 14:00:00,1713.858,,no_room,,,,2022-10-04 21:00:00
1,2022-10-04 14:35:00,1717.537,,no_room,,,,2022-10-04 21:35:00
1,2022-10-04 15:05:00,1722.647,,no_room,,,,2022-10-04 22:05:00
-1,2022-10-05 09:45:00,1709.744,,no_room,,,,2022-10-05 16:45:00
-1,2022-10-05 11:35:00,1707.648,,no_room,,,,2022-10-05 18:35:00
-1,2022-10-06 08:10:00,1722.542,,no_room,,,,2022-10-06 15:10:00
-1,2022-10-06 09:55:00,1714.944,,sl_too_tight,,,,2022-10-06 16:55:00
-1,2022-10-06 10:25:00,1714.508,,sl_too_tight,,,,2022-10-06 17:25:00
-1,2022-10-06 10:45:00,1713.842,,sl_too_tight,,,,2022-10-06 17:45:00
-1,2022-10-06 11:20:00,1712.717,,no_room,,,,2022-10-06 18:20:00
-1,2022-10-06 14:15:00,1710.908,,no_room,,,,2022-10-06 21:15:00
-1,2022-10-06 15:55:00,1708.158,,no_room,,,,2022-10-06 22:55:00
-1,2022-10-07 11:25:00,1707.954,,sl_too_tight,,,,2022-10-07 18:25:00
-1,2022-10-07 12:40:00,1707.162,,no_room,,,,2022-10-07 19:40:00
-1,2022-10-10 07:40:00,1684.848,,no_room,,,,2022-10-10 14:40:00
-1,2022-10-10 09:20:00,1679.924,,no_room,,,,2022-10-10 16:20:00
-1,2022-10-10 10:50:00,1677.918,,sl_too_tight,,,,2022-10-10 17:50:00
-1,2022-10-10 11:40:00,1677.435,,no_room,,,,2022-10-10 18:40:00
-1,2022-10-10 13:20:00,1675.248,,no_room,,,,2022-10-10 20:20:00
-1,2022-10-10 14:35:00,1671.998,,no_room,,,,2022-10-10 21:35:00
-1,2022-10-11 07:10:00,1665.708,,no_room,,,,2022-10-11 14:10:00
-1,2022-10-11 09:25:00,1664.228,,sl_too_tight,,,,2022-10-11 16:25:00
1,2022-10-11 12:00:00,1670.225,,no_room,,,,2022-10-11 19:00:00
1,2022-10-11 15:30:00,1672.575,,no_room,,,,2022-10-11 22:30:00
1,2022-10-11 15:55:00,1680.698,,no_room,,,,2022-10-11 22:55:00
1,2022-10-12 08:25:00,1672.008,,no_room,,,,2022-10-12 15:25:00
-1,2022-10-12 12:05:00,1667.698,,no_room,,,,2022-10-12 19:05:00
1,2022-10-13 11:30:00,1675.778,,sl_too_tight,,,,2022-10-13 18:30:00
-1,2022-10-13 13:40:00,1644.688,,no_room,,,,2022-10-13 20:40:00
-1,2022-10-14 08:15:00,1663.495,,no_room,,,,2022-10-14 15:15:00
-1,2022-10-14 08:50:00,1660.998,,sl_too_tight,,,,2022-10-14 15:50:00
-1,2022-10-14 11:50:00,1655.775,,no_room,,,,2022-10-14 18:50:00
-1,2022-10-14 13:40:00,1651.648,,no_room,,,,2022-10-14 20:40:00
-1,2022-10-14 15:15:00,1645.638,,no_room,,,,2022-10-14 22:15:00
-1,2022-10-14 15:55:00,1644.788,,no_room,,,,2022-10-14 22:55:00
1,2022-10-17 07:45:00,1653.998,,no_room,,,,2022-10-17 14:45:00
1,2022-10-17 10:05:00,1657.918,,sl_too_tight,,,,2022-10-17 17:05:00
1,2022-10-17 12:15:00,1658.438,,sl_too_tight,,,,2022-10-17 19:15:00
1,2022-10-17 12:40:00,1665.908,,no_room,,,,2022-10-17 19:40:00
1,2022-10-18 07:55:00,1655.998,,no_room,,,,2022-10-18 14:55:00
-1,2022-10-18 13:50:00,1653.388,,no_room,,,,2022-10-18 20:50:00
-1,2022-10-18 14:20:00,1651.448,,no_room,,,,2022-10-18 21:20:00
-1,2022-10-18 15:20:00,1648.448,,no_room,,,,2022-10-18 22:20:00
-1,2022-10-19 10:20:00,1638.988,,no_room,,,,2022-10-19 17:20:00
-1,2022-10-19 13:45:00,1632.508,,no_room,,,,2022-10-19 20:45:00
-1,2022-10-19 15:20:00,1632.878,,no_room,,,,2022-10-19 22:20:00
-1,2022-10-19 15:55:00,1630.628,,no_room,,,,2022-10-19 22:55:00
1,2022-10-20 07:50:00,1630.588,,no_room,,,,2022-10-20 14:50:00
1,2022-10-20 09:40:00,1633.417,,no_room,,,,2022-10-20 16:40:00
1,2022-10-20 10:40:00,1635.837,,no_room,,,,2022-10-20 17:40:00
1,2022-10-20 14:15:00,1639.918,,no_room,,,,2022-10-20 21:15:00
1,2022-10-20 14:50:00,1642.558,,no_room,,,,2022-10-20 21:50:00
-1,2022-10-21 07:05:00,1619.678,,no_room,,,,2022-10-21 14:05:00
1,2022-10-21 09:45:00,1624.608,,no_room,,,,2022-10-21 16:45:00
1,2022-10-21 12:55:00,1627.898,,no_room,,,,2022-10-21 19:55:00
1,2022-10-21 13:35:00,1635.678,,no_room,,,,2022-10-21 20:35:00
1,2022-10-21 15:20:00,1643.698,,no_room,,,,2022-10-21 22:20:00
1,2022-10-21 15:45:00,1646.997,,no_room,,,,2022-10-21 22:45:00
-1,2022-10-24 07:15:00,1653.548,,no_room,,,,2022-10-24 14:15:00
-1,2022-10-24 08:10:00,1648.688,,no_room,,,,2022-10-24 15:10:00
-1,2022-10-24 10:45:00,1647.798,,sl_too_tight,,,,2022-10-24 17:45:00
-1,2022-10-24 13:40:00,1646.797,,no_room,,,,2022-10-24 20:40:00
-1,2022-10-25 08:55:00,1644.278,,sl_too_tight,,,,2022-10-25 15:55:00
-1,2022-10-25 09:35:00,1641.958,,no_room,,,,2022-10-25 16:35:00
-1,2022-10-25 10:15:00,1638.998,,no_room,,,,2022-10-25 17:15:00
1,2022-10-25 13:10:00,1644.928,,no_room,,,,2022-10-25 20:10:00
1,2022-10-25 15:30:00,1656.878,,sl_too_tight,,,,2022-10-25 22:30:00
1,2022-10-26 07:25:00,1667.798,,no_room,,,,2022-10-26 14:25:00
1,2022-10-26 09:00:00,1673.347,,no_room,,,,2022-10-26 16:00:00
1,2022-10-26 11:15:00,1670.548,,sl_too_tight,,,,2022-10-26 18:15:00
-1,2022-10-27 10:40:00,1660.988,,sl_too_tight,,,,2022-10-27 17:40:00
-1,2022-10-28 08:00:00,1651.308,,sl_too_tight,,,,2022-10-28 15:00:00
-1,2022-10-28 12:25:00,1647.588,,no_room,,,,2022-10-28 19:25:00
-1,2022-10-28 14:20:00,1642.118,,no_room,,,,2022-10-28 21:20:00
-1,2022-10-28 15:15:00,1640.528,,no_room,,,,2022-10-28 22:15:00
-1,2022-10-31 11:50:00,1640.108,,sl_too_tight,,,,2022-10-31 18:50:00
-1,2022-10-31 12:25:00,1638.118,,no_room,,,,2022-10-31 19:25:00
-1,2022-10-31 13:20:00,1635.528,,no_room,,,,2022-10-31 20:20:00
-1,2022-10-31 15:10:00,1638.637,,no_room,,,,2022-10-31 22:10:00
1,2022-11-01 09:35:00,1648.137,,sl_too_tight,,,,2022-11-01 16:35:00
1,2022-11-01 11:05:00,1652.677,,sl_too_tight,,,,2022-11-01 18:05:00
1,2022-11-01 11:25:00,1653.658,,no_room,,,,2022-11-01 18:25:00
1,2022-11-01 12:15:00,1655.187,,no_room,,,,2022-11-01 19:15:00
-1,2022-11-03 08:20:00,1626.498,,no_room,,,,2022-11-03 15:20:00
-1,2022-11-03 09:10:00,1624.497,,no_room,,,,2022-11-03 16:10:00
-1,2022-11-03 11:20:00,1620.058,,sl_too_tight,,,,2022-11-03 18:20:00
1,2022-11-03 14:25:00,1624.817,,no_room,,,,2022-11-03 21:25:00
1,2022-11-03 14:45:00,1626.618,,no_room,,,,2022-11-03 21:45:00
1,2022-11-04 09:15:00,1649.518,,sl_too_tight,,,,2022-11-04 16:15:00
1,2022-11-04 11:15:00,1652.257,,no_room,,,,2022-11-04 18:15:00
1,2022-11-04 12:35:00,1651.988,,sl_too_tight,,,,2022-11-04 19:35:00
1,2022-11-04 13:55:00,1666.948,,no_room,,,,2022-11-04 20:55:00
1,2022-11-07 14:00:00,1678.108,,no_room,,,,2022-11-07 21:00:00
-1,2022-11-08 08:45:00,1667.978,,no_room,,,,2022-11-08 15:45:00
1,2022-11-08 11:10:00,1671.477,,sl_too_tight,,,,2022-11-08 18:10:00
1,2022-11-08 14:25:00,1675.068,,sl_too_tight,,,,2022-11-08 21:25:00
-1,2022-11-09 12:20:00,1707.658,,sl_too_tight,,,,2022-11-09 19:20:00
-1,2022-11-09 13:10:00,1706.858,,no_room,,,,2022-11-09 20:10:00
1,2022-11-10 14:10:00,1736.958,,no_room,,,,2022-11-10 21:10:00
1,2022-11-10 14:45:00,1742.077,,no_room,,,,2022-11-10 21:45:00
1,2022-11-11 08:45:00,1762.787,,no_room,,,,2022-11-11 15:45:00
1,2022-11-11 13:20:00,1761.808,,no_room,,,,2022-11-11 20:20:00
-1,2022-11-14 09:55:00,1757.968,,sl_too_tight,,,,2022-11-14 16:55:00
-1,2022-11-14 11:40:00,1754.158,,no_room,,,,2022-11-14 18:40:00
1,2022-11-15 13:05:00,1776.318,,sl_too_tight,,,,2022-11-15 20:05:00
1,2022-11-15 13:30:00,1778.098,,no_room,,,,2022-11-15 20:30:00
1,2022-11-16 08:55:00,1778.578,,no_room,,,,2022-11-16 15:55:00
1,2022-11-16 09:45:00,1781.998,,sl_too_tight,,,,2022-11-16 16:45:00
1,2022-11-16 15:30:00,1775.598,,no_room,,,,2022-11-16 22:30:00
-1,2022-11-17 09:30:00,1766.378,,no_room,,,,2022-11-17 16:30:00
-1,2022-11-17 10:45:00,1763.177,,sl_too_tight,,,,2022-11-17 17:45:00
-1,2022-11-17 13:00:00,1761.757,,no_room,,,,2022-11-17 20:00:00
-1,2022-11-17 13:55:00,1756.498,,no_room,,,,2022-11-17 20:55:00
1,2022-11-18 10:45:00,1764.828,,sl_too_tight,,,,2022-11-18 17:45:00
-1,2022-11-18 14:25:00,1757.977,,no_room,,,,2022-11-18 21:25:00
-1,2022-11-21 09:05:00,1740.488,,sl_too_tight,,,,2022-11-21 16:05:00
-1,2022-11-21 09:40:00,1738.998,,no_room,,,,2022-11-21 16:40:00
1,2022-11-22 11:25:00,1747.958,,sl_too_tight,,,,2022-11-22 18:25:00
-1,2022-11-22 15:45:00,1742.137,,sl_too_tight,,,,2022-11-22 22:45:00
1,2022-11-23 11:05:00,1737.128,,sl_too_tight,,,,2022-11-23 18:05:00
1,2022-11-23 11:25:00,1737.947,,no_room,,,,2022-11-23 18:25:00
1,2022-11-23 11:45:00,1738.348,,sl_too_tight,,,,2022-11-23 18:45:00
1,2022-11-28 08:15:00,1753.978,,no_room,,,,2022-11-28 15:15:00
1,2022-11-28 10:40:00,1762.718,,sl_too_tight,,,,2022-11-28 17:40:00
-1,2022-11-28 14:40:00,1748.347,,no_room,,,,2022-11-28 21:40:00
-1,2022-11-28 15:50:00,1744.907,,no_room,,,,2022-11-28 22:50:00
-1,2022-11-29 14:20:00,1749.888,,no_room,,,,2022-11-29 21:20:00
1,2022-11-30 11:45:00,1761.078,,no_room,,,,2022-11-30 18:45:00
-1,2022-11-30 15:00:00,1753.957,,no_room,,,,2022-11-30 22:00:00
1,2022-12-01 08:40:00,1777.898,,no_room,,,,2022-12-01 15:40:00
1,2022-12-01 10:00:00,1778.298,,sl_too_tight,,,,2022-12-01 17:00:00
1,2022-12-01 11:25:00,1779.898,,no_room,,,,2022-12-01 18:25:00
1,2022-12-01 13:25:00,1787.048,,no_room,,,,2022-12-01 20:25:00
-1,2022-12-05 13:40:00,1793.707,,no_room,,,,2022-12-05 20:40:00
-1,2022-12-05 14:25:00,1790.787,,sl_too_tight,,,,2022-12-05 21:25:00
1,2022-12-06 11:15:00,1774.928,,sl_too_tight,,,,2022-12-06 18:15:00
1,2022-12-07 14:20:00,1779.238,,sl_too_tight,,,,2022-12-07 21:20:00
1,2022-12-08 14:50:00,1790.898,,no_room,,,,2022-12-08 21:50:00
1,2022-12-08 15:20:00,1792.468,,no_room,,,,2022-12-08 22:20:00
1,2022-12-09 12:30:00,1800.958,,no_room,,,,2022-12-09 19:30:00
1,2022-12-09 13:15:00,1801.628,,sl_too_tight,,,,2022-12-09 20:15:00
-1,2022-12-12 15:35:00,1784.998,,no_room,,,,2022-12-12 22:35:00
1,2022-12-13 10:25:00,1785.085,,sl_too_tight,,,,2022-12-13 17:25:00
1,2022-12-13 13:25:00,1790.045,,no_room,,,,2022-12-13 20:25:00
1,2022-12-13 14:00:00,1813.197,,no_room,,,,2022-12-13 21:00:00
1,2022-12-13 14:45:00,1820.585,,no_room,,,,2022-12-13 21:45:00
1,2022-12-14 15:45:00,1812.015,,no_room,,,,2022-12-14 22:45:00
-1,2022-12-15 07:40:00,1791.305,,no_room,,,,2022-12-15 14:40:00
-1,2022-12-15 12:05:00,1777.655,,no_room,,,,2022-12-15 19:05:00
-1,2022-12-15 13:05:00,1776.885,,no_room,,,,2022-12-15 20:05:00
1,2022-12-15 14:15:00,1781.325,,no_room,,,,2022-12-15 21:15:00
1,2022-12-16 14:45:00,1787.785,,no_room,,,,2022-12-16 21:45:00
-1,2022-12-19 15:45:00,1789.605,,no_room,,,,2022-12-19 22:45:00
1,2022-12-20 08:00:00,1795.158,,no_room,,,,2022-12-20 15:00:00
1,2022-12-20 08:40:00,1798.295,,sl_too_tight,,,,2022-12-20 15:40:00
1,2022-12-20 09:35:00,1805.385,,no_room,,,,2022-12-20 16:35:00
1,2022-12-20 11:20:00,1807.335,,sl_too_tight,,,,2022-12-20 18:20:00
1,2022-12-21 15:35:00,1820.698,,no_room,,,,2022-12-21 22:35:00
-1,2022-12-22 15:05:00,1798.795,,no_room,,,,2022-12-22 22:05:00
-1,2022-12-23 14:00:00,1794.157,,no_room,,,,2022-12-23 21:00:00
1,2022-12-28 14:45:00,1807.455,,no_room,,,,2022-12-28 21:45:00
1,2022-12-29 14:30:00,1812.475,,no_room,,,,2022-12-29 21:30:00
1,2022-12-29 15:05:00,1816.665,,no_room,,,,2022-12-29 22:05:00
-1,2022-12-30 15:00:00,1818.377,,no_room,,,,2022-12-30 22:00:00
-1,2023-01-03 10:30:00,1837.458,,no_room,,,,2023-01-03 17:30:00
-1,2023-01-03 10:55:00,1834.375,,no_room,,,,2023-01-03 17:55:00
-1,2023-01-03 11:40:00,1831.545,,no_room,,,,2023-01-03 18:40:00
-1,2023-01-03 15:25:00,1836.615,,no_room,,,,2023-01-03 22:25:00
-1,2023-01-04 15:00:00,1855.965,,no_room,,,,2023-01-04 22:00:00
-1,2023-01-05 08:40:00,1844.975,,no_room,,,,2023-01-05 15:40:00
-1,2023-01-05 11:40:00,1847.485,,no_room,,,,2023-01-05 18:40:00
-1,2023-01-05 12:00:00,1846.045,,no_room,,,,2023-01-05 19:00:00
-1,2023-01-05 12:45:00,1845.165,,no_room,,,,2023-01-05 19:45:00
-1,2023-01-05 13:15:00,1844.645,,no_room,,,,2023-01-05 20:15:00
-1,2023-01-05 13:35:00,1841.707,,no_room,,,,2023-01-05 20:35:00
-1,2023-01-05 15:15:00,1831.315,,no_room,,,,2023-01-05 22:15:00
-1,2023-01-06 13:20:00,1834.985,,sl_too_tight,,,,2023-01-06 20:20:00
1,2023-01-06 15:00:00,1848.795,,no_room,,,,2023-01-06 22:00:00
-1,2023-01-09 09:00:00,1873.495,,no_room,,,,2023-01-09 16:00:00
-1,2023-01-09 10:45:00,1872.238,,sl_too_tight,,,,2023-01-09 17:45:00
-1,2023-01-09 11:35:00,1871.135,,sl_too_tight,,,,2023-01-09 18:35:00
-1,2023-01-09 15:40:00,1873.735,,no_room,,,,2023-01-09 22:40:00
1,2023-01-11 08:45:00,1883.855,,no_room,,,,2023-01-11 15:45:00
-1,2023-01-11 14:35:00,1876.335,,no_room,,,,2023-01-11 21:35:00
-1,2023-01-11 15:35:00,1871.327,,no_room,,,,2023-01-11 22:35:00
1,2023-01-13 10:20:00,1905.735,,sl_too_tight,,,,2023-01-13 17:20:00
1,2023-01-13 14:05:00,1901.325,,no_room,,,,2023-01-13 21:05:00
1,2023-01-13 14:30:00,1903.425,,no_room,,,,2023-01-13 21:30:00
1,2023-01-13 15:40:00,1912.897,,no_room,,,,2023-01-13 22:40:00
-1,2023-01-16 08:05:00,1914.948,,sl_too_tight,,,,2023-01-16 15:05:00
1,2023-01-17 13:25:00,1909.905,,no_room,,,,2023-01-17 20:25:00
1,2023-01-17 14:10:00,1914.315,,no_room,,,,2023-01-17 21:10:00
1,2023-01-18 09:30:00,1912.385,,sl_too_tight,,,,2023-01-18 16:30:00
1,2023-01-18 14:30:00,1924.147,,no_room,,,,2023-01-18 21:30:00
1,2023-01-19 13:25:00,1911.285,,no_room,,,,2023-01-19 20:25:00
1,2023-01-19 15:00:00,1918.065,,no_room,,,,2023-01-19 22:00:00
-1,2023-01-20 11:50:00,1927.515,,no_room,,,,2023-01-20 18:50:00
-1,2023-01-20 14:30:00,1923.177,,no_room,,,,2023-01-20 21:30:00
1,2023-01-23 14:50:00,1919.995,,no_room,,,,2023-01-23 21:50:00
1,2023-01-23 15:45:00,1920.388,,no_room,,,,2023-01-23 22:45:00
-1,2023-01-24 14:50:00,1927.435,,no_room,,,,2023-01-24 21:50:00
-1,2023-01-25 07:30:00,1931.075,,sl_too_tight,,,,2023-01-25 14:30:00
-1,2023-01-25 09:55:00,1928.045,,no_room,,,,2023-01-25 16:55:00
-1,2023-01-25 11:30:00,1923.865,,no_room,,,,2023-01-25 18:30:00
-1,2023-01-25 13:45:00,1924.075,,no_room,,,,2023-01-25 20:45:00
-1,2023-01-25 15:35:00,1929.548,,no_room,,,,2023-01-25 22:35:00
1,2023-01-26 08:20:00,1943.065,,no_room,,,,2023-01-26 15:20:00
-1,2023-01-26 09:45:00,1935.455,,no_room,,,,2023-01-26 16:45:00
-1,2023-01-26 11:00:00,1935.975,,sl_too_tight,,,,2023-01-26 18:00:00
-1,2023-01-26 11:25:00,1934.735,,sl_too_tight,,,,2023-01-26 18:25:00
1,2023-01-26 14:00:00,1937.957,,no_room,,,,2023-01-26 21:00:00
-1,2023-01-26 15:35:00,1929.337,,no_room,,,,2023-01-26 22:35:00
-1,2023-01-27 14:30:00,1925.655,,no_room,,,,2023-01-27 21:30:00
-1,2023-01-27 15:45:00,1923.365,,no_room,,,,2023-01-27 22:45:00
-1,2023-01-30 11:25:00,1923.828,,no_room,,,,2023-01-30 18:25:00
-1,2023-01-30 14:50:00,1924.645,,no_room,,,,2023-01-30 21:50:00
-1,2023-01-31 09:35:00,1904.775,,sl_too_tight,,,,2023-01-31 16:35:00
-1,2023-01-31 11:30:00,1902.135,,no_room,,,,2023-01-31 18:30:00
1,2023-01-31 15:40:00,1927.405,,no_room,,,,2023-01-31 22:40:00
1,2023-02-01 14:15:00,1931.295,,no_room,,,,2023-02-01 21:15:00
1,2023-02-02 11:35:00,1955.885,,no_room,,,,2023-02-02 18:35:00
-1,2023-02-02 14:35:00,1943.0,,no_room,,,,2023-02-02 21:35:00
-1,2023-02-03 09:00:00,1910.728,,no_room,,,,2023-02-03 16:00:00
-1,2023-02-03 10:20:00,1910.265,,no_room,,,,2023-02-03 17:20:00
-1,2023-02-03 13:30:00,1911.575,,no_room,,,,2023-02-03 20:30:00
-1,2023-02-03 15:00:00,1875.065,,no_room,,,,2023-02-03 22:00:00
-1,2023-02-03 15:50:00,1873.267,,no_room,,,,2023-02-03 22:50:00
-1,2023-02-06 09:10:00,1874.188,,no_room,,,,2023-02-06 16:10:00
-1,2023-02-06 11:05:00,1871.845,,sl_too_tight,,,,2023-02-06 18:05:00
-1,2023-02-06 15:15:00,1870.025,,no_room,,,,2023-02-06 22:15:00
1,2023-02-07 09:15:00,1876.795,,no_room,,,,2023-02-07 16:15:00
1,2023-02-08 09:05:00,1884.805,,no_room,,,,2023-02-08 16:05:00
1,2023-02-08 09:55:00,1885.885,,no_room,,,,2023-02-08 16:55:00
1,2023-02-08 12:10:00,1882.605,,no_room,,,,2023-02-08 19:10:00
-1,2023-02-08 14:45:00,1872.548,,no_room,,,,2023-02-08 21:45:00
-1,2023-02-08 15:30:00,1870.825,,no_room,,,,2023-02-08 22:30:00
1,2023-02-09 10:30:00,1883.275,,sl_too_tight,,,,2023-02-09 17:30:00
1,2023-02-09 12:25:00,1882.935,,sl_too_tight,,,,2023-02-09 19:25:00
1,2023-02-10 13:45:00,1864.815,,no_room,,,,2023-02-10 20:45:00
-1,2023-02-13 10:10:00,1854.585,,no_room,,,,2023-02-13 17:10:00
-1,2023-02-13 12:05:00,1860.895,,sl_too_tight,,,,2023-02-13 19:05:00
-1,2023-02-13 13:20:00,1859.218,,no_room,,,,2023-02-13 20:20:00
-1,2023-02-13 14:30:00,1855.435,,no_room,,,,2023-02-13 21:30:00
1,2023-02-14 09:25:00,1861.705,,sl_too_tight,,,,2023-02-14 16:25:00
-1,2023-02-14 14:25:00,1849.915,,no_room,,,,2023-02-14 21:25:00
-1,2023-02-15 08:00:00,1835.095,,no_room,,,,2023-02-15 15:00:00
-1,2023-02-15 13:30:00,1833.985,,sl_too_tight,,,,2023-02-15 20:30:00
-1,2023-02-15 15:40:00,1832.257,,no_room,,,,2023-02-15 22:40:00
-1,2023-02-17 08:35:00,1819.795,,no_room,,,,2023-02-17 15:35:00
-1,2023-02-17 10:35:00,1822.818,,no_room,,,,2023-02-17 17:35:00
1,2023-02-17 15:00:00,1830.265,,no_room,,,,2023-02-17 22:00:00
-1,2023-02-21 10:50:00,1832.615,,no_room,,,,2023-02-21 17:50:00
1,2023-02-21 15:30:00,1839.225,,no_room,,,,2023-02-21 22:30:00
-1,2023-02-23 15:45:00,1822.664,,no_room,,,,2023-02-23 22:45:00
-1,2023-02-24 10:05:00,1821.478,,no_room,,,,2023-02-24 17:05:00
-1,2023-02-24 11:30:00,1820.845,,sl_too_tight,,,,2023-02-24 18:30:00
-1,2023-02-24 12:05:00,1817.295,,sl_too_tight,,,,2023-02-24 19:05:00
-1,2023-02-24 13:35:00,1814.928,,no_room,,,,2023-02-24 20:35:00
-1,2023-02-24 14:20:00,1811.498,,no_room,,,,2023-02-24 21:20:00
1,2023-02-27 14:20:00,1816.765,,no_room,,,,2023-02-27 21:20:00
-1,2023-02-28 10:40:00,1809.414,,sl_too_tight,,,,2023-02-28 17:40:00
1,2023-03-01 10:55:00,1833.675,,sl_too_tight,,,,2023-03-01 17:55:00
1,2023-03-01 12:40:00,1838.368,,no_room,,,,2023-03-01 19:40:00
1,2023-03-01 14:00:00,1838.208,,no_room,,,,2023-03-01 21:00:00
1,2023-03-02 14:30:00,1835.008,,no_room,,,,2023-03-02 21:30:00
-1,2023-03-07 14:35:00,1832.0,,no_room,,,,2023-03-07 21:35:00
1,2023-03-08 15:20:00,1821.465,,no_room,,,,2023-03-08 22:20:00
1,2023-03-09 14:30:00,1827.348,,no_room,,,,2023-03-09 21:30:00
-1,2023-03-10 09:45:00,1834.135,,sl_too_tight,,,,2023-03-10 16:45:00
1,2023-03-13 12:15:00,1891.718,,no_room,,,,2023-03-13 19:15:00
1,2023-03-13 13:35:00,1902.695,,no_room,,,,2023-03-13 20:35:00
1,2023-03-13 14:40:00,1908.048,,no_room,,,,2023-03-13 21:40:00
-1,2023-03-14 08:05:00,1910.085,,no_room,,,,2023-03-14 15:05:00
-1,2023-03-14 09:40:00,1901.615,,no_room,,,,2023-03-14 16:40:00
-1,2023-03-14 13:30:00,1904.655,,no_room,,,,2023-03-14 20:30:00
1,2023-03-15 11:25:00,1909.705,,no_room,,,,2023-03-15 18:25:00
1,2023-03-15 12:00:00,1918.845,,no_room,,,,2023-03-15 19:00:00
1,2023-03-15 12:50:00,1925.445,,no_room,,,,2023-03-15 19:50:00
1,2023-03-15 15:25:00,1925.548,,no_room,,,,2023-03-15 22:25:00
1,2023-03-15 15:55:00,1926.805,,no_room,,,,2023-03-15 22:55:00
1,2023-03-16 07:40:00,1918.285,,no_room,,,,2023-03-16 14:40:00
1,2023-03-16 10:10:00,1921.958,,no_room,,,,2023-03-16 17:10:00
1,2023-03-16 11:00:00,1922.575,,no_room,,,,2023-03-16 18:00:00
1,2023-03-16 11:55:00,1926.805,,no_room,,,,2023-03-16 18:55:00
1,2023-03-17 09:25:00,1931.395,,no_room,,,,2023-03-17 16:25:00
1,2023-03-17 11:15:00,1933.335,,no_room,,,,2023-03-17 18:15:00
1,2023-03-17 12:20:00,1937.048,,no_room,,,,2023-03-17 19:20:00
1,2023-03-17 13:00:00,1945.948,,no_room,,,,2023-03-17 20:00:00
1,2023-03-17 14:10:00,1951.375,,no_room,,,,2023-03-17 21:10:00
1,2023-03-17 14:25:00,1954.365,,no_room,,,,2023-03-17 21:25:00
1,2023-03-20 07:00:00,1991.305,,no_room,,,,2023-03-20 14:00:00
1,2023-03-20 12:25:00,1985.855,,no_room,,,,2023-03-20 19:25:00
-1,2023-03-21 07:55:00,1971.664,,no_room,,,,2023-03-21 14:55:00
-1,2023-03-21 10:35:00,1965.755,,no_room,,,,2023-03-21 17:35:00
-1,2023-03-21 12:10:00,1964.235,,no_room,,,,2023-03-21 19:10:00
-1,2023-03-21 13:05:00,1961.165,,no_room,,,,2023-03-21 20:05:00
-1,2023-03-21 13:40:00,1958.675,,no_room,,,,2023-03-21 20:40:00
-1,2023-03-21 15:10:00,1949.625,,no_room,,,,2023-03-21 22:10:00
1,2023-03-22 09:45:00,1945.215,,no_room,,,,2023-03-22 16:45:00
1,2023-03-22 13:25:00,1940.615,,no_room,,,,2023-03-22 20:25:00
1,2023-03-22 14:10:00,1944.335,,no_room,,,,2023-03-22 21:10:00
1,2023-03-22 14:45:00,1945.615,,no_room,,,,2023-03-22 21:45:00
1,2023-03-23 10:05:00,1978.245,,no_room,,,,2023-03-23 17:05:00
1,2023-03-23 12:20:00,1978.864,,sl_too_tight,,,,2023-03-23 19:20:00
1,2023-03-23 15:20:00,1984.305,,no_room,,,,2023-03-23 22:20:00
-1,2023-03-24 08:35:00,1985.945,,no_room,,,,2023-03-24 15:35:00
1,2023-03-24 11:55:00,1995.045,,no_room,,,,2023-03-24 18:55:00
1,2023-03-24 12:25:00,1996.424,,no_room,,,,2023-03-24 19:25:00
-1,2023-03-27 08:35:00,1969.595,,sl_too_tight,,,,2023-03-27 15:35:00
-1,2023-03-27 10:35:00,1951.885,,no_room,,,,2023-03-27 17:35:00
-1,2023-03-27 12:15:00,1951.208,,no_room,,,,2023-03-27 19:15:00
-1,2023-03-27 12:45:00,1949.815,,no_room,,,,2023-03-27 19:45:00
-1,2023-03-28 07:40:00,1952.555,,no_room,,,,2023-03-28 14:40:00
-1,2023-03-28 08:55:00,1950.975,,no_room,,,,2023-03-28 15:55:00
1,2023-03-28 14:40:00,1965.865,,no_room,,,,2023-03-28 21:40:00
1,2023-03-28 14:55:00,1967.575,,no_room,,,,2023-03-28 21:55:00
1,2023-03-29 10:20:00,1967.965,,no_room,,,,2023-03-29 17:20:00
1,2023-03-29 14:30:00,1967.995,,no_room,,,,2023-03-29 21:30:00
1,2023-03-30 14:20:00,1970.085,,no_room,,,,2023-03-30 21:20:00
1,2023-03-30 14:50:00,1971.045,,no_room,,,,2023-03-30 21:50:00
-1,2023-03-31 08:35:00,1974.285,,no_room,,,,2023-03-31 15:35:00
-1,2023-03-31 13:05:00,1976.125,,no_room,,,,2023-03-31 20:05:00
-1,2023-03-31 14:10:00,1978.384,,no_room,,,,2023-03-31 21:10:00
-1,2023-03-31 15:05:00,1976.065,,no_room,,,,2023-03-31 22:05:00
1,2023-04-03 10:10:00,1966.935,,no_room,,,,2023-04-03 17:10:00
1,2023-04-03 10:40:00,1970.745,,no_room,,,,2023-04-03 17:40:00
1,2023-04-03 13:40:00,1979.815,,no_room,,,,2023-04-03 20:40:00
1,2023-04-03 14:25:00,1985.698,,no_room,,,,2023-04-03 21:25:00
1,2023-04-03 15:20:00,1987.455,,no_room,,,,2023-04-03 22:20:00
1,2023-04-04 13:10:00,1985.508,,no_room,,,,2023-04-04 20:10:00
-1,2023-04-05 14:30:00,2018.844,,no_room,,,,2023-04-05 21:30:00
1,2023-04-06 08:50:00,2017.975,,no_room,,,,2023-04-06 15:50:00
1,2023-04-06 09:45:00,2019.325,,sl_too_tight,,,,2023-04-06 16:45:00
-1,2023-04-06 13:40:00,2009.044,,no_room,,,,2023-04-06 20:40:00
-1,2023-04-10 14:35:00,1985.704,,no_room,,,,2023-04-10 21:35:00
1,2023-04-13 13:55:00,2045.705,,no_room,,,,2023-04-13 20:55:00
-1,2023-04-14 11:00:00,2037.558,,no_room,,,,2023-04-14 18:00:00
-1,2023-04-14 12:30:00,2032.035,,no_room,,,,2023-04-14 19:30:00
-1,2023-04-14 14:00:00,2019.774,,no_room,,,,2023-04-14 21:00:00
-1,2023-04-17 13:35:00,1997.825,,no_room,,,,2023-04-17 20:35:00
-1,2023-04-17 14:25:00,1991.918,,no_room,,,,2023-04-17 21:25:00
1,2023-04-18 10:15:00,2001.365,,sl_too_tight,,,,2023-04-18 17:15:00
1,2023-04-18 15:20:00,2010.405,,no_room,,,,2023-04-18 22:20:00
-1,2023-04-19 08:00:00,1990.265,,no_room,,,,2023-04-19 15:00:00
-1,2023-04-19 08:35:00,1983.965,,no_room,,,,2023-04-19 15:35:00
-1,2023-04-19 09:35:00,1976.454,,no_room,,,,2023-04-19 16:35:00
-1,2023-04-19 10:15:00,1972.568,,no_room,,,,2023-04-19 17:15:00
-1,2023-04-19 11:05:00,1971.205,,no_room,,,,2023-04-19 18:05:00
-1,2023-04-19 15:35:00,1991.378,,no_room,,,,2023-04-19 22:35:00
1,2023-04-20 09:45:00,1998.995,,no_room,,,,2023-04-20 16:45:00
1,2023-04-20 10:25:00,2001.185,,no_room,,,,2023-04-20 17:25:00
1,2023-04-20 12:30:00,2002.958,,sl_too_tight,,,,2023-04-20 19:30:00
1,2023-04-20 14:05:00,2006.798,,no_room,,,,2023-04-20 21:05:00
-1,2023-04-21 12:10:00,1984.575,,no_room,,,,2023-04-21 19:10:00
-1,2023-04-21 15:40:00,1975.815,,no_room,,,,2023-04-21 22:40:00
1,2023-04-24 14:40:00,1984.905,,no_room,,,,2023-04-24 21:40:00
1,2023-04-24 15:50:00,1984.748,,no_room,,,,2023-04-24 22:50:00
-1,2023-04-25 07:40:00,1992.785,,no_room,,,,2023-04-25 14:40:00
-1,2023-04-25 09:45:00,1989.264,,sl_too_tight,,,,2023-04-25 16:45:00
-1,2023-04-25 10:15:00,1986.828,,no_room,,,,2023-04-25 17:15:00
-1,2023-04-25 11:35:00,1979.605,,no_room,,,,2023-04-25 18:35:00
-1,2023-04-26 11:40:00,1997.884,,no_room,,,,2023-04-26 18:40:00
-1,2023-04-27 13:15:00,1981.678,,no_room,,,,2023-04-27 20:15:00
-1,2023-04-27 15:55:00,1982.344,,no_room,,,,2023-04-27 22:55:00
-1,2023-04-28 07:15:00,1983.195,,no_room,,,,2023-04-28 14:15:00
-1,2023-04-28 08:10:00,1981.404,,no_room,,,,2023-04-28 15:10:00
1,2023-04-28 15:00:00,1992.848,,no_room,,,,2023-04-28 22:00:00
1,2023-05-01 12:10:00,1989.835,,sl_too_tight,,,,2023-05-01 19:10:00
1,2023-05-02 10:25:00,1986.275,,no_room,,,,2023-05-02 17:25:00
1,2023-05-02 14:00:00,1989.265,,no_room,,,,2023-05-02 21:00:00
1,2023-05-02 15:55:00,2012.685,,no_room,,,,2023-05-02 22:55:00
1,2023-05-03 14:50:00,2020.045,,no_room,,,,2023-05-03 21:50:00
-1,2023-05-04 13:25:00,2033.555,,no_room,,,,2023-05-04 20:25:00
-1,2023-05-05 13:20:00,2007.605,,no_room,,,,2023-05-05 20:20:00
-1,2023-05-05 13:45:00,2004.404,,no_room,,,,2023-05-05 20:45:00
1,2023-05-08 15:25:00,2026.484,,no_room,,,,2023-05-08 22:25:00
-1,2023-05-12 09:30:00,2005.074,,no_room,,,,2023-05-12 16:30:00
1,2023-05-12 13:45:00,2020.174,,no_room,,,,2023-05-12 20:45:00
-1,2023-05-15 14:45:00,2014.505,,no_room,,,,2023-05-15 21:45:00
-1,2023-05-16 15:35:00,1997.914,,no_room,,,,2023-05-16 22:35:00
-1,2023-05-17 13:40:00,1981.784,,no_room,,,,2023-05-17 20:40:00
-1,2023-05-18 14:40:00,1956.478,,no_room,,,,2023-05-18 21:40:00
1,2023-05-19 09:45:00,1967.245,,no_room,,,,2023-05-19 16:45:00
-1,2023-05-19 13:30:00,1960.225,,no_room,,,,2023-05-19 20:30:00
-1,2023-05-19 14:45:00,1958.955,,no_room,,,,2023-05-19 21:45:00
-1,2023-05-22 13:15:00,1973.665,,no_room,,,,2023-05-22 20:15:00
-1,2023-05-22 13:50:00,1972.015,,no_room,,,,2023-05-22 20:50:00
-1,2023-05-22 14:20:00,1970.115,,no_room,,,,2023-05-22 21:20:00
-1,2023-05-23 08:00:00,1955.308,,no_room,,,,2023-05-23 15:00:00
1,2023-05-23 13:10:00,1962.548,,no_room,,,,2023-05-23 20:10:00
-1,2023-05-24 15:45:00,1967.775,,sl_too_tight,,,,2023-05-24 22:45:00
1,2023-05-26 09:30:00,1953.608,,sl_too_tight,,,,2023-05-26 16:30:00
-1,2023-05-26 14:30:00,1946.195,,no_room,,,,2023-05-26 21:30:00
-1,2023-05-30 07:35:00,1935.508,,no_room,,,,2023-05-30 14:35:00
1,2023-05-30 09:55:00,1949.624,,no_room,,,,2023-05-30 16:55:00
1,2023-05-30 11:30:00,1956.075,,sl_too_tight,,,,2023-05-30 18:30:00
1,2023-05-30 11:55:00,1959.038,,no_room,,,,2023-05-30 18:55:00
1,2023-05-30 14:30:00,1958.175,,no_room,,,,2023-05-30 21:30:00
1,2023-05-30 15:20:00,1959.795,,no_room,,,,2023-05-30 22:20:00
-1,2023-05-31 07:45:00,1956.635,,no_room,,,,2023-05-31 14:45:00
-1,2023-05-31 08:55:00,1955.454,,no_room,,,,2023-05-31 15:55:00
-1,2023-05-31 10:15:00,1957.074,,sl_too_tight,,,,2023-05-31 17:15:00
1,2023-06-01 12:55:00,1968.248,,no_room,,,,2023-06-01 19:55:00
1,2023-06-01 13:30:00,1971.088,,no_room,,,,2023-06-01 20:30:00
1,2023-06-01 15:05:00,1977.308,,no_room,,,,2023-06-01 22:05:00
-1,2023-06-02 13:40:00,1968.505,,no_room,,,,2023-06-02 20:40:00
-1,2023-06-02 14:20:00,1961.725,,no_room,,,,2023-06-02 21:20:00
-1,2023-06-05 11:15:00,1942.105,,sl_too_tight,,,,2023-06-05 18:15:00
1,2023-06-05 13:45:00,1946.895,,no_room,,,,2023-06-05 20:45:00
1,2023-06-06 15:40:00,1962.415,,no_room,,,,2023-06-06 22:40:00
1,2023-06-08 13:20:00,1959.878,,no_room,,,,2023-06-08 20:20:00
1,2023-06-08 14:25:00,1968.938,,no_room,,,,2023-06-08 21:25:00
-1,2023-06-09 15:25:00,1962.975,,sl_too_tight,,,,2023-06-09 22:25:00
-1,2023-06-13 13:40:00,1956.955,,no_room,,,,2023-06-13 20:40:00
-1,2023-06-13 15:05:00,1951.245,,no_room,,,,2023-06-13 22:05:00
1,2023-06-14 14:20:00,1958.825,,no_room,,,,2023-06-14 21:20:00
1,2023-06-14 15:25:00,1957.995,,sl_too_tight,,,,2023-06-14 22:25:00
-1,2023-06-15 11:00:00,1933.485,,sl_too_tight,,,,2023-06-15 18:00:00
-1,2023-06-15 11:55:00,1928.465,,no_room,,,,2023-06-15 18:55:00
1,2023-06-16 08:45:00,1962.585,,sl_too_tight,,,,2023-06-16 15:45:00
-1,2023-06-16 15:35:00,1958.605,,no_room,,,,2023-06-16 22:35:00
-1,2023-06-21 13:35:00,1925.455,,no_room,,,,2023-06-21 20:35:00
-1,2023-06-22 11:35:00,1925.995,,no_room,,,,2023-06-22 18:35:00
-1,2023-06-22 12:55:00,1923.575,,no_room,,,,2023-06-22 19:55:00
-1,2023-06-22 14:15:00,1918.985,,no_room,,,,2023-06-22 21:15:00
-1,2023-06-22 14:55:00,1915.615,,no_room,,,,2023-06-22 21:55:00
-1,2023-06-22 15:25:00,1914.898,,no_room,,,,2023-06-22 22:25:00
-1,2023-06-27 13:55:00,1923.755,,no_room,,,,2023-06-27 20:55:00
-1,2023-06-27 15:55:00,1913.785,,no_room,,,,2023-06-27 22:55:00
-1,2023-06-28 09:45:00,1908.925,,sl_too_tight,,,,2023-06-28 16:45:00
-1,2023-06-28 14:50:00,1907.075,,no_room,,,,2023-06-28 21:50:00
-1,2023-06-29 15:35:00,1909.695,,no_room,,,,2023-06-29 22:35:00
1,2023-06-30 14:05:00,1914.315,,no_room,,,,2023-06-30 21:05:00
1,2023-07-03 13:50:00,1925.165,,no_room,,,,2023-07-03 20:50:00
-1,2023-07-06 14:20:00,1904.755,,no_room,,,,2023-07-06 21:20:00
1,2023-07-07 14:15:00,1927.545,,no_room,,,,2023-07-07 21:15:00
1,2023-07-11 08:10:00,1933.285,,no_room,,,,2023-07-11 15:10:00
1,2023-07-11 09:55:00,1937.205,,sl_too_tight,,,,2023-07-11 16:55:00
1,2023-07-11 14:10:00,1933.505,,no_room,,,,2023-07-11 21:10:00
1,2023-07-11 14:25:00,1934.495,,sl_too_tight,,,,2023-07-11 21:25:00
1,2023-07-12 13:25:00,1949.985,,no_room,,,,2023-07-12 20:25:00
1,2023-07-12 14:45:00,1957.225,,no_room,,,,2023-07-12 21:45:00
1,2023-07-12 15:50:00,1955.485,,sl_too_tight,,,,2023-07-12 22:50:00
-1,2023-07-13 15:50:00,1958.835,,sl_too_tight,,,,2023-07-13 22:50:00
-1,2023-07-17 13:40:00,1947.258,,no_room,,,,2023-07-17 20:40:00
1,2023-07-18 14:00:00,1971.935,,no_room,,,,2023-07-18 21:00:00
-1,2023-07-19 13:25:00,1976.195,,no_room,,,,2023-07-19 20:25:00
-1,2023-07-19 14:10:00,1975.478,,no_room,,,,2023-07-19 21:10:00
-1,2023-07-20 14:05:00,1972.645,,no_room,,,,2023-07-20 21:05:00
-1,2023-07-20 14:30:00,1970.355,,no_room,,,,2023-07-20 21:30:00
-1,2023-07-20 15:40:00,1969.005,,sl_too_tight,,,,2023-07-20 22:40:00
-1,2023-07-21 14:05:00,1958.985,,no_room,,,,2023-07-21 21:05:00
-1,2023-07-21 15:00:00,1957.945,,no_room,,,,2023-07-21 22:00:00
1,2023-07-24 09:15:00,1963.718,,sl_too_tight,,,,2023-07-24 16:15:00
1,2023-07-28 13:45:00,1956.488,,no_room,,,,2023-07-28 20:45:00
1,2023-07-28 15:00:00,1960.495,,no_room,,,,2023-07-28 22:00:00
1,2023-07-28 15:25:00,1961.978,,no_room,,,,2023-07-28 22:25:00
1,2023-07-31 13:30:00,1966.978,,no_room,,,,2023-07-31 20:30:00
1,2023-07-31 15:20:00,1969.185,,no_room,,,,2023-07-31 22:20:00
-1,2023-08-01 14:30:00,1944.335,,no_room,,,,2023-08-01 21:30:00
-1,2023-08-01 15:05:00,1943.475,,no_room,,,,2023-08-01 22:05:00
-1,2023-08-02 14:05:00,1943.465,,no_room,,,,2023-08-02 21:05:00
-1,2023-08-02 15:25:00,1933.845,,no_room,,,,2023-08-02 22:25:00
1,2023-08-03 08:00:00,1937.015,,no_room,,,,2023-08-03 15:00:00
1,2023-08-03 08:45:00,1937.545,,sl_too_tight,,,,2023-08-03 15:45:00
1,2023-08-03 14:25:00,1937.645,,no_room,,,,2023-08-03 21:25:00
1,2023-08-04 13:00:00,1942.638,,no_room,,,,2023-08-04 20:00:00
1,2023-08-04 13:35:00,1944.595,,no_room,,,,2023-08-04 20:35:00
-1,2023-08-09 14:50:00,1919.188,,no_room,,,,2023-08-09 21:50:00
-1,2023-08-09 15:30:00,1915.915,,no_room,,,,2023-08-09 22:30:00
-1,2023-08-14 13:25:00,1905.905,,no_room,,,,2023-08-14 20:25:00
-1,2023-08-15 13:30:00,1901.855,,no_room,,,,2023-08-15 20:30:00
-1,2023-08-16 15:30:00,1902.885,,sl_too_tight,,,,2023-08-16 22:30:00
-1,2023-08-18 15:35:00,1891.905,,sl_too_tight,,,,2023-08-18 22:35:00
1,2023-08-23 13:20:00,1908.525,,no_room,,,,2023-08-23 20:20:00
1,2023-08-23 15:40:00,1917.335,,sl_too_tight,,,,2023-08-23 22:40:00
-1,2023-08-24 15:30:00,1920.394,,sl_too_tight,,,,2023-08-24 22:30:00
-1,2023-08-25 14:25:00,1911.265,,no_room,,,,2023-08-25 21:25:00
1,2023-08-28 15:15:00,1919.585,,sl_too_tight,,,,2023-08-28 22:15:00
1,2023-08-29 15:10:00,1934.825,,no_room,,,,2023-08-29 22:10:00
-1,2023-08-31 15:30:00,1940.955,,sl_too_tight,,,,2023-08-31 22:30:00
-1,2023-09-05 13:50:00,1929.615,,no_room,,,,2023-09-05 20:50:00
-1,2023-09-05 15:55:00,1926.265,,sl_too_tight,,,,2023-09-05 22:55:00
1,2023-09-08 13:55:00,1925.928,,no_room,,,,2023-09-08 20:55:00
1,2023-09-13 13:30:00,1914.435,,no_room,,,,2023-09-13 20:30:00
-1,2023-09-14 14:00:00,1902.215,,no_room,,,,2023-09-14 21:00:00
1,2023-09-15 14:00:00,1926.675,,no_room,,,,2023-09-15 21:00:00
1,2023-09-20 15:00:00,1943.915,,no_room,,,,2023-09-20 22:00:00
-1,2023-09-21 15:15:00,1918.585,,no_room,,,,2023-09-21 22:15:00
-1,2023-09-26 13:30:00,1905.185,,no_room,,,,2023-09-26 20:30:00
-1,2023-09-26 15:05:00,1904.525,,no_room,,,,2023-09-26 22:05:00
-1,2023-09-26 15:50:00,1902.635,,no_room,,,,2023-09-26 22:50:00
-1,2023-09-27 14:55:00,1884.338,,no_room,,,,2023-09-27 21:55:00
-1,2023-09-28 13:45:00,1872.235,,no_room,,,,2023-09-28 20:45:00
-1,2023-09-28 14:30:00,1871.205,,no_room,,,,2023-09-28 21:30:00
1,2023-09-29 12:55:00,1873.115,,no_room,,,,2023-09-29 19:55:00
-1,2023-09-29 15:00:00,1858.855,,no_room,,,,2023-09-29 22:00:00
-1,2023-10-02 08:45:00,1841.345,,no_room,,,,2023-10-02 15:45:00
-1,2023-10-02 10:55:00,1833.615,,sl_too_tight,,,,2023-10-02 17:55:00
-1,2023-10-02 13:35:00,1833.945,,no_room,,,,2023-10-02 20:35:00
-1,2023-10-02 14:10:00,1832.205,,no_room,,,,2023-10-02 21:10:00
-1,2023-10-02 14:40:00,1828.098,,no_room,,,,2023-10-02 21:40:00
1,2023-10-03 11:40:00,1826.035,,sl_too_tight,,,,2023-10-03 18:40:00
1,2023-10-03 12:10:00,1827.165,,no_room,,,,2023-10-03 19:10:00
-1,2023-10-03 13:25:00,1824.295,,sl_too_tight,,,,2023-10-03 20:25:00
1,2023-10-03 14:40:00,1831.245,,no_room,,,,2023-10-03 21:40:00
1,2023-10-04 12:15:00,1827.065,,no_room,,,,2023-10-04 19:15:00
-1,2023-10-05 14:05:00,1817.525,,no_room,,,,2023-10-05 21:05:00
-1,2023-10-05 15:25:00,1816.385,,no_room,,,,2023-10-05 22:25:00
1,2023-10-06 13:20:00,1822.208,,no_room,,,,2023-10-06 20:20:00
1,2023-10-06 14:20:00,1825.935,,no_room,,,,2023-10-06 21:20:00
1,2023-10-06 15:25:00,1831.385,,no_room,,,,2023-10-06 22:25:00
1,2023-10-09 07:35:00,1851.795,,no_room,,,,2023-10-09 14:35:00
-1,2023-10-10 10:10:00,1857.445,,sl_too_tight,,,,2023-10-10 17:10:00
1,2023-10-11 08:50:00,1869.355,,no_room,,,,2023-10-11 15:50:00
1,2023-10-11 10:15:00,1870.895,,sl_too_tight,,,,2023-10-11 17:15:00
1,2023-10-11 13:00:00,1872.935,,no_room,,,,2023-10-11 20:00:00
1,2023-10-11 15:25:00,1871.615,,sl_too_tight,,,,2023-10-11 22:25:00
-1,2023-10-12 13:40:00,1875.235,,no_room,,,,2023-10-12 20:40:00
-1,2023-10-12 14:30:00,1872.765,,no_room,,,,2023-10-12 21:30:00
1,2023-10-13 09:25:00,1884.845,,sl_too_tight,,,,2023-10-13 16:25:00
1,2023-10-13 10:00:00,1888.064,,no_room,,,,2023-10-13 17:00:00
1,2023-10-13 10:40:00,1888.965,,sl_too_tight,,,,2023-10-13 17:40:00
1,2023-10-13 12:25:00,1899.778,,no_room,,,,2023-10-13 19:25:00
1,2023-10-13 14:10:00,1912.335,,no_room,,,,2023-10-13 21:10:00
1,2023-10-13 14:45:00,1916.315,,no_room,,,,2023-10-13 21:45:00
1,2023-10-13 15:25:00,1920.885,,no_room,,,,2023-10-13 22:25:00
1,2023-10-13 15:55:00,1922.348,,no_room,,,,2023-10-13 22:55:00
-1,2023-10-16 11:50:00,1915.398,,sl_too_tight,,,,2023-10-16 18:50:00
1,2023-10-16 13:45:00,1918.865,,sl_too_tight,,,,2023-10-16 20:45:00
1,2023-10-16 15:05:00,1920.318,,no_room,,,,2023-10-16 22:05:00
1,2023-10-17 10:10:00,1923.705,,no_room,,,,2023-10-17 17:10:00
1,2023-10-17 12:10:00,1925.515,,sl_too_tight,,,,2023-10-17 19:10:00
1,2023-10-17 13:45:00,1927.728,,no_room,,,,2023-10-17 20:45:00
1,2023-10-17 15:55:00,1926.485,,no_room,,,,2023-10-17 22:55:00
1,2023-10-18 07:55:00,1938.615,,no_room,,,,2023-10-18 14:55:00
1,2023-10-18 09:25:00,1939.655,,sl_too_tight,,,,2023-10-18 16:25:00
1,2023-10-18 11:30:00,1946.215,,sl_too_tight,,,,2023-10-18 18:30:00
1,2023-10-18 12:00:00,1947.365,,no_room,,,,2023-10-18 19:00:00
1,2023-10-18 12:20:00,1949.175,,no_room,,,,2023-10-18 19:20:00
1,2023-10-18 13:20:00,1950.025,,no_room,,,,2023-10-18 20:20:00
1,2023-10-19 09:55:00,1950.255,,sl_too_tight,,,,2023-10-19 16:55:00
1,2023-10-19 10:50:00,1950.935,,sl_too_tight,,,,2023-10-19 17:50:00
1,2023-10-19 15:10:00,1953.115,,no_room,,,,2023-10-19 22:10:00
1,2023-10-20 07:30:00,1980.135,,sl_too_tight,,,,2023-10-20 14:30:00
1,2023-10-20 08:15:00,1982.065,,sl_too_tight,,,,2023-10-20 15:15:00
1,2023-10-20 09:10:00,1984.365,,no_room,,,,2023-10-20 16:10:00
1,2023-10-20 11:05:00,1984.285,,sl_too_tight,,,,2023-10-20 18:05:00
-1,2023-10-20 12:20:00,1976.268,,no_room,,,,2023-10-20 19:20:00
1,2023-10-20 14:50:00,1990.955,,no_room,,,,2023-10-20 21:50:00
1,2023-10-23 08:00:00,1979.675,,no_room,,,,2023-10-23 15:00:00
1,2023-10-23 09:00:00,1981.684,,sl_too_tight,,,,2023-10-23 16:00:00
1,2023-10-23 11:10:00,1978.385,,no_room,,,,2023-10-23 18:10:00
1,2023-10-23 11:55:00,1979.198,,no_room,,,,2023-10-23 18:55:00
1,2023-10-23 12:15:00,1979.815,,no_room,,,,2023-10-23 19:15:00
-1,2023-10-24 09:15:00,1969.818,,no_room,,,,2023-10-24 16:15:00
-1,2023-10-24 09:35:00,1966.054,,no_room,,,,2023-10-24 16:35:00
-1,2023-10-24 10:25:00,1964.895,,no_room,,,,2023-10-24 17:25:00
-1,2023-10-24 10:40:00,1964.108,,no_room,,,,2023-10-24 17:40:00
-1,2023-10-24 15:10:00,1961.665,,no_room,,,,2023-10-24 22:10:00
-1,2023-10-25 09:05:00,1970.525,,no_room,,,,2023-10-25 16:05:00
-1,2023-10-25 09:25:00,1970.318,,no_room,,,,2023-10-25 16:25:00
-1,2023-10-25 09:55:00,1969.515,,sl_too_tight,,,,2023-10-25 16:55:00
1,2023-10-25 11:40:00,1974.315,,sl_too_tight,,,,2023-10-25 18:40:00
1,2023-10-25 12:10:00,1976.375,,sl_too_tight,,,,2023-10-25 19:10:00
1,2023-10-25 13:10:00,1976.778,,no_room,,,,2023-10-25 20:10:00
1,2023-10-25 13:30:00,1978.505,,no_room,,,,2023-10-25 20:30:00
1,2023-10-25 15:40:00,1978.735,,no_room,,,,2023-10-25 22:40:00
1,2023-10-26 08:30:00,1990.805,,sl_too_tight,,,,2023-10-26 15:30:00
-1,2023-10-26 12:40:00,1982.364,,no_room,,,,2023-10-26 19:40:00
-1,2023-10-26 14:15:00,1974.584,,no_room,,,,2023-10-26 21:15:00
-1,2023-10-27 12:50:00,1981.515,,sl_too_tight,,,,2023-10-27 19:50:00
-1,2023-10-27 15:15:00,1980.925,,no_room,,,,2023-10-27 22:15:00
-1,2023-10-30 07:55:00,1993.945,,no_room,,,,2023-10-30 14:55:00
-1,2023-10-30 09:05:00,1992.585,,sl_too_tight,,,,2023-10-30 16:05:00
1,2023-10-30 13:10:00,1999.965,,no_room,,,,2023-10-30 20:10:00
1,2023-10-30 15:20:00,1998.125,,no_room,,,,2023-10-30 22:20:00
1,2023-10-31 13:45:00,1998.178,,no_room,,,,2023-10-31 20:45:00
1,2023-11-01 14:05:00,1987.145,,no_room,,,,2023-11-01 21:05:00
-1,2023-11-02 15:25:00,1980.885,,no_room,,,,2023-11-02 22:25:00
-1,2023-11-06 15:55:00,1982.595,,sl_too_tight,,,,2023-11-06 22:55:00
-1,2023-11-07 14:30:00,1964.285,,no_room,,,,2023-11-07 21:30:00
-1,2023-11-08 14:35:00,1962.715,,no_room,,,,2023-11-08 21:35:00
-1,2023-11-08 14:55:00,1960.725,,no_room,,,,2023-11-08 21:55:00
1,2023-11-09 14:20:00,1951.295,,no_room,,,,2023-11-09 21:20:00
1,2023-11-09 15:35:00,1960.884,,no_room,,,,2023-11-09 22:35:00
-1,2023-11-10 14:45:00,1943.965,,no_room,,,,2023-11-10 21:45:00
-1,2023-11-10 15:45:00,1940.735,,no_room,,,,2023-11-10 22:45:00
1,2023-11-14 14:15:00,1959.025,,no_room,,,,2023-11-14 21:15:00
1,2023-11-16 14:10:00,1972.844,,no_room,,,,2023-11-16 21:10:00
1,2023-11-16 14:40:00,1974.785,,no_room,,,,2023-11-16 21:40:00
1,2023-11-16 15:15:00,1982.605,,no_room,,,,2023-11-16 22:15:00
1,2023-11-17 10:10:00,1992.305,,sl_too_tight,,,,2023-11-17 17:10:00
1,2023-11-17 13:10:00,1990.405,,sl_too_tight,,,,2023-11-17 20:10:00
-1,2023-11-17 14:35:00,1983.495,,no_room,,,,2023-11-17 21:35:00
-1,2023-11-20 08:50:00,1976.095,,sl_too_tight,,,,2023-11-20 15:50:00
-1,2023-11-20 10:05:00,1977.645,,sl_too_tight,,,,2023-11-20 17:05:00
-1,2023-11-20 11:10:00,1974.908,,no_room,,,,2023-11-20 18:10:00
-1,2023-11-20 13:30:00,1970.725,,sl_too_tight,,,,2023-11-20 20:30:00
1,2023-11-21 14:25:00,2000.205,,no_room,,,,2023-11-21 21:25:00
1,2023-11-22 09:40:00,2002.155,,no_room,,,,2023-11-22 16:40:00
-1,2023-11-22 15:00:00,1998.705,,sl_too_tight,,,,2023-11-22 22:00:00
1,2023-11-24 14:30:00,2001.788,,no_room,,,,2023-11-24 21:30:00
1,2023-11-28 14:05:00,2021.414,,no_room,,,,2023-11-28 21:05:00
1,2023-11-28 15:35:00,2028.655,,no_room,,,,2023-11-28 22:35:00
-1,2023-11-30 11:45:00,2036.405,,no_room,,,,2023-11-30 18:45:00
-1,2023-11-30 13:50:00,2037.535,,no_room,,,,2023-11-30 20:50:00
-1,2023-12-01 12:45:00,2036.415,,sl_too_tight,,,,2023-12-01 19:45:00
-1,2023-12-04 07:40:00,2073.375,,no_room,,,,2023-12-04 14:40:00
-1,2023-12-04 10:00:00,2070.015,,no_room,,,,2023-12-04 17:00:00
-1,2023-12-04 13:25:00,2065.474,,no_room,,,,2023-12-04 20:25:00
-1,2023-12-04 15:20:00,2042.455,,no_room,,,,2023-12-04 22:20:00
-1,2023-12-05 09:10:00,2031.075,,no_room,,,,2023-12-05 16:10:00
-1,2023-12-05 10:00:00,2028.695,,no_room,,,,2023-12-05 17:00:00
-1,2023-12-05 11:25:00,2024.018,,no_room,,,,2023-12-05 18:25:00
-1,2023-12-05 14:25:00,2024.705,,no_room,,,,2023-12-05 21:25:00
-1,2023-12-05 15:35:00,2015.415,,no_room,,,,2023-12-05 22:35:00
1,2023-12-06 12:30:00,2023.125,,no_room,,,,2023-12-06 19:30:00
1,2023-12-06 14:30:00,2031.755,,no_room,,,,2023-12-06 21:30:00
1,2023-12-07 10:10:00,2034.625,,no_room,,,,2023-12-07 17:10:00
1,2023-12-07 13:35:00,2034.035,,sl_too_tight,,,,2023-12-07 20:35:00
-1,2023-12-08 12:20:00,2029.025,,sl_too_tight,,,,2023-12-08 19:20:00
-1,2023-12-08 14:05:00,2014.315,,no_room,,,,2023-12-08 21:05:00
-1,2023-12-11 09:10:00,1994.434,,no_room,,,,2023-12-11 16:10:00
-1,2023-12-11 09:30:00,1992.958,,no_room,,,,2023-12-11 16:30:00
-1,2023-12-11 13:00:00,1994.135,,sl_too_tight,,,,2023-12-11 20:00:00
-1,2023-12-11 13:45:00,1991.845,,no_room,,,,2023-12-11 20:45:00
-1,2023-12-11 14:30:00,1990.115,,no_room,,,,2023-12-11 21:30:00
-1,2023-12-11 15:20:00,1985.195,,no_room,,,,2023-12-11 22:20:00
1,2023-12-14 08:20:00,2036.545,,no_room,,,,2023-12-14 15:20:00
1,2023-12-14 11:55:00,2034.945,,sl_too_tight,,,,2023-12-14 18:55:00
1,2023-12-14 14:30:00,2040.405,,no_room,,,,2023-12-14 21:30:00
1,2023-12-15 10:20:00,2042.825,,sl_too_tight,,,,2023-12-15 17:20:00
1,2023-12-19 14:35:00,2032.585,,no_room,,,,2023-12-19 21:35:00
-1,2023-12-20 13:20:00,2033.615,,sl_too_tight,,,,2023-12-20 20:20:00
-1,2023-12-20 15:10:00,2034.035,,no_room,,,,2023-12-20 22:10:00
1,2023-12-22 12:25:00,2062.375,,no_room,,,,2023-12-22 19:25:00
1,2023-12-22 13:45:00,2065.965,,no_room,,,,2023-12-22 20:45:00
1,2023-12-27 14:30:00,2069.625,,no_room,,,,2023-12-27 21:30:00
1,2023-12-27 15:10:00,2071.555,,no_room,,,,2023-12-27 22:10:00
-1,2023-12-28 10:40:00,2075.595,,no_room,,,,2023-12-28 17:40:00
-1,2023-12-28 12:00:00,2074.635,,no_room,,,,2023-12-28 19:00:00
-1,2023-12-28 13:55:00,2074.935,,no_room,,,,2023-12-28 20:55:00
-1,2023-12-29 12:30:00,2066.315,,sl_too_tight,,,,2023-12-29 19:30:00
-1,2023-12-29 13:50:00,2062.875,,sl_too_tight,,,,2023-12-29 20:50:00
1,2024-01-02 09:05:00,2074.315,,sl_too_tight,,,,2024-01-02 16:05:00
-1,2024-01-02 15:35:00,2063.875,,no_room,,,,2024-01-02 22:35:00
-1,2024-01-03 09:10:00,2058.805,,sl_too_tight,,,,2024-01-03 16:10:00
-1,2024-01-03 10:25:00,2054.235,,sl_too_tight,,,,2024-01-03 17:25:00
-1,2024-01-03 11:20:00,2052.525,,no_room,,,,2024-01-03 18:20:00
-1,2024-01-03 13:45:00,2041.315,,no_room,,,,2024-01-03 20:45:00
-1,2024-01-03 14:05:00,2038.645,,no_room,,,,2024-01-03 21:05:00
1,2024-01-04 09:35:00,2049.445,,sl_too_tight,,,,2024-01-04 16:35:00
1,2024-01-04 13:05:00,2046.095,,sl_too_tight,,,,2024-01-04 20:05:00
-1,2024-01-04 14:45:00,2037.305,,no_room,,,,2024-01-04 21:45:00
-1,2024-01-05 09:40:00,2041.578,,sl_too_tight,,,,2024-01-05 16:40:00
-1,2024-01-08 07:20:00,2030.378,,sl_too_tight,,,,2024-01-08 14:20:00
-1,2024-01-08 08:50:00,2027.735,,no_room,,,,2024-01-08 15:50:00
-1,2024-01-08 09:15:00,2027.145,,no_room,,,,2024-01-08 16:15:00
-1,2024-01-08 11:05:00,2026.885,,sl_too_tight,,,,2024-01-08 18:05:00
1,2024-01-09 09:30:00,2034.985,,sl_too_tight,,,,2024-01-09 16:30:00
1,2024-01-09 10:15:00,2036.965,,no_room,,,,2024-01-09 17:15:00
1,2024-01-09 12:15:00,2035.438,,sl_too_tight,,,,2024-01-09 19:15:00
1,2024-01-10 10:00:00,2036.035,,sl_too_tight,,,,2024-01-10 17:00:00
1,2024-01-12 10:25:00,2039.995,,sl_too_tight,,,,2024-01-12 17:25:00
1,2024-01-12 12:00:00,2046.475,,no_room,,,,2024-01-12 19:00:00
1,2024-01-12 13:35:00,2053.625,,no_room,,,,2024-01-12 20:35:00
1,2024-01-12 14:30:00,2059.155,,no_room,,,,2024-01-12 21:30:00
-1,2024-01-15 10:25:00,2052.855,,sl_too_tight,,,,2024-01-15 17:25:00
-1,2024-01-16 09:05:00,2042.025,,no_room,,,,2024-01-16 16:05:00
-1,2024-01-16 12:10:00,2038.124,,sl_too_tight,,,,2024-01-16 19:10:00
-1,2024-01-16 13:10:00,2035.535,,no_room,,,,2024-01-16 20:10:00
-1,2024-01-17 08:35:00,2023.838,,sl_too_tight,,,,2024-01-17 15:35:00
-1,2024-01-17 13:30:00,2023.595,,no_room,,,,2024-01-17 20:30:00
-1,2024-01-17 14:15:00,2018.845,,no_room,,,,2024-01-17 21:15:00
-1,2024-01-17 14:55:00,2015.665,,no_room,,,,2024-01-17 21:55:00
1,2024-01-18 11:20:00,2012.125,,sl_too_tight,,,,2024-01-18 18:20:00
1,2024-01-18 15:35:00,2014.588,,no_room,,,,2024-01-18 22:35:00
-1,2024-01-19 15:05:00,2026.325,,no_room,,,,2024-01-19 22:05:00
1,2024-01-22 08:25:00,2024.165,,no_room,,,,2024-01-22 15:25:00
1,2024-01-22 10:20:00,2023.855,,sl_too_tight,,,,2024-01-22 17:20:00
1,2024-01-22 11:35:00,2024.445,,sl_too_tight,,,,2024-01-22 18:35:00
-1,2024-01-23 10:45:00,2025.935,,no_room,,,,2024-01-23 17:45:00
-1,2024-01-23 11:25:00,2023.498,,sl_too_tight,,,,2024-01-23 18:25:00
-1,2024-01-23 13:50:00,2025.135,,no_room,,,,2024-01-23 20:50:00
1,2024-01-24 09:05:00,2032.175,,no_room,,,,2024-01-24 16:05:00
1,2024-01-24 10:55:00,2032.215,,no_room,,,,2024-01-24 17:55:00
1,2024-01-24 11:50:00,2033.115,,no_room,,,,2024-01-24 18:50:00
1,2024-01-24 13:15:00,2034.158,,sl_too_tight,,,,2024-01-24 20:15:00
-1,2024-01-24 15:30:00,2019.055,,no_room,,,,2024-01-24 22:30:00
-1,2024-01-29 15:25:00,2021.525,,no_room,,,,2024-01-29 22:25:00
-1,2024-01-30 13:10:00,2033.535,,sl_too_tight,,,,2024-01-30 20:10:00
1,2024-02-01 15:40:00,2050.715,,no_room,,,,2024-02-01 22:40:00
-1,2024-02-05 08:00:00,2026.654,,no_room,,,,2024-02-05 15:00:00
-1,2024-02-05 09:20:00,2022.265,,sl_too_tight,,,,2024-02-05 16:20:00
-1,2024-02-05 13:50:00,2016.325,,no_room,,,,2024-02-05 20:50:00
-1,2024-02-05 15:40:00,2017.425,,no_room,,,,2024-02-05 22:40:00
1,2024-02-06 14:50:00,2031.125,,no_room,,,,2024-02-06 21:50:00
1,2024-02-06 15:05:00,2032.935,,no_room,,,,2024-02-06 22:05:00
1,2024-02-07 14:40:00,2037.965,,no_room,,,,2024-02-07 21:40:00
-1,2024-02-08 12:30:00,2026.275,,no_room,,,,2024-02-08 19:30:00
-1,2024-02-08 13:00:00,2023.855,,no_room,,,,2024-02-08 20:00:00
-1,2024-02-08 13:40:00,2023.065,,sl_too_tight,,,,2024-02-08 20:40:00
-1,2024-02-09 14:20:00,2025.185,,no_room,,,,2024-02-09 21:20:00
-1,2024-02-09 15:20:00,2022.828,,no_room,,,,2024-02-09 22:20:00
-1,2024-02-12 15:40:00,2013.365,,no_room,,,,2024-02-12 22:40:00
-1,2024-02-13 14:30:00,2000.035,,no_room,,,,2024-02-13 21:30:00
-1,2024-02-14 11:25:00,1991.755,,sl_too_tight,,,,2024-02-14 18:25:00
-1,2024-02-14 13:55:00,1989.175,,no_room,,,,2024-02-14 20:55:00
-1,2024-02-14 14:50:00,1988.765,,no_room,,,,2024-02-14 21:50:00
1,2024-02-15 14:25:00,2003.745,,no_room,,,,2024-02-15 21:25:00
-1,2024-02-16 14:50:00,1996.055,,no_room,,,,2024-02-16 21:50:00
1,2024-02-22 10:25:00,2030.805,,sl_too_tight,,,,2024-02-22 17:25:00
-1,2024-02-22 14:30:00,2023.985,,no_room,,,,2024-02-22 21:30:00
-1,2024-02-22 15:15:00,2021.825,,no_room,,,,2024-02-22 22:15:00
-1,2024-02-23 09:40:00,2016.775,,no_room,,,,2024-02-23 16:40:00
1,2024-02-23 13:10:00,2028.345,,no_room,,,,2024-02-23 20:10:00
1,2024-02-23 14:55:00,2026.325,,sl_too_tight,,,,2024-02-23 21:55:00
1,2024-02-23 15:50:00,2028.558,,no_room,,,,2024-02-23 22:50:00
-1,2024-02-26 15:30:00,2025.505,,no_room,,,,2024-02-26 22:30:00
-1,2024-02-27 15:40:00,2033.485,,sl_too_tight,,,,2024-02-27 22:40:00
1,2024-03-01 11:35:00,2055.755,,sl_too_tight,,,,2024-03-01 18:35:00
1,2024-03-01 14:15:00,2054.428,,no_room,,,,2024-03-01 21:15:00
1,2024-03-04 14:15:00,2093.035,2145.135,signal,2080.7499714285714,2117.605057142857,2142.175114285714,2024-03-04 21:15:00
1,2024-03-04 15:20:00,2101.305,2145.135,signal,2093.1783857142855,2117.5582285714286,2133.8114571428573,2024-03-04 22:20:00
1,2024-03-04 15:45:00,2102.835,2145.135,signal,2097.303571428571,2113.897857142858,2124.9607142857158,2024-03-04 22:45:00
1,2024-03-05 08:05:00,2116.465,,sl_too_tight,,,,2024-03-05 15:05:00
1,2024-03-05 09:20:00,2123.275,2145.135,signal,2118.771642857143,2132.2817142857143,2141.2884285714285,2024-03-05 16:20:00
1,2024-03-05 10:05:00,2125.205,2145.135,signal,2122.014192857143,2131.586614285714,2137.968228571428,2024-03-05 17:05:00
1,2024-03-05 13:05:00,2127.085,,no_room,,,,2024-03-05 20:05:00
1,2024-03-05 15:10:00,2133.108,,no_room,,,,2024-03-05 22:10:00
1,2024-03-06 09:50:00,2127.525,,sl_too_tight,,,,2024-03-06 16:50:00
1,2024-03-06 11:15:00,2127.575,,no_room,,,,2024-03-06 18:15:00
1,2024-03-06 12:25:00,2132.905,,no_room,,,,2024-03-06 19:25:00
1,2024-03-06 13:55:00,2137.815,,no_room,,,,2024-03-06 20:55:00
1,2024-03-06 14:30:00,2139.825,,no_room,,,,2024-03-06 21:30:00
1,2024-03-07 07:30:00,2156.505,2161.435,signal,2152.491714285714,2161.311714285714,2166.118428571428,2024-03-07 14:30:00
1,2024-03-07 08:30:00,2158.185,,no_room,,,,2024-03-07 15:30:00
1,2024-03-08 09:50:00,2168.615,,signal,2164.4019357142856,2177.041128571428,2185.4672571428564,2024-03-08 16:50:00
1,2024-03-08 13:30:00,2169.165,,sl_too_tight,,,,2024-03-08 20:30:00
1,2024-03-08 15:30:00,2173.278,2185.305,signal,2164.195007142857,2185.005007142857,2196.732014285714,2024-03-08 22:30:00
1,2024-03-08 15:55:00,2175.745,2185.305,signal,2167.567328571429,2185.0773285714286,2194.409657142857,2024-03-08 22:55:00
1,2024-03-11 09:45:00,2179.725,,no_room,,,,2024-03-11 16:45:00
1,2024-03-11 11:35:00,2178.785,,sl_too_tight,,,,2024-03-11 18:35:00
1,2024-03-11 13:35:00,2180.535,,no_room,,,,2024-03-11 20:35:00
1,2024-03-11 15:15:00,2183.145,,no_room,,,,2024-03-11 22:15:00
-1,2024-03-12 12:15:00,2170.515,,no_room,,,,2024-03-12 19:15:00
1,2024-03-12 14:30:00,2162.745,,no_room,,,,2024-03-12 21:30:00
1,2024-03-13 13:30:00,2164.805,,no_room,,,,2024-03-13 20:30:00
1,2024-03-13 15:00:00,2168.998,,no_room,,,,2024-03-13 22:00:00
-1,2024-03-14 15:15:00,2157.595,,no_room,,,,2024-03-14 22:15:00
1,2024-03-15 08:50:00,2168.865,,no_room,,,,2024-03-15 15:50:00
1,2024-03-15 09:50:00,2169.818,,sl_too_tight,,,,2024-03-15 16:50:00
-1,2024-03-15 13:40:00,2157.475,,no_room,,,,2024-03-15 20:40:00
-1,2024-03-15 15:30:00,2160.645,,no_room,,,,2024-03-15 22:30:00
1,2024-03-18 15:25:00,2160.398,,no_room,,,,2024-03-18 22:25:00
-1,2024-03-19 08:05:00,2154.065,,no_room,,,,2024-03-19 15:05:00
1,2024-03-19 12:10:00,2156.265,,no_room,,,,2024-03-19 19:10:00
1,2024-03-19 12:40:00,2156.905,,sl_too_tight,,,,2024-03-19 19:40:00
1,2024-03-21 07:25:00,2209.445,,no_room,,,,2024-03-21 14:25:00
1,2024-03-21 12:05:00,2208.185,,no_room,,,,2024-03-21 19:05:00
-1,2024-03-21 15:00:00,2175.525,,no_room,,,,2024-03-21 22:00:00
-1,2024-03-21 15:25:00,2168.585,,no_room,,,,2024-03-21 22:25:00
-1,2024-03-22 11:45:00,2165.745,,sl_too_tight,,,,2024-03-22 18:45:00
1,2024-03-22 12:10:00,2168.555,,no_room,,,,2024-03-22 19:10:00
1,2024-03-22 13:45:00,2176.005,,no_room,,,,2024-03-22 20:45:00
-1,2024-03-25 08:40:00,2164.965,,no_room,,,,2024-03-25 15:40:00
1,2024-03-25 11:10:00,2171.005,,no_room,,,,2024-03-25 18:10:00
1,2024-03-25 12:00:00,2171.775,,no_room,,,,2024-03-25 19:00:00
1,2024-03-25 13:30:00,2176.935,,no_room,,,,2024-03-25 20:30:00
1,2024-03-26 09:00:00,2179.145,,no_room,,,,2024-03-26 16:00:00
1,2024-03-26 10:50:00,2195.155,,no_room,,,,2024-03-26 17:50:00
-1,2024-03-26 15:35:00,2174.615,,no_room,,,,2024-03-26 22:35:00
1,2024-03-27 09:40:00,2182.585,,no_room,,,,2024-03-27 16:40:00
1,2024-03-27 11:05:00,2194.215,,no_room,,,,2024-03-27 18:05:00
1,2024-03-27 11:20:00,2196.025,,no_room,,,,2024-03-27 18:20:00
1,2024-03-27 13:35:00,2188.035,,no_room,,,,2024-03-27 20:35:00
1,2024-03-27 13:55:00,2193.068,,no_room,,,,2024-03-27 20:55:00
1,2024-03-27 14:50:00,2193.195,,no_room,,,,2024-03-27 21:50:00
1,2024-03-28 08:20:00,2194.245,,no_room,,,,2024-03-28 15:20:00
1,2024-03-28 09:45:00,2197.308,,no_room,,,,2024-03-28 16:45:00
1,2024-03-28 12:05:00,2213.225,2222.875,signal,2206.8562142857145,2222.6462142857144,2232.067428571429,2024-03-28 19:05:00
1,2024-03-28 14:40:00,2210.725,,no_room,,,,2024-03-28 21:40:00
-1,2024-04-01 08:45:00,2256.785,2217.824,signal,2260.225535714286,2249.903928571428,2243.022857142856,2024-04-01 15:45:00
-1,2024-04-01 09:20:00,2255.658,2217.824,signal,2260.2062714285717,2246.5614571428564,2237.464914285713,2024-04-01 16:20:00
-1,2024-04-01 10:45:00,2249.035,2217.824,signal,2253.519357142857,2240.066285714285,2231.0975714285705,2024-04-01 17:45:00
-1,2024-04-01 12:05:00,2245.435,2217.824,signal,2251.0796928571426,2234.1456142857146,2222.8562285714293,2024-04-01 19:05:00
-1,2024-04-01 13:45:00,2243.515,2217.824,signal,2258.069728571428,2218.1357285714284,2192.756457142857,2024-04-01 20:45:00
1,2024-04-02 07:45:00,2256.025,,no_room,,,,2024-04-02 14:45:00
1,2024-04-02 09:25:00,2262.765,,sl_too_tight,,,,2024-04-02 16:25:00
-1,2024-04-03 08:00:00,2270.338,,no_room,,,,2024-04-03 15:00:00
-1,2024-04-03 11:25:00,2271.105,,sl_too_tight,,,,2024-04-03 18:25:00
-1,2024-04-03 12:20:00,2268.715,,no_room,,,,2024-04-03 19:20:00
1,2024-04-03 15:25:00,2284.835,,no_room,,,,2024-04-03 22:25:00
-1,2024-04-04 07:50:00,2292.875,2280.804,signal,2298.207971428571,2282.209057142858,2271.543114285716,2024-04-04 14:50:00
-1,2024-04-04 08:25:00,2291.755,,sl_too_tight,,,,2024-04-04 15:25:00
-1,2024-04-04 11:35:00,2292.478,,sl_too_tight,,,,2024-04-04 18:35:00
-1,2024-04-04 12:40:00,2283.635,,no_room,,,,2024-04-04 19:40:00
1,2024-04-05 09:40:00,2291.685,,no_room,,,,2024-04-05 16:40:00
1,2024-04-05 10:05:00,2293.515,,no_room,,,,2024-04-05 17:05:00
1,2024-04-05 12:25:00,2293.998,,no_room,,,,2024-04-05 19:25:00
1,2024-04-05 13:15:00,2295.855,,no_room,,,,2024-04-05 20:15:00
1,2024-04-05 13:50:00,2299.108,,no_room,,,,2024-04-05 20:50:00
1,2024-04-05 14:10:00,2303.498,,no_room,,,,2024-04-05 21:10:00
1,2024-04-05 15:15:00,2324.588,,signal,2314.590221428571,2344.5835571428584,2364.5791142857165,2024-04-05 22:15:00
1,2024-04-08 08:00:00,2338.835,2353.835,signal,2333.656471428572,2349.1920571428564,2359.5491142857127,2024-04-08 15:00:00
1,2024-04-08 10:20:00,2337.775,,sl_too_tight,,,,2024-04-08 17:20:00
-1,2024-04-08 14:00:00,2325.475,,no_room,,,,2024-04-08 21:00:00
1,2024-04-09 07:10:00,2346.355,,no_room,,,,2024-04-09 14:10:00
1,2024-04-09 08:30:00,2356.115,,signal,2351.039264285714,2366.266471428571,2376.4179428571424,2024-04-09 15:30:00
1,2024-04-09 09:10:00,2359.098,,sl_too_tight,,,,2024-04-09 16:10:00
1,2024-04-09 12:05:00,2355.585,,signal,2349.248192857143,2368.2586142857144,2380.932228571429,2024-04-09 19:05:00
1,2024-04-09 13:45:00,2357.285,,signal,2347.6888785714286,2376.4772428571423,2395.6694857142847,2024-04-09 20:45:00
1,2024-04-09 14:10:00,2360.885,,signal,2352.859114285714,2376.9367714285727,2392.988542857145,2024-04-09 21:10:00
-1,2024-04-09 15:10:00,2345.055,,no_room,,,,2024-04-09 22:10:00
-1,2024-04-09 15:50:00,2343.805,,no_room,,,,2024-04-09 22:50:00
1,2024-04-10 12:25:00,2349.348,2353.835,signal,2346.0328357142857,2353.669835714286,2357.991671428572,2024-04-10 19:25:00
-1,2024-04-10 13:10:00,2328.0,,no_room,,,,2024-04-10 20:10:00
1,2024-04-11 07:20:00,2339.265,,no_room,,,,2024-04-11 14:20:00
-1,2024-04-11 08:45:00,2330.488,,no_room,,,,2024-04-11 15:45:00
-1,2024-04-11 12:10:00,2335.495,,no_room,,,,2024-04-11 19:10:00
-1,2024-04-11 14:15:00,2336.815,,no_room,,,,2024-04-11 21:15:00
1,2024-04-12 07:55:00,2398.775,,signal,2392.429407142857,2411.466185714286,2424.157371428572,2024-04-12 14:55:00
1,2024-04-12 09:50:00,2398.325,,no_room,,,,2024-04-12 16:50:00
1,2024-04-12 13:00:00,2397.435,,no_room,,,,2024-04-12 20:00:00
1,2024-04-12 13:40:00,2399.775,,no_room,,,,2024-04-12 20:40:00
1,2024-04-12 14:50:00,2420.078,,signal,2392.7902785714286,2474.6534428571426,2529.2288857142853,2024-04-12 21:50:00
-1,2024-04-15 08:30:00,2348.885,,no_room,,,,2024-04-15 15:30:00
-1,2024-04-15 12:30:00,2355.438,,no_room,,,,2024-04-15 19:30:00
-1,2024-04-15 13:35:00,2350.804,,no_room,,,,2024-04-15 20:35:00
-1,2024-04-15 14:00:00,2343.015,,no_room,,,,2024-04-15 21:00:00
-1,2024-04-16 07:50:00,2368.695,2351.915,signal,2375.420757142857,2355.2434857142866,2341.791971428573,2024-04-16 14:50:00
-1,2024-04-16 09:25:00,2368.425,2362.844,signal,2371.8922142857145,2363.0012142857145,2357.5774285714288,2024-04-16 16:25:00
-1,2024-04-16 12:20:00,2369.995,2362.844,signal,2375.347021428571,2363.0460214285713,2356.0970428571427,2024-04-16 19:20:00
1,2024-04-16 12:40:00,2375.248,,no_room,,,,2024-04-16 19:40:00
1,2024-04-16 13:25:00,2378.138,,no_room,,,,2024-04-16 20:25:00
-1,2024-04-16 13:55:00,2369.705,,no_room,,,,2024-04-16 20:55:00
1,2024-04-17 13:30:00,2389.525,,no_room,,,,2024-04-17 20:30:00
1,2024-04-18 08:40:00,2380.108,,sl_too_tight,,,,2024-04-18 15:40:00
1,2024-04-18 09:50:00,2380.235,,sl_too_tight,,,,2024-04-18 16:50:00
1,2024-04-18 10:20:00,2380.645,,no_room,,,,2024-04-18 17:20:00
1,2024-04-18 12:05:00,2385.195,,no_room,,,,2024-04-18 19:05:00
1,2024-04-18 13:20:00,2387.965,,no_room,,,,2024-04-18 20:20:00
-1,2024-04-18 14:30:00,2375.295,,no_room,,,,2024-04-18 21:30:00
-1,2024-04-22 10:30:00,2359.445,,sl_too_tight,,,,2024-04-22 17:30:00
-1,2024-04-22 12:50:00,2337.254,,no_room,,,,2024-04-22 19:50:00
-1,2024-04-23 08:30:00,2305.535,,no_room,,,,2024-04-23 15:30:00
1,2024-04-23 13:15:00,2313.495,,no_room,,,,2024-04-23 20:15:00
1,2024-04-23 13:35:00,2316.755,2330.025,signal,2307.8814214285712,2329.6614214285714,2342.5678428571428,2024-04-23 20:35:00
1,2024-04-23 15:15:00,2321.595,2330.025,signal,2313.9198285714283,2329.5998285714286,2337.6046571428574,2024-04-23 22:15:00
-1,2024-04-24 09:15:00,2315.955,,no_room,,,,2024-04-24 16:15:00
-1,2024-04-24 11:15:00,2314.505,,sl_too_tight,,,,2024-04-24 18:15:00
1,2024-04-25 07:45:00,2323.455,,no_room,,,,2024-04-25 14:45:00
1,2024-04-25 10:25:00,2326.368,,sl_too_tight,,,,2024-04-25 17:25:00
1,2024-04-25 10:50:00,2327.255,,no_room,,,,2024-04-25 17:50:00
1,2024-04-25 11:40:00,2330.185,,no_room,,,,2024-04-25 18:40:00
1,2024-04-25 12:50:00,2331.865,,no_room,,,,2024-04-25 19:50:00
1,2024-04-26 07:20:00,2343.045,,no_room,,,,2024-04-26 14:20:00
1,2024-04-26 09:10:00,2350.035,,no_room,,,,2024-04-26 16:10:00
1,2024-04-26 12:30:00,2345.835,,no_room,,,,2024-04-26 19:30:00
1,2024-04-26 15:40:00,2335.635,,no_room,,,,2024-04-26 22:40:00
1,2024-04-29 08:20:00,2337.865,,no_room,,,,2024-04-29 15:20:00
1,2024-04-29 09:40:00,2339.285,,sl_too_tight,,,,2024-04-29 16:40:00
1,2024-04-29 14:05:00,2336.535,,no_room,,,,2024-04-29 21:05:00
1,2024-04-29 14:25:00,2338.258,,no_room,,,,2024-04-29 21:25:00
1,2024-04-29 15:40:00,2337.878,,no_room,,,,2024-04-29 22:40:00
-1,2024-04-30 07:25:00,2318.665,,no_room,,,,2024-04-30 14:25:00
-1,2024-04-30 08:15:00,2315.215,,no_room,,,,2024-04-30 15:15:00
-1,2024-04-30 11:05:00,2314.118,,no_room,,,,2024-04-30 18:05:00
-1,2024-04-30 11:35:00,2312.645,,sl_too_tight,,,,2024-04-30 18:35:00
-1,2024-04-30 12:20:00,2309.435,2304.898,signal,2313.68745,2305.09045,2300.7459000000003,2024-04-30 19:20:00
-1,2024-04-30 13:05:00,2304.515,,no_room,,,,2024-04-30 20:05:00
-1,2024-04-30 14:05:00,2302.745,,no_room,,,,2024-04-30 21:05:00
-1,2024-04-30 14:35:00,2298.645,,no_room,,,,2024-04-30 21:35:00
-1,2024-05-01 07:30:00,2286.295,,no_room,,,,2024-05-01 14:30:00
1,2024-05-01 10:45:00,2292.125,,no_room,,,,2024-05-01 17:45:00
1,2024-05-01 11:25:00,2294.215,,no_room,,,,2024-05-01 18:25:00
1,2024-05-01 12:10:00,2296.975,,no_room,,,,2024-05-01 19:10:00
1,2024-05-01 12:45:00,2298.625,,no_room,,,,2024-05-01 19:45:00
1,2024-05-01 13:25:00,2299.905,,no_room,,,,2024-05-01 20:25:00
1,2024-05-01 14:00:00,2303.085,,no_room,,,,2024-05-01 21:00:00
-1,2024-05-02 07:05:00,2312.535,,no_room,,,,2024-05-02 14:05:00
-1,2024-05-02 08:10:00,2308.025,,no_room,,,,2024-05-02 15:10:00
-1,2024-05-02 08:50:00,2304.178,,no_room,,,,2024-05-02 15:50:00
-1,2024-05-02 09:25:00,2302.914,,no_room,,,,2024-05-02 16:25:00
-1,2024-05-02 10:00:00,2298.678,,no_room,,,,2024-05-02 17:00:00
-1,2024-05-02 12:55:00,2298.115,,no_room,,,,2024-05-02 19:55:00
-1,2024-05-03 10:10:00,2300.025,,no_room,,,,2024-05-03 17:10:00
-1,2024-05-03 10:50:00,2298.764,,no_room,,,,2024-05-03 17:50:00
-1,2024-05-03 11:10:00,2297.855,,sl_too_tight,,,,2024-05-03 18:10:00
-1,2024-05-03 12:20:00,2296.525,,no_room,,,,2024-05-03 19:20:00
1,2024-05-03 15:35:00,2294.848,,no_room,,,,2024-05-03 22:35:00
1,2024-05-06 07:20:00,2314.635,,sl_too_tight,,,,2024-05-06 14:20:00
1,2024-05-06 11:05:00,2320.645,,sl_too_tight,,,,2024-05-06 18:05:00
1,2024-05-06 12:35:00,2319.325,,no_room,,,,2024-05-06 19:35:00
-1,2024-05-07 08:10:00,2317.635,,no_room,,,,2024-05-07 15:10:00
-1,2024-05-07 11:45:00,2313.234,,no_room,,,,2024-05-07 18:45:00
-1,2024-05-07 14:55:00,2317.828,,no_room,,,,2024-05-07 21:55:00
-1,2024-05-07 15:50:00,2313.835,,no_room,,,,2024-05-07 22:50:00
-1,2024-05-08 13:10:00,2312.775,,no_room,,,,2024-05-08 20:10:00
1,2024-05-09 13:50:00,2321.545,,no_room,,,,2024-05-09 20:50:00
1,2024-05-10 08:50:00,2369.158,,sl_too_tight,,,,2024-05-10 15:50:00
1,2024-05-10 10:20:00,2375.285,,no_room,,,,2024-05-10 17:20:00
1,2024-05-10 13:20:00,2369.745,,no_room,,,,2024-05-10 20:20:00
-1,2024-05-13 07:40:00,2347.525,,no_room,,,,2024-05-13 14:40:00
-1,2024-05-13 08:25:00,2346.395,,no_room,,,,2024-05-13 15:25:00
-1,2024-05-13 09:25:00,2341.505,,sl_too_tight,,,,2024-05-13 16:25:00
-1,2024-05-13 11:15:00,2339.888,,no_room,,,,2024-05-13 18:15:00
-1,2024-05-13 13:35:00,2345.125,,no_room,,,,2024-05-13 20:35:00
-1,2024-05-13 15:00:00,2341.0,,no_room,,,,2024-05-13 22:00:00
-1,2024-05-13 15:40:00,2333.788,,no_room,,,,2024-05-13 22:40:00
1,2024-05-14 08:40:00,2340.045,,sl_too_tight,,,,2024-05-14 15:40:00
1,2024-05-14 12:10:00,2346.238,,no_room,,,,2024-05-14 19:10:00
1,2024-05-14 12:50:00,2348.228,,no_room,,,,2024-05-14 19:50:00
1,2024-05-14 13:55:00,2352.395,,no_room,,,,2024-05-14 20:55:00
1,2024-05-15 08:15:00,2364.838,,no_room,,,,2024-05-15 15:15:00
1,2024-05-15 12:30:00,2364.635,,no_room,,,,2024-05-15 19:30:00
-1,2024-05-16 09:25:00,2385.225,,sl_too_tight,,,,2024-05-16 16:25:00
-1,2024-05-16 10:20:00,2383.885,,sl_too_tight,,,,2024-05-16 17:20:00
-1,2024-05-16 12:20:00,2383.045,,no_room,,,,2024-05-16 19:20:00
1,2024-05-17 09:00:00,2384.695,,no_room,,,,2024-05-17 16:00:00
1,2024-05-17 10:30:00,2383.815,,sl_too_tight,,,,2024-05-17 17:30:00
1,2024-05-17 12:45:00,2390.345,,no_room,,,,2024-05-17 19:45:00
1,2024-05-17 14:25:00,2403.435,2417.745,signal,2395.45415,2417.41415,2431.3933,2024-05-17 21:25:00
1,2024-05-20 09:00:00,2441.735,2449.985,signal,2436.6078785714285,2449.7578785714286,2457.780757142857,2024-05-20 16:00:00
-1,2024-05-20 12:05:00,2427.525,2416.415,signal,2436.587814285714,2416.717814285714,2405.9106285714283,2024-05-20 19:05:00
1,2024-05-21 10:45:00,2417.995,,sl_too_tight,,,,2024-05-21 17:45:00
1,2024-05-21 11:55:00,2422.895,,no_room,,,,2024-05-21 18:55:00
1,2024-05-21 15:00:00,2430.815,,no_room,,,,2024-05-21 22:00:00
-1,2024-05-22 08:25:00,2412.074,,no_room,,,,2024-05-22 15:25:00
-1,2024-05-22 11:05:00,2414.265,,sl_too_tight,,,,2024-05-22 18:05:00
-1,2024-05-22 13:05:00,2410.065,,no_room,,,,2024-05-22 20:05:00
-1,2024-05-22 13:35:00,2408.045,,no_room,,,,2024-05-22 20:35:00
-1,2024-05-22 14:05:00,2405.675,,no_room,,,,2024-05-22 21:05:00
-1,2024-05-23 07:30:00,2361.185,,no_room,,,,2024-05-23 14:30:00
-1,2024-05-23 12:30:00,2365.528,,no_room,,,,2024-05-23 19:30:00
-1,2024-05-23 13:45:00,2360.395,,no_room,,,,2024-05-23 20:45:00
-1,2024-05-23 14:15:00,2350.488,,no_room,,,,2024-05-23 21:15:00
-1,2024-05-23 15:25:00,2341.415,,no_room,,,,2024-05-23 22:25:00
1,2024-05-24 07:10:00,2339.465,,no_room,,,,2024-05-24 14:10:00
1,2024-05-24 08:35:00,2338.775,,sl_too_tight,,,,2024-05-24 15:35:00
1,2024-05-24 10:25:00,2343.125,,no_room,,,,2024-05-24 17:25:00
1,2024-05-24 13:05:00,2340.638,,no_room,,,,2024-05-24 20:05:00
-1,2024-05-24 15:25:00,2336.058,,no_room,,,,2024-05-24 22:25:00
-1,2024-05-27 07:35:00,2339.345,,no_room,,,,2024-05-27 14:35:00
1,2024-05-27 13:15:00,2349.734,,no_room,,,,2024-05-27 20:15:00
-1,2024-05-28 08:10:00,2342.585,,sl_too_tight,,,,2024-05-28 15:10:00
1,2024-05-28 13:15:00,2357.025,,no_room,,,,2024-05-28 20:15:00
1,2024-05-28 15:15:00,2356.845,,no_room,,,,2024-05-28 22:15:00
-1,2024-05-29 07:50:00,2350.975,,no_room,,,,2024-05-29 14:50:00
-1,2024-05-29 11:45:00,2342.625,,sl_too_tight,,,,2024-05-29 18:45:00
-1,2024-05-29 12:50:00,2338.438,,no_room,,,,2024-05-29 19:50:00
-1,2024-05-29 15:00:00,2341.565,,no_room,,,,2024-05-29 22:00:00
-1,2024-05-29 15:30:00,2338.905,,no_room,,,,2024-05-29 22:30:00
-1,2024-05-30 09:35:00,2332.805,,no_room,,,,2024-05-30 16:35:00
-1,2024-05-30 10:05:00,2331.535,,no_room,,,,2024-05-30 17:05:00
1,2024-05-30 12:20:00,2338.908,,sl_too_tight,,,,2024-05-30 19:20:00
1,2024-05-30 13:30:00,2345.105,,no_room,,,,2024-05-30 20:30:00
1,2024-06-03 09:55:00,2327.675,,no_room,,,,2024-06-03 16:55:00
1,2024-06-03 10:40:00,2329.128,,no_room,,,,2024-06-03 17:40:00
1,2024-06-03 12:25:00,2330.674,,no_room,,,,2024-06-03 19:25:00
1,2024-06-03 14:00:00,2336.605,,no_room,,,,2024-06-03 21:00:00
1,2024-06-03 14:35:00,2342.475,,no_room,,,,2024-06-03 21:35:00
-1,2024-06-04 10:45:00,2329.675,,no_room,,,,2024-06-04 17:45:00
1,2024-06-04 12:55:00,2334.235,,no_room,,,,2024-06-04 19:55:00
1,2024-06-04 15:10:00,2323.295,,no_room,,,,2024-06-04 22:10:00
1,2024-06-05 08:10:00,2333.365,,no_room,,,,2024-06-05 15:10:00
1,2024-06-05 08:40:00,2334.485,,no_room,,,,2024-06-05 15:40:00
1,2024-06-05 10:35:00,2333.035,,no_room,,,,2024-06-05 17:35:00
1,2024-06-05 12:20:00,2334.785,,no_room,,,,2024-06-05 19:20:00
1,2024-06-05 12:40:00,2337.924,,no_room,,,,2024-06-05 19:40:00
1,2024-06-05 13:55:00,2345.178,,no_room,,,,2024-06-05 20:55:00
1,2024-06-05 14:30:00,2345.828,,no_room,,,,2024-06-05 21:30:00
1,2024-06-05 15:00:00,2350.175,,no_room,,,,2024-06-05 22:00:00
1,2024-06-05 15:35:00,2354.018,,no_room,,,,2024-06-05 22:35:00
-1,2024-06-06 07:40:00,2362.988,,no_room,,,,2024-06-06 14:40:00
-1,2024-06-06 09:30:00,2359.675,,no_room,,,,2024-06-06 16:30:00
-1,2024-06-06 12:00:00,2359.195,,sl_too_tight,,,,2024-06-06 19:00:00
-1,2024-06-06 12:50:00,2356.755,,no_room,,,,2024-06-06 19:50:00
1,2024-06-07 07:10:00,2377.695,,no_room,,,,2024-06-07 14:10:00
-1,2024-06-07 09:15:00,2342.424,,no_room,,,,2024-06-07 16:15:00
-1,2024-06-07 10:55:00,2333.645,,no_room,,,,2024-06-07 17:55:00
-1,2024-06-07 12:30:00,2332.745,,no_room,,,,2024-06-07 19:30:00
-1,2024-06-07 13:45:00,2313.404,,no_room,,,,2024-06-07 20:45:00
-1,2024-06-07 15:25:00,2310.035,,no_room,,,,2024-06-07 22:25:00
-1,2024-06-07 15:50:00,2306.618,,no_room,,,,2024-06-07 22:50:00
-1,2024-06-10 08:50:00,2294.485,,no_room,,,,2024-06-10 15:50:00
1,2024-06-10 15:40:00,2306.095,,no_room,,,,2024-06-10 22:40:00
1,2024-06-11 08:05:00,2305.325,,sl_too_tight,,,,2024-06-11 15:05:00
1,2024-06-11 10:20:00,2307.015,,no_room,,,,2024-06-11 17:20:00
1,2024-06-11 12:00:00,2308.145,,sl_too_tight,,,,2024-06-11 19:00:00
1,2024-06-12 15:25:00,2328.795,,no_room,,,,2024-06-12 22:25:00
1,2024-06-14 07:35:00,2313.248,,no_room,,,,2024-06-14 14:35:00
1,2024-06-14 09:55:00,2321.525,,no_room,,,,2024-06-14 16:55:00
1,2024-06-14 10:45:00,2329.545,,no_room,,,,2024-06-14 17:45:00
1,2024-06-14 11:40:00,2332.565,,no_room,,,,2024-06-14 18:40:00
1,2024-06-14 14:15:00,2332.748,,no_room,,,,2024-06-14 21:15:00
-1,2024-06-17 07:40:00,2316.275,,sl_too_tight,,,,2024-06-17 14:40:00
-1,2024-06-17 12:30:00,2317.695,,sl_too_tight,,,,2024-06-17 19:30:00
-1,2024-06-18 07:40:00,2317.444,,sl_too_tight,,,,2024-06-18 14:40:00
-1,2024-06-18 10:20:00,2310.835,,sl_too_tight,,,,2024-06-18 17:20:00
1,2024-06-18 15:40:00,2327.028,,no_room,,,,2024-06-18 22:40:00
-1,2024-06-19 12:35:00,2325.715,,no_room,,,,2024-06-19 19:35:00
-1,2024-06-19 14:00:00,2327.878,,no_room,,,,2024-06-19 21:00:00
-1,2024-06-20 09:10:00,2332.545,,sl_too_tight,,,,2024-06-20 16:10:00
-1,2024-06-20 12:10:00,2338.105,,no_room,,,,2024-06-20 19:10:00
-1,2024-06-20 12:35:00,2337.345,,no_room,,,,2024-06-20 19:35:00
1,2024-06-21 11:00:00,2363.555,,sl_too_tight,,,,2024-06-21 18:00:00
1,2024-06-21 11:35:00,2365.828,,no_room,,,,2024-06-21 18:35:00
-1,2024-06-21 13:20:00,2359.165,,no_room,,,,2024-06-21 20:20:00
-1,2024-06-21 15:15:00,2328.495,,no_room,,,,2024-06-21 22:15:00
1,2024-06-24 11:30:00,2326.588,,sl_too_tight,,,,2024-06-24 18:30:00
1,2024-06-24 13:10:00,2327.935,,no_room,,,,2024-06-24 20:10:00
1,2024-06-24 14:30:00,2331.445,,no_room,,,,2024-06-24 21:30:00
1,2024-06-25 08:45:00,2327.365,,no_room,,,,2024-06-25 15:45:00
1,2024-06-25 10:05:00,2333.945,,no_room,,,,2024-06-25 17:05:00
-1,2024-06-25 15:30:00,2319.375,,no_room,,,,2024-06-25 22:30:00
-1,2024-06-26 10:00:00,2315.955,,sl_too_tight,,,,2024-06-26 17:00:00
-1,2024-06-26 11:00:00,2307.598,,no_room,,,,2024-06-26 18:00:00
-1,2024-06-26 11:25:00,2305.688,,no_room,,,,2024-06-26 18:25:00
-1,2024-06-26 13:10:00,2304.265,,no_room,,,,2024-06-26 20:10:00
1,2024-06-27 08:00:00,2302.325,,sl_too_tight,,,,2024-06-27 15:00:00
1,2024-06-27 10:05:00,2313.345,,no_room,,,,2024-06-27 17:05:00
1,2024-06-27 10:55:00,2314.978,,no_room,,,,2024-06-27 17:55:00
1,2024-06-27 11:50:00,2315.905,,sl_too_tight,,,,2024-06-27 18:50:00
1,2024-06-27 12:35:00,2320.215,,no_room,,,,2024-06-27 19:35:00
1,2024-06-27 14:00:00,2324.808,,no_room,,,,2024-06-27 21:00:00
1,2024-06-28 10:15:00,2331.825,,no_room,,,,2024-06-28 17:15:00
-1,2024-07-01 07:55:00,2323.825,,no_room,,,,2024-07-01 14:55:00
1,2024-07-01 10:15:00,2329.368,,no_room,,,,2024-07-01 17:15:00
1,2024-07-01 10:35:00,2330.075,,sl_too_tight,,,,2024-07-01 17:35:00
-1,2024-07-02 09:30:00,2328.305,,no_room,,,,2024-07-02 16:30:00
-1,2024-07-02 11:40:00,2322.384,,no_room,,,,2024-07-02 18:40:00
1,2024-07-02 15:10:00,2328.165,,no_room,,,,2024-07-02 22:10:00
-1,2024-07-03 09:30:00,2342.975,,no_room,,,,2024-07-03 16:30:00
1,2024-07-03 12:30:00,2349.418,,no_room,,,,2024-07-03 19:30:00
1,2024-07-03 13:35:00,2353.025,,no_room,,,,2024-07-03 20:35:00
1,2024-07-03 14:45:00,2364.148,,no_room,,,,2024-07-03 21:45:00
1,2024-07-05 13:10:00,2376.025,,no_room,,,,2024-07-05 20:10:00
1,2024-07-05 13:40:00,2380.035,,no_room,,,,2024-07-05 20:40:00
1,2024-07-05 15:15:00,2384.315,,no_room,,,,2024-07-05 22:15:00
-1,2024-07-08 08:30:00,2376.538,,no_room,,,,2024-07-08 15:30:00
-1,2024-07-08 09:45:00,2370.525,,no_room,,,,2024-07-08 16:45:00
-1,2024-07-08 12:30:00,2374.195,,sl_too_tight,,,,2024-07-08 19:30:00
-1,2024-07-08 13:45:00,2370.985,,no_room,,,,2024-07-08 20:45:00
-1,2024-07-09 12:35:00,2357.455,,no_room,,,,2024-07-09 19:35:00
-1,2024-07-09 14:55:00,2356.545,,no_room,,,,2024-07-09 21:55:00
1,2024-07-10 13:45:00,2381.698,,no_room,,,,2024-07-10 20:45:00
1,2024-07-11 09:05:00,2382.765,,no_room,,,,2024-07-11 16:05:00
1,2024-07-11 11:20:00,2382.375,,sl_too_tight,,,,2024-07-11 18:20:00
1,2024-07-11 13:20:00,2409.588,,no_room,,,,2024-07-11 20:20:00
1,2024-07-11 14:45:00,2411.778,,no_room,,,,2024-07-11 21:45:00
-1,2024-07-12 10:05:00,2403.045,,no_room,,,,2024-07-12 17:05:00
-1,2024-07-12 11:00:00,2399.818,2393.245,signal,2402.997835714286,2393.458328571429,2387.0986571428575,2024-07-12 18:00:00
-1,2024-07-12 12:30:00,2400.335,,sl_too_tight,,,,2024-07-12 19:30:00
1,2024-07-12 15:05:00,2410.788,,no_room,,,,2024-07-12 22:05:00
1,2024-07-15 13:55:00,2417.155,,no_room,,,,2024-07-15 20:55:00
1,2024-07-15 14:25:00,2423.205,,no_room,,,,2024-07-15 21:25:00
1,2024-07-15 15:25:00,2435.898,,no_room,,,,2024-07-15 22:25:00
1,2024-07-16 09:15:00,2438.408,,no_room,,,,2024-07-16 16:15:00
1,2024-07-16 12:20:00,2442.325,,no_room,,,,2024-07-16 19:20:00
1,2024-07-16 13:40:00,2443.915,,no_room,,,,2024-07-16 20:40:00
1,2024-07-16 14:30:00,2447.865,,no_room,,,,2024-07-16 21:30:00
-1,2024-07-17 09:25:00,2471.385,,no_room,,,,2024-07-17 16:25:00
-1,2024-07-17 10:35:00,2472.505,2466.135,signal,2475.5189499999997,2466.477100000001,2460.449200000002,2024-07-17 17:35:00
1,2024-07-17 13:55:00,2480.375,,no_room,,,,2024-07-17 20:55:00
-1,2024-07-17 14:55:00,2463.755,,no_room,,,,2024-07-17 21:55:00
1,2024-07-18 07:00:00,2472.095,,no_room,,,,2024-07-18 14:00:00
-1,2024-07-18 13:10:00,2462.485,,no_room,,,,2024-07-18 20:10:00
-1,2024-07-19 07:40:00,2416.575,,no_room,,,,2024-07-19 14:40:00
-1,2024-07-19 09:20:00,2418.365,,no_room,,,,2024-07-19 16:20:00
-1,2024-07-19 10:05:00,2414.638,,no_room,,,,2024-07-19 17:05:00
-1,2024-07-19 11:50:00,2410.315,,no_room,,,,2024-07-19 18:50:00
-1,2024-07-19 12:30:00,2405.335,,no_room,,,,2024-07-19 19:30:00
-1,2024-07-19 14:50:00,2399.355,,no_room,,,,2024-07-19 21:50:00
-1,2024-07-22 08:10:00,2401.205,,no_room,,,,2024-07-22 15:10:00
-1,2024-07-22 11:20:00,2403.545,,no_room,,,,2024-07-22 18:20:00
-1,2024-07-22 14:20:00,2391.235,,no_room,,,,2024-07-22 21:20:00
1,2024-07-23 09:15:00,2407.005,,no_room,,,,2024-07-23 16:15:00
1,2024-07-23 10:00:00,2407.725,,no_room,,,,2024-07-23 17:00:00
1,2024-07-23 11:15:00,2408.128,,sl_too_tight,,,,2024-07-23 18:15:00
1,2024-07-23 14:30:00,2404.308,,no_room,,,,2024-07-23 21:30:00
1,2024-07-23 15:40:00,2406.368,,no_room,,,,2024-07-23 22:40:00
-1,2024-07-24 08:40:00,2411.785,,sl_too_tight,,,,2024-07-24 15:40:00
-1,2024-07-24 11:15:00,2412.065,,no_room,,,,2024-07-24 18:15:00
1,2024-07-24 12:50:00,2420.315,,no_room,,,,2024-07-24 19:50:00
1,2024-07-24 13:35:00,2422.935,,no_room,,,,2024-07-24 20:35:00
1,2024-07-24 14:50:00,2427.795,,no_room,,,,2024-07-24 21:50:00
-1,2024-07-25 07:05:00,2368.935,,no_room,,,,2024-07-25 14:05:00
-1,2024-07-25 09:20:00,2371.915,,no_room,,,,2024-07-25 16:20:00
-1,2024-07-25 13:50:00,2363.794,,no_room,,,,2024-07-25 20:50:00
-1,2024-07-25 15:45:00,2362.805,,no_room,,,,2024-07-25 22:45:00
1,2024-07-26 08:00:00,2371.695,,no_room,,,,2024-07-26 15:00:00
1,2024-07-26 09:05:00,2373.725,,no_room,,,,2024-07-26 16:05:00
1,2024-07-26 10:40:00,2374.078,,sl_too_tight,,,,2024-07-26 17:40:00
1,2024-07-26 12:35:00,2376.444,,no_room,,,,2024-07-26 19:35:00
1,2024-07-26 13:30:00,2379.475,,no_room,,,,2024-07-26 20:30:00
-1,2024-07-29 07:10:00,2390.065,,no_room,,,,2024-07-29 14:10:00
-1,2024-07-29 08:20:00,2389.355,,no_room,,,,2024-07-29 15:20:00
-1,2024-07-29 11:00:00,2392.185,,no_room,,,,2024-07-29 18:00:00
-1,2024-07-29 13:45:00,2391.778,,no_room,,,,2024-07-29 20:45:00
-1,2024-07-29 14:15:00,2389.755,,no_room,,,,2024-07-29 21:15:00
-1,2024-07-29 15:10:00,2379.965,,no_room,,,,2024-07-29 22:10:00
1,2024-07-31 08:40:00,2418.455,,sl_too_tight,,,,2024-07-31 15:40:00
1,2024-07-31 11:35:00,2420.968,,no_room,,,,2024-07-31 18:35:00
1,2024-07-31 13:30:00,2421.585,,no_room,,,,2024-07-31 20:30:00
-1,2024-08-01 07:00:00,2443.904,,no_room,,,,2024-08-01 14:00:00
-1,2024-08-01 07:45:00,2441.468,,no_room,,,,2024-08-01 14:45:00
1,2024-08-01 13:30:00,2454.715,,no_room,,,,2024-08-01 20:30:00
1,2024-08-01 14:00:00,2457.225,,no_room,,,,2024-08-01 21:00:00
1,2024-08-02 08:25:00,2464.395,,no_room,,,,2024-08-02 15:25:00
1,2024-08-02 10:20:00,2463.975,,no_room,,,,2024-08-02 17:20:00
-1,2024-08-02 12:10:00,2457.485,,no_room,,,,2024-08-02 19:10:00
1,2024-08-02 14:00:00,2471.288,,no_room,,,,2024-08-02 21:00:00
1,2024-08-02 15:50:00,2428.875,,no_room,,,,2024-08-02 22:50:00
1,2024-08-05 07:15:00,2432.355,,no_room,,,,2024-08-05 14:15:00
-1,2024-08-05 10:40:00,2418.625,,no_room,,,,2024-08-05 17:40:00
-1,2024-08-05 12:20:00,2383.105,,no_room,,,,2024-08-05 19:20:00
1,2024-08-06 09:35:00,2413.775,,no_room,,,,2024-08-06 16:35:00
-1,2024-08-06 14:35:00,2390.235,,no_room,,,,2024-08-06 21:35:00
-1,2024-08-06 15:05:00,2386.195,,no_room,,,,2024-08-06 22:05:00
1,2024-08-07 09:00:00,2393.425,,no_room,,,,2024-08-07 16:00:00
1,2024-08-07 09:45:00,2395.655,,no_room,,,,2024-08-07 16:45:00
1,2024-08-07 10:35:00,2396.585,,no_room,,,,2024-08-07 17:35:00
1,2024-08-07 11:30:00,2397.998,,sl_too_tight,,,,2024-08-07 18:30:00
1,2024-08-07 11:50:00,2398.565,,no_room,,,,2024-08-07 18:50:00
1,2024-08-07 12:45:00,2403.945,,no_room,,,,2024-08-07 19:45:00
1,2024-08-07 14:25:00,2401.405,,no_room,,,,2024-08-07 21:25:00
1,2024-08-08 10:20:00,2398.865,,no_room,,,,2024-08-08 17:20:00
1,2024-08-08 11:45:00,2412.535,,no_room,,,,2024-08-08 18:45:00
1,2024-08-08 12:25:00,2413.475,,no_room,,,,2024-08-08 19:25:00
1,2024-08-08 14:10:00,2415.355,,no_room,,,,2024-08-08 21:10:00
1,2024-08-09 10:30:00,2425.185,,sl_too_tight,,,,2024-08-09 17:30:00
1,2024-08-09 12:40:00,2428.135,,no_room,,,,2024-08-09 19:40:00
1,2024-08-09 14:30:00,2433.008,,no_room,,,,2024-08-09 21:30:00
1,2024-08-09 15:40:00,2430.255,,no_room,,,,2024-08-09 22:40:00
1,2024-08-12 08:50:00,2442.745,,no_room,,,,2024-08-12 15:50:00
1,2024-08-12 10:35:00,2443.225,,sl_too_tight,,,,2024-08-12 17:35:00
1,2024-08-12 15:05:00,2455.365,,no_room,,,,2024-08-12 22:05:00
-1,2024-08-13 08:35:00,2460.408,,no_room,,,,2024-08-13 15:35:00
1,2024-08-13 13:40:00,2471.455,,no_room,,,,2024-08-13 20:40:00
1,2024-08-14 10:50:00,2474.285,,no_room,,,,2024-08-14 17:50:00
-1,2024-08-14 13:15:00,2463.655,,no_room,,,,2024-08-14 20:15:00
-1,2024-08-14 14:30:00,2451.765,,no_room,,,,2024-08-14 21:30:00
-1,2024-08-14 15:30:00,2446.865,,no_room,,,,2024-08-14 22:30:00
1,2024-08-16 10:10:00,2464.215,,no_room,,,,2024-08-16 17:10:00
1,2024-08-16 11:10:00,2468.078,,no_room,,,,2024-08-16 18:10:00
1,2024-08-16 11:55:00,2471.095,,no_room,,,,2024-08-16 18:55:00
1,2024-08-16 12:30:00,2474.595,,no_room,,,,2024-08-16 19:30:00
1,2024-08-16 13:35:00,2492.485,,signal,2483.0403285714287,2511.374342857143,2530.2636857142857,2024-08-16 20:35:00
1,2024-08-16 15:55:00,2490.555,2500.045,signal,2485.32095,2499.81795,2509.0809000000004,2024-08-16 22:55:00
-1,2024-08-19 07:30:00,2501.125,,no_room,,,,2024-08-19 14:30:00
-1,2024-08-19 12:30:00,2492.045,2477.315,signal,2495.5648071428573,2485.0053857142857,2477.9657714285713,2024-08-19 19:30:00
-1,2024-08-19 13:35:00,2487.348,,no_room,,,,2024-08-19 20:35:00
1,2024-08-19 14:30:00,2499.555,,no_room,,,,2024-08-19 21:30:00
1,2024-08-20 08:45:00,2521.405,,signal,2514.3378214285717,2535.539357142857,2549.673714285714,2024-08-20 15:45:00
1,2024-08-20 09:10:00,2522.945,,signal,2514.4026142857147,2540.029771428571,2557.114542857142,2024-08-20 16:10:00
1,2024-08-20 11:20:00,2524.445,,no_room,,,,2024-08-20 18:20:00
1,2024-08-20 11:55:00,2526.055,,signal,2522.9466357142855,2532.2717285714284,2538.488457142857,2024-08-20 18:55:00
-1,2024-08-21 08:55:00,2507.345,,no_room,,,,2024-08-21 15:55:00
-1,2024-08-21 12:35:00,2509.518,2504.345,signal,2513.7540642857143,2504.514064285714,2499.510128571428,2024-08-21 19:35:00
-1,2024-08-21 13:25:00,2506.975,,no_room,,,,2024-08-21 20:25:00
-1,2024-08-22 08:15:00,2504.325,,no_room,,,,2024-08-22 15:15:00
-1,2024-08-22 09:00:00,2502.355,,no_room,,,,2024-08-22 16:00:00
-1,2024-08-22 10:55:00,2506.035,,no_room,,,,2024-08-22 17:55:00
-1,2024-08-22 12:05:00,2497.895,,no_room,,,,2024-08-22 19:05:00
-1,2024-08-22 13:20:00,2495.015,,no_room,,,,2024-08-22 20:20:00
1,2024-08-23 14:00:00,2503.765,,no_room,,,,2024-08-23 21:00:00
1,2024-08-26 08:40:00,2525.025,,no_room,,,,2024-08-26 15:40:00
-1,2024-08-27 07:25:00,2512.624,,no_room,,,,2024-08-27 14:25:00
-1,2024-08-27 09:45:00,2509.185,,no_room,,,,2024-08-27 16:45:00
-1,2024-08-27 13:10:00,2507.615,,no_room,,,,2024-08-27 20:10:00
-1,2024-08-28 08:05:00,2507.415,,no_room,,,,2024-08-28 15:05:00
-1,2024-08-28 11:55:00,2501.655,,no_room,,,,2024-08-28 18:55:00
1,2024-08-29 09:30:00,2518.258,,sl_too_tight,,,,2024-08-29 16:30:00
1,2024-08-30 08:05:00,2521.158,,sl_too_tight,,,,2024-08-30 15:05:00
1,2024-08-30 12:15:00,2521.395,,no_room,,,,2024-08-30 19:15:00
-1,2024-08-30 14:25:00,2511.318,,no_room,,,,2024-08-30 21:25:00
-1,2024-08-30 15:05:00,2506.335,,no_room,,,,2024-08-30 22:05:00
-1,2024-08-30 15:45:00,2503.025,,no_room,,,,2024-08-30 22:45:00
1,2024-09-02 08:00:00,2499.425,,no_room,,,,2024-09-02 15:00:00
1,2024-09-02 08:35:00,2501.175,,no_room,,,,2024-09-02 15:35:00
1,2024-09-02 11:50:00,2499.775,,sl_too_tight,,,,2024-09-02 18:50:00
-1,2024-09-03 11:40:00,2492.545,,no_room,,,,2024-09-03 18:40:00
-1,2024-09-03 13:15:00,2492.295,,no_room,,,,2024-09-03 20:15:00
-1,2024-09-03 14:15:00,2475.375,,no_room,,,,2024-09-03 21:15:00
-1,2024-09-04 07:55:00,2483.555,,no_room,,,,2024-09-04 14:55:00
-1,2024-09-04 13:45:00,2485.024,,no_room,,,,2024-09-04 20:45:00
1,2024-09-04 14:45:00,2499.274,,no_room,,,,2024-09-04 21:45:00
1,2024-09-05 11:00:00,2516.815,,no_room,,,,2024-09-05 18:00:00
1,2024-09-05 14:15:00,2519.255,,no_room,,,,2024-09-05 21:15:00
-1,2024-09-05 15:05:00,2507.535,,no_room,,,,2024-09-05 22:05:00
1,2024-09-06 14:40:00,2510.075,,no_room,,,,2024-09-06 21:40:00
-1,2024-09-09 08:20:00,2490.885,,no_room,,,,2024-09-09 15:20:00
1,2024-09-09 15:45:00,2497.855,,no_room,,,,2024-09-09 22:45:00
1,2024-09-10 15:40:00,2515.268,,no_room,,,,2024-09-10 22:40:00
1,2024-09-11 08:40:00,2524.238,,no_room,,,,2024-09-11 15:40:00
1,2024-09-12 13:35:00,2542.308,,signal,2521.3860642857144,2584.151871428571,2625.9957428571424,2024-09-12 20:35:00
1,2024-09-12 14:45:00,2550.335,,signal,2541.2726000000002,2568.4597999999996,2586.584599999999,2024-09-12 21:45:00
1,2024-09-13 07:45:00,2568.835,,no_room,,,,2024-09-13 14:45:00
1,2024-09-13 09:25:00,2570.555,,no_room,,,,2024-09-13 16:25:00
1,2024-09-13 11:10:00,2567.775,,sl_too_tight,,,,2024-09-13 18:10:00
1,2024-09-13 12:20:00,2567.895,,sl_too_tight,,,,2024-09-13 19:20:00
1,2024-09-13 15:50:00,2580.025,,no_room,,,,2024-09-13 22:50:00
-1,2024-09-16 14:15:00,2581.115,,no_room,,,,2024-09-16 21:15:00
-1,2024-09-17 09:55:00,2573.865,,no_room,,,,2024-09-17 16:55:00
-1,2024-09-17 10:30:00,2571.615,2563.584,signal,2576.1868642857144,2563.7758642857143,2555.936728571429,2024-09-17 17:30:00
-1,2024-09-17 12:35:00,2569.645,,no_room,,,,2024-09-17 19:35:00
-1,2024-09-17 14:40:00,2572.955,,no_room,,,,2024-09-17 21:40:00
-1,2024-09-17 15:20:00,2571.614,,no_room,,,,2024-09-17 22:20:00
1,2024-09-19 07:15:00,2578.665,,no_room,,,,2024-09-19 14:15:00
1,2024-09-19 09:00:00,2584.984,,no_room,,,,2024-09-19 16:00:00
1,2024-09-19 09:15:00,2586.445,,no_room,,,,2024-09-19 16:15:00
1,2024-09-19 11:55:00,2589.275,,no_room,,,,2024-09-19 18:55:00
1,2024-09-20 10:30:00,2608.748,,no_room,,,,2024-09-20 17:30:00
1,2024-09-20 12:10:00,2615.318,,signal,2609.9207928571427,2626.112414285715,2636.90682857143,2024-09-20 19:10:00
1,2024-09-20 15:35:00,2618.358,,no_room,,,,2024-09-20 22:35:00
1,2024-09-23 14:25:00,2634.108,,signal,2625.6271642857146,2651.0696714285714,2668.0313428571426,2024-09-23 21:25:00
1,2024-09-24 09:45:00,2629.835,,sl_too_tight,,,,2024-09-24 16:45:00
1,2024-09-24 12:50:00,2629.858,,no_room,,,,2024-09-24 19:50:00
1,2024-09-24 14:05:00,2637.168,,no_room,,,,2024-09-24 21:05:00
-1,2024-09-25 09:00:00,2654.575,,no_room,,,,2024-09-25 16:00:00
1,2024-09-25 13:35:00,2664.935,,no_room,,,,2024-09-25 20:35:00
1,2024-09-26 10:40:00,2673.515,,signal,2667.1115285714286,2686.3219428571424,2699.128885714285,2024-09-26 17:40:00
1,2024-09-26 15:20:00,2669.408,,no_room,,,,2024-09-26 22:20:00
-1,2024-09-27 07:25:00,2663.915,,no_room,,,,2024-09-27 14:25:00
-1,2024-09-27 08:40:00,2662.555,,no_room,,,,2024-09-27 15:40:00
-1,2024-09-27 13:25:00,2666.234,,no_room,,,,2024-09-27 20:25:00
-1,2024-09-27 14:45:00,2657.598,,no_room,,,,2024-09-27 21:45:00
-1,2024-09-30 13:40:00,2634.738,,no_room,,,,2024-09-30 20:40:00
1,2024-10-01 13:30:00,2656.555,,no_room,,,,2024-10-01 20:30:00
-1,2024-10-02 08:10:00,2651.895,,no_room,,,,2024-10-02 15:10:00
-1,2024-10-02 10:35:00,2651.755,,sl_too_tight,,,,2024-10-02 17:35:00
-1,2024-10-02 12:25:00,2647.845,,no_room,,,,2024-10-02 19:25:00
1,2024-10-02 13:50:00,2659.515,,no_room,,,,2024-10-02 20:50:00
-1,2024-10-03 08:20:00,2643.304,,no_room,,,,2024-10-03 15:20:00
-1,2024-10-03 12:40:00,2646.685,,no_room,,,,2024-10-03 19:40:00
-1,2024-10-04 12:50:00,2637.445,,no_room,,,,2024-10-04 19:50:00
1,2024-10-07 09:40:00,2652.875,,sl_too_tight,,,,2024-10-07 16:40:00
1,2024-10-07 15:30:00,2647.655,,no_room,,,,2024-10-07 22:30:00
1,2024-10-08 11:45:00,2650.495,,no_room,,,,2024-10-08 18:45:00
-1,2024-10-08 15:00:00,2619.708,,no_room,,,,2024-10-08 22:00:00
-1,2024-10-09 11:35:00,2619.095,,no_room,,,,2024-10-09 18:35:00
-1,2024-10-09 12:30:00,2616.845,,no_room,,,,2024-10-09 19:30:00
-1,2024-10-09 13:15:00,2615.248,,no_room,,,,2024-10-09 20:15:00
1,2024-10-11 13:30:00,2649.998,,no_room,,,,2024-10-11 20:30:00
1,2024-10-11 14:30:00,2653.215,,no_room,,,,2024-10-11 21:30:00
1,2024-10-11 15:00:00,2655.188,,no_room,,,,2024-10-11 22:00:00
1,2024-10-14 13:40:00,2654.445,,no_room,,,,2024-10-14 20:40:00
1,2024-10-15 08:10:00,2653.765,,no_room,,,,2024-10-15 15:10:00
1,2024-10-15 10:25:00,2655.425,,no_room,,,,2024-10-15 17:25:00
1,2024-10-15 12:20:00,2653.015,,no_room,,,,2024-10-15 19:20:00
1,2024-10-15 14:05:00,2653.195,,no_room,,,,2024-10-15 21:05:00
1,2024-10-15 14:45:00,2661.815,,no_room,,,,2024-10-15 21:45:00
1,2024-10-15 15:50:00,2664.035,,no_room,,,,2024-10-15 22:50:00
1,2024-10-16 08:30:00,2676.698,,sl_too_tight,,,,2024-10-16 15:30:00
1,2024-10-16 12:45:00,2680.865,,no_room,,,,2024-10-16 19:45:00
-1,2024-10-16 14:45:00,2672.314,,no_room,,,,2024-10-16 21:45:00
1,2024-10-18 08:45:00,2704.845,,sl_too_tight,,,,2024-10-18 15:45:00
1,2024-10-18 12:25:00,2712.975,,no_room,,,,2024-10-18 19:25:00
1,2024-10-21 12:25:00,2737.938,,signal,2732.4447142857143,2748.9245714285717,2759.911142857143,2024-10-21 19:25:00
1,2024-10-22 13:15:00,2737.915,,sl_too_tight,,,,2024-10-22 20:15:00
1,2024-10-22 14:50:00,2740.665,,signal,2733.2871571428573,2755.4206857142854,2770.1763714285707,2024-10-22 21:50:00
-1,2024-10-23 14:10:00,2731.555,,no_room,,,,2024-10-23 21:10:00
-1,2024-10-23 15:10:00,2716.325,,no_room,,,,2024-10-23 22:10:00
1,2024-10-25 14:40:00,2738.405,,no_room,,,,2024-10-25 21:40:00
1,2024-10-25 15:20:00,2740.455,,no_room,,,,2024-10-25 22:20:00
-1,2024-10-28 10:15:00,2728.255,,no_room,,,,2024-10-28 17:15:00
1,2024-10-29 11:50:00,2751.265,,no_room,,,,2024-10-29 18:50:00
1,2024-10-29 13:05:00,2753.715,,no_room,,,,2024-10-29 20:05:00
1,2024-10-29 13:35:00,2757.215,,no_room,,,,2024-10-29 20:35:00
1,2024-10-30 14:45:00,2780.365,,no_room,,,,2024-10-30 21:45:00
1,2024-10-30 15:35:00,2781.635,,no_room,,,,2024-10-30 22:35:00
-1,2024-10-31 12:35:00,2776.578,,no_room,,,,2024-10-31 19:35:00
-1,2024-10-31 14:30:00,2748.0,,no_room,,,,2024-10-31 21:30:00
1,2024-11-01 09:10:00,2754.948,,no_room,,,,2024-11-01 16:10:00
-1,2024-11-01 12:15:00,2751.525,,sl_too_tight,,,,2024-11-01 19:15:00
1,2024-11-01 13:00:00,2759.725,,no_room,,,,2024-11-01 20:00:00
-1,2024-11-04 08:50:00,2733.745,,no_room,,,,2024-11-04 15:50:00
-1,2024-11-04 10:45:00,2739.515,,no_room,,,,2024-11-04 17:45:00
1,2024-11-05 08:50:00,2741.235,,no_room,,,,2024-11-05 15:50:00
1,2024-11-05 11:25:00,2740.348,,no_room,,,,2024-11-05 18:25:00
1,2024-11-05 14:25:00,2746.695,,no_room,,,,2024-11-05 21:25:00
-1,2024-11-06 09:00:00,2723.025,,no_room,,,,2024-11-06 16:00:00
-1,2024-11-06 09:20:00,2721.395,,no_room,,,,2024-11-06 16:20:00
-1,2024-11-06 10:45:00,2722.035,,no_room,,,,2024-11-06 17:45:00
-1,2024-11-06 11:20:00,2718.488,,no_room,,,,2024-11-06 18:20:00
-1,2024-11-06 12:30:00,2695.935,,no_room,,,,2024-11-06 19:30:00
-1,2024-11-06 13:00:00,2693.265,,no_room,,,,2024-11-06 20:00:00
-1,2024-11-06 14:00:00,2658.985,,no_room,,,,2024-11-06 21:00:00
-1,2024-11-06 14:30:00,2656.975,,no_room,,,,2024-11-06 21:30:00
1,2024-11-07 10:15:00,2665.945,,no_room,,,,2024-11-07 17:15:00
1,2024-11-07 12:20:00,2667.964,,no_room,,,,2024-11-07 19:20:00
1,2024-11-08 13:20:00,2692.978,,no_room,,,,2024-11-08 20:20:00
-1,2024-11-11 07:50:00,2669.194,,no_room,,,,2024-11-11 14:50:00
-1,2024-11-11 09:15:00,2667.465,,no_room,,,,2024-11-11 16:15:00
-1,2024-11-11 10:55:00,2663.765,,no_room,,,,2024-11-11 17:55:00
-1,2024-11-11 12:30:00,2658.875,,no_room,,,,2024-11-11 19:30:00
-1,2024-11-11 13:25:00,2652.065,,no_room,,,,2024-11-11 20:25:00
-1,2024-11-11 15:30:00,2617.625,,no_room,,,,2024-11-11 22:30:00
-1,2024-11-12 07:20:00,2603.475,,no_room,,,,2024-11-12 14:20:00
-1,2024-11-12 09:05:00,2595.074,,no_room,,,,2024-11-12 16:05:00
-1,2024-11-12 10:15:00,2591.475,2585.798,signal,2596.512707142857,2586.085707142857,2580.6964142857137,2024-11-12 17:15:00
-1,2024-11-12 15:00:00,2609.725,,no_room,,,,2024-11-12 22:00:00
-1,2024-11-12 15:25:00,2605.055,,no_room,,,,2024-11-12 22:25:00
-1,2024-11-13 10:10:00,2607.695,,no_room,,,,2024-11-13 17:10:00
-1,2024-11-13 11:30:00,2608.095,,no_room,,,,2024-11-13 18:30:00
-1,2024-11-14 07:10:00,2551.765,,no_room,,,,2024-11-14 14:10:00
-1,2024-11-14 09:10:00,2554.795,,no_room,,,,2024-11-14 16:10:00
1,2024-11-14 15:05:00,2565.835,,no_room,,,,2024-11-14 22:05:00
-1,2024-11-15 09:20:00,2565.635,,no_room,,,,2024-11-15 16:20:00
1,2024-11-15 13:10:00,2573.158,,no_room,,,,2024-11-15 20:10:00
1,2024-11-18 08:10:00,2584.545,,no_room,,,,2024-11-18 15:10:00
1,2024-11-18 09:25:00,2589.878,,no_room,,,,2024-11-18 16:25:00
1,2024-11-18 11:20:00,2594.175,,no_room,,,,2024-11-18 18:20:00
1,2024-11-18 13:00:00,2595.045,,no_room,,,,2024-11-18 20:00:00
1,2024-11-18 13:25:00,2598.765,,no_room,,,,2024-11-18 20:25:00
1,2024-11-18 15:15:00,2610.105,,no_room,,,,2024-11-18 22:15:00
1,2024-11-18 15:55:00,2612.248,,no_room,,,,2024-11-18 22:55:00
1,2024-11-19 10:05:00,2634.335,,no_room,,,,2024-11-19 17:05:00
1,2024-11-19 10:40:00,2634.685,,no_room,,,,2024-11-19 17:40:00
1,2024-11-19 12:55:00,2636.375,,no_room,,,,2024-11-19 19:55:00
-1,2024-11-19 14:55:00,2624.215,,no_room,,,,2024-11-19 21:55:00
1,2024-11-20 12:40:00,2630.275,,no_room,,,,2024-11-20 19:40:00
1,2024-11-20 14:20:00,2640.415,,no_room,,,,2024-11-20 21:20:00
1,2024-11-20 15:10:00,2646.265,,no_room,,,,2024-11-20 22:10:00
1,2024-11-20 15:55:00,2648.698,,no_room,,,,2024-11-20 22:55:00
1,2024-11-21 10:35:00,2669.175,,no_room,,,,2024-11-21 17:35:00
1,2024-11-21 11:10:00,2670.205,,no_room,,,,2024-11-21 18:10:00
-1,2024-11-21 12:55:00,2664.385,,no_room,,,,2024-11-21 19:55:00
1,2024-11-22 07:30:00,2693.175,,sl_too_tight,,,,2024-11-22 14:30:00
1,2024-11-22 08:15:00,2698.875,,no_room,,,,2024-11-22 15:15:00
1,2024-11-22 09:30:00,2700.295,,no_room,,,,2024-11-22 16:30:00
1,2024-11-22 10:20:00,2707.315,,no_room,,,,2024-11-22 17:20:00
1,2024-11-22 11:00:00,2708.405,,no_room,,,,2024-11-22 18:00:00
1,2024-11-22 12:40:00,2701.255,,no_room,,,,2024-11-22 19:40:00
-1,2024-11-22 14:25:00,2689.195,,no_room,,,,2024-11-22 21:25:00
1,2024-11-22 15:40:00,2704.805,,no_room,,,,2024-11-22 22:40:00
-1,2024-11-25 10:25:00,2669.745,,no_room,,,,2024-11-25 17:25:00
-1,2024-11-25 14:00:00,2676.595,,no_room,,,,2024-11-25 21:00:00
-1,2024-11-25 15:15:00,2633.485,,no_room,,,,2024-11-25 22:15:00
-1,2024-11-25 15:55:00,2629.815,,no_room,,,,2024-11-25 22:55:00
-1,2024-11-26 07:20:00,2620.235,,no_room,,,,2024-11-26 14:20:00
1,2024-11-26 11:55:00,2632.875,,no_room,,,,2024-11-26 18:55:00
1,2024-11-26 13:00:00,2632.755,,no_room,,,,2024-11-26 20:00:00
1,2024-11-27 08:15:00,2648.075,,no_room,,,,2024-11-27 15:15:00
1,2024-11-27 08:45:00,2649.218,,no_room,,,,2024-11-27 15:45:00
1,2024-11-27 11:35:00,2649.238,,no_room,,,,2024-11-27 18:35:00
1,2024-11-27 13:50:00,2654.875,,no_room,,,,2024-11-27 20:50:00
1,2024-11-29 09:10:00,2660.455,,no_room,,,,2024-11-29 16:10:00
1,2024-11-29 09:45:00,2661.808,,no_room,,,,2024-11-29 16:45:00
1,2024-11-29 12:20:00,2663.755,,no_room,,,,2024-11-29 19:20:00
1,2024-11-29 13:25:00,2661.825,,sl_too_tight,,,,2024-11-29 20:25:00
1,2024-12-02 09:10:00,2632.685,,no_room,,,,2024-12-02 16:10:00
1,2024-12-02 11:05:00,2637.565,,no_room,,,,2024-12-02 18:05:00
1,2024-12-02 13:20:00,2643.635,,no_room,,,,2024-12-02 20:20:00
1,2024-12-02 14:10:00,2648.655,,no_room,,,,2024-12-02 21:10:00
1,2024-12-03 08:50:00,2642.335,,no_room,,,,2024-12-03 15:50:00
1,2024-12-03 11:15:00,2644.768,,sl_too_tight,,,,2024-12-03 18:15:00
1,2024-12-04 15:25:00,2653.375,,no_room,,,,2024-12-04 22:25:00
-1,2024-12-05 08:50:00,2643.675,,no_room,,,,2024-12-05 15:50:00
-1,2024-12-05 13:25:00,2647.405,,no_room,,,,2024-12-05 20:25:00
-1,2024-12-05 14:55:00,2644.485,,no_room,,,,2024-12-05 21:55:00
1,2024-12-06 08:40:00,2641.355,,no_room,,,,2024-12-06 15:40:00
-1,2024-12-06 13:15:00,2635.605,,no_room,,,,2024-12-06 20:15:00
-1,2024-12-06 14:05:00,2630.948,,no_room,,,,2024-12-06 21:05:00
-1,2024-12-06 15:40:00,2634.394,,no_room,,,,2024-12-06 22:40:00
1,2024-12-09 07:20:00,2644.945,,sl_too_tight,,,,2024-12-09 14:20:00
1,2024-12-09 09:10:00,2651.125,,no_room,,,,2024-12-09 16:10:00
1,2024-12-09 10:15:00,2657.325,,no_room,,,,2024-12-09 17:15:00
1,2024-12-09 13:30:00,2658.575,,no_room,,,,2024-12-09 20:30:00
1,2024-12-10 12:05:00,2676.675,,no_room,,,,2024-12-10 19:05:00
1,2024-12-10 13:45:00,2678.595,,no_room,,,,2024-12-10 20:45:00
-1,2024-12-11 09:05:00,2687.325,,no_room,,,,2024-12-11 16:05:00
1,2024-12-11 11:20:00,2695.548,,no_room,,,,2024-12-11 18:20:00
1,2024-12-11 13:00:00,2696.684,,no_room,,,,2024-12-11 20:00:00
1,2024-12-11 13:30:00,2697.995,,no_room,,,,2024-12-11 20:30:00
1,2024-12-11 14:55:00,2704.248,,no_room,,,,2024-12-11 21:55:00
-1,2024-12-12 10:05:00,2713.725,,no_room,,,,2024-12-12 17:05:00
-1,2024-12-12 11:05:00,2709.328,,no_room,,,,2024-12-12 18:05:00
-1,2024-12-12 12:35:00,2709.885,,sl_too_tight,,,,2024-12-12 19:35:00
-1,2024-12-12 13:55:00,2700.974,,no_room,,,,2024-12-12 20:55:00
-1,2024-12-12 15:40:00,2680.934,,no_room,,,,2024-12-12 22:40:00
-1,2024-12-13 08:45:00,2681.365,,no_room,,,,2024-12-13 15:45:00
-1,2024-12-13 09:40:00,2670.655,,no_room,,,,2024-12-13 16:40:00
-1,2024-12-13 10:50:00,2667.595,,no_room,,,,2024-12-13 17:50:00
-1,2024-12-13 11:20:00,2664.924,,no_room,,,,2024-12-13 18:20:00
-1,2024-12-13 13:30:00,2665.074,,no_room,,,,2024-12-13 20:30:00
-1,2024-12-13 14:35:00,2659.414,,no_room,,,,2024-12-13 21:35:00
-1,2024-12-13 15:20:00,2657.185,,no_room,,,,2024-12-13 22:20:00
-1,2024-12-16 14:40:00,2656.685,,no_room,,,,2024-12-16 21:40:00
-1,2024-12-16 15:10:00,2653.608,,no_room,,,,2024-12-16 22:10:00
-1,2024-12-17 08:55:00,2645.514,,no_room,,,,2024-12-17 15:55:00
-1,2024-12-17 11:00:00,2637.955,,no_room,,,,2024-12-17 18:00:00
-1,2024-12-17 14:10:00,2634.498,,no_room,,,,2024-12-17 21:10:00
1,2024-12-19 10:40:00,2622.115,,no_room,,,,2024-12-19 17:40:00
-1,2024-12-19 14:45:00,2594.675,,no_room,,,,2024-12-19 21:45:00
-1,2024-12-19 15:25:00,2590.648,,no_room,,,,2024-12-19 22:25:00
1,2024-12-20 14:10:00,2613.958,,no_room,,,,2024-12-20 21:10:00
1,2024-12-20 15:00:00,2617.695,,no_room,,,,2024-12-20 22:00:00
-1,2024-12-23 14:40:00,2616.785,,no_room,,,,2024-12-23 21:40:00
-1,2024-12-23 15:55:00,2609.808,,no_room,,,,2024-12-23 22:55:00
-1,2024-12-27 14:00:00,2617.955,,no_room,,,,2024-12-27 21:00:00
-1,2024-12-27 15:30:00,2613.515,,no_room,,,,2024-12-27 22:30:00
1,2024-12-30 12:40:00,2618.425,,no_room,,,,2024-12-30 19:40:00
-1,2024-12-30 15:05:00,2605.355,,no_room,,,,2024-12-30 22:05:00
1,2024-12-31 13:25:00,2612.548,,no_room,,,,2024-12-31 20:25:00
1,2024-12-31 14:30:00,2614.448,,no_room,,,,2024-12-31 21:30:00
1,2024-12-31 15:10:00,2617.785,,no_room,,,,2024-12-31 22:10:00
1,2025-01-02 10:15:00,2639.785,,no_room,,,,2025-01-02 17:15:00
1,2025-01-02 12:25:00,2642.554,,sl_too_tight,,,,2025-01-02 19:25:00
1,2025-01-02 14:30:00,2647.135,,no_room,,,,2025-01-02 21:30:00
1,2025-01-02 15:30:00,2649.415,,no_room,,,,2025-01-02 22:30:00
-1,2025-01-03 15:15:00,2644.995,,no_room,,,,2025-01-03 22:15:00
-1,2025-01-06 10:10:00,2631.424,,no_room,,,,2025-01-06 17:10:00
-1,2025-01-06 14:15:00,2621.665,,no_room,,,,2025-01-06 21:15:00
1,2025-01-08 13:55:00,2659.195,,no_room,,,,2025-01-08 20:55:00
1,2025-01-08 14:30:00,2664.274,,no_room,,,,2025-01-08 21:30:00
1,2025-01-09 11:05:00,2668.374,,no_room,,,,2025-01-09 18:05:00
1,2025-01-09 12:30:00,2673.165,,no_room,,,,2025-01-09 19:30:00
1,2025-01-09 13:00:00,2674.425,,no_room,,,,2025-01-09 20:00:00
1,2025-01-09 13:20:00,2675.048,,no_room,,,,2025-01-09 20:20:00
1,2025-01-10 13:55:00,2680.658,,no_room,,,,2025-01-10 20:55:00
-1,2025-01-13 10:00:00,2682.875,,no_room,,,,2025-01-13 17:00:00
-1,2025-01-13 10:25:00,2678.719,,no_room,,,,2025-01-13 17:25:00
-1,2025-01-13 11:40:00,2677.125,,no_room,,,,2025-01-13 18:40:00
-1,2025-01-13 13:35:00,2666.715,,no_room,,,,2025-01-13 20:35:00
-1,2025-01-13 15:55:00,2664.055,,no_room,,,,2025-01-13 22:55:00
1,2025-01-15 13:55:00,2693.069,,no_room,,,,2025-01-15 20:55:00
1,2025-01-16 09:20:00,2703.195,,no_room,,,,2025-01-16 16:20:00
1,2025-01-16 11:20:00,2708.305,,sl_too_tight,,,,2025-01-16 18:20:00
1,2025-01-16 13:30:00,2711.045,,no_room,,,,2025-01-16 20:30:00
1,2025-01-16 14:55:00,2718.248,,no_room,,,,2025-01-16 21:55:00
-1,2025-01-17 13:55:00,2704.879,,no_room,,,,2025-01-17 20:55:00
-1,2025-01-20 11:30:00,2707.275,,no_room,,,,2025-01-20 18:30:00
-1,2025-01-20 15:00:00,2707.255,,no_room,,,,2025-01-20 22:00:00
-1,2025-01-21 08:40:00,2722.465,,no_room,,,,2025-01-21 15:40:00
-1,2025-01-21 10:40:00,2719.965,,no_room,,,,2025-01-21 17:40:00
-1,2025-01-21 11:00:00,2718.715,,no_room,,,,2025-01-21 18:00:00
1,2025-01-21 15:50:00,2739.505,,no_room,,,,2025-01-21 22:50:00
1,2025-01-22 09:00:00,2753.835,,no_room,,,,2025-01-22 16:00:00
1,2025-01-22 10:30:00,2762.195,2771.605,signal,2757.435578571429,2771.395578571429,2780.5961571428575,2025-01-22 17:30:00
1,2025-01-22 15:45:00,2757.565,,no_room,,,,2025-01-22 22:45:00
-1,2025-01-23 12:10:00,2750.675,,no_room,,,,2025-01-23 19:10:00
-1,2025-01-23 13:10:00,2741.855,,no_room,,,,2025-01-23 20:10:00
1,2025-01-24 15:10:00,2781.915,,no_room,,,,2025-01-24 22:10:00
-1,2025-01-27 12:15:00,2764.845,,no_room,,,,2025-01-27 19:15:00
-1,2025-01-27 13:00:00,2760.265,2754.765,signal,2763.8794857142857,2754.9994857142856,2749.7339714285713,2025-01-27 20:00:00
-1,2025-01-27 13:30:00,2757.745,,no_room,,,,2025-01-27 20:30:00
-1,2025-01-27 14:20:00,2752.175,,no_room,,,,2025-01-27 21:20:00
-1,2025-01-27 15:00:00,2744.915,,no_room,,,,2025-01-27 22:00:00
-1,2025-01-27 15:35:00,2740.895,,no_room,,,,2025-01-27 22:35:00
-1,2025-01-29 15:20:00,2756.075,,no_room,,,,2025-01-29 22:20:00
1,2025-01-30 10:10:00,2776.435,,no_room,,,,2025-01-30 17:10:00
1,2025-01-30 15:00:00,2788.085,,no_room,,,,2025-01-30 22:00:00
1,2025-01-31 14:30:00,2808.315,,signal,2802.6029000000003,2819.7391999999995,2831.163399999999,2025-01-31 21:30:00
1,2025-02-03 12:35:00,2804.135,2816.088,signal,2797.919971428571,2815.8929714285714,2827.6509428571426,2025-02-03 19:35:00
1,2025-02-03 14:05:00,2811.725,2816.088,signal,2807.6355642857143,2815.8685642857145,2820.012128571429,2025-02-03 21:05:00
1,2025-02-04 14:30:00,2837.045,,signal,2828.5649000000003,2854.0051999999996,2870.965399999999,2025-02-04 21:30:00
1,2025-02-04 15:30:00,2844.108,,signal,2836.8184071428573,2858.687185714286,2873.266371428572,2025-02-04 22:30:00
1,2025-02-05 09:20:00,2869.485,,signal,2854.4856,2899.4838000000004,2929.4826000000007,2025-02-05 16:20:00
1,2025-02-05 09:40:00,2870.415,,signal,2865.0436928571426,2881.1576142857148,2891.9002285714296,2025-02-05 16:40:00
1,2025-02-05 10:30:00,2871.865,,signal,2865.0767142857144,2885.4415714285706,2899.0181428571414,2025-02-05 17:30:00
-1,2025-02-06 10:05:00,2855.655,,no_room,,,,2025-02-06 17:05:00
-1,2025-02-06 12:50:00,2865.095,,no_room,,,,2025-02-06 19:50:00
-1,2025-02-06 13:50:00,2859.145,,no_room,,,,2025-02-06 20:50:00
-1,2025-02-06 14:45:00,2854.215,,no_room,,,,2025-02-06 21:45:00
1,2025-02-07 15:00:00,2878.038,,no_room,,,,2025-02-07 22:00:00
1,2025-02-10 08:40:00,2896.465,,signal,2891.859664285714,2905.675671428572,2914.886342857144,2025-02-10 15:40:00
1,2025-02-10 09:05:00,2898.829,,signal,2891.875492857143,2912.7360142857146,2926.643028571429,2025-02-10 16:05:00
1,2025-02-10 12:00:00,2904.725,,no_room,,,,2025-02-10 19:00:00
1,2025-02-10 13:15:00,2906.635,,signal,2900.867807142857,2918.1693857142864,2929.7037714285725,2025-02-10 20:15:00
1,2025-02-10 14:25:00,2903.918,,no_room,,,,2025-02-10 21:25:00
-1,2025-02-11 07:25:00,2912.355,,no_room,,,,2025-02-11 14:25:00
-1,2025-02-11 08:50:00,2908.945,,no_room,,,,2025-02-11 15:50:00
-1,2025-02-11 09:40:00,2904.535,,no_room,,,,2025-02-11 16:40:00
-1,2025-02-11 10:40:00,2903.725,,no_room,,,,2025-02-11 17:40:00
-1,2025-02-11 12:00:00,2902.775,,no_room,,,,2025-02-11 19:00:00
-1,2025-02-11 12:45:00,2897.948,,no_room,,,,2025-02-11 19:45:00
-1,2025-02-11 14:55:00,2896.298,,no_room,,,,2025-02-11 21:55:00
-1,2025-02-12 08:10:00,2890.615,2883.505,signal,2895.9343785714286,2883.734378571429,2876.853757142858,2025-02-12 15:10:00
-1,2025-02-12 09:25:00,2890.115,2883.505,signal,2894.0735,2883.7005,2877.286,2025-02-12 16:25:00
-1,2025-02-12 10:30:00,2886.135,,no_room,,,,2025-02-12 17:30:00
-1,2025-02-12 11:55:00,2879.425,,no_room,,,,2025-02-12 18:55:00
-1,2025-02-12 13:10:00,2880.669,,no_room,,,,2025-02-12 20:10:00
-1,2025-02-13 08:10:00,2912.995,,no_room,,,,2025-02-13 15:10:00
-1,2025-02-13 13:25:00,2912.715,,no_room,,,,2025-02-13 20:25:00
1,2025-02-14 10:25:00,2938.685,,no_room,,,,2025-02-14 17:25:00
1,2025-02-14 13:30:00,2931.445,,no_room,,,,2025-02-14 20:30:00
-1,2025-02-14 13:40:00,2925.735,,no_room,,,,2025-02-14 20:40:00
-1,2025-02-14 15:15:00,2914.105,,no_room,,,,2025-02-14 22:15:00
1,2025-02-17 07:40:00,2900.885,,no_room,,,,2025-02-17 14:40:00
1,2025-02-17 09:15:00,2903.475,,no_room,,,,2025-02-17 16:15:00
1,2025-02-17 11:00:00,2902.755,,no_room,,,,2025-02-17 18:00:00
1,2025-02-18 14:20:00,2921.135,,no_room,,,,2025-02-18 21:20:00
1,2025-02-19 12:35:00,2935.845,,no_room,,,,2025-02-19 19:35:00
-1,2025-02-19 15:55:00,2932.895,,no_room,,,,2025-02-19 22:55:00
1,2025-02-20 13:30:00,2947.075,2954.755,signal,2940.1538785714283,2954.4738785714285,2961.872757142857,2025-02-20 20:30:00
-1,2025-02-21 08:00:00,2929.615,,no_room,,,,2025-02-21 15:00:00
1,2025-02-21 14:25:00,2934.475,,no_room,,,,2025-02-21 21:25:00
1,2025-02-24 08:50:00,2944.715,,no_room,,,,2025-02-24 15:50:00
1,2025-02-24 13:35:00,2951.015,,no_room,,,,2025-02-24 20:35:00
1,2025-02-25 08:40:00,2940.205,,no_room,,,,2025-02-25 15:40:00
-1,2025-02-26 10:45:00,2912.885,,no_room,,,,2025-02-26 17:45:00
-1,2025-02-26 14:35:00,2892.095,,no_room,,,,2025-02-26 21:35:00
-1,2025-02-27 08:10:00,2887.855,,no_room,,,,2025-02-27 15:10:00
-1,2025-02-27 09:00:00,2880.135,,no_room,,,,2025-02-27 16:00:00
-1,2025-02-27 11:30:00,2888.318,,no_room,,,,2025-02-27 18:30:00
-1,2025-02-27 14:35:00,2885.205,,no_room,,,,2025-02-27 21:35:00
-1,2025-02-28 07:15:00,2861.705,,no_room,,,,2025-02-28 14:15:00
-1,2025-02-28 08:40:00,2853.505,,no_room,,,,2025-02-28 15:40:00
-1,2025-02-28 11:15:00,2860.495,,no_room,,,,2025-02-28 18:15:00
-1,2025-02-28 12:35:00,2859.618,,no_room,,,,2025-02-28 19:35:00
-1,2025-02-28 13:50:00,2852.425,,no_room,,,,2025-02-28 20:50:00
-1,2025-02-28 14:40:00,2842.035,,no_room,,,,2025-02-28 21:40:00
1,2025-03-03 10:40:00,2870.715,,no_room,,,,2025-03-03 17:40:00
1,2025-03-03 12:00:00,2875.275,,no_room,,,,2025-03-03 19:00:00
1,2025-03-03 14:30:00,2875.095,,no_room,,,,2025-03-03 21:30:00
1,2025-03-03 15:20:00,2882.885,,no_room,,,,2025-03-03 22:20:00
1,2025-03-04 08:10:00,2901.105,,no_room,,,,2025-03-04 15:10:00
1,2025-03-04 09:25:00,2918.458,,no_room,,,,2025-03-04 16:25:00
1,2025-03-04 11:05:00,2915.945,,no_room,,,,2025-03-04 18:05:00
1,2025-03-04 11:35:00,2917.555,,no_room,,,,2025-03-04 18:35:00
1,2025-03-04 12:20:00,2921.455,,no_room,,,,2025-03-04 19:20:00
1,2025-03-05 08:10:00,2919.705,,no_room,,,,2025-03-05 15:10:00
1,2025-03-05 12:10:00,2917.025,,no_room,,,,2025-03-05 19:10:00
-1,2025-03-06 07:55:00,2911.235,,no_room,,,,2025-03-06 14:55:00
-1,2025-03-06 08:40:00,2904.485,,no_room,,,,2025-03-06 15:40:00
-1,2025-03-06 09:30:00,2899.258,,no_room,,,,2025-03-06 16:30:00
-1,2025-03-07 14:00:00,2909.975,,no_room,,,,2025-03-07 21:00:00
1,2025-03-07 14:55:00,2926.085,,no_room,,,,2025-03-07 21:55:00
-1,2025-03-10 08:25:00,2904.125,,no_room,,,,2025-03-10 15:25:00
-1,2025-03-10 11:35:00,2898.148,,no_room,,,,2025-03-10 18:35:00
-1,2025-03-10 13:25:00,2903.125,,no_room,,,,2025-03-10 20:25:00
1,2025-03-11 13:35:00,2915.835,,no_room,,,,2025-03-11 20:35:00
1,2025-03-12 14:40:00,2917.945,,no_room,,,,2025-03-12 21:40:00
1,2025-03-12 15:50:00,2927.948,,no_room,,,,2025-03-12 22:50:00
1,2025-03-13 13:30:00,2945.555,,no_room,,,,2025-03-13 20:30:00
1,2025-03-13 15:55:00,2977.548,,signal,2938.2988357142854,3056.0463285714286,3134.5446571428574,2025-03-13 22:55:00
1,2025-03-14 09:00:00,2992.805,,no_room,,,,2025-03-14 16:00:00
-1,2025-03-14 14:25:00,2983.528,,no_room,,,,2025-03-14 21:25:00
-1,2025-03-14 15:10:00,2981.839,,no_room,,,,2025-03-14 22:10:00
1,2025-03-17 14:00:00,2990.948,,no_room,,,,2025-03-17 21:00:00
1,2025-03-18 07:10:00,3017.439,,signal,3010.141757142857,3032.0334857142857,3046.6279714285715,2025-03-18 14:10:00
1,2025-03-18 08:00:00,3018.225,,signal,3014.4515071428573,3025.771985714285,3033.3189714285704,2025-03-18 15:00:00
1,2025-03-18 09:00:00,3027.175,,signal,3014.9911714285713,3051.542657142858,3075.9103142857157,2025-03-18 16:00:00
1,2025-03-18 11:30:00,3025.335,,no_room,,,,2025-03-18 18:30:00
1,2025-03-18 12:05:00,3029.319,,signal,3022.0434857142855,3043.870028571429,3058.421057142858,2025-03-18 19:05:00
1,2025-03-18 13:20:00,3036.475,,signal,3032.8117785714285,3043.801442857143,3051.1278857142856,2025-03-18 20:20:00
1,2025-03-18 15:20:00,3030.348,3038.058,signal,3024.6059785714288,3037.7389785714286,3045.129957142857,2025-03-18 22:20:00
-1,2025-03-19 08:35:00,3031.368,,no_room,,,,2025-03-19 15:35:00
-1,2025-03-21 08:15:00,3029.375,,no_room,,,,2025-03-21 15:15:00
1,2025-03-24 10:25:00,3030.935,,no_room,,,,2025-03-24 17:25:00
-1,2025-03-24 14:25:00,3018.925,,no_room,,,,2025-03-24 21:25:00
1,2025-03-25 13:30:00,3024.965,,no_room,,,,2025-03-25 20:30:00
1,2025-03-25 14:00:00,3030.475,,no_room,,,,2025-03-25 21:00:00
-1,2025-03-26 15:00:00,3014.898,,no_room,,,,2025-03-26 22:00:00
1,2025-03-27 07:50:00,3033.945,,no_room,,,,2025-03-27 14:50:00
1,2025-03-27 14:35:00,3052.015,,no_room,,,,2025-03-27 21:35:00
-1,2025-03-28 10:20:00,3069.465,,no_room,,,,2025-03-28 17:20:00
1,2025-03-28 11:10:00,3075.985,,no_room,,,,2025-03-28 18:10:00
1,2025-03-28 13:50:00,3081.725,,no_room,,,,2025-03-28 20:50:00
1,2025-03-31 08:05:00,3125.215,,no_room,,,,2025-03-31 15:05:00
1,2025-03-31 12:00:00,3119.585,3126.985,signal,3112.864442857143,3126.751442857143,3133.917885714286,2025-03-31 19:00:00
-1,2025-03-31 15:30:00,3119.685,,no_room,,,,2025-03-31 22:30:00
-1,2025-04-01 11:05:00,3131.649,,no_room,,,,2025-04-01 18:05:00
-1,2025-04-01 12:00:00,3129.135,,no_room,,,,2025-04-01 19:00:00
-1,2025-04-01 13:20:00,3131.135,3126.309,signal,3134.725192857143,3126.589192857143,3122.043385714286,2025-04-01 20:20:00
-1,2025-04-01 14:10:00,3127.998,,no_room,,,,2025-04-01 21:10:00
-1,2025-04-01 15:40:00,3123.505,,no_room,,,,2025-04-01 22:40:00
1,2025-04-02 07:40:00,3118.195,,no_room,,,,2025-04-02 14:40:00
1,2025-04-02 11:25:00,3120.648,,no_room,,,,2025-04-02 18:25:00
1,2025-04-02 12:25:00,3123.725,,no_room,,,,2025-04-02 19:25:00
1,2025-04-02 13:30:00,3126.985,,no_room,,,,2025-04-02 20:30:00
1,2025-04-02 14:45:00,3128.255,,no_room,,,,2025-04-02 21:45:00
-1,2025-04-03 09:20:00,3125.875,,no_room,,,,2025-04-03 16:20:00
-1,2025-04-03 10:55:00,3100.728,,no_room,,,,2025-04-03 17:55:00
-1,2025-04-03 12:20:00,3085.085,,no_room,,,,2025-04-03 19:20:00
-1,2025-04-03 13:10:00,3061.845,,no_room,,,,2025-04-03 20:10:00
-1,2025-04-04 08:00:00,3092.605,,no_room,,,,2025-04-04 15:00:00
1,2025-04-04 11:05:00,3115.948,,no_room,,,,2025-04-04 18:05:00
-1,2025-04-04 14:00:00,3060.0,,no_room,,,,2025-04-04 21:00:00
-1,2025-04-04 14:45:00,3041.395,,no_room,,,,2025-04-04 21:45:00
-1,2025-04-04 15:25:00,3026.645,,no_room,,,,2025-04-04 22:25:00
-1,2025-04-07 07:10:00,3016.485,,no_room,,,,2025-04-07 14:10:00
-1,2025-04-07 09:15:00,3020.695,,no_room,,,,2025-04-07 16:15:00
1,2025-04-07 12:50:00,3031.348,,sl_too_tight,,,,2025-04-07 19:50:00
-1,2025-04-07 14:35:00,3001.752,,no_room,,,,2025-04-07 21:35:00
-1,2025-04-07 15:30:00,2983.675,,no_room,,,,2025-04-07 22:30:00
1,2025-04-08 10:45:00,3008.455,3014.475,signal,3003.5594285714287,3014.1794285714286,3019.9038571428573,2025-04-08 17:45:00
1,2025-04-08 11:50:00,3014.005,,no_room,,,,2025-04-08 18:50:00
1,2025-04-08 13:15:00,3019.345,,no_room,,,,2025-04-08 20:15:00
-1,2025-04-08 15:55:00,3002.385,,no_room,,,,2025-04-08 22:55:00
1,2025-04-09 08:15:00,3048.225,,no_room,,,,2025-04-09 15:15:00
1,2025-04-09 09:20:00,3046.615,,no_room,,,,2025-04-09 16:20:00
1,2025-04-09 11:15:00,3049.425,,no_room,,,,2025-04-09 18:15:00
1,2025-04-09 13:35:00,3072.895,,no_room,,,,2025-04-09 20:35:00
1,2025-04-09 14:15:00,3077.655,,no_room,,,,2025-04-09 21:15:00
1,2025-04-09 15:20:00,3084.365,,no_room,,,,2025-04-09 22:20:00
-1,2025-04-10 12:35:00,3118.635,,no_room,,,,2025-04-10 19:35:00
1,2025-04-10 14:05:00,3136.525,,no_room,,,,2025-04-10 21:05:00
1,2025-04-11 07:10:00,3209.365,,no_room,,,,2025-04-11 14:10:00
1,2025-04-11 07:55:00,3212.165,,no_room,,,,2025-04-11 14:55:00
1,2025-04-11 09:45:00,3224.545,,no_room,,,,2025-04-11 16:45:00
1,2025-04-11 12:25:00,3220.335,,no_room,,,,2025-04-11 19:25:00
1,2025-04-11 12:55:00,3229.975,,no_room,,,,2025-04-11 19:55:00
1,2025-04-11 13:30:00,3236.635,,no_room,,,,2025-04-11 20:30:00
1,2025-04-11 15:20:00,3237.445,,no_room,,,,2025-04-11 22:20:00
1,2025-04-11 15:50:00,3240.035,,no_room,,,,2025-04-11 22:50:00
-1,2025-04-14 07:50:00,3228.025,,no_room,,,,2025-04-14 14:50:00
-1,2025-04-14 10:10:00,3220.655,,no_room,,,,2025-04-14 17:10:00
-1,2025-04-14 12:20:00,3221.495,,no_room,,,,2025-04-14 19:20:00
-1,2025-04-14 13:10:00,3200.235,,no_room,,,,2025-04-14 20:10:00
-1,2025-04-15 07:25:00,3220.585,,no_room,,,,2025-04-15 14:25:00
-1,2025-04-15 09:35:00,3226.235,3221.115,signal,3230.1154714285713,3221.355471428571,3216.475942857142,2025-04-15 16:35:00
-1,2025-04-15 10:55:00,3220.845,,no_room,,,,2025-04-15 17:55:00
-1,2025-04-15 11:35:00,3219.375,,no_room,,,,2025-04-15 18:35:00
-1,2025-04-15 13:50:00,3214.075,,no_room,,,,2025-04-15 20:50:00
1,2025-04-16 07:10:00,3294.825,,signal,3286.1199285714283,3312.235142857143,3329.645285714286,2025-04-16 14:10:00
1,2025-04-16 07:45:00,3297.855,,signal,3286.0952857142856,3321.374428571429,3344.8938571428575,2025-04-16 14:45:00
1,2025-04-16 11:45:00,3306.665,,no_room,,,,2025-04-16 18:45:00
1,2025-04-16 13:55:00,3310.985,,no_room,,,,2025-04-16 20:55:00
1,2025-04-16 15:30:00,3314.075,,no_room,,,,2025-04-16 22:30:00
-1,2025-04-17 07:05:00,3325.075,,no_room,,,,2025-04-17 14:05:00
-1,2025-04-17 11:30:00,3325.935,,no_room,,,,2025-04-17 18:30:00
1,2025-04-17 12:10:00,3332.345,,no_room,,,,2025-04-17 19:10:00
-1,2025-04-17 14:25:00,3304.825,,no_room,,,,2025-04-17 21:25:00
1,2025-04-21 09:10:00,3394.055,,no_room,,,,2025-04-21 16:10:00
1,2025-04-21 10:15:00,3396.905,,signal,3390.386428571429,3409.9421428571427,3422.979285714285,2025-04-21 17:15:00
1,2025-04-21 11:30:00,3396.635,,signal,3385.7844999999998,3418.336000000001,3440.037000000002,2025-04-21 18:30:00
1,2025-04-21 12:45:00,3407.695,,signal,3396.997642857143,3429.0897142857143,3450.4844285714285,2025-04-21 19:45:00
1,2025-04-21 14:00:00,3424.225,,signal,3404.1196714285716,3464.4356571428566,3504.6463142857133,2025-04-21 21:00:00
-1,2025-04-22 08:35:00,3460.195,3417.275,signal,3480.2097142857147,3420.165571428571,3380.136142857142,2025-04-22 15:35:00
-1,2025-04-22 11:00:00,3450.695,,no_room,,,,2025-04-22 18:00:00
-1,2025-04-22 12:35:00,3447.845,,no_room,,,,2025-04-22 19:35:00
-1,2025-04-22 13:40:00,3420.215,,no_room,,,,2025-04-22 20:40:00
-1,2025-04-22 15:05:00,3423.175,,no_room,,,,2025-04-22 22:05:00
-1,2025-04-22 15:25:00,3419.035,,no_room,,,,2025-04-22 22:25:00
-1,2025-04-23 12:05:00,3321.335,,no_room,,,,2025-04-23 19:05:00
-1,2025-04-23 12:55:00,3313.435,,no_room,,,,2025-04-23 19:55:00
1,2025-04-24 08:40:00,3334.995,,no_room,,,,2025-04-24 15:40:00
1,2025-04-24 11:15:00,3336.455,,no_room,,,,2025-04-24 18:15:00
1,2025-04-24 12:30:00,3341.045,,no_room,,,,2025-04-24 19:30:00
-1,2025-04-25 11:40:00,3291.735,,no_room,,,,2025-04-25 18:40:00
-1,2025-04-25 13:00:00,3290.935,,no_room,,,,2025-04-25 20:00:00
-1,2025-04-25 15:05:00,3275.015,,no_room,,,,2025-04-25 22:05:00
-1,2025-04-28 09:55:00,3276.285,,no_room,,,,2025-04-28 16:55:00
1,2025-04-28 14:15:00,3301.025,,no_room,,,,2025-04-28 21:15:00
1,2025-04-28 15:15:00,3332.815,,no_room,,,,2025-04-28 22:15:00
1,2025-04-29 07:45:00,3320.575,,no_room,,,,2025-04-29 14:45:00
1,2025-04-29 11:05:00,3315.195,,no_room,,,,2025-04-29 18:05:00
1,2025-04-29 12:50:00,3312.035,,no_room,,,,2025-04-29 19:50:00
-1,2025-04-30 07:00:00,3304.605,,no_room,,,,2025-04-30 14:00:00
-1,2025-04-30 08:10:00,3302.745,,no_room,,,,2025-04-30 15:10:00
-1,2025-04-30 09:15:00,3280.005,,no_room,,,,2025-04-30 16:15:00
-1,2025-04-30 09:50:00,3278.015,,no_room,,,,2025-04-30 16:50:00
-1,2025-04-30 11:00:00,3271.605,,no_room,,,,2025-04-30 18:00:00
-1,2025-04-30 12:00:00,3268.055,,no_room,,,,2025-04-30 19:00:00
-1,2025-05-01 07:00:00,3233.575,,no_room,,,,2025-05-01 14:00:00
-1,2025-05-01 09:05:00,3231.585,,no_room,,,,2025-05-01 16:05:00
-1,2025-05-01 11:45:00,3213.355,,no_room,,,,2025-05-01 18:45:00
-1,2025-05-01 15:30:00,3213.925,,no_room,,,,2025-05-01 22:30:00
1,2025-05-02 07:30:00,3255.745,,no_room,,,,2025-05-02 14:30:00
1,2025-05-02 09:05:00,3260.735,,no_room,,,,2025-05-02 16:05:00
1,2025-05-02 09:35:00,3262.925,,no_room,,,,2025-05-02 16:35:00
1,2025-05-02 11:20:00,3262.795,,no_room,,,,2025-05-02 18:20:00
-1,2025-05-02 13:00:00,3249.115,,no_room,,,,2025-05-02 20:00:00
-1,2025-05-02 15:30:00,3250.615,,no_room,,,,2025-05-02 22:30:00
1,2025-05-05 07:45:00,3264.335,,no_room,,,,2025-05-05 14:45:00
1,2025-05-05 08:20:00,3267.585,,no_room,,,,2025-05-05 15:20:00
1,2025-05-05 09:55:00,3305.115,,no_room,,,,2025-05-05 16:55:00
1,2025-05-05 12:15:00,3318.715,,no_room,,,,2025-05-05 19:15:00
1,2025-05-05 12:45:00,3320.495,,no_room,,,,2025-05-05 19:45:00
1,2025-05-06 07:05:00,3367.205,,no_room,,,,2025-05-06 14:05:00
1,2025-05-06 08:15:00,3379.325,,no_room,,,,2025-05-06 15:15:00
1,2025-05-06 09:55:00,3380.375,,no_room,,,,2025-05-06 16:55:00
1,2025-05-06 11:20:00,3383.895,,no_room,,,,2025-05-06 18:20:00
1,2025-05-06 12:30:00,3380.325,,no_room,,,,2025-05-06 19:30:00
1,2025-05-06 13:10:00,3392.145,,no_room,,,,2025-05-06 20:10:00
1,2025-05-06 15:30:00,3397.895,3430.015,signal,3377.5284285714283,3429.5484285714283,3461.2018571428566,2025-05-06 22:30:00
1,2025-05-07 07:10:00,3395.645,,no_room,,,,2025-05-07 14:10:00
1,2025-05-07 10:10:00,3378.465,,no_room,,,,2025-05-07 17:10:00
1,2025-05-07 12:10:00,3389.745,,no_room,,,,2025-05-07 19:10:00
1,2025-05-07 13:40:00,3391.755,,no_room,,,,2025-05-07 20:40:00
-1,2025-05-08 09:30:00,3337.405,,no_room,,,,2025-05-08 16:30:00
-1,2025-05-08 09:55:00,3335.665,,no_room,,,,2025-05-08 16:55:00
1,2025-05-08 13:00:00,3358.135,,no_room,,,,2025-05-08 20:00:00
1,2025-05-09 10:15:00,3327.145,,no_room,,,,2025-05-09 17:15:00
1,2025-05-09 11:10:00,3329.585,,no_room,,,,2025-05-09 18:10:00
1,2025-05-09 13:25:00,3336.335,,no_room,,,,2025-05-09 20:25:00
-1,2025-05-12 07:00:00,3272.745,,no_room,,,,2025-05-12 14:00:00
-1,2025-05-12 07:45:00,3218.895,,no_room,,,,2025-05-12 14:45:00
-1,2025-05-12 09:55:00,3215.775,,no_room,,,,2025-05-12 16:55:00
-1,2025-05-12 10:20:00,3212.785,,no_room,,,,2025-05-12 17:20:00
-1,2025-05-12 10:55:00,3209.935,,no_room,,,,2025-05-12 17:55:00
1,2025-05-13 11:20:00,3256.055,,no_room,,,,2025-05-13 18:20:00
-1,2025-05-13 11:55:00,3249.865,,no_room,,,,2025-05-13 18:55:00
-1,2025-05-13 13:45:00,3236.055,,no_room,,,,2025-05-13 20:45:00
-1,2025-05-14 07:05:00,3228.305,,no_room,,,,2025-05-14 14:05:00
1,2025-05-14 09:45:00,3235.275,,no_room,,,,2025-05-14 16:45:00
1,2025-05-14 10:55:00,3234.965,,no_room,,,,2025-05-14 17:55:00
-1,2025-05-14 12:35:00,3208.205,,no_room,,,,2025-05-14 19:35:00
1,2025-05-15 10:05:00,3171.425,,no_room,,,,2025-05-15 17:05:00
1,2025-05-15 12:00:00,3179.845,3190.525,signal,3171.7214285714285,3190.2014285714286,3200.5578571428573,2025-05-15 19:00:00
1,2025-05-15 12:50:00,3186.855,,no_room,,,,2025-05-15 19:50:00
1,2025-05-15 14:05:00,3196.615,3213.605,signal,3186.976142857143,3213.0561428571427,3229.4972857142857,2025-05-15 21:05:00
1,2025-05-15 15:05:00,3206.845,,no_room,,,,2025-05-15 22:05:00
-1,2025-05-16 07:15:00,3211.615,,no_room,,,,2025-05-16 14:15:00
-1,2025-05-16 08:05:00,3204.975,,no_room,,,,2025-05-16 15:05:00
-1,2025-05-16 10:05:00,3207.355,,no_room,,,,2025-05-16 17:05:00
-1,2025-05-16 11:50:00,3168.585,,no_room,,,,2025-05-16 18:50:00
-1,2025-05-16 14:15:00,3178.335,,no_room,,,,2025-05-16 21:15:00
1,2025-05-19 08:10:00,3234.315,,no_room,,,,2025-05-19 15:10:00
1,2025-05-19 08:45:00,3238.595,,no_room,,,,2025-05-19 15:45:00
1,2025-05-19 10:50:00,3241.515,,no_room,,,,2025-05-19 17:50:00
1,2025-05-19 11:35:00,3244.975,,no_room,,,,2025-05-19 18:35:00
1,2025-05-20 08:35:00,3225.135,,no_room,,,,2025-05-20 15:35:00
1,2025-05-20 10:45:00,3236.795,,no_room,,,,2025-05-20 17:45:00
1,2025-05-20 11:15:00,3238.195,,no_room,,,,2025-05-20 18:15:00
1,2025-05-20 11:55:00,3240.475,,no_room,,,,2025-05-20 18:55:00
1,2025-05-20 12:30:00,3241.915,,no_room,,,,2025-05-20 19:30:00
1,2025-05-20 13:55:00,3250.525,,no_room,,,,2025-05-20 20:55:00
1,2025-05-21 09:55:00,3312.098,,no_room,,,,2025-05-21 16:55:00
-1,2025-05-21 14:00:00,3299.685,,no_room,,,,2025-05-21 21:00:00
-1,2025-05-22 08:15:00,3325.405,,no_room,,,,2025-05-22 15:15:00
-1,2025-05-22 09:20:00,3306.525,,no_room,,,,2025-05-22 16:20:00
-1,2025-05-22 10:15:00,3304.098,,no_room,,,,2025-05-22 17:15:00
-1,2025-05-22 10:55:00,3290.135,,no_room,,,,2025-05-22 17:55:00
-1,2025-05-22 12:35:00,3305.225,,no_room,,,,2025-05-22 19:35:00
-1,2025-05-22 13:50:00,3300.705,,no_room,,,,2025-05-22 20:50:00
1,2025-05-23 07:45:00,3331.948,,no_room,,,,2025-05-23 14:45:00
1,2025-05-23 09:00:00,3327.435,,no_room,,,,2025-05-23 16:00:00
1,2025-05-23 11:40:00,3333.448,,no_room,,,,2025-05-23 18:40:00
1,2025-05-23 12:35:00,3355.165,,no_room,,,,2025-05-23 19:35:00
1,2025-05-23 15:50:00,3359.865,,no_room,,,,2025-05-23 22:50:00
-1,2025-05-26 09:25:00,3330.755,,no_room,,,,2025-05-26 16:25:00
-1,2025-05-27 07:50:00,3303.665,,no_room,,,,2025-05-27 14:50:00
-1,2025-05-27 09:30:00,3297.025,,no_room,,,,2025-05-27 16:30:00
-1,2025-05-27 11:15:00,3291.048,,no_room,,,,2025-05-27 18:15:00
-1,2025-05-27 14:00:00,3291.245,,no_room,,,,2025-05-27 21:00:00
1,2025-05-28 07:10:00,3310.048,,no_room,,,,2025-05-28 14:10:00
1,2025-05-28 07:40:00,3313.135,,no_room,,,,2025-05-28 14:40:00
1,2025-05-28 08:10:00,3322.268,,no_room,,,,2025-05-28 15:10:00
1,2025-05-28 09:45:00,3323.275,,no_room,,,,2025-05-28 16:45:00
1,2025-05-29 07:05:00,3274.445,3280.005,signal,3269.9965714285713,3279.7265714285713,3285.0081428571425,2025-05-29 14:05:00
1,2025-05-29 07:50:00,3283.148,,no_room,,,,2025-05-29 14:50:00
1,2025-05-29 10:00:00,3282.998,,no_room,,,,2025-05-29 17:00:00
1,2025-05-29 11:25:00,3300.515,,no_room,,,,2025-05-29 18:25:00
1,2025-05-29 12:15:00,3305.265,,no_room,,,,2025-05-29 19:15:00
1,2025-05-29 13:25:00,3318.345,,no_room,,,,2025-05-29 20:25:00
1,2025-05-29 15:45:00,3317.375,,no_room,,,,2025-05-29 22:45:00
-1,2025-05-30 10:35:00,3294.758,,no_room,,,,2025-05-30 17:35:00
-1,2025-05-30 11:15:00,3292.315,,no_room,,,,2025-05-30 18:15:00
-1,2025-05-30 12:00:00,3289.845,,no_room,,,,2025-05-30 19:00:00
1,2025-05-30 12:10:00,3297.095,,no_room,,,,2025-05-30 19:10:00
1,2025-05-30 13:05:00,3305.898,,no_room,,,,2025-05-30 20:05:00
1,2025-06-02 11:20:00,3351.165,,no_room,,,,2025-06-02 18:20:00
1,2025-06-02 12:20:00,3360.098,,no_room,,,,2025-06-02 19:20:00
1,2025-06-02 13:40:00,3363.348,,no_room,,,,2025-06-02 20:40:00
-1,2025-06-03 13:30:00,3356.845,,no_room,,,,2025-06-03 20:30:00
1,2025-06-04 07:30:00,3362.648,,no_room,,,,2025-06-04 14:30:00
-1,2025-06-04 11:25:00,3347.048,,no_room,,,,2025-06-04 18:25:00
1,2025-06-05 10:00:00,3389.825,,no_room,,,,2025-06-05 17:00:00
1,2025-06-05 10:25:00,3393.975,,no_room,,,,2025-06-05 17:25:00
-1,2025-06-06 07:45:00,3356.605,,no_room,,,,2025-06-06 14:45:00
-1,2025-06-06 09:20:00,3358.115,,no_room,,,,2025-06-06 16:20:00
-1,2025-06-06 11:45:00,3360.105,,no_room,,,,2025-06-06 18:45:00
-1,2025-06-06 13:55:00,3346.225,,no_room,,,,2025-06-06 20:55:00
1,2025-06-09 12:30:00,3321.135,,no_room,,,,2025-06-09 19:30:00
1,2025-06-09 14:05:00,3322.195,,no_room,,,,2025-06-09 21:05:00
1,2025-06-09 15:20:00,3326.585,,no_room,,,,2025-06-09 22:20:00
1,2025-06-10 07:30:00,3329.348,,no_room,,,,2025-06-10 14:30:00
1,2025-06-10 08:15:00,3332.055,,no_room,,,,2025-06-10 15:15:00
1,2025-06-10 13:15:00,3340.135,,no_room,,,,2025-06-10 20:15:00
-1,2025-06-11 10:40:00,3331.005,,no_room,,,,2025-06-11 17:40:00
-1,2025-06-11 10:55:00,3330.285,,no_room,,,,2025-06-11 17:55:00
1,2025-06-11 14:40:00,3335.448,,no_room,,,,2025-06-11 21:40:00
1,2025-06-11 15:15:00,3341.098,,no_room,,,,2025-06-11 22:15:00
1,2025-06-12 11:00:00,3385.655,,no_room,,,,2025-06-12 18:00:00
1,2025-06-12 12:35:00,3384.259,,no_room,,,,2025-06-12 19:35:00
1,2025-06-12 13:00:00,3390.285,,no_room,,,,2025-06-12 20:00:00
1,2025-06-12 13:40:00,3393.648,,no_room,,,,2025-06-12 20:40:00
1,2025-06-13 08:05:00,3418.835,,no_room,,,,2025-06-13 15:05:00
1,2025-06-13 12:05:00,3423.948,,no_room,,,,2025-06-13 19:05:00
1,2025-06-13 12:25:00,3426.955,,no_room,,,,2025-06-13 19:25:00
-1,2025-06-16 07:10:00,3412.698,,no_room,,,,2025-06-16 14:10:00
-1,2025-06-16 09:50:00,3412.725,,no_room,,,,2025-06-16 16:50:00
-1,2025-06-16 11:30:00,3417.945,,sl_on_wrong_side,,,,2025-06-16 18:30:00
-1,2025-06-16 13:50:00,3405.738,3386.095,signal,3417.717364285714,3386.664364285714,3367.590728571428,2025-06-16 20:50:00
-1,2025-06-17 08:40:00,3384.105,,no_room,,,,2025-06-17 15:40:00
1,2025-06-17 11:00:00,3398.595,,no_room,,,,2025-06-17 18:00:00
1,2025-06-17 13:10:00,3391.345,,no_room,,,,2025-06-17 20:10:00
1,2025-06-18 07:55:00,3385.348,,no_room,,,,2025-06-18 14:55:00
1,2025-06-18 13:05:00,3389.645,,no_room,,,,2025-06-18 20:05:00
1,2025-06-18 15:45:00,3388.848,,no_room,,,,2025-06-18 22:45:00
1,2025-06-19 13:50:00,3371.155,,no_room,,,,2025-06-19 20:50:00
1,2025-06-19 15:05:00,3366.598,,no_room,,,,2025-06-19 22:05:00
1,2025-06-19 15:50:00,3369.895,,no_room,,,,2025-06-19 22:50:00
1,2025-06-20 13:10:00,3350.605,,no_room,,,,2025-06-20 20:10:00
1,2025-06-20 15:55:00,3369.035,,no_room,,,,2025-06-20 22:55:00
1,2025-06-23 13:40:00,3381.135,,no_room,,,,2025-06-23 20:40:00
1,2025-06-23 15:20:00,3387.548,,no_room,,,,2025-06-23 22:20:00
-1,2025-06-24 09:00:00,3324.725,,no_room,,,,2025-06-24 16:00:00
-1,2025-06-24 09:50:00,3318.955,,no_room,,,,2025-06-24 16:50:00
-1,2025-06-24 12:10:00,3317.648,,no_room,,,,2025-06-24 19:10:00
-1,2025-06-24 13:25:00,3311.138,,no_room,,,,2025-06-24 20:25:00
-1,2025-06-24 15:00:00,3301.605,,no_room,,,,2025-06-24 22:00:00
-1,2025-06-25 12:40:00,3321.398,,no_room,,,,2025-06-25 19:40:00
-1,2025-06-25 13:30:00,3313.598,,no_room,,,,2025-06-25 20:30:00
-1,2025-06-26 13:30:00,3315.978,,no_room,,,,2025-06-26 20:30:00
-1,2025-06-26 14:20:00,3316.748,,no_room,,,,2025-06-26 21:20:00
-1,2025-06-27 07:15:00,3286.628,,no_room,,,,2025-06-27 14:15:00
-1,2025-06-27 08:25:00,3283.345,,no_room,,,,2025-06-27 15:25:00
-1,2025-06-27 09:55:00,3283.995,,no_room,,,,2025-06-27 16:55:00
-1,2025-06-27 10:50:00,3281.895,,no_room,,,,2025-06-27 17:50:00
-1,2025-06-27 11:50:00,3279.545,,no_room,,,,2025-06-27 18:50:00
-1,2025-06-27 12:40:00,3272.125,,no_room,,,,2025-06-27 19:40:00
-1,2025-06-27 14:50:00,3264.645,,no_room,,,,2025-06-27 21:50:00
1,2025-06-30 09:45:00,3286.705,,no_room,,,,2025-06-30 16:45:00
-1,2025-06-30 15:10:00,3284.845,,no_room,,,,2025-06-30 22:10:00
1,2025-07-02 12:45:00,3350.255,,no_room,,,,2025-07-02 19:45:00
-1,2025-07-03 14:20:00,3326.125,,no_room,,,,2025-07-03 21:20:00
-1,2025-07-07 07:00:00,3308.145,,no_room,,,,2025-07-07 14:00:00
-1,2025-07-07 07:45:00,3305.635,,no_room,,,,2025-07-07 14:45:00
-1,2025-07-07 09:25:00,3308.165,,no_room,,,,2025-07-07 16:25:00
1,2025-07-07 14:40:00,3318.858,,no_room,,,,2025-07-07 21:40:00
-1,2025-07-08 13:45:00,3318.735,,no_room,,,,2025-07-08 20:45:00
-1,2025-07-09 08:15:00,3288.075,,no_room,,,,2025-07-09 15:15:00
1,2025-07-09 13:50:00,3299.345,,no_room,,,,2025-07-09 20:50:00
1,2025-07-09 15:45:00,3309.885,,no_room,,,,2025-07-09 22:45:00
-1,2025-07-10 13:50:00,3317.658,,no_room,,,,2025-07-10 20:50:00
1,2025-07-11 11:40:00,3348.125,,no_room,,,,2025-07-11 18:40:00
1,2025-07-11 14:40:00,3358.959,,no_room,,,,2025-07-11 21:40:00
1,2025-07-14 09:55:00,3368.845,,no_room,,,,2025-07-14 16:55:00
-1,2025-07-14 14:35:00,3346.985,,no_room,,,,2025-07-14 21:35:00
-1,2025-07-15 13:15:00,3346.205,,no_room,,,,2025-07-15 20:15:00
-1,2025-07-15 15:10:00,3345.415,,no_room,,,,2025-07-15 22:10:00
-1,2025-07-16 14:30:00,3321.819,,no_room,,,,2025-07-16 21:30:00
1,2025-07-17 15:25:00,3335.845,,no_room,,,,2025-07-17 22:25:00
1,2025-07-21 14:20:00,3395.148,,no_room,,,,2025-07-21 21:20:00
1,2025-07-22 14:25:00,3419.945,,no_room,,,,2025-07-22 21:25:00
1,2025-07-22 15:00:00,3427.449,,no_room,,,,2025-07-22 22:00:00
-1,2025-07-23 15:00:00,3410.515,,no_room,,,,2025-07-23 22:00:00
-1,2025-07-23 15:45:00,3410.135,,no_room,,,,2025-07-23 22:45:00
-1,2025-07-24 09:15:00,3365.618,,no_room,,,,2025-07-24 16:15:00
1,2025-07-24 14:15:00,3371.959,,no_room,,,,2025-07-24 21:15:00
-1,2025-07-25 14:15:00,3339.135,,no_room,,,,2025-07-25 21:15:00
-1,2025-07-25 14:35:00,3333.609,,no_room,,,,2025-07-25 21:35:00
-1,2025-07-25 15:40:00,3327.965,,no_room,,,,2025-07-25 22:40:00
1,2025-07-29 14:25:00,3323.798,,no_room,,,,2025-07-29 21:25:00
-1,2025-07-30 15:05:00,3301.109,,no_room,,,,2025-07-30 22:05:00
1,2025-07-31 08:15:00,3309.505,,no_room,,,,2025-07-31 15:15:00
1,2025-07-31 12:30:00,3307.565,,no_room,,,,2025-07-31 19:30:00
1,2025-08-01 13:05:00,3344.948,,no_room,,,,2025-08-01 20:05:00
1,2025-08-01 15:05:00,3347.598,,no_room,,,,2025-08-01 22:05:00
1,2025-08-05 14:20:00,3380.635,,no_room,,,,2025-08-05 21:20:00
1,2025-08-05 15:45:00,3387.848,,no_room,,,,2025-08-05 22:45:00
1,2025-08-07 11:10:00,3378.105,,no_room,,,,2025-08-07 18:10:00
1,2025-08-07 12:25:00,3380.275,,no_room,,,,2025-08-07 19:25:00
1,2025-08-07 13:40:00,3389.515,,no_room,,,,2025-08-07 20:40:00
-1,2025-08-08 10:55:00,3385.885,,no_room,,,,2025-08-08 17:55:00
-1,2025-08-08 13:20:00,3387.295,,no_room,,,,2025-08-08 20:20:00
-1,2025-08-08 14:25:00,3383.725,,no_room,,,,2025-08-08 21:25:00
-1,2025-08-11 07:00:00,3363.535,,no_room,,,,2025-08-11 14:00:00
-1,2025-08-11 07:45:00,3359.178,,no_room,,,,2025-08-11 14:45:00
-1,2025-08-11 09:10:00,3356.805,,no_room,,,,2025-08-11 16:10:00
-1,2025-08-11 09:50:00,3354.175,,no_room,,,,2025-08-11 16:50:00
-1,2025-08-11 11:20:00,3352.685,,no_room,,,,2025-08-11 18:20:00
-1,2025-08-11 12:25:00,3349.505,,no_room,,,,2025-08-11 19:25:00
-1,2025-08-11 14:35:00,3348.015,,no_room,,,,2025-08-11 21:35:00
-1,2025-08-12 10:00:00,3345.335,,no_room,,,,2025-08-12 17:00:00
-1,2025-08-12 11:00:00,3343.839,,no_room,,,,2025-08-12 18:00:00
-1,2025-08-12 13:35:00,3342.375,,no_room,,,,2025-08-12 20:35:00
-1,2025-08-12 14:10:00,3339.885,,no_room,,,,2025-08-12 21:10:00
-1,2025-08-14 10:45:00,3353.715,,no_room,,,,2025-08-14 17:45:00
-1,2025-08-14 13:20:00,3348.745,,no_room,,,,2025-08-14 20:20:00
-1,2025-08-14 13:55:00,3344.179,,no_room,,,,2025-08-14 20:55:00
-1,2025-08-19 14:35:00,3331.955,,no_room,,,,2025-08-19 21:35:00
1,2025-08-20 14:45:00,3348.198,,no_room,,,,2025-08-20 21:45:00
1,2025-08-21 13:25:00,3344.848,,no_room,,,,2025-08-21 20:25:00
1,2025-08-21 15:40:00,3345.085,,no_room,,,,2025-08-21 22:40:00
1,2025-08-22 15:30:00,3377.605,,no_room,,,,2025-08-22 22:30:00
1,2025-08-26 14:45:00,3377.935,,no_room,,,,2025-08-26 21:45:00
1,2025-08-28 13:50:00,3408.515,,no_room,,,,2025-08-28 20:50:00
1,2025-08-29 14:30:00,3437.065,,no_room,,,,2025-08-29 21:30:00
1,2025-08-29 14:55:00,3439.919,,no_room,,,,2025-08-29 21:55:00
-1,2025-09-02 07:20:00,3483.035,3476.625,signal,3488.3818142857144,3476.9218142857144,3470.808628571429,2025-09-02 14:20:00
-1,2025-09-02 07:50:00,3479.808,,no_room,,,,2025-09-02 14:50:00
-1,2025-09-02 12:35:00,3478.155,,no_room,,,,2025-09-02 19:35:00
1,2025-09-02 15:05:00,3513.608,,signal,3494.6613428571427,3551.501314285715,3589.39462857143,2025-09-02 22:05:00
1,2025-09-02 15:45:00,3516.365,,signal,3494.808942857143,3559.4771142857135,3602.589228571427,2025-09-02 22:45:00
1,2025-09-03 11:30:00,3547.625,,signal,3534.6358571428573,3573.6032857142854,3599.581571428571,2025-09-03 18:30:00
1,2025-09-03 12:55:00,3548.555,,signal,3540.75045,3564.1640999999995,3579.773199999999,2025-09-03 19:55:00
1,2025-09-03 14:20:00,3561.099,,signal,3548.492642857143,3586.3117142857145,3611.524428571429,2025-09-03 21:20:00
1,2025-09-03 15:30:00,3565.335,,signal,3553.7645428571427,3588.4759142857147,3611.6168285714293,2025-09-03 22:30:00
1,2025-09-04 10:05:00,3541.098,,no_room,,,,2025-09-04 17:05:00
1,2025-09-04 13:15:00,3548.185,3563.148,signal,3540.546107142857,3562.7261071428575,3577.267214285715,2025-09-04 20:15:00
1,2025-09-04 15:05:00,3546.105,,no_room,,,,2025-09-04 22:05:00
1,2025-09-04 15:40:00,3548.745,3558.465,signal,3541.8600928571427,3558.140092857143,3567.535185714286,2025-09-04 22:40:00
1,2025-09-05 13:45:00,3584.815,,signal,3572.2977857142855,3609.849428571429,3634.8838571428582,2025-09-05 20:45:00
1,2025-09-05 15:40:00,3592.125,,no_room,,,,2025-09-05 22:40:00
1,2025-09-08 08:20:00,3613.395,,signal,3605.68455,3628.8159,3644.2368,2025-09-08 15:20:00
1,2025-09-08 09:40:00,3614.165,,no_room,,,,2025-09-08 16:40:00
1,2025-09-08 11:50:00,3618.035,,no_room,,,,2025-09-08 18:50:00
1,2025-09-08 13:45:00,3631.785,,signal,3619.5341,3656.2868,3680.7886,2025-09-08 20:45:00
1,2025-09-08 14:50:00,3637.385,,signal,3628.2378142857146,3655.6793714285714,3673.9737428571425,2025-09-08 21:50:00
-1,2025-09-09 07:50:00,3643.725,,no_room,,,,2025-09-09 14:50:00
-1,2025-09-09 10:35:00,3651.798,3642.345,signal,3656.0388428571428,3643.316314285714,3634.834628571428,2025-09-09 17:35:00
-1,2025-09-09 15:10:00,3635.678,,no_room,,,,2025-09-09 22:10:00
1,2025-09-10 14:15:00,3653.775,,no_room,,,,2025-09-10 21:15:00
-1,2025-09-11 08:40:00,3626.845,,no_room,,,,2025-09-11 15:40:00
1,2025-09-11 15:20:00,3637.675,,no_room,,,,2025-09-11 22:20:00
1,2025-09-12 10:00:00,3646.875,,no_room,,,,2025-09-12 17:00:00
1,2025-09-15 15:00:00,3664.125,,no_room,,,,2025-09-15 22:00:00
1,2025-09-16 14:15:00,3699.365,,signal,3684.588092857143,3728.918814285714,3758.472628571428,2025-09-16 21:15:00
-1,2025-09-16 15:30:00,3679.819,,no_room,,,,2025-09-16 22:30:00
-1,2025-09-17 08:00:00,3666.435,3643.515,signal,3677.472278571429,3644.360442857142,3622.285885714284,2025-09-17 15:00:00
1,2025-09-17 13:30:00,3679.265,,no_room,,,,2025-09-17 20:30:00
1,2025-09-17 14:10:00,3682.315,,no_room,,,,2025-09-17 21:10:00
1,2025-09-19 09:00:00,3657.205,,no_room,,,,2025-09-19 16:00:00
1,2025-09-19 14:35:00,3664.165,,no_room,,,,2025-09-19 21:35:00
1,2025-09-22 08:00:00,3716.175,,signal,3708.0975714285714,3732.3298571428577,3748.484714285715,2025-09-22 15:00:00
1,2025-09-22 08:40:00,3719.405,,no_room,,,,2025-09-22 15:40:00
1,2025-09-22 09:15:00,3722.215,,signal,3718.854878571429,3728.935242857143,3735.6554857142855,2025-09-22 16:15:00
1,2025-09-22 14:50:00,3721.855,,no_room,,,,2025-09-22 21:50:00
1,2025-09-23 11:25:00,3787.648,,no_room,,,,2025-09-23 18:25:00
1,2025-09-23 13:05:00,3784.675,,no_room,,,,2025-09-23 20:05:00
-1,2025-09-24 14:50:00,3753.195,,no_room,,,,2025-09-24 21:50:00
-1,2025-09-24 15:30:00,3749.465,,no_room,,,,2025-09-24 22:30:00
1,2025-09-25 07:35:00,3748.095,,no_room,,,,2025-09-25 14:35:00
1,2025-09-25 09:45:00,3757.248,,no_room,,,,2025-09-25 16:45:00
1,2025-09-25 10:45:00,3758.745,,no_room,,,,2025-09-25 17:45:00
-1,2025-09-25 12:30:00,3749.515,,no_room,,,,2025-09-25 19:30:00
-1,2025-09-25 13:40:00,3730.425,,no_room,,,,2025-09-25 20:40:00
-1,2025-09-26 09:10:00,3751.448,,no_room,,,,2025-09-26 16:10:00
1,2025-09-26 14:00:00,3766.065,,no_room,,,,2025-09-26 21:00:00
1,2025-09-26 15:55:00,3780.075,,no_room,,,,2025-09-26 22:55:00
1,2025-09-29 08:45:00,3816.275,,no_room,,,,2025-09-29 15:45:00
1,2025-09-29 11:10:00,3818.375,,no_room,,,,2025-09-29 18:10:00
1,2025-09-29 15:00:00,3828.365,,no_room,,,,2025-09-29 22:00:00
-1,2025-09-30 09:10:00,3807.308,,no_room,,,,2025-09-30 16:10:00
-1,2025-09-30 12:40:00,3810.795,,no_room,,,,2025-09-30 19:40:00
-1,2025-09-30 15:05:00,3842.505,3825.415,signal,3853.0089785714285,3826.1389785714287,3809.772957142857,2025-09-30 22:05:00
1,2025-10-01 07:10:00,3864.648,,no_room,,,,2025-10-01 14:10:00
-1,2025-10-01 11:35:00,3880.678,3858.445,signal,3889.64255,3862.7488999999996,3844.8197999999993,2025-10-01 18:35:00
-1,2025-10-01 12:25:00,3877.798,3858.445,signal,3889.7617642857144,3858.8317642857146,3839.8655285714294,2025-10-01 19:25:00
-1,2025-10-01 14:45:00,3867.375,,no_room,,,,2025-10-01 21:45:00
1,2025-10-02 08:25:00,3869.348,,no_room,,,,2025-10-02 15:25:00
1,2025-10-02 09:50:00,3877.895,,no_room,,,,2025-10-02 16:50:00
1,2025-10-02 10:20:00,3879.615,3890.898,signal,3872.870214285714,3890.6232142857143,3901.631428571429,2025-10-02 17:20:00
-1,2025-10-02 15:35:00,3825.135,,no_room,,,,2025-10-02 22:35:00
1,2025-10-03 15:50:00,3888.785,,no_room,,,,2025-10-03 22:50:00
1,2025-10-06 07:45:00,3936.225,3944.955,signal,3928.604478571429,3944.5544785714287,3952.8839571428575,2025-10-06 14:45:00
1,2025-10-06 10:35:00,3942.515,,no_room,,,,2025-10-06 17:35:00
1,2025-10-06 12:15:00,3940.055,,no_room,,,,2025-10-06 19:15:00
-1,2025-10-06 12:30:00,3930.875,,no_room,,,,2025-10-06 19:30:00
-1,2025-10-06 13:30:00,3930.615,,no_room,,,,2025-10-06 20:30:00
1,2025-10-06 14:30:00,3950.195,,signal,3939.5044357142856,3971.5761285714293,3992.9572571428585,2025-10-06 21:30:00
1,2025-10-06 15:50:00,3958.655,,signal,3947.4694999999997,3981.026000000001,4003.397000000002,2025-10-06 22:50:00
1,2025-10-07 12:40:00,3972.085,,no_room,,,,2025-10-07 19:40:00
1,2025-10-07 15:10:00,3986.348,,signal,3968.3187214285717,4022.4065571428564,4058.465114285713,2025-10-07 22:10:00
1,2025-10-08 07:05:00,4032.735,,no_room,,,,2025-10-08 14:05:00
1,2025-10-08 08:20:00,4038.585,,signal,4030.4124714285713,4054.9300571428575,4071.275114285715,2025-10-08 15:20:00
1,2025-10-08 09:45:00,4040.305,,signal,4030.197285714286,4060.5204285714276,4080.7358571428554,2025-10-08 16:45:00
-1,2025-10-08 13:40:00,4030.805,,no_room,,,,2025-10-08 20:40:00
1,2025-10-09 08:10:00,4032.598,,no_room,,,,2025-10-09 15:10:00
1,2025-10-09 08:35:00,4037.805,,no_room,,,,2025-10-09 15:35:00
-1,2025-10-09 13:40:00,4037.225,,no_room,,,,2025-10-09 20:40:00
-1,2025-10-09 14:20:00,4012.345,,no_room,,,,2025-10-09 21:20:00
-1,2025-10-09 15:25:00,4017.998,4002.395,signal,4029.3882714285714,4003.2282714285716,3988.458542857143,2025-10-09 22:25:00
1,2025-10-10 08:40:00,3988.645,,no_room,,,,2025-10-10 15:40:00
1,2025-10-10 09:40:00,4001.475,4036.135,signal,3984.4378,4035.5493999999994,4069.623799999999,2025-10-10 16:40:00
1,2025-10-10 13:20:00,3989.315,,no_room,,,,2025-10-10 20:20:00
1,2025-10-10 15:05:00,3997.845,,no_room,,,,2025-10-10 22:05:00
1,2025-10-13 07:10:00,4070.325,,no_room,,,,2025-10-13 14:10:00
1,2025-10-13 08:45:00,4076.005,,no_room,,,,2025-10-13 15:45:00
1,2025-10-13 10:45:00,4079.505,,no_room,,,,2025-10-13 17:45:00
1,2025-10-13 13:05:00,4085.785,,signal,4074.728357142857,4107.8982857142855,4130.011571428571,2025-10-13 20:05:00
1,2025-10-13 13:50:00,4093.185,,signal,4081.0413999999996,4117.4722,4141.759400000001,2025-10-13 20:50:00
1,2025-10-13 14:30:00,4096.405,,signal,4089.9829357142858,4109.249128571428,4122.093257142856,2025-10-13 21:30:00
1,2025-10-13 15:50:00,4100.015,,signal,4091.932635714286,4116.179728571429,4132.344457142858,2025-10-13 22:50:00
-1,2025-10-14 09:45:00,4133.655,4106.365,signal,4144.275628571429,4112.413742857142,4091.1724857142844,2025-10-14 16:45:00
-1,2025-10-14 11:45:00,4128.048,,no_room,,,,2025-10-14 18:45:00
-1,2025-10-14 12:20:00,4125.569,,no_room,,,,2025-10-14 19:20:00
1,2025-10-15 08:00:00,4207.775,,signal,4186.950078571428,4249.424842857143,4291.074685714286,2025-10-15 15:00:00
1,2025-10-15 10:10:00,4196.475,,no_room,,,,2025-10-15 17:10:00
1,2025-10-15 14:00:00,4198.495,4217.995,signal,4182.315735714285,4217.2357357142855,4235.976471428571,2025-10-15 21:00:00
-1,2025-10-16 09:25:00,4228.305,4204.698,signal,4235.09345,4214.7281,4201.1512,2025-10-16 16:25:00
1,2025-10-16 09:55:00,4234.745,,no_room,,,,2025-10-16 16:55:00
1,2025-10-16 11:05:00,4242.955,,signal,4233.449807142857,4261.965385714286,4280.9757714285715,2025-10-16 18:05:00
1,2025-10-16 11:40:00,4245.905,,signal,4233.511435714286,4270.692128571428,4295.479257142856,2025-10-16 18:40:00
1,2025-10-16 13:20:00,4250.775,,signal,4226.420550000001,4299.483899999997,4348.192799999995,2025-10-16 20:20:00
1,2025-10-16 14:05:00,4258.448,,signal,4226.409642857143,4322.524714285715,4386.60142857143,2025-10-16 21:05:00
1,2025-10-16 14:30:00,4265.515,,signal,4242.114949999999,4312.3151000000025,4359.115200000005,2025-10-16 21:30:00
1,2025-10-16 15:05:00,4267.315,,signal,4253.135450000001,4295.674099999997,4324.033199999995,2025-10-16 22:05:00
-1,2025-10-17 10:30:00,4332.085,4308.235,signal,4342.488714285714,4311.277571428572,4290.470142857143,2025-10-17 17:30:00
-1,2025-10-17 11:10:00,4319.415,,no_room,,,,2025-10-17 18:10:00
-1,2025-10-17 11:30:00,4316.355,,no_room,,,,2025-10-17 18:30:00
-1,2025-10-17 13:30:00,4300.875,,no_room,,,,2025-10-17 20:30:00
-1,2025-10-17 14:00:00,4258.115,,no_room,,,,2025-10-17 21:00:00
-1,2025-10-20 08:45:00,4256.795,4248.335,signal,4263.2661,4248.7861,4240.7772,2025-10-20 15:45:00
-1,2025-10-20 10:05:00,4250.175,,no_room,,,,2025-10-20 17:05:00
1,2025-10-20 14:15:00,4317.148,,no_room,,,,2025-10-20 21:15:00
1,2025-10-20 15:00:00,4334.348,4378.455,signal,4315.757892857143,4371.528214285714,4408.708428571428,2025-10-20 22:00:00
-1,2025-10-21 07:30:00,4321.865,,no_room,,,,2025-10-21 14:30:00
-1,2025-10-21 08:00:00,4293.125,,no_room,,,,2025-10-21 15:00:00
-1,2025-10-21 10:15:00,4254.425,,no_room,,,,2025-10-21 17:15:00
-1,2025-10-21 11:40:00,4256.945,,no_room,,,,2025-10-21 18:40:00
-1,2025-10-21 12:50:00,4214.005,,no_room,,,,2025-10-21 19:50:00
-1,2025-10-21 13:45:00,4189.355,,no_room,,,,2025-10-21 20:45:00
-1,2025-10-22 09:20:00,4068.948,,no_room,,,,2025-10-22 16:20:00
-1,2025-10-22 09:40:00,4063.979,,no_room,,,,2025-10-22 16:40:00
-1,2025-10-22 10:40:00,4061.375,4033.355,signal,4079.0310785714287,4034.5110785714287,4007.6471571428574,2025-10-22 17:40:00
-1,2025-10-22 14:30:00,4046.945,,no_room,,,,2025-10-22 21:30:00
1,2025-10-23 09:15:00,4118.735,,no_room,,,,2025-10-23 16:15:00
1,2025-10-23 12:30:00,4117.505,,no_room,,,,2025-10-23 19:30:00
1,2025-10-23 14:05:00,4150.715,,no_room,,,,2025-10-23 21:05:00
-1,2025-10-24 07:20:00,4090.115,,no_room,,,,2025-10-24 14:20:00
-1,2025-10-24 11:00:00,4054.105,,no_room,,,,2025-10-24 18:00:00
1,2025-10-24 13:05:00,4092.705,,no_room,,,,2025-10-24 20:05:00
1,2025-10-24 14:10:00,4121.845,,no_room,,,,2025-10-24 21:10:00
-1,2025-10-27 10:25:00,4037.339,,no_room,,,,2025-10-27 17:25:00
-1,2025-10-27 11:20:00,4028.655,,no_room,,,,2025-10-27 18:20:00
-1,2025-10-27 11:35:00,4020.369,,no_room,,,,2025-10-27 18:35:00
-1,2025-10-27 13:40:00,4029.935,,no_room,,,,2025-10-27 20:40:00
-1,2025-10-27 15:00:00,3982.635,,no_room,,,,2025-10-27 22:00:00
-1,2025-10-28 08:15:00,3921.248,3883.418,signal,3936.8457857142857,3890.0524285714287,3858.8568571428573,2025-10-28 15:15:00
-1,2025-10-28 12:35:00,3921.525,3886.199,signal,3930.1501857142857,3904.274628571429,3887.0242571428576,2025-10-28 19:35:00
1,2025-10-28 13:50:00,3933.675,,no_room,,,,2025-10-28 20:50:00
1,2025-10-28 14:25:00,3944.395,,no_room,,,,2025-10-28 21:25:00
1,2025-10-29 07:05:00,3984.595,,no_room,,,,2025-10-29 14:05:00
1,2025-10-29 07:55:00,3998.375,,no_room,,,,2025-10-29 14:55:00
1,2025-10-29 09:45:00,4021.355,,no_room,,,,2025-10-29 16:45:00
1,2025-10-29 12:10:00,4028.135,,no_room,,,,2025-10-29 19:10:00
1,2025-10-30 09:00:00,3977.025,,no_room,,,,2025-10-30 16:00:00
1,2025-10-30 12:00:00,3976.235,,no_room,,,,2025-10-30 19:00:00
-1,2025-10-30 12:55:00,3966.155,,no_room,,,,2025-10-30 19:55:00
1,2025-10-30 15:40:00,4003.415,,no_room,,,,2025-10-30 22:40:00
-1,2025-10-31 08:50:00,4018.165,,no_room,,,,2025-10-31 15:50:00
-1,2025-10-31 09:10:00,4006.455,,no_room,,,,2025-10-31 16:10:00
-1,2025-10-31 11:30:00,4003.375,,no_room,,,,2025-10-31 18:30:00
1,2025-11-03 07:00:00,4018.335,,no_room,,,,2025-11-03 14:00:00
1,2025-11-03 07:55:00,4023.255,,no_room,,,,2025-11-03 14:55:00
-1,2025-11-03 14:25:00,4012.385,,no_room,,,,2025-11-03 21:25:00
1,2025-11-04 08:25:00,3999.225,,no_room,,,,2025-11-04 15:25:00
-1,2025-11-04 13:30:00,3983.465,,no_room,,,,2025-11-04 20:30:00
-1,2025-11-04 14:25:00,3963.965,,no_room,,,,2025-11-04 21:25:00
1,2025-11-05 07:35:00,3969.275,,no_room,,,,2025-11-05 14:35:00
1,2025-11-05 10:45:00,3967.105,,no_room,,,,2025-11-05 17:45:00
-1,2025-11-05 11:20:00,3960.155,,no_room,,,,2025-11-05 18:20:00
-1,2025-11-05 15:10:00,3970.675,,no_room,,,,2025-11-05 22:10:00
1,2025-11-06 08:15:00,4009.045,,no_room,,,,2025-11-06 15:15:00
-1,2025-11-06 15:00:00,3988.805,,no_room,,,,2025-11-06 22:00:00
1,2025-11-07 14:10:00,4001.765,,no_room,,,,2025-11-07 21:10:00
-1,2025-11-07 15:40:00,3987.535,,no_room,,,,2025-11-07 22:40:00
1,2025-11-10 07:10:00,4078.315,,no_room,,,,2025-11-10 14:10:00
1,2025-11-10 08:05:00,4078.875,,no_room,,,,2025-11-10 15:05:00
1,2025-11-10 08:35:00,4083.175,,no_room,,,,2025-11-10 15:35:00
1,2025-11-10 09:35:00,4083.255,,no_room,,,,2025-11-10 16:35:00
1,2025-11-10 11:35:00,4082.265,,no_room,,,,2025-11-10 18:35:00
1,2025-11-11 08:00:00,4132.848,,no_room,,,,2025-11-11 15:00:00
1,2025-11-11 09:00:00,4137.555,,no_room,,,,2025-11-11 16:00:00
1,2025-11-12 07:05:00,4118.885,,no_room,,,,2025-11-12 14:05:00
1,2025-11-12 08:20:00,4125.045,,no_room,,,,2025-11-12 15:20:00
1,2025-11-12 11:05:00,4128.105,,no_room,,,,2025-11-12 18:05:00
1,2025-11-12 12:10:00,4128.655,,no_room,,,,2025-11-12 19:10:00
1,2025-11-12 14:00:00,4132.435,,no_room,,,,2025-11-12 21:00:00
1,2025-11-12 14:50:00,4137.815,,no_room,,,,2025-11-12 21:50:00
1,2025-11-13 07:20:00,4212.071,,no_room,,,,2025-11-13 14:20:00
1,2025-11-13 07:55:00,4218.725,,no_room,,,,2025-11-13 14:55:00
1,2025-11-13 12:55:00,4239.905,,no_room,,,,2025-11-13 19:55:00
-1,2025-11-14 07:20:00,4169.215,,no_room,,,,2025-11-14 14:20:00
-1,2025-11-14 09:00:00,4172.955,,no_room,,,,2025-11-14 16:00:00
-1,2025-11-14 09:30:00,4167.855,,no_room,,,,2025-11-14 16:30:00
-1,2025-11-14 10:10:00,4166.255,,no_room,,,,2025-11-14 17:10:00
-1,2025-11-14 10:30:00,4162.445,,no_room,,,,2025-11-14 17:30:00
-1,2025-11-14 11:10:00,4159.028,,no_room,,,,2025-11-14 18:10:00
-1,2025-11-14 11:50:00,4141.578,,no_room,,,,2025-11-14 18:50:00
-1,2025-11-14 13:05:00,4107.595,,no_room,,,,2025-11-14 20:05:00
-1,2025-11-17 10:45:00,4078.838,,no_room,,,,2025-11-17 17:45:00
-1,2025-11-17 13:35:00,4074.795,,no_room,,,,2025-11-17 20:35:00
-1,2025-11-17 15:15:00,4063.935,,no_room,,,,2025-11-17 22:15:00
-1,2025-11-18 07:00:00,4007.415,,no_room,,,,2025-11-18 14:00:00
-1,2025-11-18 07:30:00,4001.925,,no_room,,,,2025-11-18 14:30:00
1,2025-11-18 09:50:00,4039.748,,no_room,,,,2025-11-18 16:50:00
1,2025-11-18 10:45:00,4046.995,,no_room,,,,2025-11-18 17:45:00
1,2025-11-18 13:00:00,4039.795,,no_room,,,,2025-11-18 20:00:00
1,2025-11-18 13:20:00,4045.948,,no_room,,,,2025-11-18 20:20:00
1,2025-11-19 09:10:00,4088.615,,no_room,,,,2025-11-19 16:10:00
1,2025-11-19 09:40:00,4091.825,,no_room,,,,2025-11-19 16:40:00
1,2025-11-19 14:55:00,4118.615,,no_room,,,,2025-11-19 21:55:00
-1,2025-11-20 07:40:00,4059.805,,no_room,,,,2025-11-20 14:40:00
-1,2025-11-20 11:00:00,4057.935,,no_room,,,,2025-11-20 18:00:00
1,2025-11-20 12:50:00,4079.055,,no_room,,,,2025-11-20 19:50:00
1,2025-11-20 14:40:00,4088.335,,no_room,,,,2025-11-20 21:40:00
-1,2025-11-21 10:25:00,4038.385,,no_room,,,,2025-11-21 17:25:00
-1,2025-11-21 11:50:00,4032.055,,no_room,,,,2025-11-21 18:50:00
1,2025-11-21 13:40:00,4071.548,,no_room,,,,2025-11-21 20:40:00
1,2025-11-24 09:05:00,4066.775,,no_room,,,,2025-11-24 16:05:00
1,2025-11-24 10:00:00,4072.695,,no_room,,,,2025-11-24 17:00:00
1,2025-11-24 12:30:00,4073.998,,no_room,,,,2025-11-24 19:30:00
1,2025-11-24 15:00:00,4082.835,,no_room,,,,2025-11-24 22:00:00
-1,2025-11-25 11:00:00,4127.905,,no_room,,,,2025-11-25 18:00:00
-1,2025-11-25 12:40:00,4127.195,,no_room,,,,2025-11-25 19:40:00
-1,2025-11-26 10:45:00,4157.468,,no_room,,,,2025-11-26 17:45:00
-1,2025-11-26 14:05:00,4148.605,,no_room,,,,2025-11-26 21:05:00
1,2025-11-28 13:55:00,4178.225,,no_room,,,,2025-11-28 20:55:00
1,2025-12-01 10:00:00,4251.465,,no_room,,,,2025-12-01 17:00:00
1,2025-12-01 11:40:00,4257.635,,no_room,,,,2025-12-01 18:40:00
1,2025-12-01 13:25:00,4256.125,,no_room,,,,2025-12-01 20:25:00
-1,2025-12-02 09:15:00,4206.875,,no_room,,,,2025-12-02 16:15:00
1,2025-12-03 13:40:00,4222.785,,no_room,,,,2025-12-03 20:40:00
-1,2025-12-04 08:55:00,4189.638,,no_room,,,,2025-12-04 15:55:00
-1,2025-12-04 12:30:00,4193.135,,no_room,,,,2025-12-04 19:30:00
1,2025-12-04 15:30:00,4208.125,,no_room,,,,2025-12-04 22:30:00
1,2025-12-05 14:45:00,4239.345,,no_room,,,,2025-12-05 21:45:00
1,2025-12-05 15:25:00,4245.198,,no_room,,,,2025-12-05 22:25:00
-1,2025-12-08 14:55:00,4197.215,,no_room,,,,2025-12-08 21:55:00
1,2025-12-09 14:40:00,4203.165,,no_room,,,,2025-12-09 21:40:00
1,2025-12-09 15:55:00,4208.485,,no_room,,,,2025-12-09 22:55:00
1,2025-12-11 15:30:00,4244.335,,no_room,,,,2025-12-11 22:30:00
1,2025-12-12 09:50:00,4317.695,,no_room,,,,2025-12-12 16:50:00
1,2025-12-12 10:20:00,4320.278,,no_room,,,,2025-12-12 17:20:00
1,2025-12-12 13:30:00,4339.045,,no_room,,,,2025-12-12 20:30:00
1,2025-12-12 14:50:00,4345.645,,no_room,,,,2025-12-12 21:50:00
-1,2025-12-12 15:55:00,4295.135,,no_room,,,,2025-12-12 22:55:00
-1,2025-12-15 14:50:00,4320.385,,no_room,,,,2025-12-15 21:50:00
-1,2025-12-16 08:15:00,4279.245,,no_room,,,,2025-12-16 15:15:00
-1,2025-12-16 10:30:00,4276.465,,no_room,,,,2025-12-16 17:30:00
1,2025-12-16 13:55:00,4312.385,,no_room,,,,2025-12-16 20:55:00
1,2025-12-16 15:05:00,4331.745,,no_room,,,,2025-12-16 22:05:00
1,2025-12-17 09:05:00,4320.748,,no_room,,,,2025-12-17 16:05:00
1,2025-12-17 15:30:00,4345.155,,no_room,,,,2025-12-17 22:30:00
1,2025-12-19 15:00:00,4337.715,,no_room,,,,2025-12-19 22:00:00
1,2025-12-19 15:55:00,4346.395,,no_room,,,,2025-12-19 22:55:00
1,2025-12-22 15:45:00,4429.325,,signal,4411.085914285714,4465.803171428571,4502.281342857142,2025-12-22 22:45:00
-1,2025-12-23 14:40:00,4454.398,4428.675,signal,4472.901407142856,4429.591407142857,4404.784814285714,2025-12-23 21:40:00
-1,2025-12-24 07:35:00,4490.315,4484.775,signal,4494.666821428571,4485.093821428571,4479.872642857142,2025-12-24 14:35:00
-1,2025-12-24 08:55:00,4482.055,,no_room,,,,2025-12-24 15:55:00
-1,2025-12-24 10:30:00,4486.035,,no_room,,,,2025-12-24 17:30:00
-1,2025-12-24 11:35:00,4484.585,,no_room,,,,2025-12-24 18:35:00
-1,2025-12-24 13:15:00,4482.795,,no_room,,,,2025-12-24 20:15:00
-1,2025-12-24 15:40:00,4460.335,4429.975,signal,4477.302621428571,4431.002621428572,4401.670242857143,2025-12-24 22:40:00
1,2025-12-26 14:25:00,4528.155,,no_room,,,,2025-12-26 21:25:00
1,2025-12-26 15:25:00,4532.855,,signal,4511.723171428572,4575.118657142855,4617.382314285711,2025-12-26 22:25:00
1,2025-12-26 15:55:00,4545.285,,signal,4511.759535714286,4612.335928571427,4679.386857142854,2025-12-26 22:55:00
-1,2025-12-29 08:45:00,4465.748,,no_room,,,,2025-12-29 15:45:00
-1,2025-12-29 10:40:00,4459.895,,no_room,,,,2025-12-29 17:40:00
-1,2025-12-29 11:35:00,4455.515,,no_room,,,,2025-12-29 18:35:00
-1,2025-12-29 13:40:00,4433.835,,no_room,,,,2025-12-29 20:40:00
-1,2025-12-29 14:30:00,4385.825,,no_room,,,,2025-12-29 21:30:00
-1,2025-12-29 15:00:00,4356.155,,no_room,,,,2025-12-29 22:00:00
1,2025-12-30 07:35:00,4372.205,,no_room,,,,2025-12-30 14:35:00
1,2025-12-30 10:15:00,4376.245,,no_room,,,,2025-12-30 17:15:00
1,2025-12-30 12:10:00,4390.035,,no_room,,,,2025-12-30 19:10:00
1,2025-12-30 12:35:00,4399.055,,no_room,,,,2025-12-30 19:35:00
-1,2025-12-31 08:05:00,4323.285,,no_room,,,,2025-12-31 15:05:00
-1,2025-12-31 08:40:00,4319.938,,no_room,,,,2025-12-31 15:40:00
1,2025-12-31 09:40:00,4332.605,,no_room,,,,2025-12-31 16:40:00
1,2025-12-31 12:40:00,4316.165,,no_room,,,,2025-12-31 19:40:00
1,2025-12-31 13:20:00,4317.925,,no_room,,,,2025-12-31 20:20:00
-1,2026-01-02 14:30:00,4361.695,,no_room,,,,2026-01-02 21:30:00
-1,2026-01-02 15:00:00,4347.635,,no_room,,,,2026-01-02 22:00:00
1,2026-01-05 07:40:00,4423.685,4441.948,signal,4416.077135714286,4438.90072857143,4454.116457142859,2026-01-05 14:40:00
1,2026-01-05 08:15:00,4424.695,,no_room,,,,2026-01-05 15:15:00
1,2026-01-05 08:45:00,4429.915,4441.948,signal,4422.826071428572,4441.579071428572,4453.243142857144,2026-01-05 15:45:00
-1,2026-01-05 13:25:00,4405.265,,no_room,,,,2026-01-05 20:25:00
1,2026-01-06 08:20:00,4466.135,,no_room,,,,2026-01-06 15:20:00
-1,2026-01-06 13:30:00,4458.478,,no_room,,,,2026-01-06 20:30:00
-1,2026-01-07 10:25:00,4459.845,,no_room,,,,2026-01-07 17:25:00
-1,2026-01-07 11:30:00,4458.495,,no_room,,,,2026-01-07 18:30:00
-1,2026-01-07 13:05:00,4439.135,,no_room,,,,2026-01-07 20:05:00
-1,2026-01-07 15:10:00,4435.485,,no_room,,,,2026-01-07 22:10:00
-1,2026-01-08 07:45:00,4430.498,,no_room,,,,2026-01-08 14:45:00
-1,2026-01-08 10:05:00,4428.805,,no_room,,,,2026-01-08 17:05:00
1,2026-01-08 15:45:00,4453.698,,no_room,,,,2026-01-08 22:45:00
1,2026-01-09 14:20:00,4491.595,,no_room,,,,2026-01-09 21:20:00
1,2026-01-09 15:05:00,4497.898,,no_room,,,,2026-01-09 22:05:00
1,2026-01-12 07:15:00,4584.695,4601.048,signal,4571.50395,4600.67695,4616.6589,2026-01-12 14:15:00
1,2026-01-12 07:55:00,4587.285,4601.048,signal,4578.015735714286,4600.6287357142855,4613.972471428571,2026-01-12 14:55:00
1,2026-01-12 08:45:00,4589.465,4601.048,signal,4578.812999999999,4600.625999999999,4611.786999999998,2026-01-12 15:45:00
1,2026-01-12 15:05:00,4611.165,,signal,4583.541171428571,4666.412657142858,4721.660314285716,2026-01-12 22:05:00
-1,2026-01-13 07:50:00,4578.705,,no_room,,,,2026-01-13 14:50:00
-1,2026-01-13 09:25:00,4589.258,,no_room,,,,2026-01-13 16:25:00
1,2026-01-13 14:20:00,4620.548,,no_room,,,,2026-01-13 21:20:00
1,2026-01-13 14:40:00,4623.448,,no_room,,,,2026-01-13 21:40:00
1,2026-01-14 09:05:00,4637.685,,no_room,,,,2026-01-14 16:05:00
1,2026-01-14 13:40:00,4635.135,,no_room,,,,2026-01-14 20:40:00
-1,2026-01-15 07:35:00,4605.675,,no_room,,,,2026-01-15 14:35:00
-1,2026-01-16 08:40:00,4604.298,,no_room,,,,2026-01-16 15:40:00
-1,2026-01-16 09:25:00,4600.945,,no_room,,,,2026-01-16 16:25:00
-1,2026-01-16 15:20:00,4595.748,,no_room,,,,2026-01-16 22:20:00
1,2026-01-20 07:20:00,4716.925,,signal,4704.919221428571,4740.936557142858,4764.948114285716,2026-01-20 14:20:00
1,2026-01-20 08:05:00,4722.505,,signal,4704.948057142857,4757.618885714287,4792.732771428574,2026-01-20 15:05:00
1,2026-01-20 08:50:00,4725.395,,signal,4715.27935,4745.626300000002,4765.857600000003,2026-01-20 15:50:00
1,2026-01-20 09:25:00,4731.445,,signal,4715.236557142857,4763.861885714285,4796.27877142857,2026-01-20 16:25:00
1,2026-01-20 14:25:00,4748.298,,signal,4714.273507142857,4816.346985714285,4884.395971428571,2026-01-20 21:25:00
1,2026-01-21 07:50:00,4851.435,4888.075,signal,4831.490714285715,4887.190714285714,4922.946428571428,2026-01-21 14:50:00
1,2026-01-21 09:25:00,4869.375,,no_room,,,,2026-01-21 16:25:00
1,2026-01-21 11:15:00,4866.498,4876.965,signal,4860.292278571429,4876.612278571429,4886.726557142858,2026-01-21 18:15:00
1,2026-01-21 13:30:00,4870.715,,no_room,,,,2026-01-21 20:30:00
-1,2026-01-21 15:15:00,4846.485,,no_room,,,,2026-01-21 22:15:00
1,2026-01-22 07:00:00,4829.195,,no_room,,,,2026-01-22 14:00:00
1,2026-01-22 08:55:00,4830.345,,no_room,,,,2026-01-22 15:55:00
-1,2026-01-22 13:40:00,4815.795,,no_room,,,,2026-01-22 20:40:00
1,2026-01-22 15:25:00,4847.505,,no_room,,,,2026-01-22 22:25:00
-1,2026-01-23 09:15:00,4908.495,,no_room,,,,2026-01-23 16:15:00
1,2026-01-23 12:45:00,4936.785,4967.075,signal,4917.74405,4966.61405,4996.4431,2026-01-23 19:45:00
1,2026-01-23 14:45:00,4947.715,,no_room,,,,2026-01-23 21:45:00
1,2026-01-23 15:40:00,4955.695,,no_room,,,,2026-01-23 22:40:00
1,2026-01-26 08:10:00,5095.585,5110.885,signal,5085.169328571428,5110.319328571429,5125.053657142857,2026-01-26 15:10:00
1,2026-01-26 12:20:00,5094.895,,no_room,,,,2026-01-26 19:20:00
-1,2026-01-26 13:30:00,5066.025,,no_room,,,,2026-01-26 20:30:00
1,2026-01-27 07:30:00,5094.395,,no_room,,,,2026-01-27 14:30:00
1,2026-01-27 09:15:00,5085.355,,no_room,,,,2026-01-27 16:15:00
1,2026-01-27 12:30:00,5082.615,,no_room,,,,2026-01-27 19:30:00
1,2026-01-28 08:30:00,5299.675,,signal,5270.996978571428,5357.031042857144,5414.387085714287,2026-01-28 15:30:00
1,2026-01-28 10:05:00,5280.115,5311.245,signal,5262.036521428571,5310.366521428571,5340.618042857142,2026-01-28 17:05:00
-1,2026-01-28 13:35:00,5268.665,,no_room,,,,2026-01-28 20:35:00
-1,2026-01-28 15:05:00,5250.045,,no_room,,,,2026-01-28 22:05:00
-1,2026-01-29 10:55:00,5497.095,,no_room,,,,2026-01-29 17:55:00
-1,2026-01-29 13:10:00,5525.985,,no_room,,,,2026-01-29 20:10:00
-1,2026-01-30 08:30:00,5117.205,,no_room,,,,2026-01-30 15:30:00
-1,2026-01-30 09:10:00,5051.785,,no_room,,,,2026-01-30 16:10:00
-1,2026-01-30 09:40:00,5013.655,,no_room,,,,2026-01-30 16:40:00
-1,2026-01-30 11:45:00,5104.948,,no_room,,,,2026-01-30 18:45:00
-1,2026-01-30 12:45:00,5087.215,,no_room,,,,2026-01-30 19:45:00
-1,2026-01-30 15:00:00,4990.875,,no_room,,,,2026-01-30 22:00:00
1,2026-02-02 11:10:00,4732.848,,no_room,,,,2026-02-02 18:10:00
1,2026-02-02 12:20:00,4779.025,,no_room,,,,2026-02-02 19:20:00
1,2026-02-02 12:40:00,4789.388,,no_room,,,,2026-02-02 19:40:00
1,2026-02-02 14:30:00,4738.038,,no_room,,,,2026-02-02 21:30:00
1,2026-02-03 07:25:00,4893.535,,no_room,,,,2026-02-03 14:25:00
1,2026-02-03 08:15:00,4933.305,,no_room,,,,2026-02-03 15:15:00
1,2026-02-03 12:00:00,4918.905,,no_room,,,,2026-02-03 19:00:00
1,2026-02-03 13:00:00,4918.778,,no_room,,,,2026-02-03 20:00:00
1,2026-02-03 13:25:00,4930.685,,no_room,,,,2026-02-03 20:25:00
1,2026-02-03 15:05:00,4928.675,,no_room,,,,2026-02-03 22:05:00
1,2026-02-04 07:25:00,5082.345,,no_room,,,,2026-02-04 14:25:00
-1,2026-02-04 11:15:00,5041.595,5013.595,signal,5062.030692857143,5014.566692857143,4987.538385714285,2026-02-04 18:15:00
-1,2026-02-04 13:05:00,5037.115,,no_room,,,,2026-02-04 20:05:00
-1,2026-02-04 14:25:00,5034.285,,no_room,,,,2026-02-04 21:25:00
-1,2026-02-04 15:20:00,4966.515,,no_room,,,,2026-02-04 22:20:00
1,2026-02-05 08:10:00,4939.925,,no_room,,,,2026-02-05 15:10:00
-1,2026-02-05 12:10:00,4847.205,,no_room,,,,2026-02-05 19:10:00
-1,2026-02-05 15:25:00,4821.475,,no_room,,,,2026-02-05 22:25:00
1,2026-02-06 08:20:00,4861.485,,no_room,,,,2026-02-06 15:20:00
1,2026-02-06 10:05:00,4872.438,,no_room,,,,2026-02-06 17:05:00
1,2026-02-06 10:55:00,4877.818,,no_room,,,,2026-02-06 17:55:00
1,2026-02-06 11:20:00,4887.575,,no_room,,,,2026-02-06 18:20:00
1,2026-02-06 12:05:00,4893.675,,no_room,,,,2026-02-06 19:05:00
1,2026-02-06 13:00:00,4903.165,,no_room,,,,2026-02-06 20:00:00
1,2026-02-06 14:45:00,4938.035,,no_room,,,,2026-02-06 21:45:00
1,2026-02-06 14:55:00,4946.898,,no_room,,,,2026-02-06 21:55:00
-1,2026-02-09 10:25:00,4996.245,,no_room,,,,2026-02-09 17:25:00
-1,2026-02-09 13:25:00,5007.175,,no_room,,,,2026-02-09 20:25:00
1,2026-02-09 15:30:00,5041.945,,no_room,,,,2026-02-09 22:30:00
1,2026-02-10 09:05:00,5054.985,,no_room,,,,2026-02-10 16:05:00
1,2026-02-10 10:35:00,5052.455,,no_room,,,,2026-02-10 17:35:00
1,2026-02-10 11:50:00,5052.835,,no_room,,,,2026-02-10 18:50:00
-1,2026-02-10 12:40:00,5040.725,,no_room,,,,2026-02-10 19:40:00
1,2026-02-11 09:30:00,5055.565,,no_room,,,,2026-02-11 16:30:00
1,2026-02-11 10:20:00,5071.955,,no_room,,,,2026-02-11 17:20:00
1,2026-02-11 10:40:00,5076.138,,no_room,,,,2026-02-11 17:40:00
1,2026-02-11 11:25:00,5100.915,,no_room,,,,2026-02-11 18:25:00
1,2026-02-12 08:00:00,5065.938,,no_room,,,,2026-02-12 15:00:00
1,2026-02-12 09:05:00,5073.128,,no_room,,,,2026-02-12 16:05:00
1,2026-02-12 09:50:00,5077.595,,no_room,,,,2026-02-12 16:50:00
-1,2026-02-12 14:15:00,5060.125,,no_room,,,,2026-02-12 21:15:00
-1,2026-02-12 14:45:00,5054.525,,no_room,,,,2026-02-12 21:45:00
1,2026-02-13 07:15:00,4968.515,,no_room,,,,2026-02-13 14:15:00
1,2026-02-13 07:35:00,4976.365,,no_room,,,,2026-02-13 14:35:00
1,2026-02-13 08:05:00,4982.485,,no_room,,,,2026-02-13 15:05:00
1,2026-02-13 10:25:00,4976.565,,no_room,,,,2026-02-13 17:25:00
-1,2026-02-13 13:15:00,4964.228,,no_room,,,,2026-02-13 20:15:00
1,2026-02-13 14:15:00,4999.185,,no_room,,,,2026-02-13 21:15:00
-1,2026-02-16 10:10:00,5008.185,,no_room,,,,2026-02-16 17:10:00
1,2026-02-17 10:10:00,4932.175,,no_room,,,,2026-02-17 17:10:00
1,2026-02-17 12:05:00,4930.735,,no_room,,,,2026-02-17 19:05:00
-1,2026-02-17 13:55:00,4907.578,,no_room,,,,2026-02-17 20:55:00
1,2026-02-18 12:45:00,4929.168,,no_room,,,,2026-02-18 19:45:00
1,2026-02-18 14:30:00,4961.155,,no_room,,,,2026-02-18 21:30:00
1,2026-02-19 12:25:00,4990.025,,no_room,,,,2026-02-19 19:25:00
1,2026-02-19 13:35:00,4992.575,,no_room,,,,2026-02-19 20:35:00
1,2026-02-19 14:45:00,4998.205,,no_room,,,,2026-02-19 21:45:00
1,2026-02-19 15:25:00,5010.175,,no_room,,,,2026-02-19 22:25:00
1,2026-02-20 08:25:00,5016.225,,no_room,,,,2026-02-20 15:25:00
-1,2026-02-20 12:25:00,5013.435,,no_room,,,,2026-02-20 19:25:00
1,2026-02-20 14:40:00,5048.555,,no_room,,,,2026-02-20 21:40:00
-1,2026-02-23 08:20:00,5130.805,5111.398,signal,5139.989285714286,5112.436428571429,5094.067857142858,2026-02-23 15:20:00
1,2026-02-23 14:30:00,5165.235,,no_room,,,,2026-02-23 21:30:00
-1,2026-02-24 09:25:00,5168.545,,no_room,,,,2026-02-24 16:25:00
-1,2026-02-24 12:50:00,5146.865,,no_room,,,,2026-02-24 19:50:00
-1,2026-02-24 13:35:00,5144.815,,no_room,,,,2026-02-24 20:35:00
1,2026-02-25 08:15:00,5190.205,,no_room,,,,2026-02-25 15:15:00
1,2026-02-26 09:35:00,5182.335,,no_room,,,,2026-02-26 16:35:00
-1,2026-02-26 13:40:00,5167.995,,no_room,,,,2026-02-26 20:40:00
-1,2026-02-26 14:05:00,5163.905,,no_room,,,,2026-02-26 21:05:00
1,2026-02-27 14:20:00,5230.035,,no_room,,,,2026-02-27 21:20:00
1,2026-02-27 15:10:00,5236.145,,no_room,,,,2026-02-27 22:10:00
1,2026-03-02 08:25:00,5414.305,5450.745,signal,5401.075114285714,5440.764771428572,5467.224542857144,2026-03-02 15:25:00
1,2026-03-02 13:00:00,5398.498,,no_room,,,,2026-03-02 20:00:00
-1,2026-03-03 09:00:00,5290.515,,no_room,,,,2026-03-03 16:00:00
-1,2026-03-03 11:05:00,5225.718,,no_room,,,,2026-03-03 18:05:00
-1,2026-03-03 11:25:00,5159.175,,no_room,,,,2026-03-03 18:25:00
-1,2026-03-03 13:50:00,5145.775,,no_room,,,,2026-03-03 20:50:00
-1,2026-03-03 14:20:00,5127.075,,no_room,,,,2026-03-03 21:20:00
-1,2026-03-04 08:00:00,5163.275,,no_room,,,,2026-03-04 15:00:00
1,2026-03-04 10:00:00,5184.775,,no_room,,,,2026-03-04 17:00:00
1,2026-03-04 12:00:00,5200.485,,no_room,,,,2026-03-04 19:00:00
1,2026-03-05 09:05:00,5172.475,,no_room,,,,2026-03-05 16:05:00
1,2026-03-05 12:05:00,5167.855,,no_room,,,,2026-03-05 19:05:00
-1,2026-03-05 14:15:00,5109.635,,no_room,,,,2026-03-05 21:15:00
-1,2026-03-05 14:35:00,5102.595,,no_room,,,,2026-03-05 21:35:00
-1,2026-03-05 15:05:00,5090.138,,no_room,,,,2026-03-05 22:05:00
1,2026-03-06 11:20:00,5092.455,,no_room,,,,2026-03-06 18:20:00
1,2026-03-06 13:30:00,5096.295,,no_room,,,,2026-03-06 20:30:00
1,2026-03-06 14:55:00,5115.165,,no_room,,,,2026-03-06 21:55:00
1,2026-03-09 08:00:00,5107.685,,no_room,,,,2026-03-09 15:00:00
1,2026-03-09 09:10:00,5110.715,,no_room,,,,2026-03-09 16:10:00
-1,2026-03-09 13:40:00,5084.245,,no_room,,,,2026-03-09 20:40:00
1,2026-03-10 08:35:00,5185.165,,no_room,,,,2026-03-10 15:35:00
1,2026-03-10 11:05:00,5188.915,,no_room,,,,2026-03-10 18:05:00
1,2026-03-10 13:00:00,5191.725,,no_room,,,,2026-03-10 20:00:00
1,2026-03-10 15:05:00,5214.155,,no_room,,,,2026-03-10 22:05:00
-1,2026-03-11 08:20:00,5187.735,,no_room,,,,2026-03-11 15:20:00
-1,2026-03-11 10:30:00,5186.145,,no_room,,,,2026-03-11 17:30:00
-1,2026-03-11 12:50:00,5175.425,,no_room,,,,2026-03-11 19:50:00
-1,2026-03-11 13:45:00,5161.985,,no_room,,,,2026-03-11 20:45:00
-1,2026-03-11 15:10:00,5174.165,,no_room,,,,2026-03-11 22:10:00
-1,2026-03-12 13:30:00,5168.335,,no_room,,,,2026-03-12 20:30:00
-1,2026-03-12 14:35:00,5145.815,,no_room,,,,2026-03-12 21:35:00
-1,2026-03-13 08:00:00,5071.455,,no_room,,,,2026-03-13 15:00:00
-1,2026-03-13 10:30:00,5082.945,,no_room,,,,2026-03-13 17:30:00
1,2026-03-13 11:55:00,5097.145,,no_room,,,,2026-03-13 18:55:00
1,2026-03-13 12:45:00,5118.725,,no_room,,,,2026-03-13 19:45:00
-1,2026-03-13 14:40:00,5082.595,,no_room,,,,2026-03-13 21:40:00
-1,2026-03-13 15:55:00,5035.515,,no_room,,,,2026-03-13 22:55:00
-1,2026-03-16 08:10:00,4991.518,,no_room,,,,2026-03-16 15:10:00
-1,2026-03-16 08:40:00,4987.675,,no_room,,,,2026-03-16 15:40:00
-1,2026-03-16 09:05:00,4984.665,,no_room,,,,2026-03-16 16:05:00
-1,2026-03-16 09:50:00,4979.675,,no_room,,,,2026-03-16 16:50:00
-1,2026-03-16 14:25:00,5018.005,,no_room,,,,2026-03-16 21:25:00
1,2026-03-17 07:30:00,5016.775,,no_room,,,,2026-03-17 14:30:00
-1,2026-03-17 10:35:00,5000.825,,no_room,,,,2026-03-17 17:35:00
-1,2026-03-17 11:55:00,5003.915,,no_room,,,,2026-03-17 18:55:00
-1,2026-03-17 15:25:00,5005.965,,no_room,,,,2026-03-17 22:25:00
-1,2026-03-18 10:25:00,4983.779,,no_room,,,,2026-03-18 17:25:00
-1,2026-03-18 11:00:00,4959.935,,no_room,,,,2026-03-18 18:00:00
-1,2026-03-18 11:25:00,4950.165,,no_room,,,,2026-03-18 18:25:00
-1,2026-03-18 15:40:00,4866.695,,no_room,,,,2026-03-18 22:40:00
-1,2026-03-19 07:40:00,4747.505,,no_room,,,,2026-03-19 14:40:00
-1,2026-03-19 08:40:00,4701.125,,no_room,,,,2026-03-19 15:40:00
-1,2026-03-19 10:15:00,4695.558,,no_room,,,,2026-03-19 17:15:00
-1,2026-03-19 11:40:00,4676.235,,no_room,,,,2026-03-19 18:40:00
-1,2026-03-19 15:30:00,4593.135,,no_room,,,,2026-03-19 22:30:00
1,2026-03-20 08:15:00,4723.315,,no_room,,,,2026-03-20 15:15:00
-1,2026-03-20 10:55:00,4645.785,,no_room,,,,2026-03-20 17:55:00
-1,2026-03-20 13:30:00,4653.555,,no_room,,,,2026-03-20 20:30:00
-1,2026-03-23 07:05:00,4162.445,,no_room,,,,2026-03-23 14:05:00
1,2026-03-23 12:40:00,4431.425,,no_room,,,,2026-03-23 19:40:00
1,2026-03-23 14:20:00,4492.185,,no_room,,,,2026-03-23 21:20:00
1,2026-03-24 09:55:00,4419.035,,no_room,,,,2026-03-24 16:55:00
1,2026-03-24 10:55:00,4432.865,,no_room,,,,2026-03-24 17:55:00
-1,2026-03-24 13:25:00,4361.545,,no_room,,,,2026-03-24 20:25:00
1,2026-03-25 07:15:00,4556.505,4584.695,signal,4542.347521428571,4583.977521428571,4611.450042857142,2026-03-25 14:15:00
1,2026-03-25 08:15:00,4562.915,,no_room,,,,2026-03-25 15:15:00
1,2026-03-25 10:50:00,4560.745,,no_room,,,,2026-03-25 17:50:00
-1,2026-03-26 08:20:00,4438.755,,no_room,,,,2026-03-26 15:20:00
-1,2026-03-26 11:45:00,4439.205,,no_room,,,,2026-03-26 18:45:00
-1,2026-03-26 12:55:00,4431.665,,no_room,,,,2026-03-26 19:55:00
1,2026-03-26 14:30:00,4460.205,,no_room,,,,2026-03-26 21:30:00
1,2026-03-30 08:05:00,4534.635,,no_room,,,,2026-03-30 15:05:00
1,2026-03-30 08:50:00,4537.888,,no_room,,,,2026-03-30 15:50:00
1,2026-03-30 11:15:00,4539.775,,no_room,,,,2026-03-30 18:15:00
1,2026-03-31 07:55:00,4563.795,,no_room,,,,2026-03-31 14:55:00
1,2026-03-31 13:45:00,4587.685,,no_room,,,,2026-03-31 20:45:00
1,2026-04-01 07:35:00,4732.785,,no_room,,,,2026-04-01 14:35:00
1,2026-04-01 09:45:00,4723.615,,no_room,,,,2026-04-01 16:45:00
1,2026-04-01 10:25:00,4727.515,,no_room,,,,2026-04-01 17:25:00
1,2026-04-01 11:05:00,4738.395,,no_room,,,,2026-04-01 18:05:00
1,2026-04-01 14:45:00,4754.585,,no_room,,,,2026-04-01 21:45:00
-1,2026-04-02 08:45:00,4628.685,,no_room,,,,2026-04-02 15:45:00
-1,2026-04-02 10:15:00,4615.335,,no_room,,,,2026-04-02 17:15:00
-1,2026-04-02 11:25:00,4616.535,,no_room,,,,2026-04-02 18:25:00
-1,2026-04-02 13:10:00,4594.315,,no_room,,,,2026-04-02 20:10:00
1,2026-04-06 07:45:00,4667.465,,no_room,,,,2026-04-06 14:45:00
1,2026-04-06 08:30:00,4694.125,,no_room,,,,2026-04-06 15:30:00
1,2026-04-06 08:45:00,4695.555,,no_room,,,,2026-04-06 15:45:00
1,2026-04-06 14:30:00,4690.658,,no_room,,,,2026-04-06 21:30:00
1,2026-04-07 08:10:00,4656.615,,no_room,,,,2026-04-07 15:10:00
1,2026-04-07 09:20:00,4690.418,,no_room,,,,2026-04-07 16:20:00
-1,2026-04-07 12:45:00,4650.945,,no_room,,,,2026-04-07 19:45:00
-1,2026-04-07 13:40:00,4646.398,,no_room,,,,2026-04-07 20:40:00
-1,2026-04-07 14:00:00,4635.305,,no_room,,,,2026-04-07 21:00:00
-1,2026-04-08 09:40:00,4790.145,,no_room,,,,2026-04-08 16:40:00
-1,2026-04-08 12:20:00,4777.865,,no_room,,,,2026-04-08 19:20:00
-1,2026-04-08 14:25:00,4767.945,,no_room,,,,2026-04-08 21:25:00
1,2026-04-09 10:20:00,4732.578,,no_room,,,,2026-04-09 17:20:00
1,2026-04-09 13:05:00,4747.755,,no_room,,,,2026-04-09 20:05:00
1,2026-04-09 13:35:00,4758.535,,no_room,,,,2026-04-09 20:35:00
1,2026-04-09 15:15:00,4775.935,,no_room,,,,2026-04-09 22:15:00
1,2026-04-10 14:10:00,4779.875,,no_room,,,,2026-04-10 21:10:00
1,2026-04-13 10:45:00,4718.915,,no_room,,,,2026-04-13 17:45:00
-1,2026-04-13 11:40:00,4708.135,,no_room,,,,2026-04-13 18:40:00
1,2026-04-13 13:45:00,4737.165,,no_room,,,,2026-04-13 20:45:00
1,2026-04-14 08:25:00,4780.475,,no_room,,,,2026-04-14 15:25:00
1,2026-04-14 13:00:00,4776.015,,no_room,,,,2026-04-14 20:00:00
1,2026-04-14 14:15:00,4803.115,,no_room,,,,2026-04-14 21:15:00
1,2026-04-14 15:30:00,4806.325,,no_room,,,,2026-04-14 22:30:00
-1,2026-04-15 09:10:00,4805.205,,no_room,,,,2026-04-15 16:10:00
1,2026-04-20 13:25:00,4821.848,,no_room,,,,2026-04-20 20:25:00
-1,2026-04-21 08:05:00,4780.458,,no_room,,,,2026-04-21 15:05:00
-1,2026-04-21 14:20:00,4773.135,,no_room,,,,2026-04-21 21:20:00
-1,2026-04-22 14:30:00,4742.125,,no_room,,,,2026-04-22 21:30:00
-1,2026-04-22 15:35:00,4729.595,,no_room,,,,2026-04-22 22:35:00
1,2026-04-23 08:00:00,4721.035,,no_room,,,,2026-04-23 15:00:00
-1,2026-04-23 10:05:00,4694.575,,no_room,,,,2026-04-23 17:05:00
1,2026-04-23 12:40:00,4738.538,,no_room,,,,2026-04-23 19:40:00
1,2026-04-23 15:15:00,4736.465,,no_room,,,,2026-04-23 22:15:00
1,2026-04-24 13:40:00,4705.485,,no_room,,,,2026-04-24 20:40:00
1,2026-04-24 14:05:00,4717.185,,no_room,,,,2026-04-24 21:05:00
1,2026-04-24 15:40:00,4726.245,,no_room,,,,2026-04-24 22:40:00
-1,2026-04-27 14:50:00,4683.365,,no_room,,,,2026-04-27 21:50:00
-1,2026-04-28 08:00:00,4623.145,,no_room,,,,2026-04-28 15:00:00
-1,2026-04-28 09:30:00,4614.535,,no_room,,,,2026-04-28 16:30:00
-1,2026-04-28 10:55:00,4604.415,,no_room,,,,2026-04-28 17:55:00
-1,2026-04-28 14:00:00,4570.625,,no_room,,,,2026-04-28 21:00:00
-1,2026-04-28 14:35:00,4563.808,,no_room,,,,2026-04-28 21:35:00
-1,2026-04-29 08:30:00,4564.305,,no_room,,,,2026-04-29 15:30:00
-1,2026-04-29 09:50:00,4557.075,,no_room,,,,2026-04-29 16:50:00
-1,2026-04-29 11:45:00,4563.935,,no_room,,,,2026-04-29 18:45:00
-1,2026-04-29 12:25:00,4559.105,,no_room,,,,2026-04-29 19:25:00
-1,2026-04-29 12:50:00,4550.965,,no_room,,,,2026-04-29 19:50:00
-1,2026-04-29 13:20:00,4541.835,,no_room,,,,2026-04-29 20:20:00
1,2026-04-30 07:40:00,4595.365,,no_room,,,,2026-04-30 14:40:00
1,2026-04-30 09:25:00,4620.545,,no_room,,,,2026-04-30 16:25:00
1,2026-04-30 10:20:00,4631.555,,no_room,,,,2026-04-30 17:20:00
1,2026-04-30 12:55:00,4637.455,,no_room,,,,2026-04-30 19:55:00
