direction,break_time,level,zone,outcome,sl,tp1,tp2,break_time_thai
1,2017-01-04 08:00:00,1163.351,,no_room,,,,2017-01-04 15:00:00
1,2017-01-05 13:15:00,1173.681,,signal,1170.3237714285715,1180.3954571428571,1187.1099142857142,2017-01-05 20:15:00
1,2017-01-06 10:45:00,1178.638,,no_room,,,,2017-01-06 17:45:00
-1,2017-01-06 13:45:00,1175.428,,no_room,,,,2017-01-06 20:45:00
1,2017-01-09 11:15:00,1178.629,,no_room,,,,2017-01-09 18:15:00
1,2017-01-09 13:15:00,1180.878,,no_room,,,,2017-01-09 20:15:00
1,2017-01-10 14:30:00,1185.389,,no_room,,,,2017-01-10 21:30:00
1,2017-01-12 08:00:00,1200.949,,signal,1196.1966214285712,1210.4537571428577,1219.9585142857154,2017-01-12 15:00:00
1,2017-01-13 08:00:00,1196.658,,sl_too_tight,,,,2017-01-13 15:00:00
1,2017-01-13 13:00:00,1198.509,,sl_too_tight,,,,2017-01-13 20:00:00
1,2017-01-16 11:45:00,1203.569,,sl_too_tight,,,,2017-01-16 18:45:00
1,2017-01-17 08:00:00,1211.929,,sl_too_tight,,,,2017-01-17 15:00:00
1,2017-01-17 09:30:00,1214.898,,signal,1209.2981,1226.0977999999998,1237.2975999999996,2017-01-17 16:30:00
1,2017-01-18 10:00:00,1214.099,,no_room,,,,2017-01-18 17:00:00
1,2017-01-18 14:15:00,1213.998,,sl_too_tight,,,,2017-01-18 21:15:00
1,2017-01-18 15:30:00,1216.059,,no_room,,,,2017-01-18 22:30:00
-1,2017-01-19 07:15:00,1201.328,,sl_too_tight,,,,2017-01-19 14:15:00
-1,2017-01-19 13:30:00,1202.229,,no_room,,,,2017-01-19 20:30:00
1,2017-01-20 07:00:00,1208.369,,sl_too_tight,,,,2017-01-20 14:00:00
1,2017-01-23 12:30:00,1214.738,,no_room,,,,2017-01-23 19:30:00
1,2017-01-23 15:30:00,1215.469,,no_room,,,,2017-01-23 22:30:00
1,2017-01-24 11:45:00,1213.679,,sl_too_tight,,,,2017-01-24 18:45:00
1,2017-01-24 14:30:00,1214.042,,sl_too_tight,,,,2017-01-24 21:30:00
-1,2017-01-25 08:45:00,1202.571,,no_room,,,,2017-01-25 15:45:00
-1,2017-01-25 14:00:00,1200.932,,no_room,,,,2017-01-25 21:00:00
-1,2017-01-26 09:30:00,1195.628,,sl_too_tight,,,,2017-01-26 16:30:00
-1,2017-01-26 12:00:00,1191.678,,no_room,,,,2017-01-26 19:00:00
-1,2017-01-26 15:30:00,1186.758,1181.002,signal,1191.6312428571428,1181.2442428571428,1175.7304857142856,2017-01-26 22:30:00
-1,2017-01-27 12:45:00,1182.768,,no_room,,,,2017-01-27 19:45:00
-1,2017-01-30 09:15:00,1189.128,,no_room,,,,2017-01-30 16:15:00
1,2017-01-31 11:45:00,1199.068,,no_room,,,,2017-01-31 18:45:00
1,2017-01-31 14:15:00,1206.728,,no_room,,,,2017-01-31 21:15:00
1,2017-02-01 08:15:00,1209.218,,sl_too_tight,,,,2017-02-01 15:15:00
1,2017-02-01 11:45:00,1211.168,,sl_too_tight,,,,2017-02-01 18:45:00
1,2017-02-02 08:30:00,1215.349,,no_room,,,,2017-02-02 15:30:00
1,2017-02-02 10:00:00,1218.061,,no_room,,,,2017-02-02 17:00:00
1,2017-02-02 13:00:00,1222.548,,sl_too_tight,,,,2017-02-02 20:00:00
-1,2017-02-03 11:30:00,1212.878,,sl_too_tight,,,,2017-02-03 18:30:00
1,2017-02-06 11:15:00,1224.628,,no_room,,,,2017-02-06 18:15:00
1,2017-02-07 15:15:00,1231.949,,no_room,,,,2017-02-07 22:15:00
1,2017-02-08 08:15:00,1233.749,,no_room,,,,2017-02-08 15:15:00
1,2017-02-08 12:30:00,1238.348,,signal,1234.7211285714286,1245.6017428571427,1252.8554857142854,2017-02-08 19:30:00
1,2017-02-08 14:30:00,1240.619,,signal,1237.5672571428572,1246.7224857142853,1252.8259714285707,2017-02-08 21:30:00
1,2017-02-09 08:00:00,1241.729,,sl_too_tight,,,,2017-02-09 15:00:00
1,2017-02-09 14:15:00,1240.858,,no_room,,,,2017-02-09 21:15:00
-1,2017-02-10 07:15:00,1223.031,,sl_too_tight,,,,2017-02-10 14:15:00
-1,2017-02-10 14:15:00,1225.188,,no_room,,,,2017-02-10 21:15:00
-1,2017-02-13 12:45:00,1228.919,,no_room,,,,2017-02-13 19:45:00
1,2017-02-14 10:30:00,1229.229,,sl_too_tight,,,,2017-02-14 17:30:00
1,2017-02-14 12:30:00,1229.949,,sl_too_tight,,,,2017-02-14 19:30:00
1,2017-02-15 09:30:00,1226.379,,sl_too_tight,,,,2017-02-15 16:30:00
1,2017-02-16 08:00:00,1235.869,,no_room,,,,2017-02-16 15:00:00
1,2017-02-16 14:45:00,1239.319,1244.428,signal,1235.5488785714285,1244.2448785714287,1249.1707571428574,2017-02-16 21:45:00
-1,2017-02-17 07:45:00,1237.328,,sl_too_tight,,,,2017-02-17 14:45:00
1,2017-02-17 12:00:00,1242.758,,no_room,,,,2017-02-17 19:00:00
-1,2017-02-21 08:30:00,1232.839,,sl_too_tight,,,,2017-02-21 15:30:00
-1,2017-02-21 13:45:00,1227.988,,no_room,,,,2017-02-21 20:45:00
1,2017-02-22 12:45:00,1238.219,,sl_too_tight,,,,2017-02-22 19:45:00
1,2017-02-23 15:45:00,1249.238,,signal,1236.9788285714287,1273.7563428571427,1298.2746857142854,2017-02-23 22:45:00
1,2017-02-24 07:15:00,1253.818,,signal,1249.3405785714285,1262.772842857143,1271.7276857142858,2017-02-24 14:15:00
1,2017-02-24 09:15:00,1255.139,,signal,1249.3110357142857,1266.7949285714283,1278.4508571428566,2017-02-24 16:15:00
1,2017-02-24 10:30:00,1256.539,,signal,1253.4089714285715,1262.799057142857,1269.059114285714,2017-02-24 17:30:00
1,2017-02-24 13:15:00,1257.968,,sl_too_tight,,,,2017-02-24 20:15:00
-1,2017-02-28 07:30:00,1253.019,,sl_too_tight,,,,2017-02-28 14:30:00
-1,2017-02-28 09:30:00,1251.201,,sl_too_tight,,,,2017-02-28 16:30:00
-1,2017-03-01 11:45:00,1243.818,,sl_too_tight,,,,2017-03-01 18:45:00
-1,2017-03-01 13:45:00,1240.408,,no_room,,,,2017-03-01 20:45:00
-1,2017-03-03 07:30:00,1230.301,,sl_too_tight,,,,2017-03-03 14:30:00
-1,2017-03-03 15:15:00,1226.05,,no_room,,,,2017-03-03 22:15:00
1,2017-03-06 08:15:00,1233.718,,sl_too_tight,,,,2017-03-06 15:15:00
1,2017-03-06 13:15:00,1232.289,,sl_too_tight,,,,2017-03-06 20:15:00
-1,2017-03-07 13:00:00,1222.342,,no_room,,,,2017-03-07 20:00:00
-1,2017-03-08 07:00:00,1216.862,,sl_too_tight,,,,2017-03-08 14:00:00
-1,2017-03-08 13:15:00,1212.101,,sl_too_tight,,,,2017-03-08 20:15:00
-1,2017-03-09 15:15:00,1204.798,,no_room,,,,2017-03-09 22:15:00
1,2017-03-13 15:15:00,1205.558,,no_room,,,,2017-03-13 22:15:00
-1,2017-03-14 13:00:00,1202.651,,no_room,,,,2017-03-14 20:00:00
-1,2017-03-15 09:30:00,1202.9,,sl_too_tight,,,,2017-03-15 16:30:00
-1,2017-03-15 12:15:00,1201.068,,no_room,,,,2017-03-15 19:15:00
1,2017-03-16 12:15:00,1228.808,,no_room,,,,2017-03-16 19:15:00
1,2017-03-17 08:15:00,1228.069,,sl_too_tight,,,,2017-03-17 15:15:00
1,2017-03-17 09:45:00,1228.498,,sl_too_tight,,,,2017-03-17 16:45:00
1,2017-03-17 11:45:00,1230.339,,no_room,,,,2017-03-17 18:45:00
1,2017-03-20 15:30:00,1233.158,,sl_too_tight,,,,2017-03-20 22:30:00
1,2017-03-21 15:30:00,1242.708,,no_room,,,,2017-03-21 22:30:00
1,2017-03-22 13:00:00,1249.039,,no_room,,,,2017-03-22 20:00:00
1,2017-03-23 08:45:00,1248.269,,sl_too_tight,,,,2017-03-23 15:45:00
1,2017-03-23 12:15:00,1248.618,,no_room,,,,2017-03-23 19:15:00
-1,2017-03-24 08:15:00,1242.101,,sl_too_tight,,,,2017-03-24 15:15:00
-1,2017-03-24 13:30:00,1244.561,,sl_too_tight,,,,2017-03-24 20:30:00
1,2017-03-27 11:45:00,1258.031,,sl_too_tight,,,,2017-03-27 18:45:00
1,2017-03-27 13:00:00,1259.019,,sl_too_tight,,,,2017-03-27 20:00:00
-1,2017-03-28 15:45:00,1255.138,,no_room,,,,2017-03-28 22:45:00
-1,2017-03-29 12:00:00,1251.429,,sl_too_tight,,,,2017-03-29 19:00:00
-1,2017-03-30 09:45:00,1249.781,,sl_too_tight,,,,2017-03-30 16:45:00
-1,2017-03-30 12:30:00,1248.841,,sl_too_tight,,,,2017-03-30 19:30:00
-1,2017-03-31 09:30:00,1242.078,,sl_too_tight,,,,2017-03-31 16:30:00
-1,2017-03-31 12:30:00,1241.418,,sl_too_tight,,,,2017-03-31 19:30:00
1,2017-04-03 12:00:00,1247.239,,sl_too_tight,,,,2017-04-03 19:00:00
1,2017-04-03 14:00:00,1248.068,,sl_too_tight,,,,2017-04-03 21:00:00
1,2017-04-04 08:00:00,1257.989,,no_room,,,,2017-04-04 15:00:00
1,2017-04-04 11:45:00,1259.609,,sl_too_tight,,,,2017-04-04 18:45:00
-1,2017-04-05 11:30:00,1252.09,,no_room,,,,2017-04-05 18:30:00
-1,2017-04-05 13:15:00,1247.71,,no_room,,,,2017-04-05 20:15:00
1,2017-04-06 08:15:00,1254.679,,sl_too_tight,,,,2017-04-06 15:15:00
-1,2017-04-06 15:15:00,1251.489,,sl_too_tight,,,,2017-04-06 22:15:00
1,2017-04-07 12:30:00,1264.868,,sl_too_tight,,,,2017-04-07 19:30:00
1,2017-04-10 09:45:00,1253.898,,sl_too_tight,,,,2017-04-10 16:45:00
1,2017-04-11 07:30:00,1257.522,,sl_too_tight,,,,2017-04-11 14:30:00
1,2017-04-11 12:00:00,1258.048,,sl_too_tight,,,,2017-04-11 19:00:00
1,2017-04-12 12:00:00,1274.529,,sl_too_tight,,,,2017-04-12 19:00:00
1,2017-04-12 14:30:00,1275.938,,no_room,,,,2017-04-12 21:30:00
1,2017-04-13 08:00:00,1286.518,,sl_too_tight,,,,2017-04-13 15:00:00
1,2017-04-13 09:45:00,1287.398,,no_room,,,,2017-04-13 16:45:00
1,2017-04-17 09:00:00,1289.699,1295.422,signal,1286.5945428571429,1295.3385428571428,1300.9780857142855,2017-04-17 16:00:00
1,2017-04-17 14:30:00,1290.701,,no_room,,,,2017-04-17 21:30:00
-1,2017-04-18 13:45:00,1282.919,,no_room,,,,2017-04-18 20:45:00
-1,2017-04-19 08:15:00,1283.358,,sl_too_tight,,,,2017-04-19 15:15:00
-1,2017-04-19 13:45:00,1281.188,,no_room,,,,2017-04-19 20:45:00
1,2017-04-20 14:45:00,1282.121,,no_room,,,,2017-04-20 21:45:00
1,2017-04-21 08:00:00,1280.709,,sl_too_tight,,,,2017-04-21 15:00:00
1,2017-04-21 10:30:00,1281.939,,sl_too_tight,,,,2017-04-21 17:30:00
1,2017-04-21 15:00:00,1285.632,,no_room,,,,2017-04-21 22:00:00
-1,2017-04-24 11:30:00,1270.668,,sl_too_tight,,,,2017-04-24 18:30:00
-1,2017-04-25 11:30:00,1269.589,,sl_too_tight,,,,2017-04-25 18:30:00
-1,2017-04-26 12:00:00,1263.779,,sl_too_tight,,,,2017-04-26 19:00:00
1,2017-04-27 11:15:00,1264.839,,sl_too_tight,,,,2017-04-27 18:15:00
-1,2017-04-27 13:45:00,1262.088,,no_room,,,,2017-04-27 20:45:00
1,2017-04-28 12:00:00,1267.542,,sl_too_tight,,,,2017-04-28 19:00:00
1,2017-04-28 15:00:00,1267.309,,no_room,,,,2017-04-28 22:00:00
-1,2017-05-01 15:45:00,1262.249,,no_room,,,,2017-05-01 22:45:00
-1,2017-05-02 12:00:00,1254.638,,sl_too_tight,,,,2017-05-02 19:00:00
-1,2017-05-03 07:30:00,1254.168,,sl_too_tight,,,,2017-05-03 14:30:00
-1,2017-05-03 12:30:00,1253.328,,sl_too_tight,,,,2017-05-03 19:30:00
-1,2017-05-03 14:00:00,1251.158,,no_room,,,,2017-05-03 21:00:00
-1,2017-05-04 12:15:00,1232.518,,sl_too_tight,,,,2017-05-04 19:15:00
-1,2017-05-05 11:30:00,1232.288,,no_room,,,,2017-05-05 18:30:00
-1,2017-05-08 14:30:00,1229.13,,no_room,,,,2017-05-08 21:30:00
-1,2017-05-09 11:45:00,1223.958,,sl_too_tight,,,,2017-05-09 18:45:00
-1,2017-05-09 13:30:00,1219.758,,no_room,,,,2017-05-09 20:30:00
-1,2017-05-10 12:30:00,1222.151,,no_room,,,,2017-05-10 19:30:00
-1,2017-05-10 14:45:00,1221.322,,no_room,,,,2017-05-10 21:45:00
-1,2017-05-11 12:30:00,1221.648,,sl_too_tight,,,,2017-05-11 19:30:00
1,2017-05-12 07:45:00,1228.279,,sl_too_tight,,,,2017-05-12 14:45:00
1,2017-05-12 12:30:00,1229.919,,sl_too_tight,,,,2017-05-12 19:30:00
1,2017-05-15 12:00:00,1233.021,,sl_too_tight,,,,2017-05-15 19:00:00
1,2017-05-16 11:45:00,1234.851,,sl_too_tight,,,,2017-05-16 18:45:00
1,2017-05-16 14:30:00,1236.008,,sl_too_tight,,,,2017-05-16 21:30:00
1,2017-05-17 09:00:00,1244.401,,sl_too_tight,,,,2017-05-17 16:00:00
1,2017-05-17 12:00:00,1248.729,,no_room,,,,2017-05-17 19:00:00
1,2017-05-18 09:45:00,1261.778,,no_room,,,,2017-05-18 16:45:00
-1,2017-05-19 14:00:00,1251.598,,no_room,,,,2017-05-19 21:00:00
1,2017-05-22 11:15:00,1256.602,,no_room,,,,2017-05-22 18:15:00
1,2017-05-22 14:00:00,1259.379,,sl_too_tight,,,,2017-05-22 21:00:00
1,2017-05-22 15:00:00,1259.782,,no_room,,,,2017-05-22 22:00:00
1,2017-05-23 12:45:00,1261.208,,sl_too_tight,,,,2017-05-23 19:45:00
-1,2017-05-24 15:30:00,1251.361,,no_room,,,,2017-05-24 22:30:00
1,2017-05-25 15:30:00,1257.509,,no_room,,,,2017-05-25 22:30:00
1,2017-05-26 09:00:00,1263.971,,no_room,,,,2017-05-26 16:00:00
1,2017-05-26 10:45:00,1266.922,,no_room,,,,2017-05-26 17:45:00
1,2017-05-29 09:45:00,1267.421,,sl_too_tight,,,,2017-05-29 16:45:00
1,2017-05-29 14:45:00,1267.222,,sl_too_tight,,,,2017-05-29 21:45:00
-1,2017-05-30 12:15:00,1261.742,,no_room,,,,2017-05-30 19:15:00
1,2017-06-01 12:00:00,1266.752,,sl_too_tight,,,,2017-06-01 19:00:00
1,2017-06-02 14:45:00,1276.392,,no_room,,,,2017-06-02 21:45:00
1,2017-06-05 07:00:00,1281.042,,sl_too_tight,,,,2017-06-05 14:00:00
1,2017-06-05 12:00:00,1281.909,,sl_too_tight,,,,2017-06-05 19:00:00
1,2017-06-06 10:15:00,1289.859,,sl_too_tight,,,,2017-06-06 17:15:00
1,2017-06-06 13:15:00,1293.672,,no_room,,,,2017-06-06 20:15:00
-1,2017-06-08 11:30:00,1283.168,,sl_too_tight,,,,2017-06-08 18:30:00
-1,2017-06-08 13:30:00,1281.618,,sl_too_tight,,,,2017-06-08 20:30:00
-1,2017-06-09 12:00:00,1272.722,,sl_too_tight,,,,2017-06-09 19:00:00
-1,2017-06-12 07:00:00,1266.448,,sl_too_tight,,,,2017-06-12 14:00:00
-1,2017-06-12 12:15:00,1267.622,,sl_too_tight,,,,2017-06-12 19:15:00
-1,2017-06-13 07:00:00,1265.528,,sl_too_tight,,,,2017-06-13 14:00:00
-1,2017-06-13 12:30:00,1261.688,,sl_too_tight,,,,2017-06-13 19:30:00
1,2017-06-14 12:30:00,1268.909,,no_room,,,,2017-06-14 19:30:00
-1,2017-06-15 09:30:00,1260.541,,sl_too_tight,,,,2017-06-15 16:30:00
-1,2017-06-15 11:00:00,1256.812,,no_room,,,,2017-06-15 18:00:00
-1,2017-06-15 12:30:00,1253.588,,no_room,,,,2017-06-15 19:30:00
-1,2017-06-16 12:15:00,1254.511,,sl_too_tight,,,,2017-06-16 19:15:00
-1,2017-06-19 07:00:00,1251.261,,sl_too_tight,,,,2017-06-19 14:00:00
-1,2017-06-19 13:00:00,1249.232,,no_room,,,,2017-06-19 20:00:00
-1,2017-06-20 10:30:00,1246.451,,sl_too_tight,,,,2017-06-20 17:30:00
-1,2017-06-20 13:30:00,1243.818,,no_room,,,,2017-06-20 20:30:00
-1,2017-06-21 07:30:00,1245.231,,sl_too_tight,,,,2017-06-21 14:30:00
-1,2017-06-21 12:15:00,1244.911,,sl_too_tight,,,,2017-06-21 19:15:00
1,2017-06-22 12:15:00,1252.548,,no_room,,,,2017-06-22 19:15:00
1,2017-06-23 12:15:00,1258.018,,sl_too_tight,,,,2017-06-23 19:15:00
-1,2017-06-26 08:00:00,1253.592,,sl_too_tight,,,,2017-06-26 15:00:00
1,2017-06-28 08:00:00,1251.968,,sl_too_tight,,,,2017-06-28 15:00:00
-1,2017-06-29 12:30:00,1243.408,,no_room,,,,2017-06-29 19:30:00
-1,2017-06-30 12:30:00,1242.581,,sl_too_tight,,,,2017-06-30 19:30:00
-1,2017-07-03 07:15:00,1235.601,,sl_too_tight,,,,2017-07-03 14:15:00
-1,2017-07-03 09:45:00,1234.582,,sl_too_tight,,,,2017-07-03 16:45:00
-1,2017-07-03 14:30:00,1224.618,,no_room,,,,2017-07-03 21:30:00
-1,2017-07-04 09:30:00,1224.092,,sl_too_tight,,,,2017-07-04 16:30:00
-1,2017-07-04 13:30:00,1224.032,,sl_too_tight,,,,2017-07-04 20:30:00
-1,2017-07-06 07:15:00,1223.861,,no_room,,,,2017-07-06 14:15:00
-1,2017-07-06 11:15:00,1223.378,,sl_too_tight,,,,2017-07-06 18:15:00
-1,2017-07-07 13:00:00,1220.791,,no_room,,,,2017-07-07 20:00:00
-1,2017-07-10 13:30:00,1209.148,,no_room,,,,2017-07-10 20:30:00
-1,2017-07-11 10:30:00,1209.969,,sl_too_tight,,,,2017-07-11 17:30:00
-1,2017-07-11 14:15:00,1209.148,,no_room,,,,2017-07-11 21:15:00
1,2017-07-12 09:30:00,1219.139,,sl_too_tight,,,,2017-07-12 16:30:00
1,2017-07-12 12:30:00,1219.518,,no_room,,,,2017-07-12 19:30:00
1,2017-07-17 10:30:00,1230.862,,sl_too_tight,,,,2017-07-17 17:30:00
1,2017-07-17 13:30:00,1235.399,,sl_too_tight,,,,2017-07-17 20:30:00
1,2017-07-18 09:30:00,1236.802,,sl_too_tight,,,,2017-07-18 16:30:00
1,2017-07-18 12:00:00,1238.371,,sl_too_tight,,,,2017-07-18 19:00:00
1,2017-07-18 14:30:00,1242.528,,sl_too_tight,,,,2017-07-18 21:30:00
1,2017-07-19 11:30:00,1240.229,,sl_too_tight,,,,2017-07-19 18:30:00
1,2017-07-20 12:15:00,1238.341,,no_room,,,,2017-07-20 19:15:00
1,2017-07-20 14:30:00,1242.121,,no_room,,,,2017-07-20 21:30:00
1,2017-07-21 11:45:00,1248.622,,sl_too_tight,,,,2017-07-21 18:45:00
1,2017-07-21 15:45:00,1252.032,,no_room,,,,2017-07-21 22:45:00
1,2017-07-24 08:45:00,1255.289,,sl_too_tight,,,,2017-07-24 15:45:00
1,2017-07-24 12:30:00,1257.888,,no_room,,,,2017-07-24 19:30:00
-1,2017-07-25 10:00:00,1251.319,,no_room,,,,2017-07-25 17:00:00
1,2017-07-27 12:30:00,1263.819,,sl_too_tight,,,,2017-07-27 19:30:00
-1,2017-07-28 10:30:00,1258.749,,sl_too_tight,,,,2017-07-28 17:30:00
1,2017-07-28 15:00:00,1267.162,,no_room,,,,2017-07-28 22:00:00
1,2017-07-31 11:30:00,1268.128,,sl_too_tight,,,,2017-07-31 18:30:00
1,2017-08-02 13:30:00,1268.349,,no_room,,,,2017-08-02 20:30:00
-1,2017-08-03 07:15:00,1261.591,,sl_too_tight,,,,2017-08-03 14:15:00
-1,2017-08-04 11:45:00,1268.619,,sl_too_tight,,,,2017-08-04 18:45:00
-1,2017-08-04 13:45:00,1260.658,,no_room,,,,2017-08-04 20:45:00
-1,2017-08-07 09:30:00,1257.151,,sl_too_tight,,,,2017-08-07 16:30:00
1,2017-08-08 08:00:00,1260.659,,sl_too_tight,,,,2017-08-08 15:00:00
1,2017-08-08 10:00:00,1261.321,,sl_too_tight,,,,2017-08-08 17:00:00
1,2017-08-09 11:45:00,1269.132,,sl_too_tight,,,,2017-08-09 18:45:00
1,2017-08-10 10:30:00,1279.532,,sl_too_tight,,,,2017-08-10 17:30:00
1,2017-08-10 12:30:00,1281.861,,sl_too_tight,,,,2017-08-10 19:30:00
1,2017-08-11 07:30:00,1286.321,,sl_too_tight,,,,2017-08-11 14:30:00
1,2017-08-11 12:30:00,1288.199,,sl_too_tight,,,,2017-08-11 19:30:00
-1,2017-08-14 11:00:00,1280.178,,sl_too_tight,,,,2017-08-14 18:00:00
-1,2017-08-15 11:45:00,1273.129,,sl_too_tight,,,,2017-08-15 18:45:00
-1,2017-08-16 12:45:00,1269.971,,sl_too_tight,,,,2017-08-16 19:45:00
1,2017-08-17 07:30:00,1288.258,,sl_too_tight,,,,2017-08-17 14:30:00
1,2017-08-17 14:00:00,1287.142,,no_room,,,,2017-08-17 21:00:00
1,2017-08-18 08:45:00,1294.878,,no_room,,,,2017-08-18 15:45:00
1,2017-08-18 12:45:00,1295.801,,sl_too_tight,,,,2017-08-18 19:45:00
-1,2017-08-21 10:15:00,1287.131,,sl_too_tight,,,,2017-08-21 17:15:00
-1,2017-08-22 13:45:00,1284.328,,sl_too_tight,,,,2017-08-22 20:45:00
-1,2017-08-24 07:00:00,1287.501,,sl_too_tight,,,,2017-08-24 14:00:00
-1,2017-08-24 08:30:00,1285.621,,sl_too_tight,,,,2017-08-24 15:30:00
-1,2017-08-24 14:30:00,1286.308,,no_room,,,,2017-08-24 21:30:00
-1,2017-08-25 12:00:00,1287.088,,sl_too_tight,,,,2017-08-25 19:00:00
-1,2017-08-25 13:30:00,1285.461,,sl_too_tight,,,,2017-08-25 20:30:00
1,2017-08-28 10:45:00,1297.391,,sl_too_tight,,,,2017-08-28 17:45:00
1,2017-08-28 14:45:00,1299.508,,sl_too_tight,,,,2017-08-28 21:45:00
1,2017-08-29 12:15:00,1322.032,,no_room,,,,2017-08-29 19:15:00
1,2017-08-30 10:30:00,1311.492,,no_room,,,,2017-08-30 17:30:00
1,2017-09-01 11:45:00,1320.022,,sl_too_tight,,,,2017-09-01 18:45:00
-1,2017-09-05 11:15:00,1329.338,1317.728,signal,1334.1357357142856,1319.7425285714287,1310.1470571428574,2017-09-05 18:15:00
1,2017-09-06 08:45:00,1339.178,,sl_too_tight,,,,2017-09-06 15:45:00
1,2017-09-06 15:00:00,1340.292,,sl_too_tight,,,,2017-09-06 22:00:00
1,2017-09-08 10:15:00,1354.059,,signal,1350.370792857143,1361.435414285714,1368.811828571428,2017-09-08 17:15:00
-1,2017-09-11 12:30:00,1334.351,,no_room,,,,2017-09-11 19:30:00
-1,2017-09-11 15:30:00,1333.509,,sl_too_tight,,,,2017-09-11 22:30:00
-1,2017-09-12 10:30:00,1325.809,,sl_too_tight,,,,2017-09-12 17:30:00
1,2017-09-13 07:15:00,1331.652,,sl_too_tight,,,,2017-09-13 14:15:00
1,2017-09-13 10:45:00,1334.031,,sl_too_tight,,,,2017-09-13 17:45:00
-1,2017-09-14 11:30:00,1322.001,,no_room,,,,2017-09-14 18:30:00
-1,2017-09-15 07:00:00,1328.691,,sl_too_tight,,,,2017-09-15 14:00:00
-1,2017-09-15 09:15:00,1325.079,,no_room,,,,2017-09-15 16:15:00
-1,2017-09-15 11:30:00,1323.029,,no_room,,,,2017-09-15 18:30:00
-1,2017-09-15 14:15:00,1321.448,,no_room,,,,2017-09-15 21:15:00
-1,2017-09-18 07:45:00,1314.661,,no_room,,,,2017-09-18 14:45:00
-1,2017-09-18 11:45:00,1314.009,,sl_too_tight,,,,2017-09-18 18:45:00
-1,2017-09-18 14:30:00,1310.212,,no_room,,,,2017-09-18 21:30:00
1,2017-09-20 08:45:00,1314.148,,sl_too_tight,,,,2017-09-20 15:45:00
-1,2017-09-21 10:15:00,1294.468,,no_room,,,,2017-09-21 17:15:00
-1,2017-09-21 12:15:00,1291.489,,no_room,,,,2017-09-21 19:15:00
-1,2017-09-25 07:00:00,1291.501,,sl_too_tight,,,,2017-09-25 14:00:00
1,2017-09-25 14:45:00,1296.458,,no_room,,,,2017-09-25 21:45:00
-1,2017-09-27 12:30:00,1285.668,,no_room,,,,2017-09-27 19:30:00
-1,2017-09-28 12:45:00,1283.551,,sl_too_tight,,,,2017-09-28 19:45:00
-1,2017-09-28 14:15:00,1282.721,,sl_too_tight,,,,2017-09-28 21:15:00
-1,2017-09-29 13:45:00,1284.369,,no_room,,,,2017-09-29 20:45:00
-1,2017-10-02 07:00:00,1273.499,,sl_too_tight,,,,2017-10-02 14:00:00
-1,2017-10-02 11:45:00,1272.751,,sl_too_tight,,,,2017-10-02 18:45:00
-1,2017-10-03 12:30:00,1269.562,,sl_too_tight,,,,2017-10-03 19:30:00
1,2017-10-03 15:00:00,1273.999,,no_room,,,,2017-10-03 22:00:00
1,2017-10-04 10:00:00,1276.792,,sl_too_tight,,,,2017-10-04 17:00:00
1,2017-10-05 07:15:00,1275.592,,sl_too_tight,,,,2017-10-05 14:15:00
1,2017-10-05 08:15:00,1276.199,,no_room,,,,2017-10-05 15:15:00
-1,2017-10-06 12:00:00,1267.882,,sl_too_tight,,,,2017-10-06 19:00:00
1,2017-10-06 14:45:00,1271.158,,no_room,,,,2017-10-06 21:45:00
1,2017-10-09 10:30:00,1283.368,,no_room,,,,2017-10-09 17:30:00
1,2017-10-10 08:15:00,1288.729,,sl_too_tight,,,,2017-10-10 15:15:00
1,2017-10-10 09:45:00,1289.401,,no_room,,,,2017-10-10 16:45:00
1,2017-10-10 11:45:00,1291.861,,sl_too_tight,,,,2017-10-10 18:45:00
1,2017-10-10 14:45:00,1292.839,,no_room,,,,2017-10-10 21:45:00
1,2017-10-11 12:30:00,1290.432,,sl_too_tight,,,,2017-10-11 19:30:00
1,2017-10-12 07:30:00,1296.422,,no_room,,,,2017-10-12 14:30:00
1,2017-10-13 12:30:00,1294.619,,sl_too_tight,,,,2017-10-13 19:30:00
1,2017-10-16 10:45:00,1305.099,,sl_too_tight,,,,2017-10-16 17:45:00
-1,2017-10-17 09:45:00,1288.688,,no_room,,,,2017-10-17 16:45:00
-1,2017-10-17 12:30:00,1287.521,,sl_too_tight,,,,2017-10-17 19:30:00
-1,2017-10-17 15:00:00,1283.789,,sl_too_tight,,,,2017-10-17 22:00:00
-1,2017-10-18 12:00:00,1278.831,,sl_too_tight,,,,2017-10-18 19:00:00
1,2017-10-19 10:30:00,1286.152,,no_room,,,,2017-10-19 17:30:00
1,2017-10-19 12:15:00,1287.822,,no_room,,,,2017-10-19 19:15:00
1,2017-10-19 15:00:00,1288.238,,no_room,,,,2017-10-19 22:00:00
1,2017-10-20 10:45:00,1281.391,,sl_too_tight,,,,2017-10-20 17:45:00
-1,2017-10-23 07:00:00,1275.418,,sl_too_tight,,,,2017-10-23 14:00:00
-1,2017-10-23 12:15:00,1274.838,,sl_too_tight,,,,2017-10-23 19:15:00
-1,2017-10-24 11:45:00,1277.388,,sl_too_tight,,,,2017-10-24 18:45:00
-1,2017-10-24 14:30:00,1275.699,,sl_too_tight,,,,2017-10-24 21:30:00
-1,2017-10-25 08:45:00,1272.149,,sl_too_tight,,,,2017-10-25 15:45:00
-1,2017-10-25 12:30:00,1271.699,,sl_too_tight,,,,2017-10-25 19:30:00
1,2017-10-26 10:00:00,1278.402,,sl_too_tight,,,,2017-10-26 17:00:00
1,2017-10-30 10:30:00,1271.791,,sl_too_tight,,,,2017-10-30 17:30:00
1,2017-10-30 13:15:00,1272.489,,no_room,,,,2017-10-30 20:15:00
-1,2017-10-31 12:30:00,1272.212,,no_room,,,,2017-10-31 19:30:00
-1,2017-10-31 14:00:00,1271.378,,no_room,,,,2017-10-31 21:00:00
1,2017-11-01 09:15:00,1276.208,,sl_too_tight,,,,2017-11-01 16:15:00
1,2017-11-02 13:15:00,1276.681,,no_room,,,,2017-11-02 20:15:00
1,2017-11-03 12:15:00,1275.781,,sl_too_tight,,,,2017-11-03 19:15:00
1,2017-11-06 08:45:00,1270.412,,sl_too_tight,,,,2017-11-06 15:45:00
1,2017-11-06 10:45:00,1271.892,,no_room,,,,2017-11-06 17:45:00
1,2017-11-06 15:30:00,1272.501,,sl_too_tight,,,,2017-11-06 22:30:00
1,2017-11-07 13:00:00,1277.442,,sl_too_tight,,,,2017-11-07 20:00:00
1,2017-11-08 14:15:00,1282.302,,sl_too_tight,,,,2017-11-08 21:15:00
1,2017-11-09 11:00:00,1285.119,,sl_too_tight,,,,2017-11-09 18:00:00
1,2017-11-10 12:30:00,1285.032,,sl_too_tight,,,,2017-11-10 19:30:00
-1,2017-11-13 12:45:00,1278.021,,sl_too_tight,,,,2017-11-13 19:45:00
-1,2017-11-14 08:00:00,1275.928,,sl_too_tight,,,,2017-11-14 15:00:00
-1,2017-11-14 13:45:00,1272.051,,sl_too_tight,,,,2017-11-14 20:45:00
1,2017-11-15 07:00:00,1281.681,,sl_too_tight,,,,2017-11-15 14:00:00
1,2017-11-15 13:15:00,1286.212,,sl_too_tight,,,,2017-11-15 20:15:00
-1,2017-11-16 12:45:00,1277.248,,sl_too_tight,,,,2017-11-16 19:45:00
1,2017-11-17 09:45:00,1283.082,,sl_too_tight,,,,2017-11-17 16:45:00
1,2017-11-17 14:00:00,1284.261,,sl_too_tight,,,,2017-11-17 21:00:00
1,2017-11-17 15:45:00,1287.032,,no_room,,,,2017-11-17 22:45:00
1,2017-11-20 08:15:00,1292.009,,sl_too_tight,,,,2017-11-20 15:15:00
1,2017-11-20 12:45:00,1292.219,,sl_too_tight,,,,2017-11-20 19:45:00
-1,2017-11-20 13:45:00,1290.4,,no_room,,,,2017-11-20 20:45:00
-1,2017-11-21 11:15:00,1279.788,,sl_too_tight,,,,2017-11-21 18:15:00
-1,2017-11-21 12:30:00,1277.722,,no_room,,,,2017-11-21 19:30:00
1,2017-11-22 08:30:00,1283.429,,sl_too_tight,,,,2017-11-22 15:30:00
1,2017-11-22 13:00:00,1284.662,,sl_too_tight,,,,2017-11-22 20:00:00
1,2017-11-23 10:30:00,1290.092,,no_room,,,,2017-11-23 17:30:00
1,2017-11-24 14:30:00,1289.492,,sl_too_tight,,,,2017-11-24 21:30:00
1,2017-11-27 08:00:00,1291.322,,sl_too_tight,,,,2017-11-27 15:00:00
1,2017-11-27 10:00:00,1293.029,,no_room,,,,2017-11-27 17:00:00
1,2017-11-27 13:30:00,1295.848,,sl_too_tight,,,,2017-11-27 20:30:00
1,2017-11-28 11:30:00,1293.932,,sl_too_tight,,,,2017-11-28 18:30:00
1,2017-11-29 07:15:00,1296.032,,sl_too_tight,,,,2017-11-29 14:15:00
-1,2017-11-29 14:45:00,1285.641,,no_room,,,,2017-11-29 21:45:00
-1,2017-11-30 08:30:00,1281.568,,sl_too_tight,,,,2017-11-30 15:30:00
-1,2017-11-30 12:15:00,1280.548,,sl_too_tight,,,,2017-11-30 19:15:00
-1,2017-11-30 13:15:00,1279.841,,sl_too_tight,,,,2017-11-30 20:15:00
1,2017-12-04 08:45:00,1274.989,,no_room,,,,2017-12-04 15:45:00
1,2017-12-04 13:00:00,1273.852,,sl_too_tight,,,,2017-12-04 20:00:00
1,2017-12-04 14:15:00,1275.339,,no_room,,,,2017-12-04 21:15:00
1,2017-12-05 11:00:00,1276.059,,sl_too_tight,,,,2017-12-05 18:00:00
-1,2017-12-06 12:00:00,1267.151,,sl_too_tight,,,,2017-12-06 19:00:00
-1,2017-12-07 10:30:00,1256.151,,no_room,,,,2017-12-07 17:30:00
-1,2017-12-07 12:00:00,1254.751,,no_room,,,,2017-12-07 19:00:00
-1,2017-12-07 14:00:00,1253.588,,sl_too_tight,,,,2017-12-07 21:00:00
-1,2017-12-08 08:15:00,1248.341,,sl_too_tight,,,,2017-12-08 15:15:00
-1,2017-12-12 07:45:00,1243.958,,sl_too_tight,,,,2017-12-12 14:45:00
-1,2017-12-12 10:15:00,1243.318,,sl_too_tight,,,,2017-12-12 17:15:00
-1,2017-12-12 11:45:00,1243.108,,sl_too_tight,,,,2017-12-12 18:45:00
-1,2017-12-12 14:00:00,1242.082,,sl_too_tight,,,,2017-12-12 21:00:00
-1,2017-12-13 07:00:00,1243.341,,sl_too_tight,,,,2017-12-13 14:00:00
-1,2017-12-13 09:30:00,1241.351,,no_room,,,,2017-12-13 16:30:00
-1,2017-12-13 12:15:00,1240.571,,sl_too_tight,,,,2017-12-13 19:15:00
1,2017-12-14 10:45:00,1255.928,,sl_too_tight,,,,2017-12-14 17:45:00
1,2017-12-15 07:00:00,1255.789,,sl_too_tight,,,,2017-12-15 14:00:00
1,2017-12-15 10:45:00,1257.752,,sl_too_tight,,,,2017-12-15 17:45:00
1,2017-12-15 13:00:00,1258.282,,sl_too_tight,,,,2017-12-15 20:00:00
1,2017-12-18 09:30:00,1257.528,,sl_too_tight,,,,2017-12-18 16:30:00
1,2017-12-18 14:15:00,1259.948,,no_room,,,,2017-12-18 21:15:00
1,2017-12-19 12:00:00,1263.709,,sl_too_tight,,,,2017-12-19 19:00:00
1,2017-12-20 11:15:00,1266.201,,sl_too_tight,,,,2017-12-20 18:15:00
1,2017-12-22 07:15:00,1267.502,,sl_too_tight,,,,2017-12-22 14:15:00
1,2017-12-22 14:00:00,1269.182,,sl_too_tight,,,,2017-12-22 21:00:00
1,2017-12-22 15:30:00,1272.092,,no_room,,,,2017-12-22 22:30:00
1,2017-12-26 12:45:00,1278.509,,sl_too_tight,,,,2017-12-26 19:45:00
1,2017-12-26 15:45:00,1281.821,,sl_too_tight,,,,2017-12-26 22:45:00
1,2017-12-27 07:00:00,1282.762,,sl_too_tight,,,,2017-12-27 14:00:00
1,2017-12-27 15:30:00,1286.181,,no_room,,,,2017-12-27 22:30:00
1,2017-12-28 08:00:00,1292.661,,sl_too_tight,,,,2017-12-28 15:00:00
1,2017-12-28 14:15:00,1292.998,,no_room,,,,2017-12-28 21:15:00
1,2017-12-29 08:00:00,1296.099,,sl_too_tight,,,,2017-12-29 15:00:00
1,2017-12-29 13:15:00,1297.521,,sl_too_tight,,,,2017-12-29 20:15:00
1,2018-01-02 08:30:00,1310.252,,no_room,,,,2018-01-02 15:30:00
1,2018-01-02 13:15:00,1312.832,,sl_too_tight,,,,2018-01-02 20:15:00
1,2018-01-03 11:45:00,1314.958,,sl_too_tight,,,,2018-01-03 18:45:00
1,2018-01-03 14:15:00,1317.478,,no_room,,,,2018-01-03 21:15:00
1,2018-01-04 08:00:00,1310.912,,sl_too_tight,,,,2018-01-04 15:00:00
1,2018-01-04 13:15:00,1314.292,,sl_too_tight,,,,2018-01-04 20:15:00
1,2018-01-04 15:30:00,1317.212,,no_room,,,,2018-01-04 22:30:00
1,2018-01-05 12:15:00,1317.729,,sl_too_tight,,,,2018-01-05 19:15:00
1,2018-01-08 11:00:00,1320.542,,no_room,,,,2018-01-08 18:00:00
-1,2018-01-09 13:30:00,1313.961,,sl_too_tight,,,,2018-01-09 20:30:00
1,2018-01-11 13:00:00,1320.147,,no_room,,,,2018-01-11 20:00:00
1,2018-01-12 08:45:00,1329.411,,sl_too_tight,,,,2018-01-12 15:45:00
-1,2018-01-16 08:45:00,1337.901,,sl_too_tight,,,,2018-01-16 15:45:00
-1,2018-01-16 10:30:00,1332.938,,no_room,,,,2018-01-16 17:30:00
1,2018-01-19 07:45:00,1333.091,,sl_too_tight,,,,2018-01-19 14:45:00
-1,2018-01-22 12:45:00,1332.251,,sl_too_tight,,,,2018-01-22 19:45:00
1,2018-01-23 11:00:00,1337.121,,sl_too_tight,,,,2018-01-23 18:00:00
1,2018-01-23 15:30:00,1337.232,,no_room,,,,2018-01-23 22:30:00
1,2018-01-24 07:30:00,1343.581,,no_room,,,,2018-01-24 14:30:00
1,2018-01-24 12:30:00,1350.878,,no_room,,,,2018-01-24 19:30:00
1,2018-01-24 14:45:00,1353.821,,no_room,,,,2018-01-24 21:45:00
-1,2018-01-26 11:45:00,1353.271,1342.711,signal,1357.2450214285716,1345.3229571428567,1337.3749142857134,2018-01-26 18:45:00
-1,2018-01-26 14:00:00,1349.888,1342.711,signal,1355.491142857143,1342.893142857143,1335.898285714286,2018-01-26 21:00:00
-1,2018-01-29 07:30:00,1347.158,,sl_too_tight,,,,2018-01-29 14:30:00
-1,2018-01-29 12:00:00,1345.189,,no_room,,,,2018-01-29 19:00:00
-1,2018-01-29 15:45:00,1341.799,,no_room,,,,2018-01-29 22:45:00
-1,2018-01-30 15:30:00,1342.278,,no_room,,,,2018-01-30 22:30:00
1,2018-02-01 14:30:00,1340.758,,sl_too_tight,,,,2018-02-01 21:30:00
1,2018-02-02 07:00:00,1348.069,,sl_too_tight,,,,2018-02-02 14:00:00
-1,2018-02-05 14:45:00,1335.051,,sl_too_tight,,,,2018-02-05 21:45:00
1,2018-02-06 10:15:00,1343.888,,no_room,,,,2018-02-06 17:15:00
-1,2018-02-07 09:45:00,1329.158,,no_room,,,,2018-02-07 16:45:00
-1,2018-02-07 12:00:00,1327.058,,no_room,,,,2018-02-07 19:00:00
-1,2018-02-08 09:15:00,1310.101,,no_room,,,,2018-02-08 16:15:00
-1,2018-02-08 12:15:00,1309.159,,no_room,,,,2018-02-08 19:15:00
1,2018-02-09 12:30:00,1316.559,,no_room,,,,2018-02-09 19:30:00
1,2018-02-12 14:45:00,1321.959,,no_room,,,,2018-02-12 21:45:00
1,2018-02-13 08:15:00,1328.708,,no_room,,,,2018-02-13 15:15:00
1,2018-02-14 14:15:00,1332.231,,no_room,,,,2018-02-14 21:15:00
1,2018-02-15 08:15:00,1355.101,,no_room,,,,2018-02-15 15:15:00
1,2018-02-16 08:00:00,1359.949,,no_room,,,,2018-02-16 15:00:00
-1,2018-02-19 13:00:00,1347.298,,sl_too_tight,,,,2018-02-19 20:00:00
-1,2018-02-20 07:30:00,1339.029,,no_room,,,,2018-02-20 14:30:00
-1,2018-02-20 13:45:00,1337.808,,sl_too_tight,,,,2018-02-20 20:45:00
-1,2018-02-21 11:45:00,1328.171,,sl_too_tight,,,,2018-02-21 18:45:00
1,2018-02-26 07:30:00,1340.128,,sl_too_tight,,,,2018-02-26 14:30:00
1,2018-02-27 07:15:00,1333.788,,sl_too_tight,,,,2018-02-27 14:15:00
-1,2018-02-27 15:30:00,1324.439,,no_room,,,,2018-02-27 22:30:00
-1,2018-02-28 13:30:00,1318.688,,sl_too_tight,,,,2018-02-28 20:30:00
-1,2018-03-01 08:30:00,1312.461,,sl_too_tight,,,,2018-03-01 15:30:00
-1,2018-03-01 11:15:00,1310.261,,no_room,,,,2018-03-01 18:15:00
1,2018-03-02 13:45:00,1323.959,,no_room,,,,2018-03-02 20:45:00
1,2018-03-06 10:00:00,1324.242,,no_room,,,,2018-03-06 17:00:00
1,2018-03-06 11:30:00,1325.471,,no_room,,,,2018-03-06 18:30:00
1,2018-03-06 15:00:00,1332.759,,no_room,,,,2018-03-06 22:00:00
1,2018-03-08 07:00:00,1328.099,,sl_too_tight,,,,2018-03-08 14:00:00
-1,2018-03-09 12:30:00,1318.798,,sl_too_tight,,,,2018-03-09 19:30:00
1,2018-03-13 12:30:00,1319.292,,sl_too_tight,,,,2018-03-13 19:30:00
1,2018-03-14 11:45:00,1325.798,,sl_too_tight,,,,2018-03-14 18:45:00
-1,2018-03-14 12:45:00,1323.958,,sl_too_tight,,,,2018-03-14 19:45:00
-1,2018-03-15 07:00:00,1325.181,,sl_too_tight,,,,2018-03-15 14:00:00
-1,2018-03-15 11:45:00,1322.301,,sl_too_tight,,,,2018-03-15 18:45:00
-1,2018-03-15 15:30:00,1317.0,,sl_too_tight,,,,2018-03-15 22:30:00
-1,2018-03-16 13:00:00,1317.038,,no_room,,,,2018-03-16 20:00:00
-1,2018-03-20 08:00:00,1314.611,,sl_too_tight,,,,2018-03-20 15:00:00
-1,2018-03-20 09:45:00,1313.978,,sl_too_tight,,,,2018-03-20 16:45:00
-1,2018-03-20 11:45:00,1311.768,,no_room,,,,2018-03-20 18:45:00
-1,2018-03-20 13:45:00,1309.549,,sl_too_tight,,,,2018-03-20 20:45:00
-1,2018-03-21 10:30:00,1316.328,,sl_too_tight,,,,2018-03-21 17:30:00
1,2018-03-21 15:15:00,1323.511,,no_room,,,,2018-03-21 22:15:00
1,2018-03-22 07:00:00,1330.912,,no_room,,,,2018-03-22 14:00:00
1,2018-03-22 12:15:00,1330.972,,no_room,,,,2018-03-22 19:15:00
1,2018-03-23 12:15:00,1343.072,,no_room,,,,2018-03-23 19:15:00
1,2018-03-23 14:00:00,1348.708,,no_room,,,,2018-03-23 21:00:00
1,2018-03-26 08:45:00,1346.789,,sl_too_tight,,,,2018-03-26 15:45:00
1,2018-03-26 13:15:00,1349.679,,no_room,,,,2018-03-26 20:15:00
-1,2018-03-27 12:00:00,1344.559,,no_room,,,,2018-03-27 19:00:00
-1,2018-03-28 10:30:00,1338.908,,no_room,,,,2018-03-28 17:30:00
-1,2018-03-29 12:30:00,1323.202,,no_room,,,,2018-03-29 19:30:00
1,2018-04-02 10:45:00,1332.072,,sl_too_tight,,,,2018-04-02 17:45:00
1,2018-04-02 13:15:00,1335.469,,no_room,,,,2018-04-02 20:15:00
1,2018-04-02 14:30:00,1336.521,,no_room,,,,2018-04-02 21:30:00
-1,2018-04-03 10:45:00,1336.518,,no_room,,,,2018-04-03 17:45:00
-1,2018-04-03 13:15:00,1336.2,,no_room,,,,2018-04-03 20:15:00
1,2018-04-04 11:45:00,1344.672,,no_room,,,,2018-04-04 18:45:00
-1,2018-04-05 12:45:00,1325.528,,no_room,,,,2018-04-05 19:45:00
1,2018-04-06 09:30:00,1325.378,,no_room,,,,2018-04-06 16:30:00
1,2018-04-06 12:45:00,1326.269,,no_room,,,,2018-04-06 19:45:00
-1,2018-04-09 08:30:00,1328.59,,no_room,,,,2018-04-09 15:30:00
-1,2018-04-09 10:00:00,1327.428,,sl_too_tight,,,,2018-04-09 17:00:00
1,2018-04-10 07:15:00,1334.138,,no_room,,,,2018-04-10 14:15:00
1,2018-04-10 11:30:00,1337.782,,no_room,,,,2018-04-10 18:30:00
1,2018-04-11 09:45:00,1345.402,,sl_too_tight,,,,2018-04-11 16:45:00
1,2018-04-11 14:45:00,1355.182,,no_room,,,,2018-04-11 21:45:00
-1,2018-04-12 08:45:00,1348.308,,no_room,,,,2018-04-12 15:45:00
-1,2018-04-12 12:15:00,1343.769,,no_room,,,,2018-04-12 19:15:00
-1,2018-04-12 13:45:00,1340.941,,no_room,,,,2018-04-12 20:45:00
1,2018-04-16 13:00:00,1345.841,,no_room,,,,2018-04-16 20:00:00
-1,2018-04-17 07:45:00,1344.046,,no_room,,,,2018-04-17 14:45:00
-1,2018-04-17 12:30:00,1340.969,,no_room,,,,2018-04-17 19:30:00
-1,2018-04-20 07:45:00,1341.218,,no_room,,,,2018-04-20 14:45:00
-1,2018-04-20 09:15:00,1340.371,,sl_too_tight,,,,2018-04-20 16:15:00
-1,2018-04-20 12:45:00,1339.968,,sl_too_tight,,,,2018-04-20 19:45:00
-1,2018-04-23 07:15:00,1333.031,,sl_too_tight,,,,2018-04-23 14:15:00
-1,2018-04-23 12:00:00,1327.081,,sl_too_tight,,,,2018-04-23 19:00:00
-1,2018-04-23 14:00:00,1323.999,,sl_too_tight,,,,2018-04-23 21:00:00
-1,2018-04-24 12:15:00,1325.108,,sl_too_tight,,,,2018-04-24 19:15:00
1,2018-04-24 13:45:00,1327.162,,no_room,,,,2018-04-24 20:45:00
-1,2018-04-26 08:45:00,1323.101,,no_room,,,,2018-04-26 15:45:00
-1,2018-04-26 14:00:00,1321.509,,no_room,,,,2018-04-26 21:00:00
-1,2018-04-26 15:30:00,1316.798,,no_room,,,,2018-04-26 22:30:00
1,2018-04-27 13:00:00,1321.101,,no_room,,,,2018-04-27 20:00:00
-1,2018-04-30 13:15:00,1312.381,,no_room,,,,2018-04-30 20:15:00
-1,2018-05-01 08:00:00,1310.308,,sl_too_tight,,,,2018-05-01 15:00:00
-1,2018-05-01 12:00:00,1307.799,,sl_too_tight,,,,2018-05-01 19:00:00
-1,2018-05-01 13:30:00,1306.728,,no_room,,,,2018-05-01 20:30:00
-1,2018-05-02 11:30:00,1309.641,,sl_too_tight,,,,2018-05-02 18:30:00
1,2018-05-03 11:45:00,1313.248,,sl_too_tight,,,,2018-05-03 18:45:00
1,2018-05-07 10:00:00,1314.149,,sl_too_tight,,,,2018-05-07 17:00:00
1,2018-05-07 15:00:00,1314.102,,sl_too_tight,,,,2018-05-07 22:00:00
-1,2018-05-08 13:30:00,1309.218,,sl_too_tight,,,,2018-05-08 20:30:00
1,2018-05-09 10:45:00,1307.981,,sl_too_tight,,,,2018-05-09 17:45:00
1,2018-05-09 12:45:00,1313.308,,no_room,,,,2018-05-09 19:45:00
1,2018-05-10 08:45:00,1314.461,,no_room,,,,2018-05-10 15:45:00
1,2018-05-10 12:30:00,1318.168,,no_room,,,,2018-05-10 19:30:00
1,2018-05-11 07:30:00,1320.651,,sl_too_tight,,,,2018-05-11 14:30:00
-1,2018-05-14 10:00:00,1320.108,,sl_too_tight,,,,2018-05-14 17:00:00
-1,2018-05-15 08:15:00,1310.768,,sl_too_tight,,,,2018-05-15 15:15:00
-1,2018-05-15 10:30:00,1309.451,,sl_too_tight,,,,2018-05-15 17:30:00
-1,2018-05-16 08:45:00,1293.478,,no_room,,,,2018-05-16 15:45:00
-1,2018-05-16 11:30:00,1289.549,,sl_too_tight,,,,2018-05-16 18:30:00
-1,2018-05-17 08:30:00,1288.048,,no_room,,,,2018-05-17 15:30:00
-1,2018-05-17 10:15:00,1287.248,,sl_too_tight,,,,2018-05-17 17:15:00
-1,2018-05-17 15:30:00,1288.282,,no_room,,,,2018-05-17 22:30:00
-1,2018-05-18 08:15:00,1288.839,,sl_too_tight,,,,2018-05-18 15:15:00
1,2018-05-22 11:30:00,1295.241,,no_room,,,,2018-05-22 18:30:00
1,2018-05-24 07:00:00,1296.091,,no_room,,,,2018-05-24 14:00:00
1,2018-05-24 09:00:00,1297.442,,sl_too_tight,,,,2018-05-24 16:00:00
1,2018-05-24 12:30:00,1297.942,,sl_too_tight,,,,2018-05-24 19:30:00
1,2018-05-24 13:30:00,1299.979,,no_room,,,,2018-05-24 20:30:00
1,2018-05-25 10:15:00,1305.699,,sl_too_tight,,,,2018-05-25 17:15:00
1,2018-05-25 12:45:00,1306.652,,no_room,,,,2018-05-25 19:45:00
-1,2018-05-28 13:00:00,1297.458,,sl_too_tight,,,,2018-05-28 20:00:00
-1,2018-06-04 15:00:00,1294.179,,no_room,,,,2018-06-04 22:00:00
-1,2018-06-05 10:45:00,1290.951,,sl_too_tight,,,,2018-06-05 17:45:00
1,2018-06-06 13:45:00,1299.381,,no_room,,,,2018-06-06 20:45:00
1,2018-06-07 11:45:00,1299.511,,sl_too_tight,,,,2018-06-07 18:45:00
1,2018-06-08 07:45:00,1296.598,,sl_too_tight,,,,2018-06-08 14:45:00
1,2018-06-08 10:15:00,1299.819,,no_room,,,,2018-06-08 17:15:00
-1,2018-06-11 09:30:00,1295.369,,no_room,,,,2018-06-11 16:30:00
-1,2018-06-12 12:00:00,1296.859,,sl_too_tight,,,,2018-06-12 19:00:00
-1,2018-06-13 07:30:00,1294.412,,sl_too_tight,,,,2018-06-13 14:30:00
1,2018-06-14 09:15:00,1303.271,,sl_too_tight,,,,2018-06-14 16:15:00
1,2018-06-14 12:15:00,1305.682,,sl_too_tight,,,,2018-06-14 19:15:00
-1,2018-06-15 12:15:00,1297.528,,sl_too_tight,,,,2018-06-15 19:15:00
-1,2018-06-18 07:00:00,1278.998,,sl_too_tight,,,,2018-06-18 14:00:00
-1,2018-06-18 11:30:00,1280.198,,sl_too_tight,,,,2018-06-18 18:30:00
-1,2018-06-18 14:45:00,1278.858,,no_room,,,,2018-06-18 21:45:00
-1,2018-06-18 15:45:00,1278.138,,no_room,,,,2018-06-18 22:45:00
-1,2018-06-20 08:00:00,1273.048,,sl_too_tight,,,,2018-06-20 15:00:00
1,2018-06-22 14:30:00,1270.029,,no_room,,,,2018-06-22 21:30:00
-1,2018-06-25 14:30:00,1265.769,,no_room,,,,2018-06-25 21:30:00
-1,2018-06-26 07:30:00,1262.588,,sl_too_tight,,,,2018-06-26 14:30:00
-1,2018-06-26 09:15:00,1257.698,,no_room,,,,2018-06-26 16:15:00
-1,2018-06-26 12:00:00,1256.049,,sl_too_tight,,,,2018-06-26 19:00:00
-1,2018-06-27 12:45:00,1255.378,,no_room,,,,2018-06-27 19:45:00
-1,2018-06-27 15:15:00,1253.628,,no_room,,,,2018-06-27 22:15:00
-1,2018-06-28 14:45:00,1250.608,,no_room,,,,2018-06-28 21:45:00
-1,2018-06-29 07:00:00,1250.528,,sl_too_tight,,,,2018-06-29 14:00:00
-1,2018-06-29 13:30:00,1250.009,,sl_too_tight,,,,2018-06-29 20:30:00
-1,2018-07-02 13:00:00,1248.229,,sl_too_tight,,,,2018-07-02 20:00:00
-1,2018-07-05 07:45:00,1253.338,,no_room,,,,2018-07-05 14:45:00
-1,2018-07-05 09:15:00,1252.808,,sl_too_tight,,,,2018-07-05 16:15:00
-1,2018-07-06 09:15:00,1254.668,,sl_too_tight,,,,2018-07-06 16:15:00
-1,2018-07-06 15:30:00,1253.998,,no_room,,,,2018-07-06 22:30:00
1,2018-07-09 09:30:00,1262.168,,sl_too_tight,,,,2018-07-09 16:30:00
-1,2018-07-10 08:30:00,1255.499,,no_room,,,,2018-07-10 15:30:00
-1,2018-07-10 10:45:00,1252.149,,no_room,,,,2018-07-10 17:45:00
-1,2018-07-11 09:15:00,1250.498,,sl_too_tight,,,,2018-07-11 16:15:00
-1,2018-07-11 11:30:00,1249.379,,sl_too_tight,,,,2018-07-11 18:30:00
-1,2018-07-11 15:00:00,1248.289,,no_room,,,,2018-07-11 22:00:00
-1,2018-07-12 10:30:00,1244.068,,sl_too_tight,,,,2018-07-12 17:30:00
1,2018-07-12 15:15:00,1247.579,,no_room,,,,2018-07-12 22:15:00
-1,2018-07-13 11:45:00,1239.148,,no_room,,,,2018-07-13 18:45:00
-1,2018-07-16 14:45:00,1240.068,,no_room,,,,2018-07-16 21:45:00
-1,2018-07-17 14:15:00,1230.341,,no_room,,,,2018-07-17 21:15:00
-1,2018-07-18 08:00:00,1222.299,,sl_too_tight,,,,2018-07-18 15:00:00
1,2018-07-20 12:45:00,1226.689,,no_room,,,,2018-07-20 19:45:00
1,2018-07-23 11:30:00,1231.451,,no_room,,,,2018-07-23 18:30:00
-1,2018-07-24 15:45:00,1224.648,,no_room,,,,2018-07-24 22:45:00
1,2018-07-25 11:30:00,1231.859,,sl_too_tight,,,,2018-07-25 18:30:00
1,2018-07-25 13:00:00,1233.091,,no_room,,,,2018-07-25 20:00:00
1,2018-07-26 12:30:00,1228.668,,sl_too_tight,,,,2018-07-26 19:30:00
-1,2018-07-26 12:45:00,1227.179,,sl_too_tight,,,,2018-07-26 19:45:00
-1,2018-07-27 08:15:00,1222.668,,sl_too_tight,,,,2018-07-27 15:15:00
1,2018-07-27 15:45:00,1225.809,,sl_too_tight,,,,2018-07-27 22:45:00
1,2018-07-30 07:45:00,1221.278,,sl_too_tight,,,,2018-07-30 14:45:00
1,2018-07-30 11:15:00,1222.739,,sl_too_tight,,,,2018-07-30 18:15:00
1,2018-07-30 13:45:00,1223.568,,sl_too_tight,,,,2018-07-30 20:45:00
-1,2018-07-31 10:00:00,1218.328,,no_room,,,,2018-07-31 17:00:00
-1,2018-07-31 13:00:00,1217.569,,no_room,,,,2018-07-31 20:00:00
1,2018-08-01 08:15:00,1221.998,,sl_too_tight,,,,2018-08-01 15:15:00
-1,2018-08-02 07:30:00,1217.828,,sl_too_tight,,,,2018-08-02 14:30:00
-1,2018-08-02 09:30:00,1216.748,,sl_too_tight,,,,2018-08-02 16:30:00
-1,2018-08-02 11:45:00,1215.248,,sl_too_tight,,,,2018-08-02 18:45:00
1,2018-08-03 12:30:00,1212.818,,no_room,,,,2018-08-03 19:30:00
-1,2018-08-06 10:00:00,1211.268,,sl_too_tight,,,,2018-08-06 17:00:00
-1,2018-08-08 09:30:00,1212.018,,no_room,,,,2018-08-08 16:30:00
-1,2018-08-09 07:00:00,1213.591,,no_room,,,,2018-08-09 14:00:00
-1,2018-08-09 13:30:00,1214.078,,no_room,,,,2018-08-09 20:30:00
-1,2018-08-09 14:45:00,1213.771,,no_room,,,,2018-08-09 21:45:00
1,2018-08-10 11:45:00,1211.198,,no_room,,,,2018-08-10 18:45:00
1,2018-08-10 13:30:00,1214.251,,no_room,,,,2018-08-10 20:30:00
-1,2018-08-13 09:45:00,1203.429,,sl_too_tight,,,,2018-08-13 16:45:00
-1,2018-08-13 11:00:00,1201.128,,no_room,,,,2018-08-13 18:00:00
1,2018-08-14 13:30:00,1196.722,,sl_too_tight,,,,2018-08-14 20:30:00
-1,2018-08-15 08:45:00,1186.438,,no_room,,,,2018-08-15 15:45:00
-1,2018-08-15 10:30:00,1184.892,,no_room,,,,2018-08-15 17:30:00
-1,2018-08-15 13:30:00,1184.0,,no_room,,,,2018-08-15 20:30:00
-1,2018-08-15 14:45:00,1180.072,,no_room,,,,2018-08-15 21:45:00
-1,2018-08-16 12:15:00,1178.378,,no_room,,,,2018-08-16 19:15:00
1,2018-08-22 08:45:00,1195.882,,no_room,,,,2018-08-22 15:45:00
1,2018-08-22 11:00:00,1197.932,,no_room,,,,2018-08-22 18:00:00
1,2018-08-22 12:15:00,1200.259,,no_room,,,,2018-08-22 19:15:00
-1,2018-08-23 07:00:00,1190.158,,sl_too_tight,,,,2018-08-23 14:00:00
-1,2018-08-23 15:45:00,1189.168,,no_room,,,,2018-08-23 22:45:00
1,2018-08-28 08:00:00,1212.372,,no_room,,,,2018-08-28 15:00:00
1,2018-08-28 09:45:00,1213.658,,no_room,,,,2018-08-28 16:45:00
-1,2018-08-30 13:30:00,1201.238,,no_room,,,,2018-08-30 20:30:00
-1,2018-09-03 11:45:00,1200.139,,sl_too_tight,,,,2018-09-03 18:45:00
-1,2018-09-04 11:00:00,1193.648,,no_room,,,,2018-09-04 18:00:00
-1,2018-09-04 13:00:00,1191.679,,no_room,,,,2018-09-04 20:00:00
1,2018-09-06 08:00:00,1199.659,,no_room,,,,2018-09-06 15:00:00
1,2018-09-06 09:15:00,1203.192,,no_room,,,,2018-09-06 16:15:00
1,2018-09-06 10:30:00,1205.169,,no_room,,,,2018-09-06 17:30:00
1,2018-09-07 11:00:00,1201.778,,sl_too_tight,,,,2018-09-07 18:00:00
-1,2018-09-10 10:15:00,1193.858,,sl_too_tight,,,,2018-09-10 17:15:00
-1,2018-09-10 11:30:00,1192.999,,no_room,,,,2018-09-10 18:30:00
1,2018-09-10 14:00:00,1197.662,,no_room,,,,2018-09-10 21:00:00
1,2018-09-12 07:30:00,1195.569,,sl_too_tight,,,,2018-09-12 14:30:00
1,2018-09-12 09:30:00,1196.529,,sl_too_tight,,,,2018-09-12 16:30:00
1,2018-09-12 14:45:00,1197.699,,no_room,,,,2018-09-12 21:45:00
1,2018-09-13 07:45:00,1205.508,,sl_too_tight,,,,2018-09-13 14:45:00
1,2018-09-13 12:30:00,1207.218,,no_room,,,,2018-09-13 19:30:00
-1,2018-09-14 11:30:00,1205.358,,no_room,,,,2018-09-14 18:30:00
-1,2018-09-18 07:00:00,1197.839,,sl_too_tight,,,,2018-09-18 14:00:00
-1,2018-09-18 14:00:00,1199.478,,no_room,,,,2018-09-18 21:00:00
1,2018-09-19 12:15:00,1203.789,,sl_too_tight,,,,2018-09-19 19:15:00
1,2018-09-19 15:00:00,1204.189,,no_room,,,,2018-09-19 22:00:00
1,2018-09-20 10:15:00,1203.222,,sl_too_tight,,,,2018-09-20 17:15:00
-1,2018-09-24 12:45:00,1198.398,,sl_too_tight,,,,2018-09-24 19:45:00
-1,2018-09-26 09:30:00,1198.768,,sl_too_tight,,,,2018-09-26 16:30:00
-1,2018-09-26 11:30:00,1197.568,,no_room,,,,2018-09-26 18:30:00
-1,2018-09-27 11:15:00,1194.388,,no_room,,,,2018-09-27 18:15:00
-1,2018-09-27 14:45:00,1183.268,,no_room,,,,2018-09-27 21:45:00
-1,2018-09-28 11:30:00,1182.218,,sl_too_tight,,,,2018-09-28 18:30:00
1,2018-09-28 12:45:00,1184.799,,no_room,,,,2018-09-28 19:45:00
1,2018-10-01 12:00:00,1187.152,,sl_too_tight,,,,2018-10-01 19:00:00
1,2018-10-02 12:30:00,1194.728,,no_room,,,,2018-10-02 19:30:00
1,2018-10-03 10:00:00,1204.909,,sl_too_tight,,,,2018-10-03 17:00:00
1,2018-10-03 13:30:00,1203.742,,no_room,,,,2018-10-03 20:30:00
1,2018-10-04 11:30:00,1199.979,,sl_too_tight,,,,2018-10-04 18:30:00
1,2018-10-05 09:15:00,1199.721,,sl_too_tight,,,,2018-10-05 16:15:00
1,2018-10-05 11:15:00,1202.529,,no_room,,,,2018-10-05 18:15:00
-1,2018-10-08 07:30:00,1195.398,,sl_too_tight,,,,2018-10-08 14:30:00
-1,2018-10-08 12:00:00,1193.368,,sl_too_tight,,,,2018-10-08 19:00:00
-1,2018-10-09 09:15:00,1188.418,,sl_too_tight,,,,2018-10-09 16:15:00
-1,2018-10-10 07:15:00,1189.238,,sl_too_tight,,,,2018-10-10 14:15:00
-1,2018-10-10 11:45:00,1186.308,,no_room,,,,2018-10-10 18:45:00
1,2018-10-11 12:30:00,1205.601,,no_room,,,,2018-10-11 19:30:00
1,2018-10-11 14:15:00,1210.352,,no_room,,,,2018-10-11 21:15:00
1,2018-10-12 09:45:00,1219.522,,no_room,,,,2018-10-12 16:45:00
1,2018-10-12 12:00:00,1221.672,,sl_too_tight,,,,2018-10-12 19:00:00
1,2018-10-15 08:30:00,1229.179,,no_room,,,,2018-10-15 15:30:00
1,2018-10-16 12:15:00,1230.152,,sl_too_tight,,,,2018-10-16 19:15:00
-1,2018-10-17 10:30:00,1226.478,,sl_too_tight,,,,2018-10-17 17:30:00
-1,2018-10-19 07:00:00,1227.171,,sl_too_tight,,,,2018-10-19 14:00:00
-1,2018-10-22 07:45:00,1225.708,,sl_too_tight,,,,2018-10-22 14:45:00
-1,2018-10-22 14:00:00,1221.388,,no_room,,,,2018-10-22 21:00:00
1,2018-10-23 08:00:00,1232.528,,no_room,,,,2018-10-23 15:00:00
1,2018-10-23 11:30:00,1236.579,,no_room,,,,2018-10-23 18:30:00
1,2018-10-26 14:30:00,1236.292,,no_room,,,,2018-10-26 21:30:00
-1,2018-10-29 08:30:00,1230.0,,no_room,,,,2018-10-29 15:30:00
-1,2018-10-30 07:15:00,1225.856,,sl_too_tight,,,,2018-10-30 14:15:00
-1,2018-10-30 10:15:00,1222.474,,sl_too_tight,,,,2018-10-30 17:15:00
-1,2018-10-31 07:45:00,1216.433,,sl_too_tight,,,,2018-10-31 14:45:00
-1,2018-10-31 13:00:00,1215.343,,no_room,,,,2018-10-31 20:00:00
1,2018-11-01 12:00:00,1226.718,,no_room,,,,2018-11-01 19:00:00
1,2018-11-01 14:00:00,1230.568,,no_room,,,,2018-11-01 21:00:00
1,2018-11-02 08:00:00,1234.388,,no_room,,,,2018-11-02 15:00:00
1,2018-11-05 07:30:00,1232.688,,sl_too_tight,,,,2018-11-05 14:30:00
-1,2018-11-05 12:45:00,1230.825,,sl_too_tight,,,,2018-11-05 19:45:00
1,2018-11-06 07:45:00,1231.145,,sl_too_tight,,,,2018-11-06 14:45:00
1,2018-11-06 10:30:00,1235.235,,no_room,,,,2018-11-06 17:30:00
-1,2018-11-08 13:30:00,1221.795,,no_room,,,,2018-11-08 20:30:00
-1,2018-11-09 13:00:00,1217.985,,no_room,,,,2018-11-09 20:00:00
-1,2018-11-12 13:00:00,1205.825,,sl_too_tight,,,,2018-11-12 20:00:00
-1,2018-11-12 15:15:00,1203.925,,sl_too_tight,,,,2018-11-12 22:15:00
-1,2018-11-13 08:00:00,1202.168,,sl_too_tight,,,,2018-11-13 15:00:00
-1,2018-11-13 09:00:00,1201.205,,no_room,,,,2018-11-13 16:00:00
-1,2018-11-14 08:00:00,1201.445,,sl_too_tight,,,,2018-11-14 15:00:00
-1,2018-11-14 09:15:00,1200.288,,no_room,,,,2018-11-14 16:15:00
-1,2018-11-14 13:45:00,1199.255,,no_room,,,,2018-11-14 20:45:00
1,2018-11-15 08:00:00,1213.625,,no_room,,,,2018-11-15 15:00:00
1,2018-11-15 13:30:00,1211.358,,sl_too_tight,,,,2018-11-15 20:30:00
1,2018-11-16 08:00:00,1215.788,,sl_too_tight,,,,2018-11-16 15:00:00
1,2018-11-16 13:00:00,1217.105,,sl_too_tight,,,,2018-11-16 20:00:00
1,2018-11-19 10:15:00,1221.258,,sl_too_tight,,,,2018-11-19 17:15:00
1,2018-11-19 15:00:00,1221.828,,sl_too_tight,,,,2018-11-19 22:00:00
1,2018-11-20 13:15:00,1226.468,,no_room,,,,2018-11-20 20:15:00
-1,2018-11-22 13:30:00,1227.695,,sl_too_tight,,,,2018-11-22 20:30:00
-1,2018-11-23 08:30:00,1222.825,,no_room,,,,2018-11-23 15:30:00
-1,2018-11-23 11:45:00,1221.455,,no_room,,,,2018-11-23 18:45:00
1,2018-11-26 07:00:00,1225.978,,no_room,,,,2018-11-26 14:00:00
-1,2018-11-28 14:00:00,1212.635,,sl_too_tight,,,,2018-11-28 21:00:00
1,2018-11-29 12:15:00,1227.255,,sl_too_tight,,,,2018-11-29 19:15:00
-1,2018-11-30 08:00:00,1223.705,,sl_too_tight,,,,2018-11-30 15:00:00
-1,2018-11-30 09:45:00,1222.905,,sl_too_tight,,,,2018-11-30 16:45:00
-1,2018-11-30 13:00:00,1221.575,,no_room,,,,2018-11-30 20:00:00
1,2018-12-03 13:15:00,1230.095,,sl_too_tight,,,,2018-12-03 20:15:00
1,2018-12-04 08:30:00,1238.318,,no_room,,,,2018-12-04 15:30:00
1,2018-12-04 14:00:00,1240.145,,sl_too_tight,,,,2018-12-04 21:00:00
1,2018-12-05 11:00:00,1236.445,,sl_too_tight,,,,2018-12-05 18:00:00
1,2018-12-05 12:45:00,1237.818,,sl_too_tight,,,,2018-12-05 19:45:00
1,2018-12-05 14:15:00,1238.248,,no_room,,,,2018-12-05 21:15:00
1,2018-12-07 08:00:00,1240.508,,sl_too_tight,,,,2018-12-07 15:00:00
1,2018-12-07 11:00:00,1241.148,,sl_too_tight,,,,2018-12-07 18:00:00
1,2018-12-07 13:45:00,1242.828,,no_room,,,,2018-12-07 20:45:00
-1,2018-12-10 08:30:00,1246.888,,no_room,,,,2018-12-10 15:30:00
-1,2018-12-10 11:45:00,1245.875,,sl_too_tight,,,,2018-12-10 18:45:00
-1,2018-12-10 13:15:00,1245.458,,sl_too_tight,,,,2018-12-10 20:15:00
-1,2018-12-11 10:30:00,1247.768,,sl_too_tight,,,,2018-12-11 17:30:00
-1,2018-12-11 12:45:00,1246.305,,no_room,,,,2018-12-11 19:45:00
-1,2018-12-11 14:15:00,1245.155,,no_room,,,,2018-12-11 21:15:00
1,2018-12-13 07:00:00,1246.088,,sl_too_tight,,,,2018-12-13 14:00:00
-1,2018-12-14 13:30:00,1237.445,,sl_too_tight,,,,2018-12-14 20:30:00
1,2018-12-18 09:30:00,1248.968,,no_room,,,,2018-12-18 16:30:00
1,2018-12-18 11:00:00,1249.715,,sl_too_tight,,,,2018-12-18 18:00:00
1,2018-12-19 08:15:00,1250.488,,sl_too_tight,,,,2018-12-19 15:15:00
-1,2018-12-19 09:45:00,1249.525,,sl_too_tight,,,,2018-12-19 16:45:00
1,2018-12-21 07:00:00,1259.825,,sl_too_tight,,,,2018-12-21 14:00:00
1,2018-12-21 13:15:00,1260.735,,sl_too_tight,,,,2018-12-21 20:15:00
1,2018-12-24 08:00:00,1263.765,,sl_too_tight,,,,2018-12-24 15:00:00
1,2018-12-24 14:45:00,1265.288,,no_room,,,,2018-12-24 21:45:00
1,2018-12-26 13:00:00,1274.298,,no_room,,,,2018-12-26 20:00:00
1,2018-12-26 15:00:00,1276.538,,no_room,,,,2018-12-26 22:00:00
1,2018-12-27 08:30:00,1269.178,,sl_too_tight,,,,2018-12-27 15:30:00
1,2018-12-27 13:15:00,1273.688,,no_room,,,,2018-12-27 20:15:00
1,2018-12-31 07:30:00,1280.548,,no_room,,,,2018-12-31 14:30:00
1,2018-12-31 10:30:00,1282.688,,sl_too_tight,,,,2018-12-31 17:30:00
1,2019-01-02 08:30:00,1287.315,,sl_too_tight,,,,2019-01-02 15:30:00
1,2019-01-03 13:30:00,1289.108,,no_room,,,,2019-01-03 20:30:00
-1,2019-01-07 15:15:00,1290.425,,sl_too_tight,,,,2019-01-07 22:15:00
-1,2019-01-08 12:30:00,1282.675,,sl_too_tight,,,,2019-01-08 19:30:00
-1,2019-01-09 09:45:00,1281.195,,sl_too_tight,,,,2019-01-09 16:45:00
-1,2019-01-09 10:30:00,1280.565,,sl_too_tight,,,,2019-01-09 17:30:00
1,2019-01-11 08:00:00,1294.375,,sl_too_tight,,,,2019-01-11 15:00:00
1,2019-01-14 07:45:00,1292.508,,sl_too_tight,,,,2019-01-14 14:45:00
1,2019-01-14 10:45:00,1294.508,,no_room,,,,2019-01-14 17:45:00
1,2019-01-15 11:45:00,1289.475,,sl_too_tight,,,,2019-01-15 18:45:00
1,2019-01-15 13:45:00,1291.998,,no_room,,,,2019-01-15 20:45:00
1,2019-01-16 13:00:00,1289.558,,sl_too_tight,,,,2019-01-16 20:00:00
1,2019-01-17 08:15:00,1293.068,,sl_too_tight,,,,2019-01-17 15:15:00
-1,2019-01-18 07:15:00,1290.775,,sl_too_tight,,,,2019-01-18 14:15:00
-1,2019-01-18 13:00:00,1284.488,,sl_too_tight,,,,2019-01-18 20:00:00
-1,2019-01-21 08:30:00,1280.998,,sl_too_tight,,,,2019-01-21 15:30:00
-1,2019-01-21 12:00:00,1277.468,,sl_too_tight,,,,2019-01-21 19:00:00
1,2019-01-22 14:00:00,1283.548,,sl_too_tight,,,,2019-01-22 21:00:00
1,2019-01-23 07:30:00,1284.605,,sl_too_tight,,,,2019-01-23 14:30:00
-1,2019-01-24 07:15:00,1280.995,,sl_too_tight,,,,2019-01-24 14:15:00
1,2019-01-25 13:30:00,1285.128,,sl_too_tight,,,,2019-01-25 20:30:00
1,2019-01-28 10:00:00,1301.378,,sl_too_tight,,,,2019-01-28 17:00:00
1,2019-01-28 14:45:00,1300.868,,sl_too_tight,,,,2019-01-28 21:45:00
1,2019-01-29 07:15:00,1306.355,,no_room,,,,2019-01-29 14:15:00
1,2019-01-29 13:00:00,1308.938,,sl_too_tight,,,,2019-01-29 20:00:00
1,2019-01-29 15:15:00,1311.378,,no_room,,,,2019-01-29 22:15:00
1,2019-01-31 07:15:00,1321.045,,sl_too_tight,,,,2019-01-31 14:15:00
1,2019-01-31 10:30:00,1321.945,,sl_too_tight,,,,2019-01-31 17:30:00
1,2019-01-31 13:30:00,1324.588,,no_room,,,,2019-01-31 20:30:00
1,2019-02-01 09:15:00,1319.115,,sl_too_tight,,,,2019-02-01 16:15:00
1,2019-02-01 10:15:00,1319.725,,no_room,,,,2019-02-01 17:15:00
-1,2019-02-04 08:15:00,1311.828,,sl_too_tight,,,,2019-02-04 15:15:00
-1,2019-02-04 09:15:00,1310.855,,sl_too_tight,,,,2019-02-04 16:15:00
-1,2019-02-04 12:15:00,1310.335,,sl_too_tight,,,,2019-02-04 19:15:00
-1,2019-02-05 09:15:00,1311.178,,no_room,,,,2019-02-05 16:15:00
-1,2019-02-06 11:00:00,1313.198,,sl_too_tight,,,,2019-02-06 18:00:00
-1,2019-02-11 13:15:00,1306.165,,sl_too_tight,,,,2019-02-11 20:15:00
1,2019-02-12 10:30:00,1312.715,,sl_too_tight,,,,2019-02-12 17:30:00
-1,2019-02-14 08:30:00,1307.615,,sl_too_tight,,,,2019-02-14 15:30:00
-1,2019-02-14 12:30:00,1305.465,,no_room,,,,2019-02-14 19:30:00
1,2019-02-15 09:45:00,1315.628,,sl_too_tight,,,,2019-02-15 16:45:00
1,2019-02-18 09:15:00,1323.588,,sl_too_tight,,,,2019-02-18 16:15:00
1,2019-02-18 12:15:00,1325.165,,sl_too_tight,,,,2019-02-18 19:15:00
1,2019-02-18 13:30:00,1326.035,,sl_too_tight,,,,2019-02-18 20:30:00
1,2019-02-19 07:15:00,1324.375,,sl_too_tight,,,,2019-02-19 14:15:00
1,2019-02-19 12:45:00,1330.388,,sl_too_tight,,,,2019-02-19 19:45:00
1,2019-02-20 09:15:00,1343.995,,sl_too_tight,,,,2019-02-20 16:15:00
1,2019-02-20 10:30:00,1344.685,,no_room,,,,2019-02-20 17:30:00
-1,2019-02-21 14:00:00,1334.315,,sl_too_tight,,,,2019-02-21 21:00:00
-1,2019-02-22 09:15:00,1324.955,,sl_too_tight,,,,2019-02-22 16:15:00
-1,2019-02-22 13:00:00,1322.208,,no_room,,,,2019-02-22 20:00:00
-1,2019-02-25 07:00:00,1329.875,,sl_too_tight,,,,2019-02-25 14:00:00
-1,2019-02-25 08:30:00,1328.978,,no_room,,,,2019-02-25 15:30:00
-1,2019-02-25 13:15:00,1327.755,,no_room,,,,2019-02-25 20:15:00
-1,2019-02-26 12:30:00,1324.435,,no_room,,,,2019-02-26 19:30:00
-1,2019-02-27 08:00:00,1326.348,,sl_too_tight,,,,2019-02-27 15:00:00
-1,2019-02-27 14:00:00,1325.635,,no_room,,,,2019-02-27 21:00:00
1,2019-02-28 11:15:00,1325.735,,sl_too_tight,,,,2019-02-28 18:15:00
-1,2019-03-01 08:00:00,1308.265,,no_room,,,,2019-03-01 15:00:00
-1,2019-03-01 12:45:00,1306.115,,no_room,,,,2019-03-01 19:45:00
-1,2019-03-04 07:15:00,1292.895,,no_room,,,,2019-03-04 14:15:00
-1,2019-03-04 11:45:00,1286.685,,sl_too_tight,,,,2019-03-04 18:45:00
-1,2019-03-04 14:30:00,1285.225,,no_room,,,,2019-03-04 21:30:00
-1,2019-03-05 09:15:00,1284.238,,sl_too_tight,,,,2019-03-05 16:15:00
-1,2019-03-05 15:00:00,1284.628,,no_room,,,,2019-03-05 22:00:00
-1,2019-03-06 10:45:00,1285.6,,no_room,,,,2019-03-06 17:45:00
-1,2019-03-06 13:45:00,1284.865,,no_room,,,,2019-03-06 20:45:00
-1,2019-03-07 08:00:00,1284.058,,no_room,,,,2019-03-07 15:00:00
1,2019-03-08 07:30:00,1293.348,,no_room,,,,2019-03-08 14:30:00
1,2019-03-08 09:00:00,1294.518,,no_room,,,,2019-03-08 16:00:00
1,2019-03-08 13:30:00,1295.725,,no_room,,,,2019-03-08 20:30:00
-1,2019-03-12 07:15:00,1295.675,,sl_too_tight,,,,2019-03-12 14:15:00
1,2019-03-13 08:15:00,1305.048,,sl_too_tight,,,,2019-03-13 15:15:00
1,2019-03-15 07:15:00,1302.055,,no_room,,,,2019-03-15 14:15:00
1,2019-03-15 11:15:00,1303.198,,sl_too_tight,,,,2019-03-15 18:15:00
1,2019-03-15 13:45:00,1304.428,,no_room,,,,2019-03-15 20:45:00
1,2019-03-19 10:30:00,1307.248,,sl_too_tight,,,,2019-03-19 17:30:00
1,2019-03-19 12:15:00,1308.848,,sl_too_tight,,,,2019-03-19 19:15:00
-1,2019-03-20 08:30:00,1302.335,,no_room,,,,2019-03-20 15:30:00
1,2019-03-22 09:30:00,1313.045,,no_room,,,,2019-03-22 16:30:00
1,2019-03-22 13:45:00,1313.618,,no_room,,,,2019-03-22 20:45:00
1,2019-03-25 07:15:00,1316.878,,sl_too_tight,,,,2019-03-25 14:15:00
1,2019-03-25 10:15:00,1317.788,,sl_too_tight,,,,2019-03-25 17:15:00
1,2019-03-25 12:45:00,1318.965,,no_room,,,,2019-03-25 19:45:00
1,2019-03-25 15:30:00,1322.445,,no_room,,,,2019-03-25 22:30:00
1,2019-03-26 13:00:00,1317.665,,no_room,,,,2019-03-26 20:00:00
1,2019-03-27 09:30:00,1317.135,,no_room,,,,2019-03-27 16:30:00
-1,2019-03-28 07:45:00,1309.218,,no_room,,,,2019-03-28 14:45:00
-1,2019-03-28 10:15:00,1307.168,,sl_too_tight,,,,2019-03-28 17:15:00
-1,2019-03-28 15:30:00,1291.225,,no_room,,,,2019-03-28 22:30:00
-1,2019-04-03 07:00:00,1292.075,,sl_too_tight,,,,2019-04-03 14:00:00
-1,2019-04-03 13:00:00,1290.915,,no_room,,,,2019-04-03 20:00:00
-1,2019-04-04 08:15:00,1291.918,,sl_too_tight,,,,2019-04-04 15:15:00
-1,2019-04-04 11:15:00,1290.575,,sl_too_tight,,,,2019-04-04 18:15:00
-1,2019-04-05 11:45:00,1287.825,,sl_too_tight,,,,2019-04-05 18:45:00
1,2019-04-08 11:45:00,1297.738,,sl_too_tight,,,,2019-04-08 18:45:00
1,2019-04-09 07:45:00,1299.705,,sl_too_tight,,,,2019-04-09 14:45:00
1,2019-04-09 10:00:00,1301.985,,no_room,,,,2019-04-09 17:00:00
1,2019-04-09 12:15:00,1302.838,,sl_too_tight,,,,2019-04-09 19:15:00
1,2019-04-09 15:45:00,1305.188,,sl_too_tight,,,,2019-04-09 22:45:00
1,2019-04-10 13:30:00,1304.848,,no_room,,,,2019-04-10 20:30:00
-1,2019-04-11 15:30:00,1294.735,,no_room,,,,2019-04-11 22:30:00
-1,2019-04-15 09:45:00,1285.898,,sl_too_tight,,,,2019-04-15 16:45:00
-1,2019-04-15 12:15:00,1285.455,,sl_too_tight,,,,2019-04-15 19:15:00
-1,2019-04-16 09:00:00,1283.655,,no_room,,,,2019-04-16 16:00:00
-1,2019-04-16 12:15:00,1282.5,,sl_too_tight,,,,2019-04-16 19:15:00
-1,2019-04-17 08:30:00,1277.625,,sl_too_tight,,,,2019-04-17 15:30:00
-1,2019-04-17 14:00:00,1274.558,,no_room,,,,2019-04-17 21:00:00
1,2019-04-18 09:00:00,1276.115,,no_room,,,,2019-04-18 16:00:00
1,2019-04-22 08:45:00,1278.798,,sl_too_tight,,,,2019-04-22 15:45:00
-1,2019-04-22 15:45:00,1274.375,,no_room,,,,2019-04-22 22:45:00
-1,2019-04-23 12:30:00,1271.365,,no_room,,,,2019-04-23 19:30:00
-1,2019-04-24 12:15:00,1271.218,,sl_too_tight,,,,2019-04-24 19:15:00
1,2019-04-25 13:00:00,1277.805,,sl_too_tight,,,,2019-04-25 20:00:00
1,2019-04-26 13:15:00,1282.59,,no_room,,,,2019-04-26 20:15:00
1,2019-04-29 12:15:00,1282.795,,no_room,,,,2019-04-29 19:15:00
1,2019-04-30 08:15:00,1284.098,,sl_too_tight,,,,2019-04-30 15:15:00
1,2019-04-30 11:00:00,1285.338,,no_room,,,,2019-04-30 18:00:00
-1,2019-05-02 12:15:00,1270.525,,sl_too_tight,,,,2019-05-02 19:15:00
-1,2019-05-07 11:15:00,1280.825,,sl_too_tight,,,,2019-05-07 18:15:00
1,2019-05-08 09:45:00,1287.818,,sl_too_tight,,,,2019-05-08 16:45:00
1,2019-05-08 12:15:00,1290.508,,no_room,,,,2019-05-08 19:15:00
1,2019-05-09 13:45:00,1283.448,,no_room,,,,2019-05-09 20:45:00
1,2019-05-10 12:30:00,1285.848,,sl_too_tight,,,,2019-05-10 19:30:00
1,2019-05-14 11:45:00,1298.198,,sl_too_tight,,,,2019-05-14 18:45:00
1,2019-05-15 12:30:00,1299.098,,sl_too_tight,,,,2019-05-15 19:30:00
1,2019-05-16 07:00:00,1297.038,,sl_too_tight,,,,2019-05-16 14:00:00
-1,2019-05-16 14:45:00,1289.865,,no_room,,,,2019-05-16 21:45:00
-1,2019-05-17 07:30:00,1286.175,,sl_too_tight,,,,2019-05-17 14:30:00
-1,2019-05-17 09:30:00,1285.615,,sl_too_tight,,,,2019-05-17 16:30:00
-1,2019-05-17 12:30:00,1284.395,,sl_too_tight,,,,2019-05-17 19:30:00
-1,2019-05-20 08:30:00,1275.305,,sl_too_tight,,,,2019-05-20 15:30:00
-1,2019-05-21 11:15:00,1274.925,,sl_too_tight,,,,2019-05-21 18:15:00
-1,2019-05-21 13:30:00,1270.615,,no_room,,,,2019-05-21 20:30:00
1,2019-05-23 14:00:00,1283.688,,no_room,,,,2019-05-23 21:00:00
-1,2019-05-24 13:30:00,1281.125,,no_room,,,,2019-05-24 20:30:00
-1,2019-05-28 11:45:00,1282.745,,sl_too_tight,,,,2019-05-28 18:45:00
1,2019-05-30 11:45:00,1277.715,,sl_too_tight,,,,2019-05-30 18:45:00
1,2019-05-30 14:30:00,1282.678,,sl_too_tight,,,,2019-05-30 21:30:00
1,2019-05-31 09:15:00,1295.345,,sl_too_tight,,,,2019-05-31 16:15:00
1,2019-05-31 14:15:00,1299.148,,no_room,,,,2019-05-31 21:15:00
1,2019-06-03 07:00:00,1312.598,,sl_too_tight,,,,2019-06-03 14:00:00
1,2019-06-03 10:15:00,1315.535,,sl_too_tight,,,,2019-06-03 17:15:00
1,2019-06-03 14:30:00,1318.268,,no_room,,,,2019-06-03 21:30:00
1,2019-06-04 07:00:00,1327.248,,no_room,,,,2019-06-04 14:00:00
1,2019-06-04 08:00:00,1328.728,,no_room,,,,2019-06-04 15:00:00
-1,2019-06-04 15:15:00,1320.815,,no_room,,,,2019-06-04 22:15:00
1,2019-06-05 09:15:00,1335.418,,no_room,,,,2019-06-05 16:15:00
1,2019-06-05 12:15:00,1340.018,,no_room,,,,2019-06-05 19:15:00
1,2019-06-06 07:30:00,1333.568,,sl_too_tight,,,,2019-06-06 14:30:00
1,2019-06-06 15:45:00,1338.178,,no_room,,,,2019-06-06 22:45:00
1,2019-06-07 14:15:00,1344.998,,no_room,,,,2019-06-07 21:15:00
-1,2019-06-10 08:00:00,1325.675,,sl_too_tight,,,,2019-06-10 15:00:00
-1,2019-06-11 08:45:00,1321.968,,no_room,,,,2019-06-11 15:45:00
-1,2019-06-11 11:30:00,1321.715,,sl_too_tight,,,,2019-06-11 18:30:00
1,2019-06-12 07:45:00,1337.108,,sl_too_tight,,,,2019-06-12 14:45:00
1,2019-06-13 15:15:00,1338.445,,no_room,,,,2019-06-13 22:15:00
-1,2019-06-17 07:45:00,1336.095,,no_room,,,,2019-06-17 14:45:00
1,2019-06-18 10:45:00,1346.84,,no_room,,,,2019-06-18 17:45:00
1,2019-06-20 12:15:00,1383.288,1393.928,signal,1379.4298785714286,1391.0042428571428,1398.7204857142856,2019-06-20 19:15:00
1,2019-06-24 09:45:00,1406.218,,no_room,,,,2019-06-24 16:45:00
1,2019-06-24 11:15:00,1408.568,,no_room,,,,2019-06-24 18:15:00
1,2019-06-24 15:15:00,1410.628,,no_room,,,,2019-06-24 22:15:00
1,2019-06-25 13:30:00,1431.195,1439.138,signal,1423.7324785714284,1438.8854785714284,1446.5759571428569,2019-06-25 20:30:00
-1,2019-06-26 11:00:00,1404.045,,no_room,,,,2019-06-26 18:00:00
1,2019-06-27 09:45:00,1404.255,,sl_too_tight,,,,2019-06-27 16:45:00
-1,2019-06-27 12:45:00,1404.228,,sl_too_tight,,,,2019-06-27 19:45:00
-1,2019-07-02 10:30:00,1392.225,,sl_too_tight,,,,2019-07-02 17:30:00
-1,2019-07-02 12:15:00,1391.515,,sl_too_tight,,,,2019-07-02 19:15:00
-1,2019-07-04 07:45:00,1412.908,,no_room,,,,2019-07-04 14:45:00
-1,2019-07-04 12:30:00,1413.465,,sl_too_tight,,,,2019-07-04 19:30:00
1,2019-07-05 11:00:00,1414.908,,sl_too_tight,,,,2019-07-05 18:00:00
1,2019-07-08 07:00:00,1405.898,,no_room,,,,2019-07-08 14:00:00
-1,2019-07-09 08:15:00,1392.175,,no_room,,,,2019-07-09 15:15:00
1,2019-07-10 09:15:00,1394.555,,no_room,,,,2019-07-10 16:15:00
1,2019-07-10 12:30:00,1396.265,,sl_too_tight,,,,2019-07-10 19:30:00
1,2019-07-11 08:30:00,1422.845,,no_room,,,,2019-07-11 15:30:00
1,2019-07-15 08:00:00,1414.705,,no_room,,,,2019-07-15 15:00:00
1,2019-07-16 09:00:00,1414.988,,sl_too_tight,,,,2019-07-16 16:00:00
-1,2019-07-16 15:45:00,1407.115,,no_room,,,,2019-07-16 22:45:00
-1,2019-07-17 08:00:00,1403.495,,sl_too_tight,,,,2019-07-17 15:00:00
1,2019-07-18 15:00:00,1423.148,,no_room,,,,2019-07-18 22:00:00
1,2019-07-19 13:30:00,1438.735,,no_room,,,,2019-07-19 20:30:00
1,2019-07-22 13:45:00,1427.828,,no_room,,,,2019-07-22 20:45:00
-1,2019-07-23 15:15:00,1422.655,,no_room,,,,2019-07-23 22:15:00
-1,2019-07-24 12:45:00,1425.088,,sl_too_tight,,,,2019-07-24 19:45:00
-1,2019-07-24 14:45:00,1424.308,,no_room,,,,2019-07-24 21:45:00
1,2019-07-25 11:30:00,1427.538,,sl_too_tight,,,,2019-07-25 18:30:00
-1,2019-07-26 12:30:00,1417.945,,sl_too_tight,,,,2019-07-26 19:30:00
-1,2019-07-29 13:30:00,1418.345,,sl_too_tight,,,,2019-07-29 20:30:00
1,2019-07-30 08:30:00,1426.118,,no_room,,,,2019-07-30 15:30:00
1,2019-07-30 11:45:00,1429.085,,sl_too_tight,,,,2019-07-30 18:45:00
1,2019-07-31 11:00:00,1431.488,,sl_too_tight,,,,2019-07-31 18:00:00
-1,2019-08-01 08:00:00,1404.198,,no_room,,,,2019-08-01 15:00:00
-1,2019-08-01 13:00:00,1402.755,,no_room,,,,2019-08-01 20:00:00
1,2019-08-02 07:00:00,1434.508,,no_room,,,,2019-08-02 14:00:00
1,2019-08-02 14:00:00,1441.808,,no_room,,,,2019-08-02 21:00:00
1,2019-08-05 10:30:00,1458.968,,signal,1455.6259571428573,1465.6520857142857,1472.3361714285713,2019-08-05 17:30:00
1,2019-08-05 12:45:00,1461.805,,signal,1457.5007857142857,1470.4134285714288,1479.0218571428575,2019-08-05 19:45:00
1,2019-08-06 11:15:00,1465.208,1474.815,signal,1458.1995571428572,1474.6495571428572,1484.0911142857144,2019-08-06 18:15:00
1,2019-08-06 14:15:00,1468.048,1474.815,signal,1462.7955928571428,1474.5425928571428,1481.0371857142857,2019-08-06 21:15:00
1,2019-08-07 10:15:00,1488.768,,signal,1484.753292857143,1496.7974142857142,1504.8268285714285,2019-08-07 17:15:00
1,2019-08-07 13:30:00,1499.278,,signal,1491.1459071428571,1515.5421857142858,1531.8063714285715,2019-08-07 20:30:00
1,2019-08-12 09:45:00,1504.045,,no_room,,,,2019-08-12 16:45:00
1,2019-08-12 11:30:00,1506.328,,no_room,,,,2019-08-12 18:30:00
1,2019-08-13 07:45:00,1524.618,,signal,1515.223714285714,1543.4065714285716,1562.1951428571433,2019-08-13 14:45:00
1,2019-08-13 09:15:00,1526.955,,signal,1521.1911,1538.4827999999998,1550.0105999999996,2019-08-13 16:15:00
-1,2019-08-14 14:00:00,1510.778,1498.965,signal,1518.652457142857,1499.382457142857,1487.986914285714,2019-08-14 21:00:00
-1,2019-08-19 08:00:00,1505.045,,no_room,,,,2019-08-19 15:00:00
-1,2019-08-19 09:45:00,1498.748,,no_room,,,,2019-08-19 16:45:00
-1,2019-08-19 11:15:00,1497.605,,no_room,,,,2019-08-19 18:15:00
1,2019-08-20 11:00:00,1505.068,,no_room,,,,2019-08-20 18:00:00
1,2019-08-21 10:30:00,1500.975,,no_room,,,,2019-08-21 17:30:00
1,2019-08-21 13:45:00,1502.135,,no_room,,,,2019-08-21 20:45:00
-1,2019-08-23 10:45:00,1495.395,,sl_too_tight,,,,2019-08-23 17:45:00
1,2019-08-26 10:45:00,1532.105,,no_room,,,,2019-08-26 17:45:00
1,2019-08-26 13:45:00,1532.148,,no_room,,,,2019-08-26 20:45:00
1,2019-08-27 13:30:00,1532.628,,no_room,,,,2019-08-27 20:30:00
1,2019-08-28 07:45:00,1541.268,,no_room,,,,2019-08-28 14:45:00
1,2019-08-28 11:15:00,1543.478,,no_room,,,,2019-08-28 18:15:00
1,2019-08-29 12:45:00,1540.398,,no_room,,,,2019-08-29 19:45:00
-1,2019-08-30 11:45:00,1524.515,,sl_too_tight,,,,2019-08-30 18:45:00
1,2019-09-03 12:15:00,1533.795,,no_room,,,,2019-09-03 19:15:00
1,2019-09-04 12:45:00,1539.468,,no_room,,,,2019-09-04 19:45:00
-1,2019-09-06 09:30:00,1505.215,,no_room,,,,2019-09-06 16:30:00
-1,2019-09-09 14:45:00,1504.395,,no_room,,,,2019-09-09 21:45:00
-1,2019-09-10 11:45:00,1492.678,,no_room,,,,2019-09-10 18:45:00
-1,2019-09-11 11:45:00,1491.598,,sl_too_tight,,,,2019-09-11 18:45:00
1,2019-09-12 08:15:00,1503.915,,no_room,,,,2019-09-12 15:15:00
1,2019-09-12 11:45:00,1505.808,,no_room,,,,2019-09-12 18:45:00
1,2019-09-13 08:00:00,1505.935,,no_room,,,,2019-09-13 15:00:00
1,2019-09-13 11:45:00,1507.725,,no_room,,,,2019-09-13 18:45:00
-1,2019-09-16 08:30:00,1501.158,,no_room,,,,2019-09-16 15:30:00
-1,2019-09-16 12:30:00,1502.488,,sl_too_tight,,,,2019-09-16 19:30:00
1,2019-09-18 09:00:00,1502.105,,sl_too_tight,,,,2019-09-18 16:00:00
1,2019-09-18 12:15:00,1502.978,,no_room,,,,2019-09-18 19:15:00
1,2019-09-18 14:30:00,1506.548,,no_room,,,,2019-09-18 21:30:00
-1,2019-09-19 15:15:00,1498.998,,no_room,,,,2019-09-19 22:15:00
1,2019-09-20 14:30:00,1503.928,,no_room,,,,2019-09-20 21:30:00
1,2019-09-23 07:30:00,1516.205,,sl_too_tight,,,,2019-09-23 14:30:00
1,2019-09-23 13:45:00,1520.548,,no_room,,,,2019-09-23 20:45:00
1,2019-09-24 12:30:00,1522.128,,sl_too_tight,,,,2019-09-24 19:30:00
1,2019-09-25 07:30:00,1530.258,,sl_too_tight,,,,2019-09-25 14:30:00
-1,2019-09-26 11:45:00,1505.615,,no_room,,,,2019-09-26 18:45:00
-1,2019-09-27 09:45:00,1496.095,,no_room,,,,2019-09-27 16:45:00
-1,2019-09-27 13:00:00,1492.495,,no_room,,,,2019-09-27 20:00:00
-1,2019-09-30 08:45:00,1487.965,,no_room,,,,2019-09-30 15:45:00
-1,2019-09-30 11:30:00,1485.425,,no_room,,,,2019-09-30 18:30:00
-1,2019-09-30 14:45:00,1481.645,,no_room,,,,2019-09-30 21:45:00
-1,2019-10-01 07:30:00,1460.725,,no_room,,,,2019-10-01 14:30:00
1,2019-10-02 15:00:00,1497.938,,no_room,,,,2019-10-02 22:00:00
1,2019-10-03 14:00:00,1505.225,,no_room,,,,2019-10-03 21:00:00
1,2019-10-04 10:30:00,1509.725,,sl_too_tight,,,,2019-10-04 17:30:00
-1,2019-10-07 07:15:00,1504.088,,no_room,,,,2019-10-07 14:15:00
-1,2019-10-07 10:45:00,1500.548,,sl_too_tight,,,,2019-10-07 17:45:00
-1,2019-10-07 13:00:00,1497.188,,no_room,,,,2019-10-07 20:00:00
1,2019-10-08 13:15:00,1506.778,,no_room,,,,2019-10-08 20:15:00
1,2019-10-09 07:00:00,1508.235,,no_room,,,,2019-10-09 14:00:00
1,2019-10-09 12:00:00,1503.238,,no_room,,,,2019-10-09 19:00:00
1,2019-10-10 07:30:00,1509.735,,no_room,,,,2019-10-10 14:30:00
-1,2019-10-10 13:30:00,1500.908,,no_room,,,,2019-10-10 20:30:00
-1,2019-10-11 09:30:00,1497.615,,no_room,,,,2019-10-11 16:30:00
-1,2019-10-11 11:15:00,1492.425,,no_room,,,,2019-10-11 18:15:00
-1,2019-10-11 14:00:00,1479.465,,no_room,,,,2019-10-11 21:00:00
1,2019-10-14 09:15:00,1490.505,,no_room,,,,2019-10-14 16:15:00
1,2019-10-14 11:15:00,1496.185,,no_room,,,,2019-10-14 18:15:00
1,2019-10-15 10:15:00,1495.395,,no_room,,,,2019-10-15 17:15:00
-1,2019-10-16 11:15:00,1480.718,,no_room,,,,2019-10-16 18:15:00
-1,2019-10-16 12:15:00,1479.265,,no_room,,,,2019-10-16 19:15:00
1,2019-10-17 12:15:00,1491.108,,no_room,,,,2019-10-17 19:15:00
1,2019-10-17 15:45:00,1494.318,,no_room,,,,2019-10-17 22:45:00
1,2019-10-18 12:00:00,1489.808,,no_room,,,,2019-10-18 19:00:00
-1,2019-10-21 14:30:00,1489.675,,no_room,,,,2019-10-21 21:30:00
-1,2019-10-22 11:00:00,1486.738,,sl_too_tight,,,,2019-10-22 18:00:00
-1,2019-10-22 14:45:00,1484.235,,no_room,,,,2019-10-22 21:45:00
1,2019-10-23 08:30:00,1493.768,,no_room,,,,2019-10-23 15:30:00
1,2019-10-23 13:45:00,1493.818,,sl_too_tight,,,,2019-10-23 20:45:00
1,2019-10-25 07:45:00,1506.578,,sl_too_tight,,,,2019-10-25 14:45:00
1,2019-10-25 11:15:00,1506.978,,sl_too_tight,,,,2019-10-25 18:15:00
-1,2019-10-29 13:30:00,1485.785,,no_room,,,,2019-10-29 20:30:00
1,2019-10-31 07:15:00,1498.448,,sl_too_tight,,,,2019-10-31 14:15:00
1,2019-10-31 11:00:00,1506.468,,no_room,,,,2019-10-31 18:00:00
1,2019-10-31 12:30:00,1507.925,,no_room,,,,2019-10-31 19:30:00
1,2019-11-01 07:15:00,1510.885,,sl_too_tight,,,,2019-11-01 14:15:00
1,2019-11-01 14:15:00,1511.595,,no_room,,,,2019-11-01 21:15:00
1,2019-11-04 07:30:00,1512.155,,sl_too_tight,,,,2019-11-04 14:30:00
1,2019-11-04 11:30:00,1511.788,,no_room,,,,2019-11-04 18:30:00
-1,2019-11-05 12:00:00,1501.718,,no_room,,,,2019-11-05 19:00:00
-1,2019-11-05 15:00:00,1490.225,,no_room,,,,2019-11-05 22:00:00
-1,2019-11-06 12:00:00,1484.045,,no_room,,,,2019-11-06 19:00:00
-1,2019-11-07 07:15:00,1490.395,,sl_too_tight,,,,2019-11-07 14:15:00
-1,2019-11-07 10:15:00,1484.615,,no_room,,,,2019-11-07 17:15:00
-1,2019-11-07 15:15:00,1481.335,,no_room,,,,2019-11-07 22:15:00
-1,2019-11-08 09:00:00,1468.195,,no_room,,,,2019-11-08 16:00:00
-1,2019-11-08 11:15:00,1465.365,,no_room,,,,2019-11-08 18:15:00
-1,2019-11-11 12:45:00,1462.515,,no_room,,,,2019-11-11 19:45:00
-1,2019-11-12 13:30:00,1451.038,,no_room,,,,2019-11-12 20:30:00
-1,2019-11-12 15:30:00,1450.015,,no_room,,,,2019-11-12 22:30:00
1,2019-11-13 09:00:00,1462.915,,no_room,,,,2019-11-13 16:00:00
-1,2019-11-15 09:15:00,1463.475,,no_room,,,,2019-11-15 16:15:00
-1,2019-11-18 07:15:00,1464.065,,sl_too_tight,,,,2019-11-18 14:15:00
-1,2019-11-18 09:45:00,1458.635,,no_room,,,,2019-11-18 16:45:00
-1,2019-11-18 12:30:00,1457.315,,no_room,,,,2019-11-18 19:30:00
1,2019-11-19 13:15:00,1468.525,,no_room,,,,2019-11-19 20:15:00
1,2019-11-19 15:00:00,1470.035,,no_room,,,,2019-11-19 22:00:00
1,2019-11-20 07:30:00,1476.198,1484.895,signal,1471.973757142857,1484.6464857142862,1493.0949714285723,2019-11-20 14:30:00
1,2019-11-21 08:00:00,1471.605,,sl_too_tight,,,,2019-11-21 15:00:00
-1,2019-11-22 15:30:00,1464.518,,no_room,,,,2019-11-22 22:30:00
-1,2019-11-25 08:00:00,1457.618,,no_room,,,,2019-11-25 15:00:00
-1,2019-11-25 13:30:00,1456.415,,no_room,,,,2019-11-25 20:30:00
-1,2019-11-26 12:00:00,1457.225,,sl_too_tight,,,,2019-11-26 19:00:00
-1,2019-11-26 14:30:00,1453.605,,no_room,,,,2019-11-26 21:30:00
1,2019-11-27 10:45:00,1459.788,,sl_too_tight,,,,2019-11-27 17:45:00
-1,2019-11-28 07:00:00,1455.568,,sl_too_tight,,,,2019-11-28 14:00:00
-1,2019-11-28 11:00:00,1456.545,,sl_too_tight,,,,2019-11-28 18:00:00
1,2019-12-02 13:15:00,1458.928,,no_room,,,,2019-12-02 20:15:00
1,2019-12-02 15:15:00,1461.588,,no_room,,,,2019-12-02 22:15:00
1,2019-12-03 09:15:00,1463.848,,no_room,,,,2019-12-03 16:15:00
1,2019-12-03 13:15:00,1470.808,,sl_too_tight,,,,2019-12-03 20:15:00
-1,2019-12-04 14:30:00,1475.445,,no_room,,,,2019-12-04 21:30:00
-1,2019-12-05 07:30:00,1475.088,,no_room,,,,2019-12-05 14:30:00
-1,2019-12-06 13:30:00,1473.445,,no_room,,,,2019-12-06 20:30:00
-1,2019-12-09 14:30:00,1461.925,,no_room,,,,2019-12-09 21:30:00
1,2019-12-10 07:00:00,1462.705,,sl_too_tight,,,,2019-12-10 14:00:00
1,2019-12-10 11:15:00,1465.188,,sl_too_tight,,,,2019-12-10 18:15:00
1,2019-12-10 14:00:00,1467.958,,no_room,,,,2019-12-10 21:00:00
1,2019-12-11 15:15:00,1468.178,,sl_too_tight,,,,2019-12-11 22:15:00
1,2019-12-12 10:00:00,1474.135,,sl_too_tight,,,,2019-12-12 17:00:00
-1,2019-12-12 14:45:00,1474.018,,sl_too_tight,,,,2019-12-12 21:45:00
-1,2019-12-13 13:30:00,1470.008,,no_room,,,,2019-12-13 20:30:00
1,2019-12-17 08:15:00,1477.975,,sl_too_tight,,,,2019-12-17 15:15:00
1,2019-12-17 10:45:00,1479.365,,sl_too_tight,,,,2019-12-17 17:45:00
1,2019-12-18 09:00:00,1478.195,,sl_too_tight,,,,2019-12-18 16:00:00
1,2019-12-20 12:00:00,1478.328,,sl_too_tight,,,,2019-12-20 19:00:00
1,2019-12-23 15:30:00,1483.918,,sl_too_tight,,,,2019-12-23 22:30:00
1,2019-12-24 14:15:00,1491.068,,sl_too_tight,,,,2019-12-24 21:15:00
1,2019-12-26 12:00:00,1505.005,,sl_too_tight,,,,2019-12-26 19:00:00
1,2019-12-26 13:30:00,1507.268,,no_room,,,,2019-12-26 20:30:00
1,2019-12-27 15:00:00,1511.795,,sl_too_tight,,,,2019-12-27 22:00:00
1,2019-12-30 14:15:00,1513.455,,sl_too_tight,,,,2019-12-30 21:15:00
1,2019-12-31 07:00:00,1523.548,,sl_too_tight,,,,2019-12-31 14:00:00
1,2019-12-31 15:15:00,1523.208,,no_room,,,,2019-12-31 22:15:00
1,2020-01-02 11:00:00,1521.348,,no_room,,,,2020-01-02 18:00:00
1,2020-01-03 08:30:00,1543.768,,no_room,,,,2020-01-03 15:30:00
1,2020-01-03 09:00:00,1545.378,,no_room,,,,2020-01-03 16:00:00
1,2020-01-03 11:30:00,1550.345,,no_room,,,,2020-01-03 18:30:00
1,2020-01-06 11:30:00,1577.975,1585.625,signal,1574.8347071428573,1584.2555857142852,1590.5361714285705,2020-01-06 18:30:00
-1,2020-01-09 15:45:00,1547.648,1540.848,signal,1552.8775285714285,1541.1675285714284,1534.687057142857,2020-01-09 22:45:00
-1,2020-01-10 09:15:00,1549.745,,sl_too_tight,,,,2020-01-10 16:15:00
1,2020-01-10 15:45:00,1556.528,,no_room,,,,2020-01-10 22:45:00
1,2020-01-13 11:30:00,1551.465,,no_room,,,,2020-01-13 18:30:00
-1,2020-01-14 15:30:00,1541.968,,no_room,,,,2020-01-14 22:30:00
-1,2020-01-15 12:00:00,1551.345,,sl_too_tight,,,,2020-01-15 19:00:00
1,2020-01-16 11:45:00,1555.795,,sl_too_tight,,,,2020-01-16 18:45:00
-1,2020-01-17 09:00:00,1554.215,,sl_too_tight,,,,2020-01-17 16:00:00
1,2020-01-20 15:45:00,1560.888,,sl_too_tight,,,,2020-01-20 22:45:00
-1,2020-01-21 11:00:00,1554.545,,no_room,,,,2020-01-21 18:00:00
-1,2020-01-21 14:00:00,1551.778,,no_room,,,,2020-01-21 21:00:00
1,2020-01-23 12:15:00,1554.708,,sl_too_tight,,,,2020-01-23 19:15:00
1,2020-01-23 14:30:00,1557.508,,no_room,,,,2020-01-23 21:30:00
1,2020-01-24 10:00:00,1561.388,,no_room,,,,2020-01-24 17:00:00
1,2020-01-24 13:30:00,1560.315,,sl_too_tight,,,,2020-01-24 20:30:00
1,2020-01-27 09:00:00,1580.005,1585.625,signal,1575.6248071428572,1585.4518071428572,1590.8986142857143,2020-01-27 16:00:00
1,2020-01-28 08:45:00,1579.895,1585.625,signal,1576.6551357142857,1585.4851357142857,1591.0752714285713,2020-01-28 15:45:00
-1,2020-01-28 15:15:00,1571.588,,no_room,,,,2020-01-28 22:15:00
-1,2020-01-29 14:15:00,1569.388,1563.335,signal,1572.4159785714287,1563.5029785714287,1557.6179571428574,2020-01-29 21:15:00
-1,2020-01-30 13:15:00,1579.418,,sl_too_tight,,,,2020-01-30 20:15:00
1,2020-02-03 10:45:00,1579.615,,no_room,,,,2020-02-03 17:45:00
-1,2020-02-04 13:30:00,1565.395,,no_room,,,,2020-02-04 20:30:00
-1,2020-02-05 08:30:00,1558.478,,no_room,,,,2020-02-05 15:30:00
-1,2020-02-05 09:30:00,1552.658,,no_room,,,,2020-02-05 16:30:00
1,2020-02-07 07:45:00,1566.488,,no_room,,,,2020-02-07 14:45:00
1,2020-02-07 09:45:00,1567.808,,no_room,,,,2020-02-07 16:45:00
1,2020-02-07 14:15:00,1569.815,,no_room,,,,2020-02-07 21:15:00
1,2020-02-10 07:00:00,1572.218,,no_room,,,,2020-02-10 14:00:00
1,2020-02-10 08:15:00,1572.748,,no_room,,,,2020-02-10 15:15:00
1,2020-02-10 14:00:00,1574.888,,no_room,,,,2020-02-10 21:00:00
-1,2020-02-11 15:30:00,1567.235,,no_room,,,,2020-02-11 22:30:00
-1,2020-02-12 07:15:00,1564.278,,no_room,,,,2020-02-12 14:15:00
-1,2020-02-12 08:30:00,1563.735,,sl_too_tight,,,,2020-02-12 15:30:00
-1,2020-02-12 13:00:00,1565.095,,sl_too_tight,,,,2020-02-12 20:00:00
1,2020-02-13 15:00:00,1575.718,,no_room,,,,2020-02-13 22:00:00
1,2020-02-14 09:45:00,1576.305,,sl_too_tight,,,,2020-02-14 16:45:00
1,2020-02-14 13:30:00,1576.968,,sl_too_tight,,,,2020-02-14 20:30:00
1,2020-02-18 07:30:00,1587.355,,sl_too_tight,,,,2020-02-18 14:30:00
1,2020-02-18 09:00:00,1588.998,,sl_too_tight,,,,2020-02-18 16:00:00
1,2020-02-18 13:30:00,1589.328,,sl_too_tight,,,,2020-02-18 20:30:00
1,2020-02-18 15:15:00,1593.308,,no_room,,,,2020-02-18 22:15:00
1,2020-02-19 08:00:00,1605.588,1611.325,signal,1602.5506214285713,1611.2006214285714,1616.8132428571428,2020-02-19 15:00:00
1,2020-02-19 10:00:00,1609.465,,no_room,,,,2020-02-19 17:00:00
1,2020-02-20 11:00:00,1610.828,,no_room,,,,2020-02-20 18:00:00
1,2020-02-20 15:15:00,1619.078,,signal,1613.4084071428572,1630.4171857142856,1641.7563714285711,2020-02-20 22:15:00
1,2020-02-21 12:45:00,1636.145,,signal,1631.2732142857142,1645.8885714285716,1655.6321428571432,2020-02-21 19:45:00
1,2020-02-21 15:00:00,1645.475,,signal,1637.5458571428571,1661.3332857142855,1677.191571428571,2020-02-21 22:00:00
-1,2020-02-25 11:30:00,1648.315,,no_room,,,,2020-02-25 18:30:00
-1,2020-02-26 12:00:00,1645.618,,no_room,,,,2020-02-26 19:00:00
-1,2020-02-26 13:30:00,1641.408,,no_room,,,,2020-02-26 20:30:00
1,2020-02-27 15:15:00,1654.208,,no_room,,,,2020-02-27 22:15:00
-1,2020-02-28 07:15:00,1626.598,,no_room,,,,2020-02-28 14:15:00
-1,2020-02-28 12:15:00,1623.768,1603.785,signal,1633.2286785714284,1604.8466428571433,1585.9252857142865,2020-02-28 19:15:00
-1,2020-02-28 14:30:00,1617.925,,no_room,,,,2020-02-28 21:30:00
1,2020-03-03 10:00:00,1597.168,1601.098,signal,1593.8208142857143,1600.8738142857142,1604.5796285714284,2020-03-03 17:00:00
1,2020-03-03 14:45:00,1605.858,,no_room,,,,2020-03-03 21:45:00
1,2020-03-04 09:45:00,1639.548,1649.165,signal,1631.4409142857144,1648.8079142857143,1658.0678285714287,2020-03-04 16:45:00
1,2020-03-04 12:15:00,1645.065,,no_room,,,,2020-03-04 19:15:00
1,2020-03-05 09:15:00,1642.738,1649.165,signal,1636.8772857142858,1648.9642857142858,1655.1905714285715,2020-03-05 16:15:00
1,2020-03-05 12:15:00,1648.668,,no_room,,,,2020-03-05 19:15:00
1,2020-03-05 13:15:00,1654.368,,no_room,,,,2020-03-05 20:15:00
1,2020-03-06 09:30:00,1679.218,,no_room,,,,2020-03-06 16:30:00
1,2020-03-09 13:00:00,1681.548,,no_room,,,,2020-03-09 20:00:00
-1,2020-03-10 10:15:00,1657.985,,no_room,,,,2020-03-10 17:15:00
-1,2020-03-10 13:15:00,1660.568,,no_room,,,,2020-03-10 20:15:00
-1,2020-03-11 08:45:00,1658.198,,no_room,,,,2020-03-11 15:45:00
-1,2020-03-11 14:30:00,1656.375,,no_room,,,,2020-03-11 21:30:00
-1,2020-03-12 09:45:00,1634.315,,no_room,,,,2020-03-12 16:45:00
-1,2020-03-12 12:00:00,1632.365,,no_room,,,,2020-03-12 19:00:00
-1,2020-03-12 13:30:00,1606.028,,no_room,,,,2020-03-12 20:30:00
-1,2020-03-13 11:45:00,1581.358,,no_room,,,,2020-03-13 18:45:00
-1,2020-03-13 13:45:00,1577.135,,no_room,,,,2020-03-13 20:45:00
-1,2020-03-13 14:45:00,1566.375,,no_room,,,,2020-03-13 21:45:00
-1,2020-03-16 07:00:00,1538.008,,no_room,,,,2020-03-16 14:00:00
-1,2020-03-16 09:30:00,1529.348,,no_room,,,,2020-03-16 16:30:00
-1,2020-03-16 12:45:00,1456.288,,no_room,,,,2020-03-16 19:45:00
-1,2020-03-17 08:30:00,1482.538,,no_room,,,,2020-03-17 15:30:00
-1,2020-03-17 10:45:00,1467.775,,no_room,,,,2020-03-17 17:45:00
1,2020-03-18 11:45:00,1515.398,,no_room,,,,2020-03-18 18:45:00
-1,2020-03-19 10:00:00,1476.838,,no_room,,,,2020-03-19 17:00:00
1,2020-03-23 12:00:00,1495.408,,no_room,,,,2020-03-23 19:00:00
1,2020-03-23 13:45:00,1523.618,,no_room,,,,2020-03-23 20:45:00
1,2020-03-24 08:00:00,1576.308,,no_room,,,,2020-03-24 15:00:00
1,2020-03-24 10:15:00,1590.311,,no_room,,,,2020-03-24 17:15:00
1,2020-03-25 09:30:00,1615.388,,no_room,,,,2020-03-25 16:30:00
1,2020-03-26 09:45:00,1607.538,,no_room,,,,2020-03-26 16:45:00
1,2020-03-26 11:30:00,1619.703,,no_room,,,,2020-03-26 18:30:00
1,2020-03-27 10:30:00,1624.528,,no_room,,,,2020-03-27 17:30:00
1,2020-03-30 08:30:00,1620.298,,no_room,,,,2020-03-30 15:30:00
1,2020-03-30 10:30:00,1624.148,,no_room,,,,2020-03-30 17:30:00
-1,2020-03-31 10:15:00,1601.305,,no_room,,,,2020-03-31 17:15:00
-1,2020-04-01 11:00:00,1591.998,1586.365,signal,1597.0941642857142,1586.6311642857142,1581.2643285714285,2020-04-01 18:00:00
-1,2020-04-01 13:15:00,1579.658,,no_room,,,,2020-04-01 20:15:00
1,2020-04-03 07:30:00,1613.635,,no_room,,,,2020-04-03 14:30:00
1,2020-04-03 11:30:00,1612.818,,no_room,,,,2020-04-03 18:30:00
1,2020-04-06 07:45:00,1629.598,,no_room,,,,2020-04-06 14:45:00
1,2020-04-06 11:30:00,1637.768,,no_room,,,,2020-04-06 18:30:00
1,2020-04-06 13:45:00,1644.398,,no_room,,,,2020-04-06 20:45:00
1,2020-04-07 12:15:00,1658.678,,no_room,,,,2020-04-07 19:15:00
1,2020-04-08 07:15:00,1651.528,,no_room,,,,2020-04-08 14:15:00
1,2020-04-09 09:30:00,1660.245,,no_room,,,,2020-04-09 16:30:00
1,2020-04-09 12:30:00,1664.283,,no_room,,,,2020-04-09 19:30:00
1,2020-04-13 14:15:00,1695.168,,no_room,,,,2020-04-13 21:15:00
1,2020-04-14 08:00:00,1725.548,,signal,1708.3231357142856,1759.9977285714288,1794.4474571428575,2020-04-14 15:00:00
1,2020-04-14 12:00:00,1723.125,,no_room,,,,2020-04-14 19:00:00
-1,2020-04-17 09:45:00,1690.668,1661.765,signal,1697.6171642857144,1676.769671428571,1662.871342857142,2020-04-17 16:45:00
-1,2020-04-21 09:15:00,1685.515,,no_room,,,,2020-04-21 16:15:00
-1,2020-04-21 11:30:00,1668.438,,no_room,,,,2020-04-21 18:30:00
1,2020-04-22 09:15:00,1699.838,,no_room,,,,2020-04-22 16:15:00
1,2020-04-23 08:00:00,1719.155,,no_room,,,,2020-04-23 15:00:00
1,2020-04-23 10:45:00,1727.508,,no_room,,,,2020-04-23 17:45:00
1,2020-04-23 14:00:00,1732.031,,no_room,,,,2020-04-23 21:00:00
1,2020-04-24 10:30:00,1731.548,1738.558,signal,1725.0303571428572,1738.2603571428572,1744.9727142857143,2020-04-24 17:30:00
-1,2020-04-27 11:45:00,1715.478,,no_room,,,,2020-04-27 18:45:00
-1,2020-04-27 14:00:00,1712.408,,no_room,,,,2020-04-27 21:00:00
-1,2020-04-28 13:45:00,1706.068,,no_room,,,,2020-04-28 20:45:00
-1,2020-04-29 07:30:00,1707.885,,no_room,,,,2020-04-29 14:30:00
-1,2020-04-29 13:00:00,1702.008,,no_room,,,,2020-04-29 20:00:00
-1,2020-04-30 15:45:00,1694.408,,no_room,,,,2020-04-30 22:45:00
1,2020-05-04 09:45:00,1706.895,1712.13,signal,1702.2083928571428,1711.8603928571429,1716.8257857142858,2020-05-04 16:45:00
-1,2020-05-05 11:45:00,1695.435,,no_room,,,,2020-05-05 18:45:00
1,2020-05-06 07:15:00,1705.555,,no_room,,,,2020-05-06 14:15:00
1,2020-05-06 12:00:00,1702.885,,no_room,,,,2020-05-06 19:00:00
1,2020-05-07 12:30:00,1695.678,,no_room,,,,2020-05-07 19:30:00
1,2020-05-07 15:15:00,1700.428,,no_room,,,,2020-05-07 22:15:00
1,2020-05-08 09:00:00,1720.038,,no_room,,,,2020-05-08 16:00:00
-1,2020-05-11 09:30:00,1701.988,,no_room,,,,2020-05-11 16:30:00
-1,2020-05-11 15:00:00,1696.688,,no_room,,,,2020-05-11 22:00:00
-1,2020-05-12 12:15:00,1701.475,,no_room,,,,2020-05-12 19:15:00
1,2020-05-14 13:30:00,1717.925,,no_room,,,,2020-05-14 20:30:00
1,2020-05-15 12:30:00,1737.195,,no_room,,,,2020-05-15 19:30:00
1,2020-05-15 15:30:00,1745.218,,no_room,,,,2020-05-15 22:30:00
1,2020-05-18 11:15:00,1764.613,,signal,1758.1671285714285,1777.5047428571431,1790.3964857142862,2020-05-18 18:15:00
-1,2020-05-19 11:15:00,1733.948,,no_room,,,,2020-05-19 18:15:00
1,2020-05-20 07:15:00,1749.915,,no_room,,,,2020-05-20 14:15:00
-1,2020-05-21 14:00:00,1731.058,,no_room,,,,2020-05-21 21:00:00
-1,2020-05-22 11:45:00,1732.948,,no_room,,,,2020-05-22 18:45:00
-1,2020-05-25 11:15:00,1727.295,,no_room,,,,2020-05-25 18:15:00
-1,2020-05-25 13:00:00,1726.898,,no_room,,,,2020-05-25 20:00:00
1,2020-05-26 12:00:00,1726.785,,no_room,,,,2020-05-26 19:00:00
-1,2020-05-26 13:45:00,1722.868,,no_room,,,,2020-05-26 20:45:00
-1,2020-05-27 11:15:00,1704.448,,no_room,,,,2020-05-27 18:15:00
-1,2020-05-27 13:00:00,1697.558,,no_room,,,,2020-05-27 20:00:00
1,2020-05-28 09:30:00,1721.868,,no_room,,,,2020-05-28 16:30:00
1,2020-05-29 08:00:00,1721.708,,no_room,,,,2020-05-29 15:00:00
1,2020-05-29 10:45:00,1726.725,,no_room,,,,2020-05-29 17:45:00
1,2020-05-29 14:30:00,1733.058,,no_room,,,,2020-05-29 21:30:00
1,2020-06-01 14:45:00,1735.798,,no_room,,,,2020-06-01 21:45:00
1,2020-06-02 09:00:00,1739.988,,no_room,,,,2020-06-02 16:00:00
1,2020-06-02 13:15:00,1741.935,,no_room,,,,2020-06-02 20:15:00
-1,2020-06-03 07:45:00,1720.535,,no_room,,,,2020-06-03 14:45:00
-1,2020-06-03 12:30:00,1717.018,1712.428,signal,1721.0886785714285,1712.7586785714286,1708.4993571428572,2020-06-03 19:30:00
1,2020-06-04 10:15:00,1708.325,,no_room,,,,2020-06-04 17:15:00
1,2020-06-04 12:30:00,1715.118,,no_room,,,,2020-06-04 19:30:00
1,2020-06-05 08:45:00,1710.708,,no_room,,,,2020-06-05 15:45:00
-1,2020-06-05 12:00:00,1701.825,,no_room,,,,2020-06-05 19:00:00
-1,2020-06-08 11:45:00,1691.925,,no_room,,,,2020-06-08 18:45:00
1,2020-06-09 07:30:00,1699.828,,no_room,,,,2020-06-09 14:30:00
1,2020-06-09 12:15:00,1711.128,,no_room,,,,2020-06-09 19:15:00
1,2020-06-09 13:45:00,1717.798,,no_room,,,,2020-06-09 20:45:00
1,2020-06-10 08:30:00,1719.935,,no_room,,,,2020-06-10 15:30:00
1,2020-06-10 11:15:00,1720.755,,no_room,,,,2020-06-10 18:15:00
1,2020-06-10 14:15:00,1725.185,,no_room,,,,2020-06-10 21:15:00
1,2020-06-11 07:15:00,1734.495,,no_room,,,,2020-06-11 14:15:00
1,2020-06-11 13:00:00,1733.015,,no_room,,,,2020-06-11 20:00:00
1,2020-06-12 07:45:00,1732.285,,no_room,,,,2020-06-12 14:45:00
1,2020-06-12 10:15:00,1736.288,,no_room,,,,2020-06-12 17:15:00
1,2020-06-12 12:15:00,1737.578,,no_room,,,,2020-06-12 19:15:00
-1,2020-06-15 09:30:00,1715.268,,no_room,,,,2020-06-15 16:30:00
-1,2020-06-15 12:30:00,1707.875,,no_room,,,,2020-06-15 19:30:00
1,2020-06-16 08:15:00,1727.838,,no_room,,,,2020-06-16 15:15:00
1,2020-06-16 14:45:00,1726.761,,no_room,,,,2020-06-16 21:45:00
1,2020-06-19 11:30:00,1732.118,,sl_too_tight,,,,2020-06-19 18:30:00
1,2020-06-19 14:30:00,1737.358,,no_room,,,,2020-06-19 21:30:00
1,2020-06-22 12:15:00,1750.098,,no_room,,,,2020-06-22 19:15:00
1,2020-06-23 07:45:00,1755.038,,no_room,,,,2020-06-23 14:45:00
1,2020-06-23 12:15:00,1758.968,,no_room,,,,2020-06-23 19:15:00
1,2020-06-24 08:00:00,1771.018,,no_room,,,,2020-06-24 15:00:00
-1,2020-06-25 10:45:00,1759.435,,no_room,,,,2020-06-25 17:45:00
-1,2020-06-25 12:00:00,1758.325,,no_room,,,,2020-06-25 19:00:00
-1,2020-06-26 12:30:00,1761.118,,no_room,,,,2020-06-26 19:30:00
1,2020-06-29 10:45:00,1771.385,,no_room,,,,2020-06-29 17:45:00
1,2020-06-29 14:45:00,1772.748,,no_room,,,,2020-06-29 21:45:00
1,2020-07-01 07:00:00,1785.098,,sl_too_tight,,,,2020-07-01 14:00:00
1,2020-07-02 07:00:00,1768.985,,no_room,,,,2020-07-02 14:00:00
1,2020-07-02 10:00:00,1773.118,,no_room,,,,2020-07-02 17:00:00
-1,2020-07-02 12:45:00,1764.168,,no_room,,,,2020-07-02 19:45:00
-1,2020-07-03 13:45:00,1774.575,,sl_too_tight,,,,2020-07-03 20:45:00
-1,2020-07-06 10:00:00,1774.918,,no_room,,,,2020-07-06 17:00:00
1,2020-07-06 11:45:00,1778.758,,no_room,,,,2020-07-06 18:45:00
1,2020-07-07 14:00:00,1785.048,,no_room,,,,2020-07-07 21:00:00
1,2020-07-08 07:30:00,1795.305,,no_room,,,,2020-07-08 14:30:00
1,2020-07-08 09:30:00,1800.648,,signal,1792.1795714285713,1817.5848571428571,1834.5217142857143,2020-07-08 16:30:00
1,2020-07-08 11:45:00,1803.998,,signal,1792.1841714285713,1827.6256571428576,1851.253314285715,2020-07-08 18:45:00
1,2020-07-08 13:00:00,1804.708,,signal,1799.9023214285714,1814.3193571428574,1823.9307142857147,2020-07-08 20:00:00
1,2020-07-09 08:15:00,1814.648,,no_room,,,,2020-07-09 15:15:00
-1,2020-07-10 13:45:00,1805.768,,no_room,,,,2020-07-10 20:45:00
-1,2020-07-10 15:00:00,1801.378,,no_room,,,,2020-07-10 22:00:00
-1,2020-07-13 12:00:00,1807.315,,sl_too_tight,,,,2020-07-13 19:00:00
1,2020-07-15 07:30:00,1809.125,,no_room,,,,2020-07-15 14:30:00
-1,2020-07-16 08:15:00,1805.358,,sl_too_tight,,,,2020-07-16 15:15:00
1,2020-07-17 15:00:00,1809.765,,no_room,,,,2020-07-17 22:00:00
1,2020-07-20 08:45:00,1810.858,,no_room,,,,2020-07-20 15:45:00
1,2020-07-20 11:00:00,1812.355,,no_room,,,,2020-07-20 18:00:00
1,2020-07-21 10:00:00,1824.522,,sl_too_tight,,,,2020-07-21 17:00:00
1,2020-07-22 15:15:00,1859.518,,no_room,,,,2020-07-22 22:15:00
1,2020-07-23 08:00:00,1876.188,,no_room,,,,2020-07-23 15:00:00
1,2020-07-23 13:45:00,1879.895,1888.545,signal,1872.0763285714286,1888.0863285714286,1896.2776571428572,2020-07-23 20:45:00
1,2020-07-24 07:00:00,1889.585,1898.228,signal,1881.9696714285715,1897.9226714285714,1906.2603428571429,2020-07-24 14:00:00
1,2020-07-24 13:00:00,1897.095,,no_room,,,,2020-07-24 20:00:00
1,2020-07-27 08:00:00,1937.865,,signal,1930.7133214285714,1952.1683571428573,1966.4717142857146,2020-07-27 15:00:00
1,2020-07-27 10:45:00,1942.918,,no_room,,,,2020-07-27 17:45:00
-1,2020-07-29 09:30:00,1956.245,1947.778,signal,1961.2519142857143,1948.0519142857142,1939.8588285714286,2020-07-29 16:30:00
-1,2020-07-29 14:00:00,1952.498,,no_room,,,,2020-07-29 21:00:00
1,2020-07-30 13:30:00,1956.538,,no_room,,,,2020-07-30 20:30:00
1,2020-07-31 12:00:00,1976.978,1980.798,signal,1973.5845000000002,1980.5675,1984.1570000000002,2020-07-31 19:00:00
-1,2020-08-03 13:30:00,1965.858,,no_room,,,,2020-08-03 20:30:00
-1,2020-08-04 11:15:00,1973.138,,no_room,,,,2020-08-04 18:15:00
1,2020-08-05 09:45:00,2039.815,,signal,2028.2604000000001,2062.9242,2086.0334,2020-08-05 16:45:00
1,2020-08-05 13:45:00,2044.085,,signal,2029.6371214285714,2072.9807571428573,2101.8765142857146,2020-08-05 20:45:00
1,2020-08-06 11:15:00,2051.625,,no_room,,,,2020-08-06 18:15:00
1,2020-08-06 13:45:00,2064.778,,signal,2051.6831214285717,2090.967757142856,2117.1575142857123,2020-08-06 20:45:00
1,2020-08-07 07:45:00,2064.405,,no_room,,,,2020-08-07 14:45:00
-1,2020-08-07 14:00:00,2041.655,,no_room,,,,2020-08-07 21:00:00
-1,2020-08-10 11:00:00,2028.088,2015.385,signal,2035.5539357142857,2015.6439357142858,2003.1998714285717,2020-08-10 18:00:00
-1,2020-08-11 08:15:00,1990.008,1969.555,signal,2007.2645071428572,1970.2845071428571,1950.5610142857142,2020-08-11 15:15:00
-1,2020-08-11 11:15:00,1983.255,,no_room,,,,2020-08-11 18:15:00
-1,2020-08-13 12:00:00,1927.628,1906.715,signal,1939.7548857142856,1907.1418857142855,1886.6557714285711,2020-08-13 19:00:00
1,2020-08-14 12:00:00,1950.705,1960.978,signal,1941.5335642857142,1960.6165642857143,1970.5281285714286,2020-08-14 19:00:00
1,2020-08-14 13:15:00,1952.328,,no_room,,,,2020-08-14 20:15:00
1,2020-08-17 12:30:00,1956.928,,no_room,,,,2020-08-17 19:30:00
1,2020-08-18 07:30:00,2007.398,2030.815,signal,1988.9330928571428,2030.370092857143,2053.3421857142857,2020-08-18 14:30:00
1,2020-08-18 12:15:00,2008.995,2030.815,signal,2001.1201642857143,2024.744671428571,2040.4943428571423,2020-08-18 19:15:00
1,2020-08-19 08:45:00,1990.405,,no_room,,,,2020-08-19 15:45:00
1,2020-08-19 12:45:00,1990.668,2015.498,signal,1980.8108357142858,2010.3823285714282,2030.0966571428564,2020-08-19 19:45:00
-1,2020-08-20 07:45:00,1938.535,,no_room,,,,2020-08-20 14:45:00
-1,2020-08-20 10:15:00,1927.095,,no_room,,,,2020-08-20 17:15:00
-1,2020-08-21 07:00:00,1940.475,,no_room,,,,2020-08-21 14:00:00
-1,2020-08-21 08:15:00,1933.728,,no_room,,,,2020-08-21 15:15:00
-1,2020-08-21 11:30:00,1928.115,,no_room,,,,2020-08-21 18:30:00
1,2020-08-24 12:00:00,1950.898,,no_room,,,,2020-08-24 19:00:00
-1,2020-08-25 08:15:00,1929.368,,no_room,,,,2020-08-25 15:15:00
-1,2020-08-25 09:30:00,1924.798,,no_room,,,,2020-08-25 16:30:00
-1,2020-08-25 12:00:00,1922.035,,no_room,,,,2020-08-25 19:00:00
-1,2020-08-26 11:15:00,1917.205,,no_room,,,,2020-08-26 18:15:00
1,2020-08-27 07:45:00,1945.135,,no_room,,,,2020-08-27 14:45:00
1,2020-08-27 13:00:00,1943.438,,no_room,,,,2020-08-27 20:00:00
1,2020-09-01 07:30:00,1989.778,,no_room,,,,2020-09-01 14:30:00
1,2020-09-01 12:30:00,1990.308,,no_room,,,,2020-09-01 19:30:00
-1,2020-09-02 07:15:00,1960.738,,no_room,,,,2020-09-02 14:15:00
-1,2020-09-02 13:30:00,1953.418,,no_room,,,,2020-09-02 20:30:00
-1,2020-09-03 09:45:00,1932.835,,no_room,,,,2020-09-03 16:45:00
-1,2020-09-03 15:15:00,1934.218,,no_room,,,,2020-09-03 22:15:00
-1,2020-09-04 12:00:00,1937.098,,no_room,,,,2020-09-04 19:00:00
-1,2020-09-08 08:15:00,1929.385,,no_room,,,,2020-09-08 15:15:00
1,2020-09-10 08:30:00,1946.918,,no_room,,,,2020-09-10 15:30:00
1,2020-09-10 09:45:00,1948.118,,no_room,,,,2020-09-10 16:45:00
1,2020-09-10 12:15:00,1952.526,,no_room,,,,2020-09-10 19:15:00
-1,2020-09-14 09:15:00,1944.475,,no_room,,,,2020-09-14 16:15:00
-1,2020-09-14 11:00:00,1940.648,,no_room,,,,2020-09-14 18:00:00
1,2020-09-15 10:45:00,1969.215,,no_room,,,,2020-09-15 17:45:00
-1,2020-09-15 13:45:00,1962.615,,no_room,,,,2020-09-15 20:45:00
-1,2020-09-16 14:15:00,1961.398,,no_room,,,,2020-09-16 21:15:00
-1,2020-09-17 09:15:00,1941.585,,no_room,,,,2020-09-17 16:15:00
-1,2020-09-17 13:00:00,1936.795,,no_room,,,,2020-09-17 20:00:00
1,2020-09-18 08:45:00,1955.138,,no_room,,,,2020-09-18 15:45:00
1,2020-09-18 14:15:00,1952.708,,no_room,,,,2020-09-18 21:15:00
-1,2020-09-21 12:15:00,1928.175,,no_room,,,,2020-09-21 19:15:00
-1,2020-09-22 07:30:00,1898.398,,no_room,,,,2020-09-22 14:30:00
-1,2020-09-22 14:45:00,1902.558,,no_room,,,,2020-09-22 21:45:00
-1,2020-09-23 14:00:00,1877.555,,no_room,,,,2020-09-23 21:00:00
-1,2020-09-23 15:45:00,1864.548,,no_room,,,,2020-09-23 22:45:00
1,2020-09-25 07:15:00,1873.798,,no_room,,,,2020-09-25 14:15:00
1,2020-09-25 13:30:00,1862.128,,no_room,,,,2020-09-25 20:30:00
1,2020-09-29 09:15:00,1884.535,,no_room,,,,2020-09-29 16:15:00
1,2020-09-29 11:00:00,1886.135,,no_room,,,,2020-09-29 18:00:00
1,2020-09-29 14:15:00,1890.258,,no_room,,,,2020-09-29 21:15:00
1,2020-09-29 15:15:00,1892.018,,no_room,,,,2020-09-29 22:15:00
1,2020-09-30 12:30:00,1887.845,,no_room,,,,2020-09-30 19:30:00
1,2020-09-30 15:15:00,1900.118,,no_room,,,,2020-09-30 22:15:00
1,2020-10-01 11:00:00,1898.208,,no_room,,,,2020-10-01 18:00:00
1,2020-10-01 15:15:00,1909.198,,no_room,,,,2020-10-01 22:15:00
1,2020-10-02 12:45:00,1910.118,,no_room,,,,2020-10-02 19:45:00
-1,2020-10-05 07:00:00,1890.898,,no_room,,,,2020-10-05 14:00:00
-1,2020-10-06 08:15:00,1909.048,,no_room,,,,2020-10-06 15:15:00
-1,2020-10-06 14:30:00,1912.248,,no_room,,,,2020-10-06 21:30:00
-1,2020-10-07 14:00:00,1882.368,,no_room,,,,2020-10-07 21:00:00
1,2020-10-09 07:45:00,1911.758,,no_room,,,,2020-10-09 14:45:00
1,2020-10-09 12:45:00,1918.018,,no_room,,,,2020-10-09 19:45:00
-1,2020-10-13 11:30:00,1919.778,,no_room,,,,2020-10-13 18:30:00
-1,2020-10-13 12:30:00,1918.318,,no_room,,,,2020-10-13 19:30:00
-1,2020-10-14 15:45:00,1905.895,,no_room,,,,2020-10-14 22:45:00
-1,2020-10-15 08:30:00,1895.858,,no_room,,,,2020-10-15 15:30:00
1,2020-10-16 07:45:00,1908.808,,no_room,,,,2020-10-16 14:45:00
1,2020-10-16 12:00:00,1911.208,,no_room,,,,2020-10-16 19:00:00
-1,2020-10-19 13:00:00,1911.358,,no_room,,,,2020-10-19 20:00:00
1,2020-10-21 07:45:00,1920.208,,no_room,,,,2020-10-21 14:45:00
1,2020-10-21 12:15:00,1919.555,,no_room,,,,2020-10-21 19:15:00
1,2020-10-21 14:00:00,1926.248,,no_room,,,,2020-10-21 21:00:00
-1,2020-10-22 11:00:00,1915.455,,no_room,,,,2020-10-22 18:00:00
-1,2020-10-22 13:45:00,1902.248,,no_room,,,,2020-10-22 20:45:00
-1,2020-10-23 13:15:00,1908.325,,no_room,,,,2020-10-23 20:15:00
1,2020-10-27 15:15:00,1907.948,,no_room,,,,2020-10-27 22:15:00
-1,2020-10-28 14:45:00,1873.058,,no_room,,,,2020-10-28 21:45:00
-1,2020-10-29 08:00:00,1881.048,,no_room,,,,2020-10-29 15:00:00
-1,2020-10-29 10:00:00,1877.058,,no_room,,,,2020-10-29 17:00:00
-1,2020-10-29 11:45:00,1875.168,,no_room,,,,2020-10-29 18:45:00
1,2020-10-30 11:45:00,1876.228,,no_room,,,,2020-10-30 18:45:00
1,2020-11-02 09:00:00,1886.705,,no_room,,,,2020-11-02 16:00:00
1,2020-11-02 12:00:00,1890.425,,no_room,,,,2020-11-02 19:00:00
1,2020-11-03 08:15:00,1894.058,,no_room,,,,2020-11-03 15:15:00
1,2020-11-03 12:00:00,1900.775,,no_room,,,,2020-11-03 19:00:00
1,2020-11-03 13:15:00,1901.918,,no_room,,,,2020-11-03 20:15:00
1,2020-11-04 11:45:00,1895.278,,no_room,,,,2020-11-04 18:45:00
1,2020-11-05 08:15:00,1913.378,,no_room,,,,2020-11-05 15:15:00
1,2020-11-05 11:45:00,1919.078,,no_room,,,,2020-11-05 18:45:00
1,2020-11-05 15:00:00,1932.898,,no_room,,,,2020-11-05 22:00:00
1,2020-11-06 07:15:00,1942.105,,no_room,,,,2020-11-06 14:15:00
1,2020-11-06 10:45:00,1950.598,,no_room,,,,2020-11-06 17:45:00
1,2020-11-06 13:30:00,1957.958,,no_room,,,,2020-11-06 20:30:00
-1,2020-11-09 11:45:00,1953.335,,no_room,,,,2020-11-09 18:45:00
-1,2020-11-09 13:00:00,1901.045,,no_room,,,,2020-11-09 20:00:00
-1,2020-11-09 14:45:00,1868.448,,no_room,,,,2020-11-09 21:45:00
-1,2020-11-10 09:30:00,1883.515,,no_room,,,,2020-11-10 16:30:00
-1,2020-11-11 07:00:00,1878.158,,no_room,,,,2020-11-11 14:00:00
-1,2020-11-11 11:00:00,1874.468,,no_room,,,,2020-11-11 18:00:00
-1,2020-11-11 13:30:00,1869.768,,no_room,,,,2020-11-11 20:30:00
-1,2020-11-12 08:15:00,1867.248,,no_room,,,,2020-11-12 15:15:00
-1,2020-11-13 09:00:00,1877.895,,sl_too_tight,,,,2020-11-13 16:00:00
-1,2020-11-16 11:45:00,1887.365,,no_room,,,,2020-11-16 18:45:00
-1,2020-11-18 10:15:00,1876.588,,no_room,,,,2020-11-18 17:15:00
-1,2020-11-18 12:00:00,1871.478,,no_room,,,,2020-11-18 19:00:00
-1,2020-11-19 08:45:00,1858.053,,no_room,,,,2020-11-19 15:45:00
-1,2020-11-19 13:30:00,1856.165,,no_room,,,,2020-11-19 20:30:00
-1,2020-11-20 10:45:00,1865.515,,no_room,,,,2020-11-20 17:45:00
-1,2020-11-23 14:45:00,1862.398,,no_room,,,,2020-11-23 21:45:00
-1,2020-11-24 10:15:00,1823.448,,no_room,,,,2020-11-24 17:15:00
-1,2020-11-24 13:15:00,1805.544,,no_room,,,,2020-11-24 20:15:00
1,2020-11-25 13:15:00,1813.955,,no_room,,,,2020-11-25 20:15:00
1,2020-12-01 07:15:00,1788.135,,no_room,,,,2020-12-01 14:15:00
1,2020-12-01 13:45:00,1809.988,,no_room,,,,2020-12-01 20:45:00
1,2020-12-02 07:30:00,1814.295,,no_room,,,,2020-12-02 14:30:00
1,2020-12-02 10:15:00,1826.278,,no_room,,,,2020-12-02 17:15:00
1,2020-12-02 15:45:00,1826.158,,no_room,,,,2020-12-02 22:45:00
1,2020-12-03 07:15:00,1835.588,1865.738,signal,1830.2566428571429,1846.2507142857141,1856.9134285714283,2020-12-03 14:15:00
1,2020-12-03 11:45:00,1841.578,1865.738,signal,1834.3836214285714,1855.9667571428572,1870.3555142857144,2020-12-03 18:45:00
1,2020-12-04 14:00:00,1842.888,,no_room,,,,2020-12-04 21:00:00
1,2020-12-08 13:30:00,1866.478,,no_room,,,,2020-12-08 20:30:00
-1,2020-12-09 10:15:00,1858.155,,no_room,,,,2020-12-09 17:15:00
-1,2020-12-09 11:30:00,1855.975,,no_room,,,,2020-12-09 18:30:00
-1,2020-12-09 14:45:00,1851.428,,no_room,,,,2020-12-09 21:45:00
-1,2020-12-10 08:45:00,1834.048,,no_room,,,,2020-12-10 15:45:00
1,2020-12-11 09:30:00,1836.865,,no_room,,,,2020-12-11 16:30:00
1,2020-12-11 13:45:00,1839.535,,no_room,,,,2020-12-11 20:45:00
1,2020-12-11 15:00:00,1842.448,,no_room,,,,2020-12-11 22:00:00
1,2020-12-15 07:00:00,1840.795,,no_room,,,,2020-12-15 14:00:00
1,2020-12-15 08:30:00,1843.595,,no_room,,,,2020-12-15 15:30:00
1,2020-12-15 13:00:00,1847.258,,no_room,,,,2020-12-15 20:00:00
1,2020-12-16 08:30:00,1858.428,1865.738,signal,1853.631992857143,1865.4889928571429,1872.5499857142856,2020-12-16 15:30:00
1,2020-12-17 12:45:00,1882.998,,no_room,,,,2020-12-17 19:45:00
1,2020-12-18 11:45:00,1882.428,,no_room,,,,2020-12-18 18:45:00
-1,2020-12-22 15:00:00,1870.958,,no_room,,,,2020-12-22 22:00:00
-1,2020-12-23 11:00:00,1864.508,,no_room,,,,2020-12-23 18:00:00
-1,2020-12-23 12:00:00,1863.118,,no_room,,,,2020-12-23 19:00:00
-1,2020-12-24 10:15:00,1875.115,,no_room,,,,2020-12-24 17:15:00
-1,2020-12-24 14:15:00,1872.235,,no_room,,,,2020-12-24 21:15:00
1,2020-12-28 13:45:00,1885.858,,no_room,,,,2020-12-28 20:45:00
1,2020-12-29 08:00:00,1879.675,,no_room,,,,2020-12-29 15:00:00
1,2020-12-30 13:15:00,1881.045,,no_room,,,,2020-12-30 20:15:00
1,2020-12-31 07:30:00,1891.775,,no_room,,,,2020-12-31 14:30:00
1,2020-12-31 13:15:00,1895.198,,sl_too_tight,,,,2020-12-31 20:15:00
1,2021-01-04 08:00:00,1925.475,,no_room,,,,2021-01-04 15:00:00
1,2021-01-04 11:15:00,1935.085,,no_room,,,,2021-01-04 18:15:00
1,2021-01-04 13:15:00,1936.435,,no_room,,,,2021-01-04 20:15:00
1,2021-01-05 09:15:00,1943.885,,no_room,,,,2021-01-05 16:15:00
1,2021-01-05 11:30:00,1948.109,,no_room,,,,2021-01-05 18:30:00
1,2021-01-05 14:00:00,1950.465,,no_room,,,,2021-01-05 21:00:00
1,2021-01-06 08:00:00,1948.569,,no_room,,,,2021-01-06 15:00:00
1,2021-01-06 09:45:00,1956.575,,no_room,,,,2021-01-06 16:45:00
-1,2021-01-06 15:15:00,1924.989,,no_room,,,,2021-01-06 22:15:00
-1,2021-01-07 13:45:00,1914.515,,no_room,,,,2021-01-07 20:45:00
-1,2021-01-08 07:45:00,1905.818,,no_room,,,,2021-01-08 14:45:00
-1,2021-01-08 13:00:00,1886.298,,no_room,,,,2021-01-08 20:00:00
-1,2021-01-08 14:30:00,1876.188,,no_room,,,,2021-01-08 21:30:00
-1,2021-01-11 12:15:00,1846.535,,no_room,,,,2021-01-11 19:15:00
1,2021-01-12 09:45:00,1861.715,,no_room,,,,2021-01-12 16:45:00
-1,2021-01-13 08:00:00,1857.068,,no_room,,,,2021-01-13 15:00:00
-1,2021-01-14 07:30:00,1838.758,,no_room,,,,2021-01-14 14:30:00
-1,2021-01-14 10:45:00,1838.968,,no_room,,,,2021-01-14 17:45:00
-1,2021-01-15 11:45:00,1850.305,,no_room,,,,2021-01-15 18:45:00
-1,2021-01-15 13:30:00,1845.472,,no_room,,,,2021-01-15 20:30:00
-1,2021-01-15 15:00:00,1836.378,,no_room,,,,2021-01-15 22:00:00
-1,2021-01-18 09:30:00,1832.978,,no_room,,,,2021-01-18 16:30:00
1,2021-01-20 14:00:00,1851.365,,no_room,,,,2021-01-20 21:00:00
-1,2021-01-22 10:00:00,1858.408,,no_room,,,,2021-01-22 17:00:00
-1,2021-01-22 12:30:00,1845.277,,no_room,,,,2021-01-22 19:30:00
1,2021-01-25 13:15:00,1865.855,,no_room,,,,2021-01-25 20:15:00
-1,2021-01-26 10:30:00,1851.535,,no_room,,,,2021-01-26 17:30:00
-1,2021-01-27 08:15:00,1847.628,,no_room,,,,2021-01-27 15:15:00
-1,2021-01-27 11:00:00,1844.215,,no_room,,,,2021-01-27 18:00:00
-1,2021-01-27 14:30:00,1837.365,,no_room,,,,2021-01-27 21:30:00
-1,2021-01-28 07:30:00,1834.955,,no_room,,,,2021-01-28 14:30:00
1,2021-01-29 09:00:00,1851.585,,no_room,,,,2021-01-29 16:00:00
1,2021-01-29 10:30:00,1853.982,,no_room,,,,2021-01-29 17:30:00
1,2021-02-01 08:00:00,1867.035,,no_room,,,,2021-02-01 15:00:00
1,2021-02-01 12:00:00,1866.595,,no_room,,,,2021-02-01 19:00:00
-1,2021-02-02 07:00:00,1852.625,,no_room,,,,2021-02-02 14:00:00
-1,2021-02-02 11:30:00,1846.363,,no_room,,,,2021-02-02 18:30:00
-1,2021-02-02 13:15:00,1839.015,,no_room,,,,2021-02-02 20:15:00
-1,2021-02-03 15:00:00,1835.707,,no_room,,,,2021-02-03 22:00:00
-1,2021-02-04 09:00:00,1815.838,,no_room,,,,2021-02-04 16:00:00
-1,2021-02-04 13:30:00,1810.445,,no_room,,,,2021-02-04 20:30:00
-1,2021-02-05 11:45:00,1803.895,,no_room,,,,2021-02-05 18:45:00
-1,2021-02-05 13:00:00,1800.695,,no_room,,,,2021-02-05 20:00:00
1,2021-02-08 07:00:00,1815.785,,no_room,,,,2021-02-08 14:00:00
1,2021-02-08 11:15:00,1817.825,,no_room,,,,2021-02-08 18:15:00
1,2021-02-08 12:45:00,1823.128,,no_room,,,,2021-02-08 19:45:00
1,2021-02-09 08:45:00,1843.605,,no_room,,,,2021-02-09 15:45:00
1,2021-02-10 07:15:00,1845.315,,no_room,,,,2021-02-10 14:15:00
1,2021-02-10 13:00:00,1842.895,,no_room,,,,2021-02-10 20:00:00
1,2021-02-11 13:00:00,1844.625,,no_room,,,,2021-02-11 20:00:00
-1,2021-02-12 13:00:00,1815.325,,no_room,,,,2021-02-12 20:00:00
1,2021-02-12 15:45:00,1820.638,,no_room,,,,2021-02-12 22:45:00
1,2021-02-15 11:15:00,1819.965,,no_room,,,,2021-02-15 18:15:00
1,2021-02-16 10:15:00,1824.205,,no_room,,,,2021-02-16 17:15:00
-1,2021-02-17 08:00:00,1788.585,,no_room,,,,2021-02-17 15:00:00
-1,2021-02-17 13:15:00,1786.595,,no_room,,,,2021-02-17 20:15:00
-1,2021-02-17 15:45:00,1773.885,,no_room,,,,2021-02-17 22:45:00
-1,2021-02-18 12:15:00,1781.185,1774.218,signal,1786.9948714285713,1774.4678714285715,1767.750742857143,2021-02-18 19:15:00
-1,2021-02-18 14:45:00,1778.755,,no_room,,,,2021-02-18 21:45:00
-1,2021-02-19 11:45:00,1769.335,,no_room,,,,2021-02-19 18:45:00
1,2021-02-19 13:45:00,1775.235,,no_room,,,,2021-02-19 20:45:00
1,2021-02-22 09:15:00,1795.28,,no_room,,,,2021-02-22 16:15:00
1,2021-02-22 13:00:00,1798.125,,sl_too_tight,,,,2021-02-22 20:00:00
1,2021-02-22 14:30:00,1802.375,,no_room,,,,2021-02-22 21:30:00
-1,2021-02-23 14:30:00,1803.525,,no_room,,,,2021-02-23 21:30:00
-1,2021-02-24 07:30:00,1805.828,,no_room,,,,2021-02-24 14:30:00
-1,2021-02-24 09:45:00,1804.265,,no_room,,,,2021-02-24 16:45:00
-1,2021-02-24 13:15:00,1802.9,,no_room,,,,2021-02-24 20:15:00
-1,2021-02-25 07:00:00,1793.825,,no_room,,,,2021-02-25 14:00:00
-1,2021-02-25 08:15:00,1790.235,,no_room,,,,2021-02-25 15:15:00
-1,2021-02-25 11:30:00,1787.108,,no_room,,,,2021-02-25 18:30:00
-1,2021-02-25 13:45:00,1781.295,,no_room,,,,2021-02-25 20:45:00
-1,2021-02-25 15:00:00,1778.195,,no_room,,,,2021-02-25 22:00:00
-1,2021-02-26 11:00:00,1761.988,,no_room,,,,2021-02-26 18:00:00
-1,2021-02-26 14:30:00,1757.495,,no_room,,,,2021-02-26 21:30:00
-1,2021-03-01 09:15:00,1748.745,,no_room,,,,2021-03-01 16:15:00
-1,2021-03-01 11:30:00,1743.563,,no_room,,,,2021-03-01 18:30:00
-1,2021-03-01 12:30:00,1741.722,,no_room,,,,2021-03-01 19:30:00
1,2021-03-02 12:45:00,1733.195,,no_room,,,,2021-03-02 19:45:00
-1,2021-03-03 10:30:00,1725.555,,no_room,,,,2021-03-03 17:30:00
-1,2021-03-03 13:00:00,1721.325,,no_room,,,,2021-03-03 20:00:00
-1,2021-03-03 15:30:00,1708.135,,no_room,,,,2021-03-03 22:30:00
-1,2021-03-04 08:45:00,1714.744,,no_room,,,,2021-03-04 15:45:00
-1,2021-03-04 15:00:00,1712.214,,no_room,,,,2021-03-04 22:00:00
-1,2021-03-05 08:15:00,1694.795,,no_room,,,,2021-03-05 15:15:00
-1,2021-03-08 15:30:00,1684.695,,no_room,,,,2021-03-08 22:30:00
1,2021-03-10 13:30:00,1715.358,,no_room,,,,2021-03-10 20:30:00
1,2021-03-11 07:15:00,1735.848,,no_room,,,,2021-03-11 14:15:00
1,2021-03-15 09:00:00,1727.905,,no_room,,,,2021-03-15 16:00:00
1,2021-03-15 13:45:00,1732.148,,no_room,,,,2021-03-15 20:45:00
1,2021-03-16 10:30:00,1733.155,,no_room,,,,2021-03-16 17:30:00
1,2021-03-16 14:15:00,1736.306,,no_room,,,,2021-03-16 21:15:00
1,2021-03-17 09:15:00,1736.224,,no_room,,,,2021-03-17 16:15:00
1,2021-03-19 07:30:00,1743.425,,no_room,,,,2021-03-19 14:30:00
1,2021-03-19 15:30:00,1738.045,,no_room,,,,2021-03-19 22:30:00
-1,2021-03-23 13:00:00,1736.125,,no_room,,,,2021-03-23 20:00:00
1,2021-03-25 13:15:00,1733.278,,sl_too_tight,,,,2021-03-25 20:15:00
1,2021-03-26 14:00:00,1728.768,,no_room,,,,2021-03-26 21:00:00
-1,2021-03-30 10:45:00,1695.258,,no_room,,,,2021-03-30 17:45:00
1,2021-03-31 13:30:00,1689.438,,no_room,,,,2021-03-31 20:30:00
1,2021-03-31 15:45:00,1706.058,,no_room,,,,2021-03-31 22:45:00
1,2021-04-01 11:45:00,1715.725,,no_room,,,,2021-04-01 18:45:00
1,2021-04-05 11:15:00,1726.008,,no_room,,,,2021-04-05 18:15:00
1,2021-04-05 15:15:00,1729.878,,no_room,,,,2021-04-05 22:15:00
1,2021-04-06 11:15:00,1734.398,,no_room,,,,2021-04-06 18:15:00
1,2021-04-08 07:30:00,1745.298,,no_room,,,,2021-04-08 14:30:00
1,2021-04-08 11:15:00,1747.546,,no_room,,,,2021-04-08 18:15:00
1,2021-04-08 13:15:00,1751.158,,no_room,,,,2021-04-08 20:15:00
1,2021-04-09 11:00:00,1747.408,,no_room,,,,2021-04-09 18:00:00
1,2021-04-12 09:30:00,1742.028,,no_room,,,,2021-04-12 16:30:00
1,2021-04-12 11:15:00,1743.308,,no_room,,,,2021-04-12 18:15:00
1,2021-04-14 12:00:00,1744.735,,no_room,,,,2021-04-14 19:00:00
-1,2021-04-15 11:45:00,1745.405,,sl_too_tight,,,,2021-04-15 18:45:00
1,2021-04-16 08:15:00,1765.718,,no_room,,,,2021-04-16 15:15:00
-1,2021-04-20 08:15:00,1767.122,,no_room,,,,2021-04-20 15:15:00
-1,2021-04-20 09:30:00,1765.108,,no_room,,,,2021-04-20 16:30:00
1,2021-04-21 13:30:00,1787.718,,no_room,,,,2021-04-21 20:30:00
1,2021-04-23 10:45:00,1787.148,,no_room,,,,2021-04-23 17:45:00
-1,2021-04-27 07:45:00,1779.548,,no_room,,,,2021-04-27 14:45:00
-1,2021-04-27 13:30:00,1779.358,,no_room,,,,2021-04-27 20:30:00
-1,2021-04-28 09:15:00,1766.138,,no_room,,,,2021-04-28 16:15:00
-1,2021-04-28 12:15:00,1764.318,,no_room,,,,2021-04-28 19:15:00
-1,2021-04-30 09:45:00,1767.678,,no_room,,,,2021-04-30 16:45:00
1,2021-05-03 10:15:00,1778.835,,no_room,,,,2021-05-03 17:15:00
1,2021-05-03 12:15:00,1782.588,,no_room,,,,2021-05-03 19:15:00
1,2021-05-04 12:30:00,1786.668,,no_room,,,,2021-05-04 19:30:00
1,2021-05-05 09:30:00,1778.468,,no_room,,,,2021-05-05 16:30:00
1,2021-05-05 12:45:00,1780.078,,no_room,,,,2021-05-05 19:45:00
1,2021-05-06 13:30:00,1796.438,,no_room,,,,2021-05-06 20:30:00
1,2021-05-07 08:30:00,1821.336,,no_room,,,,2021-05-07 15:30:00
1,2021-05-07 12:30:00,1821.035,,sl_too_tight,,,,2021-05-07 19:30:00
1,2021-05-10 10:00:00,1837.135,,no_room,,,,2021-05-10 17:00:00
1,2021-05-11 09:30:00,1837.268,,no_room,,,,2021-05-11 16:30:00
-1,2021-05-11 12:45:00,1832.615,,no_room,,,,2021-05-11 19:45:00
1,2021-05-12 12:45:00,1835.648,,no_room,,,,2021-05-12 19:45:00
-1,2021-05-13 07:45:00,1815.906,,no_room,,,,2021-05-13 14:45:00
-1,2021-05-13 09:45:00,1812.518,,no_room,,,,2021-05-13 16:45:00
1,2021-05-14 12:00:00,1837.258,,no_room,,,,2021-05-14 19:00:00
1,2021-05-17 13:30:00,1850.568,,sl_too_tight,,,,2021-05-17 20:30:00
1,2021-05-18 12:00:00,1870.085,,no_room,,,,2021-05-18 19:00:00
1,2021-05-20 13:30:00,1872.738,,no_room,,,,2021-05-20 20:30:00
1,2021-05-21 09:30:00,1877.958,,no_room,,,,2021-05-21 16:30:00
1,2021-05-21 12:00:00,1880.008,,sl_too_tight,,,,2021-05-21 19:00:00
1,2021-05-24 12:15:00,1882.545,,no_room,,,,2021-05-24 19:15:00
1,2021-05-26 07:30:00,1907.328,,no_room,,,,2021-05-26 14:30:00
1,2021-05-26 12:15:00,1908.868,,no_room,,,,2021-05-26 19:15:00
-1,2021-05-27 08:30:00,1897.538,,no_room,,,,2021-05-27 15:30:00
-1,2021-05-27 11:15:00,1894.155,,no_room,,,,2021-05-27 18:15:00
-1,2021-05-28 11:15:00,1891.875,,sl_too_tight,,,,2021-05-28 18:15:00
-1,2021-06-02 11:00:00,1895.188,,no_room,,,,2021-06-02 18:00:00
1,2021-06-02 13:30:00,1906.858,,no_room,,,,2021-06-02 20:30:00
-1,2021-06-03 07:45:00,1895.385,,no_room,,,,2021-06-03 14:45:00
-1,2021-06-03 12:15:00,1892.008,,no_room,,,,2021-06-03 19:15:00
1,2021-06-08 10:15:00,1893.688,,no_room,,,,2021-06-08 17:15:00
1,2021-06-09 11:15:00,1890.748,,no_room,,,,2021-06-09 18:15:00
1,2021-06-09 12:15:00,1892.378,,no_room,,,,2021-06-09 19:15:00
-1,2021-06-10 07:15:00,1882.608,,no_room,,,,2021-06-10 14:15:00
-1,2021-06-10 11:00:00,1879.284,,no_room,,,,2021-06-10 18:00:00
1,2021-06-11 07:00:00,1902.018,,no_room,,,,2021-06-11 14:00:00
-1,2021-06-14 07:00:00,1860.094,,no_room,,,,2021-06-14 14:00:00
-1,2021-06-14 08:15:00,1856.788,,no_room,,,,2021-06-14 15:15:00
-1,2021-06-14 10:45:00,1854.816,,no_room,,,,2021-06-14 17:45:00
-1,2021-06-14 12:00:00,1852.648,,no_room,,,,2021-06-14 19:00:00
-1,2021-06-15 08:15:00,1863.728,,no_room,,,,2021-06-15 15:15:00
-1,2021-06-15 14:15:00,1861.128,,no_room,,,,2021-06-15 21:15:00
-1,2021-06-15 15:45:00,1857.469,,no_room,,,,2021-06-15 22:45:00
-1,2021-06-16 10:45:00,1856.798,,no_room,,,,2021-06-16 17:45:00
-1,2021-06-17 08:45:00,1805.188,,no_room,,,,2021-06-17 15:45:00
-1,2021-06-17 10:15:00,1802.688,,no_room,,,,2021-06-17 17:15:00
-1,2021-06-17 15:00:00,1775.0,,no_room,,,,2021-06-17 22:00:00
-1,2021-06-18 12:15:00,1790.488,,no_room,,,,2021-06-18 19:15:00
-1,2021-06-21 12:00:00,1781.718,,no_room,,,,2021-06-21 19:00:00
1,2021-06-22 10:30:00,1784.538,,no_room,,,,2021-06-22 17:30:00
1,2021-06-23 08:15:00,1783.268,,no_room,,,,2021-06-23 15:15:00
1,2021-06-23 12:00:00,1784.028,,no_room,,,,2021-06-23 19:00:00
1,2021-06-23 13:30:00,1786.828,,no_room,,,,2021-06-23 20:30:00
1,2021-06-24 08:15:00,1777.988,,no_room,,,,2021-06-24 15:15:00
1,2021-06-24 10:15:00,1782.168,,no_room,,,,2021-06-24 17:15:00
1,2021-06-25 07:15:00,1781.128,,no_room,,,,2021-06-25 14:15:00
1,2021-06-25 11:30:00,1784.838,,no_room,,,,2021-06-25 18:30:00
1,2021-06-28 13:00:00,1778.898,,no_room,,,,2021-06-28 20:00:00
-1,2021-06-29 11:15:00,1767.468,,no_room,,,,2021-06-29 18:15:00
-1,2021-06-29 12:30:00,1764.138,,no_room,,,,2021-06-29 19:30:00
-1,2021-06-30 07:45:00,1755.775,,no_room,,,,2021-06-30 14:45:00
1,2021-07-01 13:15:00,1779.668,,no_room,,,,2021-07-01 20:15:00
1,2021-07-02 08:00:00,1779.648,,no_room,,,,2021-07-02 15:00:00
1,2021-07-02 10:30:00,1784.128,,no_room,,,,2021-07-02 17:30:00
1,2021-07-06 07:30:00,1806.598,,no_room,,,,2021-07-06 14:30:00
1,2021-07-06 11:45:00,1809.198,,sl_too_tight,,,,2021-07-06 18:45:00
1,2021-07-07 07:30:00,1804.538,,no_room,,,,2021-07-07 14:30:00
1,2021-07-07 11:15:00,1807.548,,no_room,,,,2021-07-07 18:15:00
1,2021-07-08 07:15:00,1799.668,,no_room,,,,2021-07-08 14:15:00
1,2021-07-08 10:45:00,1814.971,,no_room,,,,2021-07-08 17:45:00
1,2021-07-09 07:30:00,1803.058,,no_room,,,,2021-07-09 14:30:00
1,2021-07-09 14:00:00,1805.508,,no_room,,,,2021-07-09 21:00:00
1,2021-07-12 07:30:00,1803.768,,no_room,,,,2021-07-12 14:30:00
1,2021-07-12 12:30:00,1801.588,,no_room,,,,2021-07-12 19:30:00
-1,2021-07-12 13:45:00,1798.158,,no_room,,,,2021-07-12 20:45:00
-1,2021-07-13 12:45:00,1806.958,,no_room,,,,2021-07-13 19:45:00
1,2021-07-14 10:30:00,1815.278,,sl_too_tight,,,,2021-07-14 17:30:00
1,2021-07-14 12:00:00,1817.498,,no_room,,,,2021-07-14 19:00:00
-1,2021-07-15 14:00:00,1822.178,,no_room,,,,2021-07-15 21:00:00
-1,2021-07-16 10:45:00,1821.548,,sl_too_tight,,,,2021-07-16 17:45:00
-1,2021-07-16 14:30:00,1815.348,,no_room,,,,2021-07-16 21:30:00
-1,2021-07-19 09:00:00,1802.548,,no_room,,,,2021-07-19 16:00:00
-1,2021-07-19 11:45:00,1801.708,,no_room,,,,2021-07-19 18:45:00
1,2021-07-20 12:30:00,1818.878,,no_room,,,,2021-07-20 19:30:00
-1,2021-07-21 08:00:00,1806.208,,no_room,,,,2021-07-21 15:00:00
-1,2021-07-21 10:30:00,1802.475,,no_room,,,,2021-07-21 17:30:00
-1,2021-07-22 08:00:00,1797.975,,no_room,,,,2021-07-22 15:00:00
1,2021-07-23 07:45:00,1807.958,,no_room,,,,2021-07-23 14:45:00
1,2021-07-26 07:15:00,1809.108,,no_room,,,,2021-07-26 14:15:00
-1,2021-07-28 11:45:00,1797.968,,no_room,,,,2021-07-28 18:45:00
-1,2021-07-28 13:45:00,1795.258,,no_room,,,,2021-07-28 20:45:00
1,2021-07-29 08:30:00,1819.728,,no_room,,,,2021-07-29 15:30:00
1,2021-07-29 10:00:00,1821.968,,no_room,,,,2021-07-29 17:00:00
1,2021-07-29 11:00:00,1823.588,,no_room,,,,2021-07-29 18:00:00
1,2021-07-29 14:15:00,1828.038,,no_room,,,,2021-07-29 21:15:00
1,2021-07-30 07:00:00,1828.938,,no_room,,,,2021-07-30 14:00:00
1,2021-08-03 12:45:00,1811.448,,sl_too_tight,,,,2021-08-03 19:45:00
1,2021-08-03 13:45:00,1813.408,,no_room,,,,2021-08-03 20:45:00
1,2021-08-04 07:45:00,1814.218,,sl_too_tight,,,,2021-08-04 14:45:00
1,2021-08-04 11:15:00,1814.888,,no_room,,,,2021-08-04 18:15:00
1,2021-08-05 07:15:00,1810.968,,sl_too_tight,,,,2021-08-05 14:15:00
-1,2021-08-06 10:45:00,1796.998,,no_room,,,,2021-08-06 17:45:00
-1,2021-08-06 12:30:00,1794.575,,no_room,,,,2021-08-06 19:30:00
-1,2021-08-09 09:15:00,1744.938,,no_room,,,,2021-08-09 16:15:00
-1,2021-08-09 12:45:00,1738.968,,no_room,,,,2021-08-09 19:45:00
-1,2021-08-09 14:00:00,1737.808,,no_room,,,,2021-08-09 21:00:00
-1,2021-08-10 08:30:00,1733.498,,no_room,,,,2021-08-10 15:30:00
-1,2021-08-10 12:30:00,1728.478,,no_room,,,,2021-08-10 19:30:00
1,2021-08-11 12:00:00,1738.358,,no_room,,,,2021-08-11 19:00:00
1,2021-08-11 15:00:00,1747.289,,no_room,,,,2021-08-11 22:00:00
1,2021-08-12 07:30:00,1755.778,,no_room,,,,2021-08-12 14:30:00
1,2021-08-13 10:30:00,1760.188,,no_room,,,,2021-08-13 17:30:00
1,2021-08-13 12:45:00,1761.078,,no_room,,,,2021-08-13 19:45:00
1,2021-08-13 15:15:00,1774.373,,no_room,,,,2021-08-13 22:15:00
1,2021-08-16 12:30:00,1776.648,,no_room,,,,2021-08-16 19:30:00
-1,2021-08-18 08:00:00,1787.818,,no_room,,,,2021-08-18 15:00:00
-1,2021-08-18 10:45:00,1786.188,,sl_too_tight,,,,2021-08-18 17:45:00
-1,2021-08-18 14:15:00,1782.828,,no_room,,,,2021-08-18 21:15:00
-1,2021-08-19 13:30:00,1783.658,,no_room,,,,2021-08-19 20:30:00
-1,2021-08-20 08:30:00,1783.858,,no_room,,,,2021-08-20 15:30:00
-1,2021-08-20 10:00:00,1780.458,,no_room,,,,2021-08-20 17:00:00
1,2021-08-23 08:45:00,1787.158,,no_room,,,,2021-08-23 15:45:00
1,2021-08-23 10:15:00,1788.698,,no_room,,,,2021-08-23 17:15:00
1,2021-08-24 12:00:00,1804.978,,no_room,,,,2021-08-24 19:00:00
-1,2021-08-25 13:45:00,1790.354,,no_room,,,,2021-08-25 20:45:00
-1,2021-08-26 12:30:00,1783.868,,sl_too_tight,,,,2021-08-26 19:30:00
1,2021-08-27 14:00:00,1800.585,,no_room,,,,2021-08-27 21:00:00
1,2021-08-30 09:45:00,1815.758,,no_room,,,,2021-08-30 16:45:00
1,2021-08-30 11:15:00,1816.738,,no_room,,,,2021-08-30 18:15:00
-1,2021-08-30 15:30:00,1809.948,,no_room,,,,2021-08-30 22:30:00
-1,2021-08-31 09:15:00,1814.314,,sl_too_tight,,,,2021-08-31 16:15:00
-1,2021-08-31 10:45:00,1813.705,,no_room,,,,2021-08-31 17:45:00
-1,2021-08-31 12:30:00,1811.895,,no_room,,,,2021-08-31 19:30:00
-1,2021-09-01 07:45:00,1812.595,,no_room,,,,2021-09-01 14:45:00
1,2021-09-02 08:30:00,1815.218,,no_room,,,,2021-09-02 15:30:00
1,2021-09-03 14:30:00,1829.478,,no_room,,,,2021-09-03 21:30:00
-1,2021-09-06 09:30:00,1823.787,,no_room,,,,2021-09-06 16:30:00
-1,2021-09-06 12:45:00,1822.718,,sl_too_tight,,,,2021-09-06 19:45:00
-1,2021-09-07 08:00:00,1815.518,,no_room,,,,2021-09-07 15:00:00
-1,2021-09-07 14:00:00,1808.308,,no_room,,,,2021-09-07 21:00:00
-1,2021-09-08 13:00:00,1796.298,,no_room,,,,2021-09-08 20:00:00
-1,2021-09-09 12:30:00,1794.364,,no_room,,,,2021-09-09 19:30:00
-1,2021-09-09 13:45:00,1791.064,,no_room,,,,2021-09-09 20:45:00
1,2021-09-13 12:00:00,1790.277,,sl_too_tight,,,,2021-09-13 19:00:00
1,2021-09-13 13:30:00,1791.584,,no_room,,,,2021-09-13 20:30:00
-1,2021-09-14 09:15:00,1788.034,,no_room,,,,2021-09-14 16:15:00
-1,2021-09-14 11:45:00,1785.284,,no_room,,,,2021-09-14 18:45:00
1,2021-09-15 11:00:00,1802.528,,no_room,,,,2021-09-15 18:00:00
1,2021-09-15 12:00:00,1803.328,,no_room,,,,2021-09-15 19:00:00
-1,2021-09-16 07:00:00,1783.952,,no_room,,,,2021-09-16 14:00:00
-1,2021-09-16 09:15:00,1782.694,,no_room,,,,2021-09-16 16:15:00
-1,2021-09-16 11:30:00,1775.328,,no_room,,,,2021-09-16 18:30:00
-1,2021-09-17 11:30:00,1760.034,,no_room,,,,2021-09-17 18:30:00
1,2021-09-20 14:15:00,1761.157,,no_room,,,,2021-09-20 21:15:00
1,2021-09-21 08:45:00,1763.698,,no_room,,,,2021-09-21 15:45:00
1,2021-09-21 12:00:00,1768.158,,no_room,,,,2021-09-21 19:00:00
1,2021-09-21 14:30:00,1774.988,,no_room,,,,2021-09-21 21:30:00
1,2021-09-22 13:30:00,1775.058,,no_room,,,,2021-09-22 20:30:00
-1,2021-09-23 07:00:00,1762.188,,no_room,,,,2021-09-23 14:00:00
-1,2021-09-23 13:00:00,1760.164,,no_room,,,,2021-09-23 20:00:00
-1,2021-09-24 11:15:00,1753.584,,no_room,,,,2021-09-24 18:15:00
1,2021-09-27 12:30:00,1752.748,,no_room,,,,2021-09-27 19:30:00
1,2021-09-27 13:45:00,1754.998,,no_room,,,,2021-09-27 20:45:00
-1,2021-09-28 09:30:00,1740.238,,no_room,,,,2021-09-28 16:30:00
-1,2021-09-28 12:30:00,1731.698,,no_room,,,,2021-09-28 19:30:00
-1,2021-09-29 12:15:00,1740.898,,no_room,,,,2021-09-29 19:15:00
-1,2021-09-30 10:30:00,1726.108,,no_room,,,,2021-09-30 17:30:00
1,2021-09-30 12:45:00,1733.968,,no_room,,,,2021-09-30 19:45:00
1,2021-10-01 12:30:00,1755.938,,no_room,,,,2021-10-01 19:30:00
1,2021-10-01 14:15:00,1759.755,,no_room,,,,2021-10-01 21:15:00
-1,2021-10-04 11:00:00,1748.738,,no_room,,,,2021-10-04 18:00:00
1,2021-10-05 12:00:00,1758.188,,no_room,,,,2021-10-05 19:00:00
-1,2021-10-08 07:00:00,1755.808,,no_room,,,,2021-10-08 14:00:00
-1,2021-10-11 07:15:00,1754.615,,no_room,,,,2021-10-11 14:15:00
-1,2021-10-11 08:45:00,1753.338,,no_room,,,,2021-10-11 15:45:00
-1,2021-10-11 12:30:00,1752.978,,no_room,,,,2021-10-11 19:30:00
1,2021-10-12 11:15:00,1762.528,,no_room,,,,2021-10-12 18:15:00
1,2021-10-12 13:45:00,1764.898,,no_room,,,,2021-10-12 20:45:00
1,2021-10-13 07:30:00,1763.218,,sl_too_tight,,,,2021-10-13 14:30:00
1,2021-10-13 10:00:00,1768.888,,sl_too_tight,,,,2021-10-13 17:00:00
1,2021-10-13 13:30:00,1777.477,,no_room,,,,2021-10-13 20:30:00
1,2021-10-14 08:15:00,1794.934,,no_room,,,,2021-10-14 15:15:00
-1,2021-10-15 09:00:00,1785.374,,no_room,,,,2021-10-15 16:00:00
-1,2021-10-15 11:30:00,1780.704,,no_room,,,,2021-10-15 18:30:00
-1,2021-10-18 08:15:00,1762.398,,no_room,,,,2021-10-18 15:15:00
-1,2021-10-18 10:00:00,1761.068,,no_room,,,,2021-10-18 17:00:00
1,2021-10-20 08:15:00,1777.014,,sl_too_tight,,,,2021-10-20 15:15:00
1,2021-10-20 10:45:00,1779.538,,sl_too_tight,,,,2021-10-20 17:45:00
1,2021-10-20 12:00:00,1781.708,,no_room,,,,2021-10-20 19:00:00
1,2021-10-21 09:30:00,1786.438,,no_room,,,,2021-10-21 16:30:00
1,2021-10-22 12:15:00,1794.978,,no_room,,,,2021-10-22 19:15:00
1,2021-10-25 08:00:00,1800.468,,no_room,,,,2021-10-25 15:00:00
1,2021-10-25 13:15:00,1803.568,,no_room,,,,2021-10-25 20:15:00
1,2021-10-26 09:30:00,1803.178,,no_room,,,,2021-10-26 16:30:00
1,2021-10-27 10:30:00,1788.428,,no_room,,,,2021-10-27 17:30:00
1,2021-10-28 12:15:00,1803.384,,no_room,,,,2021-10-28 19:15:00
1,2021-10-28 13:15:00,1806.664,,no_room,,,,2021-10-28 20:15:00
1,2021-10-29 07:00:00,1797.414,,no_room,,,,2021-10-29 14:00:00
1,2021-10-29 09:45:00,1798.114,,no_room,,,,2021-10-29 16:45:00
1,2021-11-01 09:30:00,1785.564,,no_room,,,,2021-11-01 16:30:00
1,2021-11-01 12:30:00,1788.088,,no_room,,,,2021-11-01 19:30:00
-1,2021-11-03 12:30:00,1780.398,,no_room,,,,2021-11-03 19:30:00
1,2021-11-05 07:00:00,1796.864,,sl_too_tight,,,,2021-11-05 14:00:00
1,2021-11-05 08:15:00,1798.338,,no_room,,,,2021-11-05 15:15:00
1,2021-11-05 13:15:00,1795.604,,no_room,,,,2021-11-05 20:15:00
1,2021-11-05 15:00:00,1803.598,,no_room,,,,2021-11-05 22:00:00
1,2021-11-08 12:30:00,1818.008,,no_room,,,,2021-11-08 19:30:00
1,2021-11-09 11:30:00,1826.683,,sl_too_tight,,,,2021-11-09 18:30:00
1,2021-11-09 13:30:00,1828.528,,no_room,,,,2021-11-09 20:30:00
1,2021-11-10 13:00:00,1826.733,,no_room,,,,2021-11-10 20:00:00
1,2021-11-11 07:30:00,1855.538,,no_room,,,,2021-11-11 14:30:00
1,2021-11-11 11:30:00,1864.388,,no_room,,,,2021-11-11 18:30:00
1,2021-11-12 15:00:00,1858.588,,no_room,,,,2021-11-12 22:00:00
1,2021-11-15 07:30:00,1859.178,,sl_too_tight,,,,2021-11-15 14:30:00
1,2021-11-15 10:15:00,1863.438,,no_room,,,,2021-11-15 17:15:00
1,2021-11-15 13:00:00,1864.418,,sl_too_tight,,,,2021-11-15 20:00:00
1,2021-11-16 08:45:00,1867.654,,no_room,,,,2021-11-16 15:45:00
1,2021-11-16 13:00:00,1874.644,,sl_too_tight,,,,2021-11-16 20:00:00
-1,2021-11-18 10:00:00,1863.698,,no_room,,,,2021-11-18 17:00:00
-1,2021-11-18 13:15:00,1858.644,,no_room,,,,2021-11-18 20:15:00
-1,2021-11-19 07:00:00,1857.928,,no_room,,,,2021-11-19 14:00:00
-1,2021-11-22 10:30:00,1840.078,,no_room,,,,2021-11-22 17:30:00
-1,2021-11-23 08:45:00,1802.788,,no_room,,,,2021-11-23 15:45:00
-1,2021-11-23 12:45:00,1793.424,,no_room,,,,2021-11-23 19:45:00
-1,2021-11-24 08:30:00,1791.728,,no_room,,,,2021-11-24 15:30:00
-1,2021-11-24 10:00:00,1790.238,,no_room,,,,2021-11-24 17:00:00
-1,2021-11-24 13:15:00,1785.435,,no_room,,,,2021-11-24 20:15:00
1,2021-11-25 08:15:00,1794.175,,sl_too_tight,,,,2021-11-25 15:15:00
1,2021-11-26 09:45:00,1808.858,,no_room,,,,2021-11-26 16:45:00
-1,2021-11-29 12:00:00,1792.758,,no_room,,,,2021-11-29 19:00:00
-1,2021-11-29 13:30:00,1790.198,,no_room,,,,2021-11-29 20:30:00
-1,2021-11-30 12:15:00,1791.338,,no_room,,,,2021-11-30 19:15:00
-1,2021-11-30 15:45:00,1788.955,,no_room,,,,2021-11-30 22:45:00
-1,2021-12-01 13:00:00,1784.818,,no_room,,,,2021-12-01 20:00:00
-1,2021-12-02 07:30:00,1775.058,,no_room,,,,2021-12-02 14:30:00
-1,2021-12-02 14:30:00,1773.428,,no_room,,,,2021-12-02 21:30:00
-1,2021-12-03 07:00:00,1771.718,,no_room,,,,2021-12-03 14:00:00
1,2021-12-08 10:30:00,1791.448,,no_room,,,,2021-12-08 17:30:00
1,2021-12-10 13:45:00,1778.415,,no_room,,,,2021-12-10 20:45:00
1,2021-12-13 08:30:00,1786.858,,no_room,,,,2021-12-13 15:30:00
1,2021-12-13 11:30:00,1787.738,,no_room,,,,2021-12-13 18:30:00
-1,2021-12-14 07:45:00,1785.248,,no_room,,,,2021-12-14 14:45:00
-1,2021-12-14 13:15:00,1782.358,,sl_too_tight,,,,2021-12-14 20:15:00
-1,2021-12-15 07:00:00,1768.028,,no_room,,,,2021-12-15 14:00:00
-1,2021-12-15 14:30:00,1767.578,,no_room,,,,2021-12-15 21:30:00
1,2021-12-16 08:45:00,1786.258,,no_room,,,,2021-12-16 15:45:00
1,2021-12-16 11:00:00,1786.955,,sl_too_tight,,,,2021-12-16 18:00:00
1,2021-12-16 13:00:00,1788.248,,no_room,,,,2021-12-16 20:00:00
1,2021-12-17 12:30:00,1809.779,,no_room,,,,2021-12-17 19:30:00
-1,2021-12-20 13:15:00,1794.798,,no_room,,,,2021-12-20 20:15:00
-1,2021-12-20 14:45:00,1794.068,,no_room,,,,2021-12-20 21:45:00
-1,2021-12-21 14:15:00,1796.065,,no_room,,,,2021-12-21 21:15:00
-1,2021-12-22 07:00:00,1786.935,,no_room,,,,2021-12-22 14:00:00
1,2021-12-22 15:45:00,1794.825,,no_room,,,,2021-12-22 22:45:00
1,2021-12-23 13:15:00,1806.465,,no_room,,,,2021-12-23 20:15:00
-1,2021-12-27 11:15:00,1804.948,,sl_too_tight,,,,2021-12-27 18:15:00
-1,2021-12-27 13:15:00,1804.595,,no_room,,,,2021-12-27 20:15:00
1,2021-12-28 10:00:00,1815.528,,sl_too_tight,,,,2021-12-28 17:00:00
1,2021-12-28 13:15:00,1817.908,,no_room,,,,2021-12-28 20:15:00
-1,2021-12-29 07:15:00,1805.268,,sl_too_tight,,,,2021-12-29 14:15:00
-1,2021-12-29 10:00:00,1802.059,,no_room,,,,2021-12-29 17:00:00
-1,2021-12-29 12:45:00,1794.298,,no_room,,,,2021-12-29 19:45:00
-1,2021-12-30 07:30:00,1797.075,,sl_too_tight,,,,2021-12-30 14:30:00
1,2021-12-31 07:00:00,1819.164,,sl_too_tight,,,,2021-12-31 14:00:00
1,2021-12-31 11:00:00,1820.048,,sl_too_tight,,,,2021-12-31 18:00:00
1,2021-12-31 13:00:00,1820.194,,sl_too_tight,,,,2021-12-31 20:00:00
1,2022-01-03 09:00:00,1824.238,,no_room,,,,2022-01-03 16:00:00
-1,2022-01-04 12:15:00,1801.808,,no_room,,,,2022-01-04 19:15:00
1,2022-01-05 09:00:00,1816.924,,no_room,,,,2022-01-05 16:00:00
1,2022-01-05 11:15:00,1820.058,,no_room,,,,2022-01-05 18:15:00
1,2022-01-05 13:15:00,1820.644,,no_room,,,,2022-01-05 20:15:00
-1,2022-01-06 08:15:00,1799.428,,no_room,,,,2022-01-06 15:15:00
-1,2022-01-06 12:45:00,1793.638,,no_room,,,,2022-01-06 19:45:00
-1,2022-01-07 08:00:00,1788.705,,no_room,,,,2022-01-07 15:00:00
1,2022-01-07 14:00:00,1793.655,,no_room,,,,2022-01-07 21:00:00
1,2022-01-10 07:30:00,1794.035,,sl_too_tight,,,,2022-01-10 14:30:00
1,2022-01-10 08:45:00,1795.578,,no_room,,,,2022-01-10 15:45:00
1,2022-01-11 13:15:00,1807.488,,no_room,,,,2022-01-11 20:15:00
1,2022-01-11 15:45:00,1808.975,,no_room,,,,2022-01-11 22:45:00
1,2022-01-12 12:30:00,1818.408,,sl_too_tight,,,,2022-01-12 19:30:00
1,2022-01-13 12:15:00,1823.918,,no_room,,,,2022-01-13 19:15:00
-1,2022-01-14 08:45:00,1825.668,,sl_too_tight,,,,2022-01-14 15:45:00
-1,2022-01-14 11:15:00,1821.848,,sl_too_tight,,,,2022-01-14 18:15:00
-1,2022-01-17 10:30:00,1820.488,,sl_too_tight,,,,2022-01-17 17:30:00
-1,2022-01-17 12:45:00,1819.688,,sl_too_tight,,,,2022-01-17 19:45:00
-1,2022-01-17 15:30:00,1819.098,,sl_too_tight,,,,2022-01-17 22:30:00
-1,2022-01-18 07:00:00,1815.157,,no_room,,,,2022-01-18 14:00:00
-1,2022-01-18 08:45:00,1812.998,,no_room,,,,2022-01-18 15:45:00
-1,2022-01-18 13:00:00,1809.048,,no_room,,,,2022-01-18 20:00:00
-1,2022-01-24 13:45:00,1836.338,,no_room,,,,2022-01-24 20:45:00
-1,2022-01-25 08:15:00,1840.538,,sl_too_tight,,,,2022-01-25 15:15:00
-1,2022-01-27 11:30:00,1809.458,,no_room,,,,2022-01-27 18:30:00
-1,2022-01-27 12:45:00,1807.464,,no_room,,,,2022-01-27 19:45:00
-1,2022-01-27 15:45:00,1797.364,,no_room,,,,2022-01-27 22:45:00
-1,2022-01-28 07:00:00,1796.945,,sl_too_tight,,,,2022-01-28 14:00:00
-1,2022-01-28 10:30:00,1789.819,,no_room,,,,2022-01-28 17:30:00
1,2022-01-31 13:45:00,1793.558,,no_room,,,,2022-01-31 20:45:00
1,2022-02-01 07:15:00,1803.395,,sl_too_tight,,,,2022-02-01 14:15:00
1,2022-02-01 08:45:00,1804.298,,no_room,,,,2022-02-01 15:45:00
1,2022-02-01 10:30:00,1806.678,,no_room,,,,2022-02-01 17:30:00
-1,2022-02-02 07:30:00,1796.458,,sl_too_tight,,,,2022-02-02 14:30:00
-1,2022-02-02 13:45:00,1801.619,,sl_too_tight,,,,2022-02-02 20:45:00
1,2022-02-07 07:00:00,1811.168,,sl_too_tight,,,,2022-02-07 14:00:00
1,2022-02-07 13:00:00,1814.058,,no_room,,,,2022-02-07 20:00:00
1,2022-02-08 13:30:00,1820.958,,no_room,,,,2022-02-08 20:30:00
1,2022-02-08 15:15:00,1824.612,,no_room,,,,2022-02-08 22:15:00
1,2022-02-09 13:00:00,1828.304,,sl_too_tight,,,,2022-02-09 20:00:00
1,2022-02-10 07:30:00,1834.898,,sl_too_tight,,,,2022-02-10 14:30:00
1,2022-02-10 15:30:00,1837.189,,no_room,,,,2022-02-10 22:30:00
1,2022-02-11 07:45:00,1825.264,,sl_too_tight,,,,2022-02-11 14:45:00
1,2022-02-11 12:00:00,1827.688,,sl_too_tight,,,,2022-02-11 19:00:00
1,2022-02-11 15:15:00,1833.308,,no_room,,,,2022-02-11 22:15:00
1,2022-02-14 08:15:00,1854.758,,no_room,,,,2022-02-14 15:15:00
1,2022-02-14 13:30:00,1857.768,,no_room,,,,2022-02-14 20:30:00
-1,2022-02-16 10:15:00,1856.078,,sl_too_tight,,,,2022-02-16 17:15:00
-1,2022-02-16 12:30:00,1853.858,,sl_too_tight,,,,2022-02-16 19:30:00
1,2022-02-17 08:15:00,1877.068,,no_room,,,,2022-02-17 15:15:00
1,2022-02-17 09:15:00,1890.848,,no_room,,,,2022-02-17 16:15:00
1,2022-02-17 13:30:00,1893.178,,no_room,,,,2022-02-17 20:30:00
1,2022-02-18 08:00:00,1893.358,,no_room,,,,2022-02-18 15:00:00
1,2022-02-18 13:00:00,1895.108,,no_room,,,,2022-02-18 20:00:00
1,2022-02-21 08:30:00,1893.829,,no_room,,,,2022-02-21 15:30:00
1,2022-02-22 07:00:00,1911.198,,no_room,,,,2022-02-22 14:00:00
1,2022-02-23 12:45:00,1896.008,,no_room,,,,2022-02-23 19:45:00
1,2022-02-23 14:45:00,1904.408,,no_room,,,,2022-02-23 21:45:00
1,2022-02-24 09:30:00,1945.338,,no_room,,,,2022-02-24 16:30:00
-1,2022-02-25 10:15:00,1908.868,,no_room,,,,2022-02-25 17:15:00
-1,2022-02-25 13:00:00,1892.698,,no_room,,,,2022-02-25 20:00:00
-1,2022-02-28 07:15:00,1905.998,,no_room,,,,2022-02-28 14:15:00
1,2022-03-01 15:30:00,1926.251,,no_room,,,,2022-03-01 22:30:00
1,2022-03-02 07:00:00,1938.108,,no_room,,,,2022-03-02 14:00:00
-1,2022-03-03 09:15:00,1925.008,,no_room,,,,2022-03-03 16:15:00
1,2022-03-04 09:00:00,1939.074,,no_room,,,,2022-03-04 16:00:00
1,2022-03-04 14:15:00,1949.859,,no_room,,,,2022-03-04 21:15:00
1,2022-03-07 07:45:00,1991.368,,no_room,,,,2022-03-07 14:45:00
1,2022-03-07 10:15:00,1998.494,,no_room,,,,2022-03-07 17:15:00
1,2022-03-08 12:15:00,2009.507,,no_room,,,,2022-03-08 19:15:00
-1,2022-03-10 13:45:00,1998.888,1980.938,signal,2009.7311785714285,1981.6071785714287,1964.3263571428574,2022-03-10 20:45:00
-1,2022-03-11 11:15:00,1988.458,,no_room,,,,2022-03-11 18:15:00
-1,2022-03-14 08:00:00,1971.088,,no_room,,,,2022-03-14 15:00:00
-1,2022-03-14 11:15:00,1959.658,,no_room,,,,2022-03-14 18:15:00
-1,2022-03-14 14:00:00,1954.628,,no_room,,,,2022-03-14 21:00:00
-1,2022-03-15 10:45:00,1926.838,,no_room,,,,2022-03-15 17:45:00
-1,2022-03-15 13:00:00,1920.458,,no_room,,,,2022-03-15 20:00:00
-1,2022-03-16 12:15:00,1917.738,,no_room,,,,2022-03-16 19:15:00
-1,2022-03-16 14:00:00,1915.413,,no_room,,,,2022-03-16 21:00:00
1,2022-03-17 08:15:00,1937.328,,no_room,,,,2022-03-17 15:15:00
1,2022-03-17 10:00:00,1942.553,,no_room,,,,2022-03-17 17:00:00
1,2022-03-17 14:30:00,1946.758,,no_room,,,,2022-03-17 21:30:00
-1,2022-03-18 13:15:00,1928.848,,no_room,,,,2022-03-18 20:15:00
-1,2022-03-21 13:15:00,1921.498,,no_room,,,,2022-03-21 20:15:00
1,2022-03-21 13:45:00,1927.918,,no_room,,,,2022-03-21 20:45:00
-1,2022-03-22 13:30:00,1923.858,,no_room,,,,2022-03-22 20:30:00
-1,2022-03-23 15:30:00,1928.233,,no_room,,,,2022-03-23 22:30:00
1,2022-03-24 07:45:00,1943.093,,no_room,,,,2022-03-24 14:45:00
1,2022-03-24 10:15:00,1945.809,,no_room,,,,2022-03-24 17:15:00
1,2022-03-24 11:30:00,1947.188,,no_room,,,,2022-03-24 18:30:00
1,2022-03-24 14:15:00,1957.828,,no_room,,,,2022-03-24 21:15:00
-1,2022-03-25 10:30:00,1953.981,,no_room,,,,2022-03-25 17:30:00
-1,2022-03-25 13:15:00,1949.808,,no_room,,,,2022-03-25 20:15:00
-1,2022-03-28 07:15:00,1932.978,,no_room,,,,2022-03-28 14:15:00
-1,2022-03-28 08:15:00,1931.538,,no_room,,,,2022-03-28 15:15:00
-1,2022-03-29 07:15:00,1921.118,,no_room,,,,2022-03-29 14:15:00
-1,2022-03-29 11:45:00,1909.582,,no_room,,,,2022-03-29 18:45:00
-1,2022-03-30 07:30:00,1922.603,,no_room,,,,2022-03-30 14:30:00
1,2022-03-30 14:15:00,1932.508,,no_room,,,,2022-03-30 21:15:00
1,2022-03-31 12:45:00,1933.748,,no_room,,,,2022-03-31 19:45:00
1,2022-03-31 15:15:00,1942.588,,no_room,,,,2022-03-31 22:15:00
-1,2022-04-01 10:45:00,1929.328,,no_room,,,,2022-04-01 17:45:00
-1,2022-04-01 13:00:00,1924.118,,no_room,,,,2022-04-01 20:00:00
1,2022-04-05 12:30:00,1929.658,,no_room,,,,2022-04-05 19:30:00
-1,2022-04-05 15:45:00,1923.978,,no_room,,,,2022-04-05 22:45:00
1,2022-04-06 13:30:00,1928.388,,no_room,,,,2022-04-06 20:30:00
1,2022-04-07 11:30:00,1928.678,,no_room,,,,2022-04-07 18:30:00
1,2022-04-07 14:30:00,1933.952,,no_room,,,,2022-04-07 21:30:00
1,2022-04-11 07:45:00,1945.478,,no_room,,,,2022-04-11 14:45:00
1,2022-04-11 11:45:00,1959.378,,no_room,,,,2022-04-11 18:45:00
1,2022-04-12 12:00:00,1957.482,,no_room,,,,2022-04-12 19:00:00
1,2022-04-12 14:45:00,1972.952,,no_room,,,,2022-04-12 21:45:00
1,2022-04-13 08:15:00,1973.448,,no_room,,,,2022-04-13 15:15:00
1,2022-04-13 12:00:00,1980.112,,no_room,,,,2022-04-13 19:00:00
1,2022-04-13 15:45:00,1980.348,,no_room,,,,2022-04-13 22:45:00
1,2022-04-14 07:30:00,1974.577,,no_room,,,,2022-04-14 14:30:00
1,2022-04-14 12:00:00,1978.238,,no_room,,,,2022-04-14 19:00:00
-1,2022-04-14 13:45:00,1969.748,,no_room,,,,2022-04-14 20:45:00
1,2022-04-18 09:15:00,1993.028,1998.025,signal,1988.2398714285716,1997.8168714285716,2002.6057428571432,2022-04-18 16:15:00
1,2022-04-18 12:15:00,1993.762,,no_room,,,,2022-04-18 19:15:00
1,2022-04-19 07:15:00,1978.648,,no_room,,,,2022-04-19 14:15:00
1,2022-04-19 11:15:00,1978.778,,no_room,,,,2022-04-19 18:15:00
-1,2022-04-19 14:30:00,1957.214,,no_room,,,,2022-04-19 21:30:00
-1,2022-04-22 15:00:00,1931.118,,no_room,,,,2022-04-22 22:00:00
-1,2022-04-25 10:30:00,1914.143,,no_room,,,,2022-04-25 17:30:00
-1,2022-04-25 12:00:00,1905.058,,no_room,,,,2022-04-25 19:00:00
-1,2022-04-26 07:15:00,1901.378,,no_room,,,,2022-04-26 14:15:00
-1,2022-04-27 08:00:00,1895.891,,no_room,,,,2022-04-27 15:00:00
-1,2022-04-27 13:00:00,1895.818,,no_room,,,,2022-04-27 20:00:00
-1,2022-04-28 12:00:00,1885.313,,no_room,,,,2022-04-28 19:00:00
1,2022-04-29 10:15:00,1916.853,,no_room,,,,2022-04-29 17:15:00
1,2022-04-29 11:45:00,1917.673,,no_room,,,,2022-04-29 18:45:00
-1,2022-05-02 08:15:00,1883.017,,no_room,,,,2022-05-02 15:15:00
-1,2022-05-02 11:30:00,1877.128,,no_room,,,,2022-05-02 18:30:00
-1,2022-05-03 07:00:00,1857.333,,no_room,,,,2022-05-03 14:00:00
-1,2022-05-03 08:30:00,1853.318,,no_room,,,,2022-05-03 15:30:00
1,2022-05-05 11:00:00,1899.228,,no_room,,,,2022-05-05 18:00:00
1,2022-05-05 12:15:00,1900.168,,no_room,,,,2022-05-05 19:15:00
-1,2022-05-06 12:45:00,1881.13,,no_room,,,,2022-05-06 19:45:00
-1,2022-05-09 08:30:00,1866.328,,no_room,,,,2022-05-09 15:30:00
-1,2022-05-10 09:45:00,1858.628,,no_room,,,,2022-05-10 16:45:00
-1,2022-05-10 14:30:00,1856.382,,no_room,,,,2022-05-10 21:30:00
-1,2022-05-11 12:30:00,1846.563,,no_room,,,,2022-05-11 19:30:00
-1,2022-05-12 07:00:00,1847.368,,no_room,,,,2022-05-12 14:00:00
-1,2022-05-12 11:30:00,1845.848,,no_room,,,,2022-05-12 18:30:00
-1,2022-05-12 13:45:00,1839.918,,no_room,,,,2022-05-12 20:45:00
-1,2022-05-12 15:45:00,1835.633,,no_room,,,,2022-05-12 22:45:00
-1,2022-05-13 10:15:00,1820.138,,no_room,,,,2022-05-13 17:15:00
-1,2022-05-13 11:45:00,1815.603,,no_room,,,,2022-05-13 18:45:00
-1,2022-05-16 07:30:00,1804.628,,no_room,,,,2022-05-16 14:30:00
1,2022-05-17 11:30:00,1830.308,,no_room,,,,2022-05-17 18:30:00
-1,2022-05-18 11:15:00,1813.568,,no_room,,,,2022-05-18 18:15:00
1,2022-05-19 11:15:00,1830.628,,no_room,,,,2022-05-19 18:15:00
1,2022-05-19 14:00:00,1841.718,,no_room,,,,2022-05-19 21:00:00
1,2022-05-23 08:15:00,1858.128,,no_room,,,,2022-05-23 15:15:00
1,2022-05-24 07:45:00,1857.108,,no_room,,,,2022-05-24 14:45:00
1,2022-05-24 13:00:00,1860.598,,no_room,,,,2022-05-24 20:00:00
1,2022-05-24 15:45:00,1868.778,,no_room,,,,2022-05-24 22:45:00
-1,2022-05-25 15:45:00,1846.919,,no_room,,,,2022-05-25 22:45:00
-1,2022-05-26 11:15:00,1842.788,,no_room,,,,2022-05-26 18:15:00
1,2022-05-30 13:00:00,1856.408,,sl_too_tight,,,,2022-05-30 20:00:00
-1,2022-05-31 09:30:00,1850.958,,no_room,,,,2022-05-31 16:30:00
-1,2022-05-31 14:15:00,1844.488,,no_room,,,,2022-05-31 21:15:00
-1,2022-06-01 08:45:00,1831.378,,no_room,,,,2022-06-01 15:45:00
1,2022-06-02 09:15:00,1853.183,,no_room,,,,2022-06-02 16:15:00
1,2022-06-02 13:00:00,1856.863,,no_room,,,,2022-06-02 20:00:00
1,2022-06-03 12:00:00,1866.458,,sl_too_tight,,,,2022-06-03 19:00:00
1,2022-06-06 12:00:00,1855.483,,no_room,,,,2022-06-06 19:00:00
-1,2022-06-07 12:15:00,1845.957,,no_room,,,,2022-06-07 19:15:00
-1,2022-06-08 12:15:00,1846.973,,no_room,,,,2022-06-08 19:15:00
1,2022-06-08 14:45:00,1855.988,,no_room,,,,2022-06-08 21:45:00
-1,2022-06-09 14:00:00,1843.723,,no_room,,,,2022-06-09 21:00:00
-1,2022-06-10 09:15:00,1843.664,,no_room,,,,2022-06-10 16:15:00
-1,2022-06-10 11:15:00,1841.638,,no_room,,,,2022-06-10 18:15:00
-1,2022-06-14 08:45:00,1826.386,,no_room,,,,2022-06-14 15:45:00
-1,2022-06-14 14:00:00,1815.958,,no_room,,,,2022-06-14 21:00:00
-1,2022-06-14 15:30:00,1812.448,,no_room,,,,2022-06-14 22:30:00
-1,2022-06-15 13:15:00,1828.451,,no_room,,,,2022-06-15 20:15:00
-1,2022-06-16 10:00:00,1826.248,,no_room,,,,2022-06-16 17:00:00
1,2022-06-17 07:30:00,1847.078,,sl_too_tight,,,,2022-06-17 14:30:00
-1,2022-06-20 07:15:00,1840.913,,no_room,,,,2022-06-20 14:15:00
-1,2022-06-20 10:15:00,1838.808,,no_room,,,,2022-06-20 17:15:00
-1,2022-06-20 14:15:00,1837.288,,no_room,,,,2022-06-20 21:15:00
-1,2022-06-21 07:00:00,1833.578,,no_room,,,,2022-06-21 14:00:00
-1,2022-06-21 10:15:00,1834.138,,no_room,,,,2022-06-21 17:15:00
-1,2022-06-22 08:00:00,1824.084,,no_room,,,,2022-06-22 15:00:00
1,2022-06-23 07:30:00,1835.668,,no_room,,,,2022-06-23 14:30:00
1,2022-06-23 13:15:00,1838.008,,no_room,,,,2022-06-23 20:15:00
-1,2022-06-24 11:15:00,1824.808,,no_room,,,,2022-06-24 18:15:00
-1,2022-06-28 14:30:00,1820.228,,no_room,,,,2022-06-28 21:30:00
-1,2022-06-29 08:30:00,1815.898,,no_room,,,,2022-06-29 15:30:00
-1,2022-07-01 07:00:00,1795.088,,no_room,,,,2022-07-01 14:00:00
-1,2022-07-01 10:00:00,1792.468,,no_room,,,,2022-07-01 17:00:00
-1,2022-07-04 07:30:00,1809.358,,no_room,,,,2022-07-04 14:30:00
-1,2022-07-04 09:30:00,1806.324,,no_room,,,,2022-07-04 16:30:00
-1,2022-07-05 11:15:00,1800.21,,no_room,,,,2022-07-05 18:15:00
-1,2022-07-05 13:00:00,1796.208,,no_room,,,,2022-07-05 20:00:00
-1,2022-07-05 15:15:00,1766.208,,no_room,,,,2022-07-05 22:15:00
-1,2022-07-06 10:00:00,1763.0,,no_room,,,,2022-07-06 17:00:00
-1,2022-07-06 14:00:00,1759.438,,no_room,,,,2022-07-06 21:00:00
-1,2022-07-07 12:45:00,1740.768,,no_room,,,,2022-07-07 19:45:00
-1,2022-07-08 07:15:00,1739.994,,no_room,,,,2022-07-08 14:15:00
-1,2022-07-08 12:30:00,1739.049,,no_room,,,,2022-07-08 19:30:00
-1,2022-07-11 09:45:00,1735.892,,no_room,,,,2022-07-11 16:45:00
-1,2022-07-12 10:30:00,1732.414,,no_room,,,,2022-07-12 17:30:00
-1,2022-07-12 13:15:00,1731.408,,no_room,,,,2022-07-12 20:15:00
1,2022-07-13 11:00:00,1730.207,,no_room,,,,2022-07-13 18:00:00
-1,2022-07-14 10:00:00,1714.998,,no_room,,,,2022-07-14 17:00:00
-1,2022-07-14 10:45:00,1712.134,,no_room,,,,2022-07-14 17:45:00
-1,2022-07-14 12:45:00,1709.848,,no_room,,,,2022-07-14 19:45:00
-1,2022-07-15 10:00:00,1701.574,,no_room,,,,2022-07-15 17:00:00
1,2022-07-18 07:15:00,1718.308,,no_room,,,,2022-07-18 14:15:00
1,2022-07-18 09:15:00,1720.698,,no_room,,,,2022-07-18 16:15:00
1,2022-07-19 07:45:00,1711.028,,no_room,,,,2022-07-19 14:45:00
1,2022-07-20 09:00:00,1709.288,,sl_too_tight,,,,2022-07-20 16:00:00
1,2022-07-20 13:15:00,1712.791,,no_room,,,,2022-07-20 20:15:00
-1,2022-07-21 08:45:00,1685.108,,no_room,,,,2022-07-21 15:45:00
-1,2022-07-21 10:30:00,1682.108,,no_room,,,,2022-07-21 17:30:00
1,2022-07-22 09:15:00,1720.363,,no_room,,,,2022-07-22 16:15:00
1,2022-07-22 11:30:00,1725.618,,no_room,,,,2022-07-22 18:30:00
1,2022-07-22 13:45:00,1730.103,,no_room,,,,2022-07-22 20:45:00
1,2022-07-25 07:15:00,1727.768,,no_room,,,,2022-07-25 14:15:00
1,2022-07-25 08:30:00,1729.098,,no_room,,,,2022-07-25 15:30:00
-1,2022-07-26 09:15:00,1720.908,,no_room,,,,2022-07-26 16:15:00
1,2022-07-28 12:30:00,1747.005,,no_room,,,,2022-07-28 19:30:00
1,2022-07-28 14:45:00,1754.764,,no_room,,,,2022-07-28 21:45:00
1,2022-07-29 15:00:00,1763.258,,no_room,,,,2022-07-29 22:00:00
1,2022-08-01 07:00:00,1765.528,,no_room,,,,2022-08-01 14:00:00
1,2022-08-01 09:30:00,1767.087,,no_room,,,,2022-08-01 16:30:00
1,2022-08-02 11:00:00,1776.068,,no_room,,,,2022-08-02 18:00:00
-1,2022-08-03 07:15:00,1766.938,,no_room,,,,2022-08-03 14:15:00
-1,2022-08-03 08:30:00,1765.048,,no_room,,,,2022-08-03 15:30:00
-1,2022-08-03 10:15:00,1764.032,,no_room,,,,2022-08-03 17:15:00
1,2022-08-04 08:00:00,1774.514,,no_room,,,,2022-08-04 15:00:00
1,2022-08-08 07:15:00,1776.358,,no_room,,,,2022-08-08 14:15:00
1,2022-08-08 10:45:00,1779.104,,no_room,,,,2022-08-08 17:45:00
1,2022-08-08 12:15:00,1783.144,,no_room,,,,2022-08-08 19:15:00
1,2022-08-08 14:30:00,1786.444,,no_room,,,,2022-08-08 21:30:00
1,2022-08-09 08:00:00,1789.168,,no_room,,,,2022-08-09 15:00:00
1,2022-08-09 10:30:00,1793.308,,no_room,,,,2022-08-09 17:30:00
1,2022-08-09 13:00:00,1794.578,,no_room,,,,2022-08-09 20:00:00
1,2022-08-10 08:30:00,1791.778,,no_room,,,,2022-08-10 15:30:00
1,2022-08-10 12:30:00,1795.214,,no_room,,,,2022-08-10 19:30:00
-1,2022-08-11 15:00:00,1790.958,,no_room,,,,2022-08-11 22:00:00
-1,2022-08-12 07:30:00,1789.914,,sl_too_tight,,,,2022-08-12 14:30:00
-1,2022-08-12 11:30:00,1785.968,,sl_too_tight,,,,2022-08-12 18:30:00
-1,2022-08-15 11:30:00,1774.708,,no_room,,,,2022-08-15 18:30:00
-1,2022-08-16 12:45:00,1773.744,,no_room,,,,2022-08-16 19:45:00
-1,2022-08-17 07:30:00,1774.618,,no_room,,,,2022-08-17 14:30:00
-1,2022-08-17 10:15:00,1771.884,,no_room,,,,2022-08-17 17:15:00
-1,2022-08-17 15:00:00,1764.965,,no_room,,,,2022-08-17 22:00:00
-1,2022-08-18 12:30:00,1768.318,,no_room,,,,2022-08-18 19:30:00
-1,2022-08-18 14:45:00,1762.614,,no_room,,,,2022-08-18 21:45:00
-1,2022-08-19 10:00:00,1751.768,,sl_too_tight,,,,2022-08-19 17:00:00
-1,2022-08-19 14:30:00,1749.761,,no_room,,,,2022-08-19 21:30:00
-1,2022-08-22 12:15:00,1731.594,,no_room,,,,2022-08-22 19:15:00
1,2022-08-23 07:45:00,1738.114,,no_room,,,,2022-08-23 14:45:00
1,2022-08-23 13:30:00,1738.904,,no_room,,,,2022-08-23 20:30:00
1,2022-08-24 07:45:00,1747.484,,no_room,,,,2022-08-24 14:45:00
1,2022-08-24 14:15:00,1747.468,,no_room,,,,2022-08-24 21:15:00
-1,2022-08-26 09:45:00,1750.088,,no_room,,,,2022-08-26 16:45:00
-1,2022-08-26 14:45:00,1743.594,,no_room,,,,2022-08-26 21:45:00
-1,2022-08-29 07:15:00,1722.298,,no_room,,,,2022-08-29 14:15:00
-1,2022-08-30 12:30:00,1731.918,,no_room,,,,2022-08-30 19:30:00
-1,2022-08-30 14:15:00,1727.994,,no_room,,,,2022-08-30 21:15:00
-1,2022-08-31 07:00:00,1720.484,,no_room,,,,2022-08-31 14:00:00
-1,2022-08-31 08:15:00,1719.618,,no_room,,,,2022-08-31 15:15:00
-1,2022-09-01 08:00:00,1703.348,,no_room,,,,2022-09-01 15:00:00
-1,2022-09-01 12:30:00,1699.878,,no_room,,,,2022-09-01 19:30:00
-1,2022-09-02 12:30:00,1704.488,,sl_too_tight,,,,2022-09-02 19:30:00
1,2022-09-02 12:45:00,1707.255,,no_room,,,,2022-09-02 19:45:00
1,2022-09-02 14:30:00,1714.684,,no_room,,,,2022-09-02 21:30:00
1,2022-09-05 09:45:00,1713.964,,no_room,,,,2022-09-05 16:45:00
-1,2022-09-06 12:45:00,1710.593,,no_room,,,,2022-09-06 19:45:00
-1,2022-09-06 14:00:00,1705.748,,no_room,,,,2022-09-06 21:00:00
1,2022-09-07 09:30:00,1705.384,,no_room,,,,2022-09-07 16:30:00
1,2022-09-07 14:15:00,1704.114,,no_room,,,,2022-09-07 21:15:00
1,2022-09-08 10:45:00,1722.728,,no_room,,,,2022-09-08 17:45:00
1,2022-09-12 09:15:00,1726.398,,no_room,,,,2022-09-12 16:15:00
1,2022-09-12 11:15:00,1727.378,,no_room,,,,2022-09-12 18:15:00
1,2022-09-12 15:45:00,1733.798,,no_room,,,,2022-09-12 22:45:00
1,2022-09-13 09:00:00,1725.254,,no_room,,,,2022-09-13 16:00:00
1,2022-09-13 10:45:00,1728.055,,no_room,,,,2022-09-13 17:45:00
-1,2022-09-14 07:15:00,1699.124,,no_room,,,,2022-09-14 14:15:00
-1,2022-09-14 11:45:00,1702.394,,no_room,,,,2022-09-14 18:45:00
-1,2022-09-15 11:00:00,1686.114,,no_room,,,,2022-09-15 18:00:00
-1,2022-09-15 14:45:00,1680.298,,no_room,,,,2022-09-15 21:45:00
-1,2022-09-16 13:30:00,1657.998,,no_room,,,,2022-09-16 20:30:00
1,2022-09-19 12:15:00,1665.938,,no_room,,,,2022-09-19 19:15:00
1,2022-09-19 14:30:00,1667.575,,no_room,,,,2022-09-19 21:30:00
1,2022-09-22 08:00:00,1663.578,,no_room,,,,2022-09-22 15:00:00
1,2022-09-22 12:30:00,1678.025,,no_room,,,,2022-09-22 19:30:00
-1,2022-09-23 10:45:00,1652.524,,no_room,,,,2022-09-23 17:45:00
-1,2022-09-27 09:15:00,1633.665,,no_room,,,,2022-09-27 16:15:00
-1,2022-09-27 15:15:00,1632.715,,no_room,,,,2022-09-27 22:15:00
1,2022-09-28 15:30:00,1654.013,,no_room,,,,2022-09-28 22:30:00
1,2022-09-29 09:15:00,1647.945,,no_room,,,,2022-09-29 16:15:00
1,2022-09-29 11:45:00,1651.105,,no_room,,,,2022-09-29 18:45:00
1,2022-09-29 15:30:00,1658.048,,no_room,,,,2022-09-29 22:30:00
1,2022-09-30 13:45:00,1669.365,,no_room,,,,2022-09-30 20:45:00
1,2022-10-03 12:15:00,1666.796,,no_room,,,,2022-10-03 19:15:00
1,2022-10-04 13:00:00,1712.428,,no_room,,,,2022-10-04 20:00:00
1,2022-10-04 14:00:00,1713.858,,no_room,,,,2022-10-04 21:00:00
1,2022-10-05 12:45:00,1713.042,,no_room,,,,2022-10-05 19:45:00
1,2022-10-06 12:00:00,1717.378,,no_room,,,,2022-10-06 19:00:00
1,2022-10-07 09:00:00,1713.954,,no_room,,,,2022-10-07 16:00:00
-1,2022-10-10 07:30:00,1684.578,,no_room,,,,2022-10-10 14:30:00
-1,2022-10-10 14:30:00,1671.998,,no_room,,,,2022-10-10 21:30:00
-1,2022-10-11 09:30:00,1663.668,,no_room,,,,2022-10-11 16:30:00
1,2022-10-13 07:45:00,1670.998,,no_room,,,,2022-10-13 14:45:00
1,2022-10-13 11:30:00,1677.838,,no_room,,,,2022-10-13 18:30:00
-1,2022-10-14 07:15:00,1666.358,,no_room,,,,2022-10-14 14:15:00
-1,2022-10-14 08:15:00,1663.495,,no_room,,,,2022-10-14 15:15:00
-1,2022-10-14 13:30:00,1651.648,,no_room,,,,2022-10-14 20:30:00
-1,2022-10-14 15:45:00,1645.118,,no_room,,,,2022-10-14 22:45:00
-1,2022-10-18 08:45:00,1651.148,,no_room,,,,2022-10-18 15:45:00
-1,2022-10-18 13:45:00,1651.898,,no_room,,,,2022-10-18 20:45:00
-1,2022-10-19 10:15:00,1637.567,,no_room,,,,2022-10-19 17:15:00
-1,2022-10-19 15:45:00,1631.177,,no_room,,,,2022-10-19 22:45:00
-1,2022-10-21 07:00:00,1619.678,1616.0,signal,1622.9794857142858,1616.1924857142858,1612.7069714285715,2022-10-21 14:00:00
-1,2022-10-21 11:30:00,1623.907,,no_room,,,,2022-10-21 18:30:00
-1,2022-10-28 12:15:00,1646.158,,no_room,,,,2022-10-28 19:15:00
-1,2022-10-28 15:45:00,1639.898,,no_room,,,,2022-10-28 22:45:00
-1,2022-10-31 08:00:00,1640.367,,no_room,,,,2022-10-31 15:00:00
-1,2022-10-31 13:15:00,1636.477,,no_room,,,,2022-10-31 20:15:00
1,2022-11-01 09:45:00,1649.747,,no_room,,,,2022-11-01 16:45:00
1,2022-11-02 07:45:00,1652.618,,no_room,,,,2022-11-02 14:45:00
-1,2022-11-03 11:15:00,1619.657,,no_room,,,,2022-11-03 18:15:00
-1,2022-11-04 07:45:00,1645.358,,no_room,,,,2022-11-04 14:45:00
1,2022-11-07 08:45:00,1674.708,,no_room,,,,2022-11-07 15:45:00
1,2022-11-07 14:00:00,1678.608,,no_room,,,,2022-11-07 21:00:00
1,2022-11-08 09:45:00,1670.977,,no_room,,,,2022-11-08 16:45:00
1,2022-11-08 11:15:00,1671.888,,no_room,,,,2022-11-08 18:15:00
1,2022-11-08 13:15:00,1673.198,,no_room,,,,2022-11-08 20:15:00
1,2022-11-08 14:15:00,1675.068,,no_room,,,,2022-11-08 21:15:00
1,2022-11-09 07:00:00,1709.968,,sl_too_tight,,,,2022-11-09 14:00:00
1,2022-11-09 08:00:00,1712.587,,no_room,,,,2022-11-09 15:00:00
1,2022-11-09 14:00:00,1709.908,,no_room,,,,2022-11-09 21:00:00
1,2022-11-10 12:45:00,1709.128,,no_room,,,,2022-11-10 19:45:00
1,2022-11-11 08:45:00,1762.787,,no_room,,,,2022-11-11 15:45:00
1,2022-11-14 08:00:00,1763.457,,no_room,,,,2022-11-14 15:00:00
1,2022-11-14 14:45:00,1766.048,,no_room,,,,2022-11-14 21:45:00
1,2022-11-15 07:15:00,1773.598,,no_room,,,,2022-11-15 14:15:00
1,2022-11-15 13:30:00,1777.598,,no_room,,,,2022-11-15 20:30:00
1,2022-11-16 07:45:00,1775.718,,no_room,,,,2022-11-16 14:45:00
-1,2022-11-17 13:00:00,1761.317,,no_room,,,,2022-11-17 20:00:00
-1,2022-11-18 11:15:00,1762.748,,no_room,,,,2022-11-18 18:15:00
-1,2022-11-18 14:15:00,1757.977,,no_room,,,,2022-11-18 21:15:00
-1,2022-11-21 07:30:00,1744.188,,no_room,,,,2022-11-21 14:30:00
-1,2022-11-21 15:00:00,1738.998,,no_room,,,,2022-11-21 22:00:00
1,2022-11-22 11:45:00,1748.268,,no_room,,,,2022-11-22 18:45:00
1,2022-11-23 14:45:00,1739.977,,no_room,,,,2022-11-23 21:45:00
1,2022-11-24 07:00:00,1756.618,,no_room,,,,2022-11-24 14:00:00
1,2022-11-24 09:00:00,1757.498,,no_room,,,,2022-11-24 16:00:00
-1,2022-11-25 13:15:00,1749.148,,no_room,,,,2022-11-25 20:15:00
-1,2022-11-29 12:30:00,1753.218,,no_room,,,,2022-11-29 19:30:00
1,2022-11-30 12:00:00,1762.998,,no_room,,,,2022-11-30 19:00:00
1,2022-12-01 10:15:00,1779.028,,no_room,,,,2022-12-01 17:15:00
1,2022-12-01 11:15:00,1779.898,,no_room,,,,2022-12-01 18:15:00
1,2022-12-05 12:45:00,1796.268,,no_room,,,,2022-12-05 19:45:00
1,2022-12-07 08:45:00,1775.018,,no_room,,,,2022-12-07 15:45:00
1,2022-12-07 12:45:00,1774.748,,no_room,,,,2022-12-07 19:45:00
1,2022-12-08 11:30:00,1784.428,,no_room,,,,2022-12-08 18:30:00
1,2022-12-08 13:15:00,1786.868,,no_room,,,,2022-12-08 20:15:00
1,2022-12-08 14:45:00,1791.798,,no_room,,,,2022-12-08 21:45:00
1,2022-12-09 11:15:00,1794.638,,no_room,,,,2022-12-09 18:15:00
-1,2022-12-12 12:45:00,1789.568,,no_room,,,,2022-12-12 19:45:00
-1,2022-12-12 13:45:00,1788.038,,no_room,,,,2022-12-12 20:45:00
-1,2022-12-12 15:30:00,1784.998,,no_room,,,,2022-12-12 22:30:00
1,2022-12-14 14:00:00,1809.345,,no_room,,,,2022-12-14 21:00:00
-1,2022-12-15 07:45:00,1789.505,,no_room,,,,2022-12-15 14:45:00
-1,2022-12-15 13:15:00,1775.608,,no_room,,,,2022-12-15 20:15:00
-1,2022-12-16 07:45:00,1777.815,,no_room,,,,2022-12-16 14:45:00
1,2022-12-19 08:00:00,1793.555,,no_room,,,,2022-12-19 15:00:00
-1,2022-12-19 15:45:00,1788.795,,no_room,,,,2022-12-19 22:45:00
1,2022-12-20 11:30:00,1807.695,,no_room,,,,2022-12-20 18:30:00
1,2022-12-20 14:45:00,1809.325,,no_room,,,,2022-12-20 21:45:00
1,2022-12-21 07:15:00,1814.845,,sl_too_tight,,,,2022-12-21 14:15:00
1,2022-12-21 13:15:00,1817.208,,no_room,,,,2022-12-21 20:15:00
1,2022-12-21 15:30:00,1819.715,,no_room,,,,2022-12-21 22:30:00
-1,2022-12-23 12:30:00,1796.755,,sl_too_tight,,,,2022-12-23 19:30:00
1,2022-12-27 09:15:00,1808.315,,no_room,,,,2022-12-27 16:15:00
1,2022-12-27 11:30:00,1809.715,,sl_too_tight,,,,2022-12-27 18:30:00
1,2022-12-27 15:00:00,1811.475,,no_room,,,,2022-12-27 22:00:00
-1,2022-12-28 15:15:00,1803.198,,no_room,,,,2022-12-28 22:15:00
1,2022-12-29 09:00:00,1810.008,,no_room,,,,2022-12-29 16:00:00
1,2022-12-29 13:15:00,1807.815,,sl_too_tight,,,,2022-12-29 20:15:00
1,2022-12-30 13:30:00,1820.967,,no_room,,,,2022-12-30 20:30:00
1,2023-01-03 07:15:00,1844.067,,no_room,,,,2023-01-03 14:15:00
1,2023-01-03 14:30:00,1841.855,,no_room,,,,2023-01-03 21:30:00
-1,2023-01-05 13:30:00,1843.725,,no_room,,,,2023-01-05 20:30:00
-1,2023-01-05 15:15:00,1831.315,,no_room,,,,2023-01-05 22:15:00
-1,2023-01-06 09:00:00,1836.585,,no_room,,,,2023-01-06 16:00:00
1,2023-01-06 15:00:00,1852.498,,no_room,,,,2023-01-06 22:00:00
1,2023-01-09 12:00:00,1874.785,,no_room,,,,2023-01-09 19:00:00
1,2023-01-10 08:45:00,1873.847,,no_room,,,,2023-01-10 15:45:00
1,2023-01-10 14:15:00,1876.895,,no_room,,,,2023-01-10 21:15:00
1,2023-01-11 09:15:00,1884.505,,no_room,,,,2023-01-11 16:15:00
-1,2023-01-12 07:00:00,1882.875,,sl_too_tight,,,,2023-01-12 14:00:00
1,2023-01-12 13:30:00,1889.977,,no_room,,,,2023-01-12 20:30:00
1,2023-01-13 07:45:00,1897.125,,no_room,,,,2023-01-13 14:45:00
1,2023-01-13 14:30:00,1906.865,,no_room,,,,2023-01-13 21:30:00
1,2023-01-16 11:30:00,1917.865,,no_room,,,,2023-01-16 18:30:00
-1,2023-01-17 09:45:00,1906.808,,no_room,,,,2023-01-17 16:45:00
1,2023-01-19 07:45:00,1911.038,,no_room,,,,2023-01-19 14:45:00
1,2023-01-19 12:30:00,1910.215,,no_room,,,,2023-01-19 19:30:00
1,2023-01-20 07:15:00,1929.195,,no_room,,,,2023-01-20 14:15:00
1,2023-01-20 15:15:00,1929.425,,no_room,,,,2023-01-20 22:15:00
-1,2023-01-23 12:00:00,1924.015,,no_room,,,,2023-01-23 19:00:00
-1,2023-01-23 13:30:00,1922.975,,no_room,,,,2023-01-23 20:30:00
1,2023-01-24 12:15:00,1938.475,,no_room,,,,2023-01-24 19:15:00
1,2023-01-25 14:15:00,1927.515,,no_room,,,,2023-01-25 21:15:00
1,2023-01-26 13:15:00,1937.555,,no_room,,,,2023-01-26 20:15:00
1,2023-01-27 08:45:00,1925.585,,no_room,,,,2023-01-27 15:45:00
1,2023-01-27 13:15:00,1932.205,,no_room,,,,2023-01-27 20:15:00
-1,2023-01-31 08:00:00,1911.925,,no_room,,,,2023-01-31 15:00:00
1,2023-02-01 11:00:00,1927.035,,no_room,,,,2023-02-01 18:00:00
1,2023-02-02 07:00:00,1954.345,,no_room,,,,2023-02-02 14:00:00
-1,2023-02-03 07:30:00,1913.847,,no_room,,,,2023-02-03 14:30:00
-1,2023-02-03 10:15:00,1910.265,,no_room,,,,2023-02-03 17:15:00
-1,2023-02-03 13:30:00,1909.195,,no_room,,,,2023-02-03 20:30:00
-1,2023-02-06 07:30:00,1875.105,,no_room,,,,2023-02-06 14:30:00
-1,2023-02-06 09:00:00,1874.188,,no_room,,,,2023-02-06 16:00:00
-1,2023-02-06 15:15:00,1868.265,,no_room,,,,2023-02-06 22:15:00
-1,2023-02-07 08:45:00,1872.635,,no_room,,,,2023-02-07 15:45:00
-1,2023-02-07 11:00:00,1871.015,,no_room,,,,2023-02-07 18:00:00
1,2023-02-08 07:15:00,1878.405,,no_room,,,,2023-02-08 14:15:00
1,2023-02-09 10:45:00,1885.385,,no_room,,,,2023-02-09 17:45:00
1,2023-02-09 13:45:00,1884.435,,no_room,,,,2023-02-09 20:45:00
-1,2023-02-10 14:45:00,1861.665,,no_room,,,,2023-02-10 21:45:00
-1,2023-02-13 09:30:00,1856.848,,no_room,,,,2023-02-13 16:30:00
-1,2023-02-14 11:15:00,1857.735,,no_room,,,,2023-02-14 18:15:00
-1,2023-02-14 14:15:00,1853.578,,no_room,,,,2023-02-14 21:15:00
-1,2023-02-15 15:30:00,1831.488,,no_room,,,,2023-02-15 22:30:00
1,2023-02-16 08:00:00,1841.648,,no_room,,,,2023-02-16 15:00:00
1,2023-02-16 12:45:00,1839.165,,no_room,,,,2023-02-16 19:45:00
-1,2023-02-17 07:00:00,1823.715,,no_room,,,,2023-02-17 14:00:00
1,2023-02-20 07:15:00,1845.498,,no_room,,,,2023-02-20 14:15:00
1,2023-02-20 13:15:00,1845.865,,no_room,,,,2023-02-20 20:15:00
-1,2023-02-21 07:15:00,1837.015,,sl_too_tight,,,,2023-02-21 14:15:00
-1,2023-02-21 12:00:00,1832.105,,no_room,,,,2023-02-21 19:00:00
1,2023-02-22 07:45:00,1837.165,,sl_too_tight,,,,2023-02-22 14:45:00
1,2023-02-22 11:00:00,1836.155,,no_room,,,,2023-02-22 18:00:00
-1,2023-02-23 08:30:00,1827.495,,no_room,,,,2023-02-23 15:30:00
-1,2023-02-23 13:30:00,1823.898,,no_room,,,,2023-02-23 20:30:00
-1,2023-02-24 07:15:00,1823.945,,sl_too_tight,,,,2023-02-24 14:15:00
-1,2023-02-24 11:15:00,1820.965,,no_room,,,,2023-02-24 18:15:00
1,2023-02-27 13:45:00,1813.235,,no_room,,,,2023-02-27 20:45:00
1,2023-02-28 13:45:00,1812.965,,no_room,,,,2023-02-28 20:45:00
1,2023-03-01 12:30:00,1838.368,,no_room,,,,2023-03-01 19:30:00
1,2023-03-01 14:45:00,1841.515,,no_room,,,,2023-03-01 21:45:00
1,2023-03-02 08:45:00,1833.705,,no_room,,,,2023-03-02 15:45:00
1,2023-03-02 11:30:00,1835.145,,no_room,,,,2023-03-02 18:30:00
1,2023-03-03 08:30:00,1844.625,,sl_too_tight,,,,2023-03-03 15:30:00
1,2023-03-03 10:30:00,1847.295,,no_room,,,,2023-03-03 17:30:00
1,2023-03-06 07:15:00,1855.355,,no_room,,,,2023-03-06 14:15:00
-1,2023-03-07 09:30:00,1845.275,,no_room,,,,2023-03-07 16:30:00
1,2023-03-09 11:00:00,1819.045,,no_room,,,,2023-03-09 18:00:00
1,2023-03-09 13:30:00,1820.275,,no_room,,,,2023-03-09 20:30:00
1,2023-03-10 07:15:00,1832.745,,no_room,,,,2023-03-10 14:15:00
1,2023-03-10 13:30:00,1836.838,,no_room,,,,2023-03-10 20:30:00
1,2023-03-13 08:45:00,1882.165,,no_room,,,,2023-03-13 15:45:00
1,2023-03-13 12:15:00,1893.698,,no_room,,,,2023-03-13 19:15:00
1,2023-03-13 14:45:00,1909.658,,no_room,,,,2023-03-13 21:45:00
1,2023-03-14 12:00:00,1904.565,,no_room,,,,2023-03-14 19:00:00
1,2023-03-16 10:45:00,1922.425,,no_room,,,,2023-03-16 17:45:00
1,2023-03-17 11:15:00,1933.335,,no_room,,,,2023-03-17 18:15:00
1,2023-03-20 07:00:00,1993.165,,no_room,,,,2023-03-20 14:00:00
1,2023-03-20 12:15:00,1985.855,,no_room,,,,2023-03-20 19:15:00
-1,2023-03-21 07:45:00,1971.664,,no_room,,,,2023-03-21 14:45:00
-1,2023-03-21 12:00:00,1964.235,,no_room,,,,2023-03-21 19:00:00
-1,2023-03-22 07:15:00,1937.965,,no_room,,,,2023-03-22 14:15:00
1,2023-03-23 13:45:00,1980.208,,no_room,,,,2023-03-23 20:45:00
1,2023-03-23 15:15:00,1984.895,,no_room,,,,2023-03-23 22:15:00
1,2023-03-24 09:45:00,1992.765,,no_room,,,,2023-03-24 16:45:00
-1,2023-03-27 09:15:00,1965.815,,no_room,,,,2023-03-27 16:15:00
-1,2023-03-27 12:45:00,1948.045,,no_room,,,,2023-03-27 19:45:00
1,2023-03-28 10:30:00,1956.785,,no_room,,,,2023-03-28 17:30:00
1,2023-03-28 11:30:00,1957.198,,no_room,,,,2023-03-28 18:30:00
1,2023-03-28 14:45:00,1967.298,,no_room,,,,2023-03-28 21:45:00
1,2023-03-29 09:00:00,1964.675,,no_room,,,,2023-03-29 16:00:00
1,2023-03-29 14:30:00,1968.595,,no_room,,,,2023-03-29 21:30:00
-1,2023-03-30 13:15:00,1966.815,,no_room,,,,2023-03-30 20:15:00
1,2023-04-04 08:00:00,1982.278,,no_room,,,,2023-04-04 15:00:00
1,2023-04-04 12:30:00,1984.225,,no_room,,,,2023-04-04 19:30:00
1,2023-04-05 07:00:00,2025.235,,sl_too_tight,,,,2023-04-05 14:00:00
1,2023-04-05 12:15:00,2028.045,,no_room,,,,2023-04-05 19:15:00
1,2023-04-06 07:30:00,2016.785,,no_room,,,,2023-04-06 14:30:00
1,2023-04-06 09:00:00,2017.975,,no_room,,,,2023-04-06 16:00:00
1,2023-04-06 10:45:00,2019.575,,no_room,,,,2023-04-06 17:45:00
-1,2023-04-10 12:00:00,1999.775,1988.808,signal,2002.8933,1993.5384000000004,1987.3018000000006,2023-04-10 19:00:00
1,2023-04-11 14:15:00,2002.435,,no_room,,,,2023-04-11 21:15:00
1,2023-04-12 12:30:00,2010.215,2015.498,signal,2006.9052000000001,2015.1752000000001,2020.1354000000003,2023-04-12 19:30:00
1,2023-04-13 12:30:00,2028.535,,no_room,,,,2023-04-13 19:30:00
1,2023-04-13 13:45:00,2045.705,,no_room,,,,2023-04-13 20:45:00
-1,2023-04-17 10:00:00,2008.215,,no_room,,,,2023-04-17 17:00:00
-1,2023-04-17 12:30:00,2004.815,,no_room,,,,2023-04-17 19:30:00
-1,2023-04-18 13:00:00,1998.995,,no_room,,,,2023-04-18 20:00:00
-1,2023-04-19 08:00:00,1986.875,,no_room,,,,2023-04-19 15:00:00
-1,2023-04-20 09:00:00,1994.374,,no_room,,,,2023-04-20 16:00:00
-1,2023-04-21 12:00:00,1984.675,,no_room,,,,2023-04-21 19:00:00
-1,2023-04-21 13:45:00,1982.085,,no_room,,,,2023-04-21 20:45:00
-1,2023-04-24 12:00:00,1982.815,,no_room,,,,2023-04-24 19:00:00
-1,2023-04-24 13:30:00,1980.855,,no_room,,,,2023-04-24 20:30:00
1,2023-04-26 11:15:00,2000.048,,no_room,,,,2023-04-26 18:15:00
1,2023-04-26 13:15:00,2001.625,,no_room,,,,2023-04-26 20:15:00
-1,2023-04-27 09:45:00,1997.185,,no_room,,,,2023-04-27 16:45:00
-1,2023-04-27 12:30:00,1995.788,,no_room,,,,2023-04-27 19:30:00
-1,2023-04-28 07:15:00,1983.195,,no_room,,,,2023-04-28 14:15:00
1,2023-04-28 14:45:00,1989.995,,no_room,,,,2023-04-28 21:45:00
1,2023-05-01 09:15:00,1981.205,,sl_too_tight,,,,2023-05-01 16:15:00
1,2023-05-02 10:00:00,1985.665,,no_room,,,,2023-05-02 17:00:00
1,2023-05-02 14:00:00,1990.118,,no_room,,,,2023-05-02 21:00:00
1,2023-05-02 15:45:00,2012.948,,no_room,,,,2023-05-02 22:45:00
1,2023-05-03 13:15:00,2016.955,,no_room,,,,2023-05-03 20:15:00
1,2023-05-03 14:45:00,2020.045,,no_room,,,,2023-05-03 21:45:00
1,2023-05-04 11:00:00,2040.555,,no_room,,,,2023-05-04 18:00:00
1,2023-05-04 14:15:00,2044.734,,no_room,,,,2023-05-04 21:15:00
-1,2023-05-08 13:30:00,2021.434,2015.385,signal,2027.0575785714286,2015.6185785714285,2009.8031571428571,2023-05-08 20:30:00
1,2023-05-10 12:30:00,2032.004,,no_room,,,,2023-05-10 19:30:00
1,2023-05-11 11:00:00,2033.055,,no_room,,,,2023-05-11 18:00:00
-1,2023-05-12 09:30:00,2005.595,,no_room,,,,2023-05-12 16:30:00
1,2023-05-15 07:30:00,2019.135,,no_room,,,,2023-05-15 14:30:00
1,2023-05-15 13:45:00,2019.174,,no_room,,,,2023-05-15 20:45:00
-1,2023-05-16 10:15:00,2008.734,,sl_too_tight,,,,2023-05-16 17:15:00
-1,2023-05-16 15:00:00,2001.124,,no_room,,,,2023-05-16 22:00:00
-1,2023-05-17 08:45:00,1986.654,,no_room,,,,2023-05-17 15:45:00
-1,2023-05-17 12:30:00,1983.634,,no_room,,,,2023-05-17 19:30:00
-1,2023-05-18 12:30:00,1972.074,,no_room,,,,2023-05-18 19:30:00
-1,2023-05-18 14:30:00,1956.478,,no_room,,,,2023-05-18 21:30:00
-1,2023-05-19 10:15:00,1964.248,,no_room,,,,2023-05-19 17:15:00
-1,2023-05-19 12:30:00,1962.185,,no_room,,,,2023-05-19 19:30:00
1,2023-05-22 08:45:00,1978.595,,no_room,,,,2023-05-22 15:45:00
-1,2023-05-23 07:00:00,1959.418,,no_room,,,,2023-05-23 14:00:00
1,2023-05-24 11:15:00,1977.555,,no_room,,,,2023-05-24 18:15:00
-1,2023-05-24 15:45:00,1966.525,,no_room,,,,2023-05-24 22:45:00
-1,2023-05-25 12:15:00,1960.365,,no_room,,,,2023-05-25 19:15:00
-1,2023-05-26 11:45:00,1951.774,,sl_too_tight,,,,2023-05-26 18:45:00
-1,2023-05-26 14:30:00,1944.185,,no_room,,,,2023-05-26 21:30:00
-1,2023-05-29 07:45:00,1944.995,,no_room,,,,2023-05-29 14:45:00
1,2023-05-30 11:30:00,1956.215,,no_room,,,,2023-05-30 18:30:00
1,2023-05-31 11:45:00,1959.985,,no_room,,,,2023-05-31 18:45:00
1,2023-06-01 12:45:00,1968.248,,no_room,,,,2023-06-01 19:45:00
1,2023-06-01 15:00:00,1977.308,,no_room,,,,2023-06-01 22:00:00
-1,2023-06-05 07:30:00,1941.805,,no_room,,,,2023-06-05 14:30:00
-1,2023-06-05 11:15:00,1940.135,,no_room,,,,2023-06-05 18:15:00
-1,2023-06-06 07:15:00,1957.635,,no_room,,,,2023-06-06 14:15:00
1,2023-06-07 13:45:00,1966.288,,no_room,,,,2023-06-07 20:45:00
-1,2023-06-09 08:00:00,1962.238,,no_room,,,,2023-06-09 15:00:00
-1,2023-06-09 13:30:00,1961.524,,no_room,,,,2023-06-09 20:30:00
-1,2023-06-12 11:15:00,1963.535,,no_room,,,,2023-06-12 18:15:00
-1,2023-06-12 13:00:00,1961.585,,no_room,,,,2023-06-12 20:00:00
-1,2023-06-13 12:00:00,1961.925,,no_room,,,,2023-06-13 19:00:00
-1,2023-06-13 15:00:00,1951.0,,no_room,,,,2023-06-13 22:00:00
-1,2023-06-14 10:45:00,1948.295,,no_room,,,,2023-06-14 17:45:00
-1,2023-06-15 07:00:00,1930.645,,no_room,,,,2023-06-15 14:00:00
-1,2023-06-15 11:30:00,1930.638,,no_room,,,,2023-06-15 18:30:00
1,2023-06-16 09:00:00,1963.245,,no_room,,,,2023-06-16 16:00:00
1,2023-06-16 10:45:00,1964.615,,sl_too_tight,,,,2023-06-16 17:45:00
1,2023-06-19 08:15:00,1957.355,,no_room,,,,2023-06-19 15:15:00
-1,2023-06-19 09:45:00,1952.575,,no_room,,,,2023-06-19 16:45:00
-1,2023-06-19 15:45:00,1950.664,,sl_too_tight,,,,2023-06-19 22:45:00
1,2023-06-20 12:00:00,1953.478,,no_room,,,,2023-06-20 19:00:00
-1,2023-06-21 12:15:00,1931.964,,no_room,,,,2023-06-21 19:15:00
-1,2023-06-22 08:30:00,1926.955,,no_room,,,,2023-06-22 15:30:00
-1,2023-06-22 12:45:00,1924.764,,no_room,,,,2023-06-22 19:45:00
-1,2023-06-22 14:15:00,1918.905,,no_room,,,,2023-06-22 21:15:00
1,2023-06-27 12:00:00,1924.475,,no_room,,,,2023-06-27 19:00:00
-1,2023-06-28 08:00:00,1909.454,,no_room,,,,2023-06-28 15:00:00
-1,2023-06-28 09:45:00,1908.135,,no_room,,,,2023-06-28 16:45:00
-1,2023-06-28 13:30:00,1905.605,,no_room,,,,2023-06-28 20:30:00
-1,2023-06-29 12:30:00,1903.865,,no_room,,,,2023-06-29 19:30:00
-1,2023-06-30 08:15:00,1903.575,,no_room,,,,2023-06-30 15:15:00
1,2023-07-03 12:15:00,1914.295,,sl_too_tight,,,,2023-07-03 19:15:00
1,2023-07-04 08:45:00,1928.335,,no_room,,,,2023-07-04 15:45:00
1,2023-07-05 07:45:00,1926.385,,no_room,,,,2023-07-05 14:45:00
1,2023-07-05 09:15:00,1927.948,,no_room,,,,2023-07-05 16:15:00
1,2023-07-05 12:30:00,1929.428,,no_room,,,,2023-07-05 19:30:00
-1,2023-07-06 12:15:00,1916.555,,no_room,,,,2023-07-06 19:15:00
1,2023-07-12 12:30:00,1936.345,,no_room,,,,2023-07-12 19:30:00
1,2023-07-12 14:45:00,1957.275,,no_room,,,,2023-07-12 21:45:00
1,2023-07-13 13:00:00,1960.635,,sl_too_tight,,,,2023-07-13 20:00:00
-1,2023-07-13 15:45:00,1956.615,,no_room,,,,2023-07-13 22:45:00
-1,2023-07-14 14:00:00,1954.345,,no_room,,,,2023-07-14 21:00:00
-1,2023-07-17 12:30:00,1954.205,,no_room,,,,2023-07-17 19:30:00
1,2023-07-18 07:00:00,1961.635,,no_room,,,,2023-07-18 14:00:00
1,2023-07-18 11:15:00,1964.015,,no_room,,,,2023-07-18 18:15:00
1,2023-07-18 14:00:00,1971.998,,no_room,,,,2023-07-18 21:00:00
1,2023-07-20 08:15:00,1982.515,,no_room,,,,2023-07-20 15:15:00
-1,2023-07-21 07:30:00,1967.995,,no_room,,,,2023-07-21 14:30:00
-1,2023-07-21 13:00:00,1960.985,,no_room,,,,2023-07-21 20:00:00
-1,2023-07-24 13:15:00,1963.845,,no_room,,,,2023-07-24 20:15:00
-1,2023-07-25 08:00:00,1960.345,,no_room,,,,2023-07-25 15:00:00
-1,2023-07-25 10:45:00,1959.295,,no_room,,,,2023-07-25 17:45:00
1,2023-07-26 08:00:00,1970.818,,no_room,,,,2023-07-26 15:00:00
1,2023-07-26 11:00:00,1972.425,,no_room,,,,2023-07-26 18:00:00
1,2023-07-28 15:15:00,1961.135,,no_room,,,,2023-07-28 22:15:00
1,2023-07-31 10:00:00,1957.045,,no_room,,,,2023-07-31 17:00:00
-1,2023-08-01 15:00:00,1944.335,,no_room,,,,2023-08-01 22:00:00
-1,2023-08-02 12:30:00,1948.195,,no_room,,,,2023-08-02 19:30:00
-1,2023-08-02 14:00:00,1943.465,,no_room,,,,2023-08-02 21:00:00
-1,2023-08-03 07:00:00,1932.785,,no_room,,,,2023-08-03 14:00:00
-1,2023-08-03 10:30:00,1934.675,,no_room,,,,2023-08-03 17:30:00
-1,2023-08-03 12:15:00,1932.785,,no_room,,,,2023-08-03 19:15:00
-1,2023-08-04 10:15:00,1932.055,,sl_too_tight,,,,2023-08-04 17:15:00
1,2023-08-07 12:45:00,1937.535,,no_room,,,,2023-08-07 19:45:00
-1,2023-08-08 11:30:00,1930.165,,no_room,,,,2023-08-08 18:30:00
-1,2023-08-09 08:15:00,1928.468,,sl_too_tight,,,,2023-08-09 15:15:00
-1,2023-08-09 14:30:00,1922.005,,no_room,,,,2023-08-09 21:30:00
-1,2023-08-10 14:45:00,1915.445,,no_room,,,,2023-08-10 21:45:00
-1,2023-08-11 12:30:00,1917.015,,sl_too_tight,,,,2023-08-11 19:30:00
-1,2023-08-14 12:00:00,1912.068,,sl_too_tight,,,,2023-08-14 19:00:00
-1,2023-08-14 13:15:00,1905.905,,no_room,,,,2023-08-14 20:15:00
-1,2023-08-15 08:15:00,1904.045,,no_room,,,,2023-08-15 15:15:00
-1,2023-08-15 11:00:00,1902.818,,sl_too_tight,,,,2023-08-15 18:00:00
1,2023-08-15 14:45:00,1907.365,,no_room,,,,2023-08-15 21:45:00
1,2023-08-16 09:00:00,1906.435,,no_room,,,,2023-08-16 16:00:00
1,2023-08-16 13:30:00,1904.178,,sl_too_tight,,,,2023-08-16 20:30:00
-1,2023-08-17 08:45:00,1895.265,,sl_too_tight,,,,2023-08-17 15:45:00
-1,2023-08-17 13:45:00,1896.485,,sl_too_tight,,,,2023-08-17 20:45:00
-1,2023-08-18 08:30:00,1891.745,,sl_too_tight,,,,2023-08-18 15:30:00
-1,2023-08-18 12:15:00,1893.135,,sl_too_tight,,,,2023-08-18 19:15:00
-1,2023-08-18 15:30:00,1891.495,,no_room,,,,2023-08-18 22:30:00
-1,2023-08-21 10:15:00,1887.475,,no_room,,,,2023-08-21 17:15:00
1,2023-08-22 09:30:00,1902.165,,no_room,,,,2023-08-22 16:30:00
-1,2023-08-23 10:30:00,1901.615,,no_room,,,,2023-08-23 17:30:00
1,2023-08-25 09:15:00,1916.075,,no_room,,,,2023-08-25 16:15:00
1,2023-08-25 11:45:00,1917.925,,sl_too_tight,,,,2023-08-25 18:45:00
-1,2023-08-28 07:45:00,1914.655,,no_room,,,,2023-08-28 14:45:00
1,2023-08-28 15:15:00,1919.785,,no_room,,,,2023-08-28 22:15:00
1,2023-08-29 14:00:00,1924.405,,sl_too_tight,,,,2023-08-29 21:00:00
1,2023-08-30 09:15:00,1936.855,,sl_too_tight,,,,2023-08-30 16:15:00
1,2023-08-30 11:30:00,1938.655,,sl_too_tight,,,,2023-08-30 18:30:00
1,2023-08-31 11:45:00,1945.208,,sl_too_tight,,,,2023-08-31 18:45:00
-1,2023-08-31 15:30:00,1940.245,,no_room,,,,2023-08-31 22:30:00
1,2023-09-01 11:00:00,1944.395,,sl_too_tight,,,,2023-09-01 18:00:00
-1,2023-09-04 07:15:00,1943.975,,sl_too_tight,,,,2023-09-04 14:15:00
-1,2023-09-04 09:15:00,1942.964,,sl_too_tight,,,,2023-09-04 16:15:00
-1,2023-09-04 10:45:00,1940.725,,no_room,,,,2023-09-04 17:45:00
-1,2023-09-04 13:15:00,1939.775,,sl_too_tight,,,,2023-09-04 20:15:00
-1,2023-09-05 08:00:00,1935.035,,no_room,,,,2023-09-05 15:00:00
-1,2023-09-05 12:15:00,1930.145,,sl_too_tight,,,,2023-09-05 19:15:00
-1,2023-09-05 13:45:00,1927.808,,no_room,,,,2023-09-05 20:45:00
-1,2023-09-06 07:15:00,1924.098,,no_room,,,,2023-09-06 14:15:00
-1,2023-09-06 13:00:00,1922.735,,no_room,,,,2023-09-06 20:00:00
-1,2023-09-06 14:15:00,1921.028,,no_room,,,,2023-09-06 21:15:00
1,2023-09-07 12:45:00,1922.125,,no_room,,,,2023-09-07 19:45:00
1,2023-09-08 13:45:00,1925.928,,sl_too_tight,,,,2023-09-08 20:45:00
1,2023-09-11 13:00:00,1927.925,,no_room,,,,2023-09-11 20:00:00
-1,2023-09-12 10:30:00,1918.505,,sl_too_tight,,,,2023-09-12 17:30:00
-1,2023-09-13 12:00:00,1910.685,,sl_too_tight,,,,2023-09-13 19:00:00
-1,2023-09-14 12:30:00,1906.025,,no_room,,,,2023-09-14 19:30:00
1,2023-09-15 11:30:00,1919.155,,no_room,,,,2023-09-15 18:30:00
1,2023-09-15 13:00:00,1920.475,,no_room,,,,2023-09-15 20:00:00
1,2023-09-18 15:15:00,1927.655,,no_room,,,,2023-09-18 22:15:00
1,2023-09-19 07:30:00,1933.345,,no_room,,,,2023-09-19 14:30:00
1,2023-09-19 09:45:00,1934.815,,sl_too_tight,,,,2023-09-19 16:45:00
1,2023-09-19 12:00:00,1936.705,,no_room,,,,2023-09-19 19:00:00
-1,2023-09-20 07:00:00,1929.515,,sl_too_tight,,,,2023-09-20 14:00:00
-1,2023-09-21 07:30:00,1927.605,,sl_too_tight,,,,2023-09-21 14:30:00
-1,2023-09-21 11:15:00,1922.425,,no_room,,,,2023-09-21 18:15:00
-1,2023-09-22 09:30:00,1926.204,,sl_too_tight,,,,2023-09-22 16:30:00
-1,2023-09-25 13:15:00,1923.538,,sl_too_tight,,,,2023-09-25 20:15:00
-1,2023-09-26 12:30:00,1910.438,,no_room,,,,2023-09-26 19:30:00
-1,2023-09-26 15:00:00,1904.525,,no_room,,,,2023-09-26 22:00:00
-1,2023-09-27 09:30:00,1894.985,,no_room,,,,2023-09-27 16:30:00
-1,2023-09-27 14:45:00,1884.338,,no_room,,,,2023-09-27 21:45:00
-1,2023-09-28 09:00:00,1873.805,,no_room,,,,2023-09-28 16:00:00
-1,2023-09-28 12:45:00,1874.465,,sl_too_tight,,,,2023-09-28 19:45:00
-1,2023-09-28 14:30:00,1871.675,,no_room,,,,2023-09-28 21:30:00
-1,2023-09-29 11:00:00,1870.884,,sl_too_tight,,,,2023-09-29 18:00:00
-1,2023-09-29 14:00:00,1867.465,,no_room,,,,2023-09-29 21:00:00
-1,2023-10-02 09:00:00,1839.355,,no_room,,,,2023-10-02 16:00:00
-1,2023-10-02 14:00:00,1832.725,,no_room,,,,2023-10-02 21:00:00
-1,2023-10-03 13:15:00,1823.605,,no_room,,,,2023-10-03 20:15:00
-1,2023-10-04 13:30:00,1823.595,,no_room,,,,2023-10-04 20:30:00
-1,2023-10-05 08:45:00,1819.805,,no_room,,,,2023-10-05 15:45:00
-1,2023-10-05 12:30:00,1819.565,,no_room,,,,2023-10-05 19:30:00
-1,2023-10-06 12:15:00,1819.995,,no_room,,,,2023-10-06 19:15:00
1,2023-10-09 14:15:00,1850.335,,no_room,,,,2023-10-09 21:15:00
1,2023-10-10 14:00:00,1857.595,,no_room,,,,2023-10-10 21:00:00
1,2023-10-10 15:30:00,1858.658,,no_room,,,,2023-10-10 22:30:00
1,2023-10-11 10:15:00,1870.995,,no_room,,,,2023-10-11 17:15:00
1,2023-10-12 11:30:00,1882.575,,no_room,,,,2023-10-12 18:30:00
1,2023-10-13 07:00:00,1877.935,,sl_too_tight,,,,2023-10-13 14:00:00
1,2023-10-13 09:15:00,1884.845,,no_room,,,,2023-10-13 16:15:00
1,2023-10-13 14:45:00,1918.998,,no_room,,,,2023-10-13 21:45:00
1,2023-10-16 09:15:00,1913.445,,no_room,,,,2023-10-16 16:15:00
1,2023-10-16 12:15:00,1918.255,,no_room,,,,2023-10-16 19:15:00
1,2023-10-16 15:15:00,1921.078,,no_room,,,,2023-10-16 22:15:00
1,2023-10-17 09:15:00,1921.235,,no_room,,,,2023-10-17 16:15:00
1,2023-10-17 14:00:00,1928.955,,no_room,,,,2023-10-17 21:00:00
1,2023-10-18 09:15:00,1940.045,,no_room,,,,2023-10-18 16:15:00
1,2023-10-18 11:45:00,1946.008,,no_room,,,,2023-10-18 18:45:00
1,2023-10-18 13:15:00,1950.025,,no_room,,,,2023-10-18 20:15:00
1,2023-10-19 07:00:00,1949.135,,no_room,,,,2023-10-19 14:00:00
1,2023-10-19 11:45:00,1951.365,,no_room,,,,2023-10-19 18:45:00
1,2023-10-19 15:30:00,1956.305,,no_room,,,,2023-10-19 22:30:00
1,2023-10-20 07:30:00,1980.005,,no_room,,,,2023-10-20 14:30:00
1,2023-10-20 13:45:00,1980.065,,no_room,,,,2023-10-20 20:45:00
-1,2023-10-23 13:30:00,1975.868,,no_room,,,,2023-10-23 20:30:00
-1,2023-10-24 08:00:00,1974.385,,no_room,,,,2023-10-24 15:00:00
-1,2023-10-25 07:15:00,1970.665,,no_room,,,,2023-10-25 14:15:00
1,2023-10-26 07:45:00,1989.495,,no_room,,,,2023-10-26 14:45:00
1,2023-10-30 12:45:00,1997.305,,no_room,,,,2023-10-30 19:45:00
1,2023-10-31 07:15:00,1995.025,,sl_too_tight,,,,2023-10-31 14:15:00
1,2023-10-31 10:45:00,1999.058,,no_room,,,,2023-10-31 17:45:00
1,2023-10-31 13:45:00,2001.365,,no_room,,,,2023-10-31 20:45:00
-1,2023-11-01 15:30:00,1980.975,,no_room,,,,2023-11-01 22:30:00
1,2023-11-02 11:00:00,1989.465,,no_room,,,,2023-11-02 18:00:00
1,2023-11-03 09:00:00,1989.155,,no_room,,,,2023-11-03 16:00:00
1,2023-11-03 12:30:00,1990.175,,no_room,,,,2023-11-03 19:30:00
1,2023-11-06 08:00:00,1985.295,,no_room,,,,2023-11-06 15:00:00
-1,2023-11-06 15:45:00,1983.325,,no_room,,,,2023-11-06 22:45:00
-1,2023-11-07 07:00:00,1970.858,,no_room,,,,2023-11-07 14:00:00
-1,2023-11-07 08:45:00,1967.115,,no_room,,,,2023-11-07 15:45:00
-1,2023-11-07 11:30:00,1964.058,,no_room,,,,2023-11-07 18:30:00
-1,2023-11-08 09:45:00,1965.485,,no_room,,,,2023-11-08 16:45:00
-1,2023-11-08 15:00:00,1959.485,,no_room,,,,2023-11-08 22:00:00
-1,2023-11-09 08:00:00,1947.935,,sl_too_tight,,,,2023-11-09 15:00:00
-1,2023-11-10 14:45:00,1943.025,,no_room,,,,2023-11-10 21:45:00
-1,2023-11-13 12:00:00,1936.958,,sl_too_tight,,,,2023-11-13 19:00:00
-1,2023-11-13 14:45:00,1933.958,,no_room,,,,2023-11-13 21:45:00
1,2023-11-14 09:15:00,1946.435,,sl_too_tight,,,,2023-11-14 16:15:00
1,2023-11-14 13:30:00,1948.075,,no_room,,,,2023-11-14 20:30:00
1,2023-11-15 10:15:00,1972.475,,sl_too_tight,,,,2023-11-15 17:15:00
-1,2023-11-16 12:00:00,1964.545,,no_room,,,,2023-11-16 19:00:00
1,2023-11-17 07:45:00,1986.955,,no_room,,,,2023-11-17 14:45:00
-1,2023-11-20 07:45:00,1978.678,,no_room,,,,2023-11-20 14:45:00
-1,2023-11-20 10:30:00,1976.0,,no_room,,,,2023-11-20 17:30:00
-1,2023-11-20 13:30:00,1970.465,,no_room,,,,2023-11-20 20:30:00
1,2023-11-21 13:00:00,1989.925,,no_room,,,,2023-11-21 20:00:00
-1,2023-11-23 09:15:00,1993.665,,no_room,,,,2023-11-23 16:15:00
1,2023-11-27 08:45:00,2013.625,,no_room,,,,2023-11-27 15:45:00
1,2023-11-27 13:15:00,2014.345,,no_room,,,,2023-11-27 20:15:00
1,2023-11-28 13:15:00,2015.895,,sl_too_tight,,,,2023-11-28 20:15:00
1,2023-11-29 12:30:00,2040.035,,no_room,,,,2023-11-29 19:30:00
1,2023-11-29 14:30:00,2042.875,,no_room,,,,2023-11-29 21:30:00
1,2023-11-30 13:00:00,2038.995,,no_room,,,,2023-11-30 20:00:00
-1,2023-12-01 07:45:00,2039.665,2035.205,signal,2042.9400071428572,2035.330007142857,2030.9950142857142,2023-12-01 14:45:00
1,2023-12-01 08:45:00,2042.815,,no_room,,,,2023-12-01 15:45:00
1,2023-12-01 14:30:00,2039.258,,no_room,,,,2023-12-01 21:30:00
-1,2023-12-05 09:00:00,2031.075,,no_room,,,,2023-12-05 16:00:00
-1,2023-12-05 10:00:00,2028.415,,no_room,,,,2023-12-05 17:00:00
-1,2023-12-05 14:45:00,2021.455,,no_room,,,,2023-12-05 21:45:00
1,2023-12-07 10:00:00,2034.785,,no_room,,,,2023-12-07 17:00:00
1,2023-12-07 13:30:00,2035.025,,no_room,,,,2023-12-07 20:30:00
-1,2023-12-11 07:45:00,1994.765,,no_room,,,,2023-12-11 14:45:00
-1,2023-12-11 14:15:00,1991.175,,no_room,,,,2023-12-11 21:15:00
-1,2023-12-12 08:45:00,1984.658,,no_room,,,,2023-12-12 15:45:00
-1,2023-12-12 14:45:00,1982.615,,no_room,,,,2023-12-12 21:45:00
1,2023-12-13 13:45:00,1983.495,,no_room,,,,2023-12-13 20:45:00
1,2023-12-14 08:15:00,2037.285,,no_room,,,,2023-12-14 15:15:00
1,2023-12-14 14:30:00,2039.135,,no_room,,,,2023-12-14 21:30:00
1,2023-12-15 07:15:00,2037.315,,no_room,,,,2023-12-15 14:15:00
-1,2023-12-18 10:30:00,2021.655,,no_room,,,,2023-12-18 17:30:00
1,2023-12-19 08:15:00,2026.415,,no_room,,,,2023-12-19 15:15:00
1,2023-12-19 12:00:00,2028.365,,no_room,,,,2023-12-19 19:00:00
1,2023-12-19 14:30:00,2032.585,,no_room,,,,2023-12-19 21:30:00
1,2023-12-20 07:15:00,2042.285,,no_room,,,,2023-12-20 14:15:00
-1,2023-12-21 10:30:00,2033.885,,no_room,,,,2023-12-21 17:30:00
1,2023-12-22 08:30:00,2050.695,,no_room,,,,2023-12-22 15:30:00
1,2023-12-22 13:45:00,2065.965,,no_room,,,,2023-12-22 20:45:00
1,2023-12-26 10:45:00,2062.945,,sl_too_tight,,,,2023-12-26 17:45:00
1,2023-12-27 08:30:00,2067.345,,sl_too_tight,,,,2023-12-27 15:30:00
1,2023-12-27 12:30:00,2069.205,,no_room,,,,2023-12-27 19:30:00
1,2023-12-27 15:00:00,2070.195,,no_room,,,,2023-12-27 22:00:00
1,2023-12-28 15:15:00,2078.905,,no_room,,,,2023-12-28 22:15:00
-1,2023-12-29 09:45:00,2067.558,,no_room,,,,2023-12-29 16:45:00
-1,2023-12-29 13:45:00,2061.698,,no_room,,,,2023-12-29 20:45:00
-1,2024-01-03 13:45:00,2041.685,,no_room,,,,2024-01-03 20:45:00
-1,2024-01-04 11:45:00,2046.565,2036.605,signal,2051.067864285714,2037.5592714285717,2028.5535428571434,2024-01-04 18:45:00
-1,2024-01-04 13:30:00,2043.245,,no_room,,,,2024-01-04 20:30:00
-1,2024-01-05 09:30:00,2041.255,,no_room,,,,2024-01-05 16:30:00
-1,2024-01-05 13:30:00,2037.035,,no_room,,,,2024-01-05 20:30:00
-1,2024-01-09 13:15:00,2033.558,,no_room,,,,2024-01-09 20:15:00
1,2024-01-09 13:45:00,2038.428,,no_room,,,,2024-01-09 20:45:00
-1,2024-01-09 15:45:00,2031.535,,no_room,,,,2024-01-09 22:45:00
-1,2024-01-11 08:45:00,2030.965,,no_room,,,,2024-01-11 15:45:00
-1,2024-01-11 13:45:00,2030.125,,no_room,,,,2024-01-11 20:45:00
1,2024-01-12 12:00:00,2047.305,,no_room,,,,2024-01-12 19:00:00
1,2024-01-12 13:30:00,2053.625,,no_room,,,,2024-01-12 20:30:00
1,2024-01-15 08:30:00,2056.915,,no_room,,,,2024-01-15 15:30:00
1,2024-01-15 13:45:00,2053.725,,sl_too_tight,,,,2024-01-15 20:45:00
-1,2024-01-16 08:30:00,2047.285,,no_room,,,,2024-01-16 15:30:00
-1,2024-01-16 12:00:00,2038.588,,sl_too_tight,,,,2024-01-16 19:00:00
-1,2024-01-17 13:30:00,2023.595,,no_room,,,,2024-01-17 20:30:00
1,2024-01-19 08:45:00,2029.625,,no_room,,,,2024-01-19 15:45:00
1,2024-01-19 11:30:00,2030.715,,no_room,,,,2024-01-19 18:30:00
-1,2024-01-22 14:15:00,2022.045,,no_room,,,,2024-01-22 21:15:00
1,2024-01-24 13:15:00,2034.298,,sl_too_tight,,,,2024-01-24 20:15:00
-1,2024-01-25 08:15:00,2013.515,,no_room,,,,2024-01-25 15:15:00
-1,2024-01-26 07:00:00,2020.955,,sl_too_tight,,,,2024-01-26 14:00:00
-1,2024-01-26 09:00:00,2019.735,,no_room,,,,2024-01-26 16:00:00
1,2024-01-29 13:15:00,2030.215,,no_room,,,,2024-01-29 20:15:00
1,2024-01-30 07:30:00,2035.905,,no_room,,,,2024-01-30 14:30:00
1,2024-01-30 13:45:00,2037.245,,no_room,,,,2024-01-30 20:45:00
1,2024-01-31 07:00:00,2035.745,,sl_too_tight,,,,2024-01-31 14:00:00
1,2024-01-31 13:30:00,2038.795,,sl_too_tight,,,,2024-01-31 20:30:00
-1,2024-02-01 10:00:00,2038.885,,no_room,,,,2024-02-01 17:00:00
1,2024-02-02 11:30:00,2055.565,,no_room,,,,2024-02-02 18:30:00
-1,2024-02-05 13:15:00,2020.555,,no_room,,,,2024-02-05 20:15:00
-1,2024-02-06 08:00:00,2026.095,,sl_too_tight,,,,2024-02-06 15:00:00
1,2024-02-06 15:00:00,2030.825,,no_room,,,,2024-02-06 22:00:00
1,2024-02-07 07:15:00,2035.395,,no_room,,,,2024-02-07 14:15:00
1,2024-02-07 13:30:00,2035.705,,no_room,,,,2024-02-07 20:30:00
1,2024-02-08 07:00:00,2033.695,,sl_too_tight,,,,2024-02-08 14:00:00
1,2024-02-08 09:45:00,2035.045,,no_room,,,,2024-02-08 16:45:00
-1,2024-02-08 12:00:00,2028.835,,no_room,,,,2024-02-08 19:00:00
-1,2024-02-09 08:00:00,2032.038,,sl_too_tight,,,,2024-02-09 15:00:00
-1,2024-02-09 12:30:00,2030.885,,sl_too_tight,,,,2024-02-09 19:30:00
-1,2024-02-12 09:15:00,2022.955,,no_room,,,,2024-02-12 16:15:00
-1,2024-02-12 13:45:00,2020.445,,sl_too_tight,,,,2024-02-12 20:45:00
-1,2024-02-12 15:45:00,2013.135,,no_room,,,,2024-02-12 22:45:00
-1,2024-02-14 07:00:00,1991.925,,sl_too_tight,,,,2024-02-14 14:00:00
-1,2024-02-14 14:45:00,1988.615,,no_room,,,,2024-02-14 21:45:00
1,2024-02-15 07:15:00,1993.335,,sl_too_tight,,,,2024-02-15 14:15:00
1,2024-02-15 09:45:00,1995.935,,no_room,,,,2024-02-15 16:45:00
1,2024-02-15 12:30:00,1997.915,,sl_too_tight,,,,2024-02-15 19:30:00
1,2024-02-16 07:15:00,2004.695,,sl_too_tight,,,,2024-02-16 14:15:00
1,2024-02-16 10:30:00,2006.345,,sl_too_tight,,,,2024-02-16 17:30:00
1,2024-02-20 09:00:00,2022.775,,no_room,,,,2024-02-20 16:00:00
1,2024-02-20 13:00:00,2027.535,,sl_too_tight,,,,2024-02-20 20:00:00
1,2024-02-21 13:00:00,2030.075,,sl_too_tight,,,,2024-02-21 20:00:00
-1,2024-02-23 09:15:00,2018.025,,no_room,,,,2024-02-23 16:15:00
1,2024-02-23 15:45:00,2028.558,,no_room,,,,2024-02-23 22:45:00
1,2024-02-26 07:00:00,2034.128,,sl_too_tight,,,,2024-02-26 14:00:00
1,2024-02-29 07:30:00,2037.015,,sl_too_tight,,,,2024-02-29 14:30:00
1,2024-02-29 13:30:00,2037.735,,no_room,,,,2024-02-29 20:30:00
1,2024-03-01 15:15:00,2056.525,,no_room,,,,2024-03-01 22:15:00
1,2024-03-04 13:30:00,2084.505,,sl_too_tight,,,,2024-03-04 20:30:00
1,2024-03-05 08:15:00,2119.645,,no_room,,,,2024-03-05 15:15:00
1,2024-03-05 13:15:00,2127.085,2145.135,signal,2120.8223857142857,2139.6102285714287,2152.1354571428574,2024-03-05 20:15:00
1,2024-03-06 07:00:00,2127.858,2141.748,signal,2124.7763785714287,2134.021242857143,2140.184485714286,2024-03-06 14:00:00
1,2024-03-06 11:30:00,2129.715,2141.748,signal,2124.348121428571,2140.448757142858,2151.182514285716,2024-03-06 18:30:00
1,2024-03-07 13:15:00,2158.845,,no_room,,,,2024-03-07 20:15:00
1,2024-03-08 08:00:00,2161.925,,no_room,,,,2024-03-08 15:00:00
1,2024-03-08 09:45:00,2168.615,,signal,2156.132742857143,2193.5795142857132,2218.5440285714267,2024-03-08 16:45:00
1,2024-03-08 13:30:00,2169.528,,signal,2165.7498285714287,2177.084342857142,2184.6406857142842,2024-03-08 20:30:00
1,2024-03-11 07:45:00,2181.555,2188.925,signal,2176.576457142857,2188.7364571428575,2195.917914285715,2024-03-11 14:45:00
1,2024-03-11 13:30:00,2180.535,2188.925,signal,2176.0595,2188.6595,2196.7840000000006,2024-03-11 20:30:00
-1,2024-03-12 12:15:00,2170.515,2155.778,signal,2179.1714285714284,2155.994428571428,2141.4738571428566,2024-03-12 19:15:00
-1,2024-03-13 08:45:00,2158.345,,sl_too_tight,,,,2024-03-13 15:45:00
1,2024-03-13 13:30:00,2166.185,2181.868,signal,2161.793657142857,2174.9676857142863,2183.7503714285726,2024-03-13 20:30:00
1,2024-03-13 15:15:00,2171.455,,no_room,,,,2024-03-13 22:15:00
1,2024-03-14 09:30:00,2169.975,,sl_too_tight,,,,2024-03-14 16:30:00
1,2024-03-15 09:45:00,2169.975,2176.848,signal,2164.9897214285716,2176.6327214285716,2183.2904428571433,2024-03-15 16:45:00
-1,2024-03-19 08:00:00,2154.065,,no_room,,,,2024-03-19 15:00:00
-1,2024-03-20 10:00:00,2154.375,,no_room,,,,2024-03-20 17:00:00
-1,2024-03-20 12:30:00,2152.215,,no_room,,,,2024-03-20 19:30:00
1,2024-03-21 07:15:00,2209.445,2222.875,signal,2201.383692857143,2222.650692857143,2235.856385714286,2024-03-21 14:15:00
1,2024-03-21 10:15:00,2210.095,,no_room,,,,2024-03-21 17:15:00
1,2024-03-26 10:45:00,2195.155,,no_room,,,,2024-03-26 17:45:00
1,2024-03-27 07:45:00,2179.975,,no_room,,,,2024-03-27 14:45:00
1,2024-03-27 09:30:00,2182.585,,no_room,,,,2024-03-27 16:30:00
1,2024-03-28 09:45:00,2197.308,,no_room,,,,2024-03-28 16:45:00
1,2024-03-28 12:00:00,2213.635,,no_room,,,,2024-03-28 19:00:00
1,2024-04-01 12:30:00,2250.915,2265.585,signal,2245.070142857143,2262.604714285714,2274.2944285714284,2024-04-01 19:30:00
1,2024-04-02 07:45:00,2256.025,2265.585,signal,2251.8845714285717,2264.305857142857,2272.5867142857137,2024-04-02 14:45:00
1,2024-04-02 13:30:00,2261.405,,no_room,,,,2024-04-02 20:30:00
1,2024-04-03 12:45:00,2274.324,2288.185,signal,2268.3846785714286,2286.202642857143,2298.081285714286,2024-04-03 19:45:00
1,2024-04-03 14:00:00,2278.775,,no_room,,,,2024-04-03 21:00:00
1,2024-04-03 15:15:00,2285.208,,no_room,,,,2024-04-03 22:15:00
1,2024-04-04 14:15:00,2295.045,,no_room,,,,2024-04-04 21:15:00
1,2024-04-08 10:30:00,2341.415,2353.835,signal,2332.875192857143,2353.4951928571427,2365.5753857142854,2024-04-08 17:30:00
1,2024-04-09 07:00:00,2347.865,,no_room,,,,2024-04-09 14:00:00
1,2024-04-09 08:30:00,2356.805,,signal,2342.6228071428573,2385.169385714285,2413.53377142857,2024-04-09 15:30:00
1,2024-04-09 14:00:00,2357.285,,signal,2345.120428571429,2381.614142857142,2405.943285714284,2024-04-09 21:00:00
-1,2024-04-11 08:00:00,2333.785,2319.265,signal,2340.9925,2319.6124999999997,2305.4399999999996,2024-04-11 15:00:00
1,2024-04-12 13:30:00,2400.345,,signal,2389.8705,2421.2939999999994,2442.242999999999,2024-04-12 20:30:00
1,2024-04-16 12:30:00,2375.228,2392.035,signal,2368.1831357142855,2389.317728571429,2403.407457142858,2024-04-16 19:30:00
1,2024-04-16 14:45:00,2379.138,2392.035,signal,2367.7056500000003,2391.35565,2403.5733,2024-04-16 21:45:00
1,2024-04-17 07:45:00,2381.438,2392.035,signal,2372.2618714285713,2391.7218714285714,2402.0057428571426,2024-04-17 14:45:00
1,2024-04-17 13:30:00,2390.255,,no_room,,,,2024-04-17 20:30:00
-1,2024-04-18 13:30:00,2380.425,,no_room,,,,2024-04-18 20:30:00
-1,2024-04-18 14:30:00,2375.295,,no_room,,,,2024-04-18 21:30:00
1,2024-04-19 13:30:00,2382.984,,no_room,,,,2024-04-19 20:30:00
-1,2024-04-22 11:00:00,2351.265,,no_room,,,,2024-04-22 18:00:00
-1,2024-04-23 09:00:00,2298.718,,no_room,,,,2024-04-23 16:00:00
-1,2024-04-24 07:00:00,2324.385,,no_room,,,,2024-04-24 14:00:00
-1,2024-04-25 13:00:00,2323.995,,no_room,,,,2024-04-25 20:00:00
1,2024-04-26 09:00:00,2350.035,,no_room,,,,2024-04-26 16:00:00
-1,2024-04-30 12:15:00,2310.545,,no_room,,,,2024-04-30 19:15:00
-1,2024-05-02 12:45:00,2295.065,,no_room,,,,2024-05-02 19:45:00
-1,2024-05-03 11:00:00,2297.675,,no_room,,,,2024-05-03 18:00:00
-1,2024-05-03 12:15:00,2296.265,,no_room,,,,2024-05-03 19:15:00
-1,2024-05-03 13:30:00,2294.475,,no_room,,,,2024-05-03 20:30:00
1,2024-05-06 12:30:00,2322.345,,no_room,,,,2024-05-06 19:30:00
1,2024-05-07 12:30:00,2316.395,,no_room,,,,2024-05-07 19:30:00
-1,2024-05-08 07:45:00,2306.875,,no_room,,,,2024-05-08 14:45:00
-1,2024-05-08 13:00:00,2312.775,,no_room,,,,2024-05-08 20:00:00
-1,2024-05-09 09:45:00,2307.555,,no_room,,,,2024-05-09 16:45:00
1,2024-05-09 14:00:00,2329.178,,no_room,,,,2024-05-09 21:00:00
1,2024-05-10 09:00:00,2370.225,,no_room,,,,2024-05-10 16:00:00
1,2024-05-10 10:15:00,2375.285,,no_room,,,,2024-05-10 17:15:00
-1,2024-05-13 15:00:00,2340.235,,no_room,,,,2024-05-13 22:00:00
1,2024-05-15 07:00:00,2359.605,,no_room,,,,2024-05-15 14:00:00
1,2024-05-15 12:30:00,2370.755,,no_room,,,,2024-05-15 19:30:00
1,2024-05-15 15:00:00,2378.795,,no_room,,,,2024-05-15 22:00:00
1,2024-05-17 10:45:00,2386.445,,no_room,,,,2024-05-17 17:45:00
1,2024-05-17 14:15:00,2405.055,,no_room,,,,2024-05-17 21:15:00
1,2024-05-20 09:00:00,2443.495,,signal,2431.2915214285713,2467.901957142857,2492.3089142857143,2024-05-20 16:00:00
1,2024-05-21 07:30:00,2417.905,2431.385,signal,2410.1656285714284,2430.986628571429,2444.0682571428574,2024-05-21 14:30:00
1,2024-05-21 11:30:00,2420.065,2431.385,signal,2411.7347571428572,2431.0617571428575,2442.058514285715,2024-05-21 18:30:00
1,2024-05-21 15:00:00,2431.385,,no_room,,,,2024-05-21 22:00:00
-1,2024-05-22 08:15:00,2411.214,,no_room,,,,2024-05-22 15:15:00
-1,2024-05-22 11:00:00,2414.265,2407.145,signal,2419.4538642857146,2407.4038642857145,2400.542728571429,2024-05-22 18:00:00
-1,2024-05-22 14:00:00,2404.648,2373.788,signal,2415.5094999999997,2382.925000000001,2361.202000000002,2024-05-22 21:00:00
-1,2024-05-23 14:00:00,2355.005,,no_room,,,,2024-05-23 21:00:00
-1,2024-05-24 15:15:00,2335.398,,no_room,,,,2024-05-24 22:15:00
-1,2024-05-27 07:15:00,2340.195,,no_room,,,,2024-05-27 14:15:00
1,2024-05-28 10:45:00,2345.075,,no_room,,,,2024-05-28 17:45:00
1,2024-05-28 11:45:00,2346.135,,sl_too_tight,,,,2024-05-28 18:45:00
-1,2024-05-29 12:45:00,2338.435,,no_room,,,,2024-05-29 19:45:00
-1,2024-05-30 10:00:00,2331.785,,no_room,,,,2024-05-30 17:00:00
1,2024-05-30 10:45:00,2337.885,,no_room,,,,2024-05-30 17:45:00
1,2024-05-30 12:30:00,2340.795,,no_room,,,,2024-05-30 19:30:00
1,2024-05-30 13:30:00,2345.105,,no_room,,,,2024-05-30 20:30:00
1,2024-05-31 12:30:00,2344.785,,no_room,,,,2024-05-31 19:30:00
1,2024-06-03 12:45:00,2333.128,,no_room,,,,2024-06-03 19:45:00
-1,2024-06-04 11:15:00,2326.615,,no_room,,,,2024-06-04 18:15:00
1,2024-06-06 15:00:00,2366.898,,no_room,,,,2024-06-06 22:00:00
-1,2024-06-07 12:30:00,2330.965,,no_room,,,,2024-06-07 19:30:00
-1,2024-06-07 13:45:00,2313.404,,no_room,,,,2024-06-07 20:45:00
1,2024-06-10 15:30:00,2307.735,,no_room,,,,2024-06-10 22:30:00
1,2024-06-11 07:15:00,2304.268,,no_room,,,,2024-06-11 14:15:00
1,2024-06-11 10:15:00,2307.708,,no_room,,,,2024-06-11 17:15:00
1,2024-06-11 12:00:00,2308.738,,no_room,,,,2024-06-11 19:00:00
1,2024-06-12 12:15:00,2314.668,,sl_too_tight,,,,2024-06-12 19:15:00
1,2024-06-13 10:15:00,2318.285,,no_room,,,,2024-06-13 17:15:00
-1,2024-06-13 15:45:00,2305.565,,no_room,,,,2024-06-13 22:45:00
1,2024-06-17 13:00:00,2322.428,,no_room,,,,2024-06-17 20:00:00
-1,2024-06-18 07:00:00,2319.315,,no_room,,,,2024-06-18 14:00:00
-1,2024-06-18 10:15:00,2310.675,,no_room,,,,2024-06-18 17:15:00
1,2024-06-18 13:45:00,2324.045,,no_room,,,,2024-06-18 20:45:00
1,2024-06-18 15:30:00,2327.625,,no_room,,,,2024-06-18 22:30:00
1,2024-06-19 08:00:00,2332.555,,no_room,,,,2024-06-19 15:00:00
1,2024-06-19 11:45:00,2329.775,,no_room,,,,2024-06-19 18:45:00
1,2024-06-20 13:45:00,2345.555,,no_room,,,,2024-06-20 20:45:00
1,2024-06-21 08:15:00,2365.485,,no_room,,,,2024-06-21 15:15:00
-1,2024-06-21 15:15:00,2328.495,,no_room,,,,2024-06-21 22:15:00
-1,2024-06-26 10:15:00,2312.805,,no_room,,,,2024-06-26 17:15:00
-1,2024-06-26 13:00:00,2304.265,,no_room,,,,2024-06-26 20:00:00
1,2024-06-27 14:00:00,2325.655,,no_room,,,,2024-06-27 21:00:00
1,2024-06-28 10:15:00,2331.825,,no_room,,,,2024-06-28 17:15:00
-1,2024-07-02 07:15:00,2324.785,,no_room,,,,2024-07-02 14:15:00
-1,2024-07-02 11:30:00,2322.735,,no_room,,,,2024-07-02 18:30:00
1,2024-07-03 10:30:00,2347.438,,no_room,,,,2024-07-03 17:30:00
1,2024-07-03 12:30:00,2349.418,,no_room,,,,2024-07-03 19:30:00
1,2024-07-03 13:30:00,2356.015,,no_room,,,,2024-07-03 20:30:00
1,2024-07-04 14:30:00,2360.308,,no_room,,,,2024-07-04 21:30:00
1,2024-07-05 07:30:00,2366.198,,no_room,,,,2024-07-05 14:30:00
1,2024-07-05 12:30:00,2367.955,,no_room,,,,2024-07-05 19:30:00
1,2024-07-08 14:00:00,2377.338,,no_room,,,,2024-07-08 21:00:00
-1,2024-07-09 07:15:00,2360.378,,no_room,,,,2024-07-09 14:15:00
-1,2024-07-09 11:30:00,2358.125,,no_room,,,,2024-07-09 18:30:00
-1,2024-07-09 14:45:00,2355.965,,no_room,,,,2024-07-09 21:45:00
1,2024-07-10 11:30:00,2375.218,,no_room,,,,2024-07-10 18:30:00
1,2024-07-10 13:45:00,2381.698,,no_room,,,,2024-07-10 20:45:00
1,2024-07-11 08:00:00,2383.125,,no_room,,,,2024-07-11 15:00:00
1,2024-07-11 09:00:00,2383.985,,no_room,,,,2024-07-11 16:00:00
1,2024-07-11 12:30:00,2383.315,,no_room,,,,2024-07-11 19:30:00
1,2024-07-11 14:45:00,2412.878,,no_room,,,,2024-07-11 21:45:00
1,2024-07-12 14:00:00,2408.148,,no_room,,,,2024-07-12 21:00:00
1,2024-07-12 15:00:00,2410.788,,no_room,,,,2024-07-12 22:00:00
1,2024-07-15 10:15:00,2412.488,,no_room,,,,2024-07-15 17:15:00
1,2024-07-15 14:00:00,2420.725,,no_room,,,,2024-07-15 21:00:00
1,2024-07-16 09:30:00,2439.205,,no_room,,,,2024-07-16 16:30:00
1,2024-07-16 12:15:00,2442.325,,no_room,,,,2024-07-16 19:15:00
1,2024-07-16 13:30:00,2443.915,,no_room,,,,2024-07-16 20:30:00
1,2024-07-17 13:30:00,2476.215,,no_room,,,,2024-07-17 20:30:00
-1,2024-07-18 10:00:00,2464.475,,no_room,,,,2024-07-18 17:00:00
-1,2024-07-18 13:00:00,2461.995,,no_room,,,,2024-07-18 20:00:00
-1,2024-07-19 10:00:00,2412.748,,no_room,,,,2024-07-19 17:00:00
-1,2024-07-19 11:45:00,2410.428,,no_room,,,,2024-07-19 18:45:00
-1,2024-07-22 11:45:00,2398.825,,no_room,,,,2024-07-22 18:45:00
-1,2024-07-22 14:15:00,2388.708,,no_room,,,,2024-07-22 21:15:00
1,2024-07-23 08:45:00,2403.875,,no_room,,,,2024-07-23 15:45:00
1,2024-07-24 11:45:00,2416.325,,no_room,,,,2024-07-24 18:45:00
-1,2024-07-25 07:00:00,2368.935,,no_room,,,,2024-07-25 14:00:00
-1,2024-07-25 09:15:00,2371.915,,no_room,,,,2024-07-25 16:15:00
-1,2024-07-25 11:30:00,2370.355,,no_room,,,,2024-07-25 18:30:00
-1,2024-07-25 14:00:00,2362.708,,no_room,,,,2024-07-25 21:00:00
1,2024-07-29 10:15:00,2394.235,,no_room,,,,2024-07-29 17:15:00
1,2024-07-30 13:15:00,2392.295,,no_room,,,,2024-07-30 20:15:00
1,2024-07-31 13:30:00,2422.771,,no_room,,,,2024-07-31 20:30:00
1,2024-08-02 12:30:00,2465.215,,no_room,,,,2024-08-02 19:30:00
-1,2024-08-05 09:15:00,2422.025,,no_room,,,,2024-08-05 16:15:00
-1,2024-08-05 10:30:00,2419.048,,no_room,,,,2024-08-05 17:30:00
-1,2024-08-06 12:30:00,2394.728,,no_room,,,,2024-08-06 19:30:00
-1,2024-08-06 14:45:00,2388.725,,no_room,,,,2024-08-06 21:45:00
-1,2024-08-07 15:30:00,2396.915,,no_room,,,,2024-08-07 22:30:00
1,2024-08-08 14:00:00,2415.385,,no_room,,,,2024-08-08 21:00:00
1,2024-08-09 07:15:00,2424.395,,no_room,,,,2024-08-09 14:15:00
1,2024-08-09 10:30:00,2426.915,,no_room,,,,2024-08-09 17:30:00
1,2024-08-12 12:30:00,2444.578,,no_room,,,,2024-08-12 19:30:00
1,2024-08-12 15:00:00,2457.364,,no_room,,,,2024-08-12 22:00:00
1,2024-08-13 07:15:00,2464.195,,no_room,,,,2024-08-13 14:15:00
1,2024-08-13 12:30:00,2466.065,,no_room,,,,2024-08-13 19:30:00
1,2024-08-13 13:30:00,2472.344,,no_room,,,,2024-08-13 20:30:00
-1,2024-08-14 15:30:00,2446.865,,no_room,,,,2024-08-14 22:30:00
-1,2024-08-15 12:30:00,2453.485,,no_room,,,,2024-08-15 19:30:00
1,2024-08-16 07:45:00,2457.685,,no_room,,,,2024-08-16 14:45:00
1,2024-08-16 10:00:00,2464.215,,no_room,,,,2024-08-16 17:00:00
1,2024-08-19 08:15:00,2505.098,,no_room,,,,2024-08-19 15:15:00
1,2024-08-20 11:45:00,2525.078,,signal,2496.932842857143,2581.368314285714,2637.658628571428,2024-08-20 18:45:00
-1,2024-08-21 13:30:00,2504.345,,no_room,,,,2024-08-21 20:30:00
-1,2024-08-22 11:45:00,2501.015,,no_room,,,,2024-08-22 18:45:00
-1,2024-08-27 07:45:00,2506.145,,no_room,,,,2024-08-27 14:45:00
-1,2024-08-27 13:15:00,2506.785,,no_room,,,,2024-08-27 20:15:00
-1,2024-08-29 12:30:00,2514.954,,no_room,,,,2024-08-29 19:30:00
1,2024-08-30 08:15:00,2523.848,,no_room,,,,2024-08-30 15:15:00
1,2024-09-05 08:00:00,2506.815,,no_room,,,,2024-09-05 15:00:00
1,2024-09-05 12:15:00,2518.258,,no_room,,,,2024-09-05 19:15:00
1,2024-09-06 12:30:00,2520.205,,no_room,,,,2024-09-06 19:30:00
1,2024-09-10 10:15:00,2507.595,,no_room,,,,2024-09-10 17:15:00
1,2024-09-10 12:30:00,2509.555,,no_room,,,,2024-09-10 19:30:00
1,2024-09-10 15:30:00,2515.268,,no_room,,,,2024-09-10 22:30:00
1,2024-09-12 10:00:00,2519.178,,no_room,,,,2024-09-12 17:00:00
1,2024-09-12 12:30:00,2520.905,,no_room,,,,2024-09-12 19:30:00
1,2024-09-12 14:45:00,2551.534,,signal,2512.156678571429,2630.2886428571423,2709.0432857142846,2024-09-12 21:45:00
1,2024-09-13 09:30:00,2570.888,,signal,2565.4599285714285,2581.744142857143,2592.6002857142857,2024-09-13 16:30:00
1,2024-09-13 12:15:00,2568.185,,signal,2563.3012,2577.9526,2587.7202,2024-09-13 19:15:00
-1,2024-09-17 15:15:00,2568.194,2512.905,signal,2582.6702857142855,2539.241428571429,2510.288857142858,2024-09-17 22:15:00
-1,2024-09-19 12:30:00,2584.245,,no_room,,,,2024-09-19 19:30:00
1,2024-09-20 08:30:00,2609.615,,signal,2604.308814285714,2620.227371428571,2630.8397428571425,2024-09-20 15:30:00
1,2024-09-20 10:45:00,2612.605,,signal,2602.0922,2633.6306,2654.6562,2024-09-20 17:45:00
1,2024-09-20 15:30:00,2619.165,,signal,2601.8922000000002,2653.7105999999994,2688.256199999999,2024-09-20 22:30:00
1,2024-09-24 09:45:00,2630.135,,no_room,,,,2024-09-24 16:45:00
1,2024-09-24 14:00:00,2636.045,,no_room,,,,2024-09-24 21:00:00
1,2024-09-25 12:00:00,2658.088,2664.204,signal,2652.3572,2663.9462000000003,2669.8044000000004,2024-09-25 19:00:00
1,2024-09-26 07:30:00,2663.355,,no_room,,,,2024-09-26 14:30:00
1,2024-09-26 10:30:00,2670.378,,signal,2666.5517785714287,2678.030442857143,2685.682885714286,2024-09-26 17:30:00
1,2024-09-27 12:30:00,2669.395,,no_room,,,,2024-09-27 19:30:00
-1,2024-09-30 07:45:00,2655.515,,no_room,,,,2024-09-30 14:45:00
-1,2024-09-30 09:00:00,2650.485,,no_room,,,,2024-09-30 16:00:00
-1,2024-09-30 13:30:00,2634.305,,no_room,,,,2024-09-30 20:30:00
1,2024-10-02 13:15:00,2655.415,,no_room,,,,2024-10-02 20:15:00
1,2024-10-03 12:15:00,2647.998,2660.495,signal,2643.2325285714287,2657.5289428571427,2667.0598857142854,2024-10-03 19:15:00
-1,2024-10-07 12:15:00,2654.975,,sl_too_tight,,,,2024-10-07 19:15:00
-1,2024-10-09 13:15:00,2614.538,,no_room,,,,2024-10-09 20:15:00
-1,2024-10-10 07:00:00,2611.305,,no_room,,,,2024-10-10 14:00:00
-1,2024-10-10 11:15:00,2614.165,,no_room,,,,2024-10-10 18:15:00
1,2024-10-11 11:45:00,2642.135,,no_room,,,,2024-10-11 18:45:00
1,2024-10-11 14:00:00,2649.998,,no_room,,,,2024-10-11 21:00:00
1,2024-10-15 10:15:00,2655.585,,no_room,,,,2024-10-15 17:15:00
1,2024-10-15 14:15:00,2657.265,,no_room,,,,2024-10-15 21:15:00
1,2024-10-16 08:45:00,2677.545,,no_room,,,,2024-10-16 15:45:00
1,2024-10-16 13:30:00,2682.648,,no_room,,,,2024-10-16 20:30:00
1,2024-10-17 10:15:00,2683.735,,no_room,,,,2024-10-17 17:15:00
1,2024-10-17 14:00:00,2688.668,,signal,2672.490692857143,2721.022614285714,2753.377228571428,2024-10-17 21:00:00
1,2024-10-18 12:15:00,2713.085,,no_room,,,,2024-10-18 19:15:00
1,2024-10-18 14:30:00,2716.945,,signal,2704.3930785714288,2742.048842857143,2767.152685714286,2024-10-18 21:30:00
1,2024-10-21 08:15:00,2732.348,,signal,2724.9262285714285,2747.191542857143,2762.0350857142857,2024-10-21 15:15:00
1,2024-10-21 11:30:00,2736.775,,signal,2727.3464285714285,2755.632142857143,2774.4892857142863,2024-10-21 18:30:00
1,2024-10-22 10:30:00,2738.264,,no_room,,,,2024-10-22 17:30:00
1,2024-10-22 13:30:00,2739.238,,no_room,,,,2024-10-22 20:30:00
1,2024-10-22 15:00:00,2741.958,,signal,2733.1941071428573,2759.4857857142856,2777.013571428571,2024-10-22 22:00:00
1,2024-10-23 07:30:00,2753.085,,signal,2747.710764285714,2763.833471428572,2774.581942857144,2024-10-23 14:30:00
-1,2024-10-24 13:45:00,2734.328,,no_room,,,,2024-10-24 20:45:00
-1,2024-10-25 08:00:00,2724.825,,no_room,,,,2024-10-25 15:00:00
1,2024-10-28 12:00:00,2733.205,2740.418,signal,2727.4086142857145,2740.1116142857145,2747.018228571429,2024-10-28 19:00:00
1,2024-10-29 13:00:00,2753.715,,no_room,,,,2024-10-29 20:00:00
1,2024-10-30 09:45:00,2784.485,,signal,2779.204192857143,2795.0466142857144,2805.6082285714288,2024-10-30 16:45:00
1,2024-10-30 13:00:00,2786.388,,no_room,,,,2024-10-30 20:00:00
-1,2024-11-01 10:30:00,2747.055,,no_room,,,,2024-11-01 17:30:00
-1,2024-11-01 14:30:00,2747.985,,no_room,,,,2024-11-01 21:30:00
-1,2024-11-04 08:15:00,2735.634,,no_room,,,,2024-11-04 15:15:00
-1,2024-11-05 15:15:00,2736.248,,no_room,,,,2024-11-05 22:15:00
-1,2024-11-06 11:15:00,2716.315,,no_room,,,,2024-11-06 18:15:00
-1,2024-11-08 15:00:00,2686.085,,no_room,,,,2024-11-08 22:00:00
-1,2024-11-11 09:15:00,2666.875,,no_room,,,,2024-11-11 16:15:00
-1,2024-11-11 10:45:00,2663.765,,no_room,,,,2024-11-11 17:45:00
-1,2024-11-11 12:45:00,2658.875,,no_room,,,,2024-11-11 19:45:00
-1,2024-11-11 15:45:00,2617.625,,no_room,,,,2024-11-11 22:45:00
-1,2024-11-12 07:30:00,2603.295,,no_room,,,,2024-11-12 14:30:00
-1,2024-11-12 09:00:00,2595.074,,no_room,,,,2024-11-12 16:00:00
-1,2024-11-13 08:00:00,2603.408,,no_room,,,,2024-11-13 15:00:00
-1,2024-11-13 14:45:00,2607.035,,no_room,,,,2024-11-13 21:45:00
-1,2024-11-14 09:30:00,2550.255,,no_room,,,,2024-11-14 16:30:00
-1,2024-11-15 13:45:00,2565.298,,no_room,,,,2024-11-15 20:45:00
1,2024-11-18 09:15:00,2589.878,,no_room,,,,2024-11-18 16:15:00
1,2024-11-18 13:00:00,2595.285,,no_room,,,,2024-11-18 20:00:00
1,2024-11-19 09:15:00,2626.515,,no_room,,,,2024-11-19 16:15:00
1,2024-11-19 12:45:00,2636.375,,no_room,,,,2024-11-19 19:45:00
1,2024-11-20 11:45:00,2626.085,,no_room,,,,2024-11-20 18:45:00
1,2024-11-20 14:30:00,2640.415,,no_room,,,,2024-11-20 21:30:00
1,2024-11-21 11:15:00,2671.575,,no_room,,,,2024-11-21 18:15:00
1,2024-11-22 09:30:00,2700.315,,no_room,,,,2024-11-22 16:30:00
1,2024-11-22 15:30:00,2704.805,,no_room,,,,2024-11-22 22:30:00
-1,2024-11-25 14:00:00,2676.595,,no_room,,,,2024-11-25 21:00:00
-1,2024-11-26 07:15:00,2617.755,,no_room,,,,2024-11-26 14:15:00
1,2024-11-26 11:45:00,2633.075,,no_room,,,,2024-11-26 18:45:00
1,2024-11-27 08:45:00,2648.275,,no_room,,,,2024-11-27 15:45:00
1,2024-11-27 12:00:00,2653.715,,no_room,,,,2024-11-27 19:00:00
1,2024-11-27 13:45:00,2654.875,,no_room,,,,2024-11-27 20:45:00
1,2024-11-28 08:30:00,2639.458,,no_room,,,,2024-11-28 15:30:00
1,2024-11-28 10:30:00,2647.915,,no_room,,,,2024-11-28 17:30:00
-1,2024-11-29 14:45:00,2654.378,,no_room,,,,2024-11-29 21:45:00
-1,2024-12-03 12:00:00,2642.425,,no_room,,,,2024-12-03 19:00:00
1,2024-12-04 10:45:00,2642.655,,no_room,,,,2024-12-04 17:45:00
-1,2024-12-04 13:00:00,2636.515,,no_room,,,,2024-12-04 20:00:00
1,2024-12-05 11:45:00,2650.215,,no_room,,,,2024-12-05 18:45:00
1,2024-12-05 12:45:00,2652.535,,no_room,,,,2024-12-05 19:45:00
-1,2024-12-06 10:30:00,2635.895,,no_room,,,,2024-12-06 17:30:00
-1,2024-12-06 13:15:00,2635.605,,no_room,,,,2024-12-06 20:15:00
1,2024-12-09 09:00:00,2651.125,,no_room,,,,2024-12-09 16:00:00
1,2024-12-09 13:30:00,2660.345,,no_room,,,,2024-12-09 20:30:00
1,2024-12-10 10:30:00,2670.735,,no_room,,,,2024-12-10 17:30:00
1,2024-12-10 12:00:00,2676.675,,no_room,,,,2024-12-10 19:00:00
1,2024-12-10 13:45:00,2679.355,,no_room,,,,2024-12-10 20:45:00
1,2024-12-11 10:00:00,2695.854,,no_room,,,,2024-12-11 17:00:00
1,2024-12-11 13:30:00,2699.585,,no_room,,,,2024-12-11 20:30:00
-1,2024-12-12 15:30:00,2680.725,,no_room,,,,2024-12-12 22:30:00
-1,2024-12-13 07:15:00,2684.054,,no_room,,,,2024-12-13 14:15:00
-1,2024-12-13 08:45:00,2680.845,,no_room,,,,2024-12-13 15:45:00
-1,2024-12-13 13:45:00,2662.805,,no_room,,,,2024-12-13 20:45:00
-1,2024-12-16 14:30:00,2657.134,,no_room,,,,2024-12-16 21:30:00
-1,2024-12-17 08:45:00,2646.294,,no_room,,,,2024-12-17 15:45:00
-1,2024-12-17 14:00:00,2635.994,,no_room,,,,2024-12-17 21:00:00
-1,2024-12-18 07:30:00,2644.348,,no_room,,,,2024-12-18 14:30:00
-1,2024-12-18 12:45:00,2645.325,,no_room,,,,2024-12-18 19:45:00
-1,2024-12-18 14:15:00,2640.975,,no_room,,,,2024-12-18 21:15:00
-1,2024-12-19 11:30:00,2617.148,,no_room,,,,2024-12-19 18:30:00
-1,2024-12-20 11:00:00,2602.944,,no_room,,,,2024-12-20 18:00:00
-1,2024-12-23 15:00:00,2613.865,,no_room,,,,2024-12-23 22:00:00
-1,2024-12-24 09:00:00,2616.275,,no_room,,,,2024-12-24 16:00:00
-1,2024-12-24 11:15:00,2612.995,,no_room,,,,2024-12-24 18:15:00
-1,2024-12-24 14:45:00,2611.145,,no_room,,,,2024-12-24 21:45:00
1,2024-12-26 11:00:00,2628.895,,no_room,,,,2024-12-26 18:00:00
1,2024-12-26 13:00:00,2629.808,,no_room,,,,2024-12-26 20:00:00
-1,2024-12-27 08:00:00,2631.148,,no_room,,,,2024-12-27 15:00:00
-1,2024-12-27 13:15:00,2623.248,,no_room,,,,2024-12-27 20:15:00
-1,2024-12-30 13:45:00,2608.975,,no_room,,,,2024-12-30 20:45:00
-1,2024-12-30 15:00:00,2605.325,,no_room,,,,2024-12-30 22:00:00
1,2024-12-31 15:00:00,2615.995,,no_room,,,,2024-12-31 22:00:00
1,2025-01-02 08:45:00,2636.284,,no_room,,,,2025-01-02 15:45:00
1,2025-01-02 10:15:00,2639.785,,no_room,,,,2025-01-02 17:15:00
1,2025-01-02 14:00:00,2646.265,,no_room,,,,2025-01-02 21:00:00
-1,2025-01-06 13:30:00,2630.775,,no_room,,,,2025-01-06 20:30:00
1,2025-01-08 13:00:00,2654.995,,no_room,,,,2025-01-08 20:00:00
1,2025-01-09 10:30:00,2666.714,,no_room,,,,2025-01-09 17:30:00
1,2025-01-10 14:00:00,2682.938,,no_room,,,,2025-01-10 21:00:00
-1,2025-01-13 15:45:00,2663.625,,no_room,,,,2025-01-13 22:45:00
-1,2025-01-14 09:30:00,2666.985,,no_room,,,,2025-01-14 16:30:00
-1,2025-01-14 13:30:00,2664.439,,no_room,,,,2025-01-14 20:30:00
1,2025-01-15 08:00:00,2683.125,,no_room,,,,2025-01-15 15:00:00
1,2025-01-15 09:15:00,2685.225,,no_room,,,,2025-01-15 16:15:00
1,2025-01-15 13:45:00,2688.925,,no_room,,,,2025-01-15 20:45:00
1,2025-01-16 08:00:00,2698.208,,no_room,,,,2025-01-16 15:00:00
1,2025-01-16 09:15:00,2703.195,,no_room,,,,2025-01-16 16:15:00
1,2025-01-16 11:15:00,2708.305,,no_room,,,,2025-01-16 18:15:00
1,2025-01-16 13:30:00,2711.045,,no_room,,,,2025-01-16 20:30:00
1,2025-01-16 14:45:00,2718.248,,no_room,,,,2025-01-16 21:45:00
-1,2025-01-20 13:30:00,2705.0,,no_room,,,,2025-01-20 20:30:00
1,2025-01-21 07:30:00,2729.405,,no_room,,,,2025-01-21 14:30:00
1,2025-01-21 11:45:00,2723.825,,no_room,,,,2025-01-21 18:45:00
1,2025-01-21 14:15:00,2729.865,,no_room,,,,2025-01-21 21:15:00
1,2025-01-22 09:00:00,2753.835,,no_room,,,,2025-01-22 16:00:00
-1,2025-01-23 09:15:00,2751.635,,no_room,,,,2025-01-23 16:15:00
-1,2025-01-23 13:00:00,2740.898,,no_room,,,,2025-01-23 20:00:00
1,2025-01-24 13:00:00,2779.955,2789.668,signal,2770.50975,2789.4097500000003,2798.8645000000006,2025-01-24 20:00:00
1,2025-01-24 15:15:00,2784.505,,no_room,,,,2025-01-24 22:15:00
-1,2025-01-27 07:15:00,2750.565,,no_room,,,,2025-01-27 14:15:00
-1,2025-01-27 15:00:00,2747.065,,no_room,,,,2025-01-27 22:00:00
-1,2025-01-28 07:45:00,2738.908,,no_room,,,,2025-01-28 14:45:00
1,2025-01-28 12:45:00,2744.435,,no_room,,,,2025-01-28 19:45:00
1,2025-01-29 08:15:00,2764.205,,no_room,,,,2025-01-29 15:15:00
1,2025-01-30 10:00:00,2776.435,,no_room,,,,2025-01-30 17:00:00
1,2025-01-30 12:30:00,2779.415,,no_room,,,,2025-01-30 19:30:00
1,2025-01-31 07:15:00,2796.295,,sl_too_tight,,,,2025-01-31 14:15:00
1,2025-01-31 11:15:00,2796.315,,no_room,,,,2025-01-31 18:15:00
1,2025-01-31 14:30:00,2808.315,,signal,2802.500042857143,2819.9449142857143,2831.5748285714285,2025-01-31 21:30:00
1,2025-02-04 08:15:00,2814.265,,no_room,,,,2025-02-04 15:15:00
1,2025-02-04 09:30:00,2819.028,,no_room,,,,2025-02-04 16:30:00
1,2025-02-04 13:00:00,2821.675,,no_room,,,,2025-02-04 20:00:00
1,2025-02-05 07:45:00,2861.685,,signal,2854.4000928571427,2876.2548142857145,2890.824628571429,2025-02-05 14:45:00
1,2025-02-05 15:00:00,2870.715,,signal,2857.8921642857144,2896.3606714285715,2922.006342857143,2025-02-05 22:00:00
-1,2025-02-06 14:00:00,2855.445,,no_room,,,,2025-02-06 21:00:00
-1,2025-02-07 13:00:00,2863.255,,no_room,,,,2025-02-07 20:00:00
1,2025-02-10 12:00:00,2906.135,,signal,2897.6581285714287,2923.088742857143,2940.042485714286,2025-02-10 19:00:00
1,2025-02-11 15:45:00,2904.135,,no_room,,,,2025-02-11 22:45:00
-1,2025-02-12 13:00:00,2878.718,2859.805,signal,2886.2798285714284,2863.5943428571427,2848.4706857142855,2025-02-12 20:00:00
1,2025-02-13 12:00:00,2919.225,,no_room,,,,2025-02-13 19:00:00
1,2025-02-14 10:15:00,2938.385,,no_room,,,,2025-02-14 17:15:00
-1,2025-02-14 15:15:00,2914.105,,no_room,,,,2025-02-14 22:15:00
1,2025-02-18 11:45:00,2913.385,,no_room,,,,2025-02-18 18:45:00
1,2025-02-19 08:00:00,2935.655,,no_room,,,,2025-02-19 15:00:00
-1,2025-02-21 15:15:00,2926.675,,no_room,,,,2025-02-21 22:15:00
1,2025-02-24 08:45:00,2944.795,,no_room,,,,2025-02-24 15:45:00
1,2025-02-24 13:30:00,2951.015,,no_room,,,,2025-02-24 20:30:00
1,2025-02-25 08:30:00,2940.205,,no_room,,,,2025-02-25 15:30:00
-1,2025-02-25 15:15:00,2923.805,,no_room,,,,2025-02-25 22:15:00
-1,2025-02-26 13:30:00,2910.778,,no_room,,,,2025-02-26 20:30:00
-1,2025-02-27 08:00:00,2888.295,,no_room,,,,2025-02-27 15:00:00
-1,2025-02-27 14:45:00,2880.875,,no_room,,,,2025-02-27 21:45:00
-1,2025-02-28 07:15:00,2861.608,,no_room,,,,2025-02-28 14:15:00
-1,2025-02-28 12:30:00,2858.805,,no_room,,,,2025-02-28 19:30:00
-1,2025-03-03 07:30:00,2861.258,,no_room,,,,2025-03-03 14:30:00
1,2025-03-04 07:15:00,2894.225,,no_room,,,,2025-03-04 14:15:00
1,2025-03-04 12:00:00,2921.075,,no_room,,,,2025-03-04 19:00:00
-1,2025-03-07 13:15:00,2916.445,2906.915,signal,2922.910592857143,2907.260592857143,2898.0761857142857,2025-03-07 20:15:00
1,2025-03-07 14:45:00,2926.085,,no_room,,,,2025-03-07 21:45:00
-1,2025-03-11 13:00:00,2910.515,,no_room,,,,2025-03-11 20:00:00
1,2025-03-12 08:45:00,2921.035,,no_room,,,,2025-03-12 15:45:00
1,2025-03-12 15:00:00,2923.025,,no_room,,,,2025-03-12 22:00:00
1,2025-03-13 09:30:00,2946.975,,no_room,,,,2025-03-13 16:30:00
1,2025-03-13 13:30:00,2949.055,,no_room,,,,2025-03-13 20:30:00
1,2025-03-14 08:00:00,2987.635,,signal,2980.6562357142857,3001.5925285714293,3015.5500571428583,2025-03-14 15:00:00
1,2025-03-17 09:00:00,2990.545,,no_room,,,,2025-03-17 16:00:00
1,2025-03-18 07:00:00,3016.975,,signal,3005.476507142857,3039.971985714286,3062.968971428572,2025-03-18 14:00:00
1,2025-03-18 11:30:00,3025.525,,signal,3017.634607142857,3041.3057857142862,3057.0865714285724,2025-03-18 18:30:00
1,2025-03-21 11:30:00,3033.265,,no_room,,,,2025-03-21 18:30:00
1,2025-03-24 09:00:00,3028.725,3037.855,signal,3020.4476357142858,3037.5276357142857,3046.3302714285715,2025-03-24 16:00:00
1,2025-03-24 10:15:00,3030.935,,no_room,,,,2025-03-24 17:15:00
-1,2025-03-25 07:30:00,3014.075,,no_room,,,,2025-03-25 14:30:00
-1,2025-03-25 11:45:00,3020.438,3013.475,signal,3024.931614285714,3013.721614285714,3007.0052285714282,2025-03-25 18:45:00
-1,2025-03-26 13:45:00,3016.855,,no_room,,,,2025-03-26 20:45:00
1,2025-03-27 09:45:00,3038.495,3045.155,signal,3033.235592857143,3044.825592857143,3051.156185714286,2025-03-27 16:45:00
1,2025-03-27 14:45:00,3055.805,,no_room,,,,2025-03-27 21:45:00
1,2025-03-28 11:00:00,3075.985,,signal,3066.7076071428573,3094.5397857142857,3113.0945714285713,2025-03-28 18:00:00
1,2025-03-28 12:30:00,3079.695,,signal,3066.7942785714285,3105.4964428571434,3131.2978857142866,2025-03-28 19:30:00
1,2025-03-28 13:45:00,3081.725,,no_room,,,,2025-03-28 20:45:00
1,2025-03-31 12:15:00,3123.545,,no_room,,,,2025-03-31 19:15:00
1,2025-04-01 10:15:00,3135.465,,signal,3123.452957142857,3159.4890857142864,3183.5131714285726,2025-04-01 17:15:00
-1,2025-04-04 08:15:00,3086.838,,no_room,,,,2025-04-04 15:15:00
-1,2025-04-04 12:45:00,3078.255,,no_room,,,,2025-04-04 19:45:00
-1,2025-04-07 07:00:00,3016.255,,no_room,,,,2025-04-07 14:00:00
-1,2025-04-07 13:30:00,3014.452,,no_room,,,,2025-04-07 20:30:00
-1,2025-04-07 14:45:00,3001.752,,no_room,,,,2025-04-07 21:45:00
-1,2025-04-08 09:15:00,3001.065,,no_room,,,,2025-04-08 16:15:00
-1,2025-04-08 15:45:00,3002.145,,no_room,,,,2025-04-08 22:45:00
1,2025-04-09 11:15:00,3049.425,,no_room,,,,2025-04-09 18:15:00
1,2025-04-09 13:45:00,3072.895,,no_room,,,,2025-04-09 20:45:00
1,2025-04-09 15:45:00,3084.365,,no_room,,,,2025-04-09 22:45:00
1,2025-04-10 11:45:00,3122.355,,no_room,,,,2025-04-10 18:45:00
1,2025-04-11 08:00:00,3212.855,,signal,3185.4313857142856,3267.702228571429,3322.5494571428576,2025-04-11 15:00:00
1,2025-04-11 09:45:00,3227.339,,signal,3185.6150714285714,3310.786857142857,3394.2347142857143,2025-04-11 16:45:00
1,2025-04-11 13:30:00,3237.325,,signal,3209.901357142857,3292.172285714286,3347.019571428572,2025-04-11 20:30:00
-1,2025-04-14 13:00:00,3206.025,3123.919,signal,3228.358607142857,3161.357785714286,3116.6905714285717,2025-04-14 20:00:00
-1,2025-04-15 07:15:00,3220.585,3209.205,signal,3228.9237857142857,3209.6137857142858,3198.6425714285715,2025-04-15 14:15:00
-1,2025-04-15 10:45:00,3220.845,,no_room,,,,2025-04-15 17:45:00
-1,2025-04-15 13:45:00,3214.075,,no_room,,,,2025-04-15 20:45:00
1,2025-04-16 12:00:00,3306.665,,signal,3292.172357142857,3335.650285714286,3364.635571428572,2025-04-16 19:00:00
1,2025-04-16 15:30:00,3319.335,,signal,3295.7042857142856,3366.596428571429,3413.857857142858,2025-04-16 22:30:00
1,2025-04-17 10:30:00,3326.745,3357.455,signal,3311.884328571429,3356.466342857142,3386.1876857142843,2025-04-17 17:30:00
1,2025-04-17 12:00:00,3333.585,3357.455,signal,3311.895785714286,3356.8657857142857,3380.1465714285714,2025-04-17 19:00:00
-1,2025-04-17 13:45:00,3322.085,,no_room,,,,2025-04-17 20:45:00
1,2025-04-21 11:30:00,3397.515,,signal,3390.1137857142858,3412.317428571428,3427.1198571428563,2025-04-21 18:30:00
-1,2025-04-23 12:00:00,3321.335,,no_room,,,,2025-04-23 19:00:00
-1,2025-04-24 13:30:00,3325.375,,no_room,,,,2025-04-24 20:30:00
-1,2025-04-25 11:30:00,3291.735,,no_room,,,,2025-04-25 18:30:00
-1,2025-04-25 13:00:00,3287.595,,no_room,,,,2025-04-25 20:00:00
-1,2025-04-28 09:45:00,3277.165,,no_room,,,,2025-04-28 16:45:00
1,2025-04-29 13:00:00,3315.735,,no_room,,,,2025-04-29 20:00:00
-1,2025-04-30 09:45:00,3280.005,,no_room,,,,2025-04-30 16:45:00
-1,2025-05-01 09:15:00,3225.815,3211.385,signal,3237.0192142857145,3211.9392142857146,3198.063428571429,2025-05-01 16:15:00
-1,2025-05-01 11:45:00,3213.355,,no_room,,,,2025-05-01 18:45:00
-1,2025-05-01 15:30:00,3213.925,,no_room,,,,2025-05-01 22:30:00
-1,2025-05-02 12:30:00,3256.965,3211.385,signal,3269.3529,3232.1892000000007,3207.4134000000013,2025-05-02 19:30:00
-1,2025-05-02 15:30:00,3241.865,3211.385,signal,3265.480642857143,3212.5006428571432,3183.1362857142867,2025-05-02 22:30:00
1,2025-05-05 08:30:00,3272.205,3317.575,signal,3253.2222857142856,3310.1704285714286,3348.1358571428573,2025-05-05 15:30:00
1,2025-05-05 12:30:00,3318.715,,no_room,,,,2025-05-05 19:30:00
1,2025-05-06 12:30:00,3384.805,,no_room,,,,2025-05-06 19:30:00
1,2025-05-07 07:00:00,3395.645,3437.655,signal,3377.6627857142857,3431.6094285714285,3467.573857142857,2025-05-07 14:00:00
1,2025-05-07 13:45:00,3393.645,,no_room,,,,2025-05-07 20:45:00
-1,2025-05-08 15:15:00,3350.415,3320.515,signal,3370.128642857143,3321.458642857143,3292.502285714286,2025-05-08 22:15:00
-1,2025-05-09 14:00:00,3328.505,,no_room,,,,2025-05-09 21:00:00
-1,2025-05-12 07:00:00,3268.115,,no_room,,,,2025-05-12 14:00:00
-1,2025-05-12 09:45:00,3215.775,,no_room,,,,2025-05-12 16:45:00
-1,2025-05-14 11:45:00,3229.355,,no_room,,,,2025-05-14 18:45:00
1,2025-05-19 07:30:00,3231.245,,no_room,,,,2025-05-19 14:30:00
1,2025-05-20 13:45:00,3250.525,,no_room,,,,2025-05-20 20:45:00
1,2025-05-21 15:00:00,3309.348,,no_room,,,,2025-05-21 22:00:00
-1,2025-05-22 13:45:00,3300.705,,no_room,,,,2025-05-22 20:45:00
-1,2025-05-27 11:15:00,3290.175,,no_room,,,,2025-05-27 18:15:00
1,2025-05-28 09:45:00,3323.598,,no_room,,,,2025-05-28 16:45:00
-1,2025-05-30 11:30:00,3292.265,,no_room,,,,2025-05-30 18:30:00
-1,2025-05-30 13:45:00,3282.275,,no_room,,,,2025-05-30 20:45:00
1,2025-06-02 12:15:00,3358.748,,no_room,,,,2025-06-02 19:15:00
1,2025-06-02 13:30:00,3363.348,,no_room,,,,2025-06-02 20:30:00
-1,2025-06-03 13:45:00,3348.798,3331.198,signal,3363.5279428571425,3331.7779428571425,3314.7578857142853,2025-06-03 20:45:00
-1,2025-06-04 10:45:00,3351.355,,no_room,,,,2025-06-04 17:45:00
1,2025-06-05 08:30:00,3374.298,,no_room,,,,2025-06-05 15:30:00
-1,2025-06-06 13:45:00,3343.148,,no_room,,,,2025-06-06 20:45:00
1,2025-06-11 07:45:00,3342.895,,no_room,,,,2025-06-11 14:45:00
1,2025-06-11 12:30:00,3348.405,,no_room,,,,2025-06-11 19:30:00
1,2025-06-12 10:15:00,3375.435,,no_room,,,,2025-06-12 17:15:00
1,2025-06-12 13:30:00,3388.355,,no_room,,,,2025-06-12 20:30:00
1,2025-06-13 12:30:00,3427.545,,no_room,,,,2025-06-13 19:30:00
1,2025-06-16 10:45:00,3419.348,3437.655,signal,3409.003007142857,3437.183007142857,3455.0180142857143,2025-06-16 17:45:00
-1,2025-06-17 08:45:00,3380.805,,no_room,,,,2025-06-17 15:45:00
-1,2025-06-17 14:30:00,3383.305,,no_room,,,,2025-06-17 21:30:00
-1,2025-06-18 10:15:00,3376.865,,no_room,,,,2025-06-18 17:15:00
-1,2025-06-19 13:15:00,3363.738,,no_room,,,,2025-06-19 20:15:00
1,2025-06-23 08:15:00,3359.685,,no_room,,,,2025-06-23 15:15:00
1,2025-06-23 11:00:00,3368.865,,no_room,,,,2025-06-23 18:00:00
1,2025-06-23 15:15:00,3387.548,,no_room,,,,2025-06-23 22:15:00
-1,2025-06-24 12:00:00,3317.725,,no_room,,,,2025-06-24 19:00:00
-1,2025-06-24 13:30:00,3304.408,,no_room,,,,2025-06-24 20:30:00
-1,2025-06-25 09:00:00,3326.498,,no_room,,,,2025-06-25 16:00:00
-1,2025-06-25 12:30:00,3321.348,,no_room,,,,2025-06-25 19:30:00
-1,2025-06-27 11:30:00,3281.895,,no_room,,,,2025-06-27 18:30:00
1,2025-06-30 15:45:00,3288.845,,no_room,,,,2025-06-30 22:45:00
1,2025-07-01 07:00:00,3332.175,,no_room,,,,2025-07-01 14:00:00
1,2025-07-02 10:45:00,3343.698,,no_room,,,,2025-07-02 17:45:00
1,2025-07-02 12:30:00,3347.548,,no_room,,,,2025-07-02 19:30:00
-1,2025-07-04 07:15:00,3338.198,,no_room,,,,2025-07-04 14:15:00
-1,2025-07-04 09:30:00,3336.245,,no_room,,,,2025-07-04 16:30:00
-1,2025-07-07 07:45:00,3305.005,,no_room,,,,2025-07-07 14:45:00
-1,2025-07-07 10:30:00,3305.945,,no_room,,,,2025-07-07 17:30:00
-1,2025-07-08 08:00:00,3330.425,,no_room,,,,2025-07-08 15:00:00
-1,2025-07-08 13:45:00,3319.715,,no_room,,,,2025-07-08 20:45:00
-1,2025-07-09 08:45:00,3285.415,,no_room,,,,2025-07-09 15:45:00
-1,2025-07-10 11:45:00,3321.995,,no_room,,,,2025-07-10 18:45:00
-1,2025-07-10 13:45:00,3317.658,,no_room,,,,2025-07-10 20:45:00
1,2025-07-11 10:15:00,3343.475,,no_room,,,,2025-07-11 17:15:00
1,2025-07-11 14:30:00,3358.959,,no_room,,,,2025-07-11 21:30:00
-1,2025-07-14 14:30:00,3346.985,,no_room,,,,2025-07-14 21:30:00
-1,2025-07-15 11:15:00,3358.348,,no_room,,,,2025-07-15 18:15:00
-1,2025-07-15 15:15:00,3334.169,,no_room,,,,2025-07-15 22:15:00
-1,2025-07-16 10:45:00,3335.835,,no_room,,,,2025-07-16 17:45:00
-1,2025-07-16 13:30:00,3333.585,,no_room,,,,2025-07-16 20:30:00
1,2025-07-21 11:00:00,3367.965,,no_room,,,,2025-07-21 18:00:00
1,2025-07-22 11:45:00,3390.435,,no_room,,,,2025-07-22 18:45:00
1,2025-07-23 09:00:00,3429.465,,no_room,,,,2025-07-23 16:00:00
-1,2025-07-23 15:45:00,3405.268,3383.115,signal,3420.3027500000003,3383.74275,3362.2174999999997,2025-07-23 22:45:00
-1,2025-07-24 07:45:00,3369.678,,no_room,,,,2025-07-24 14:45:00
-1,2025-07-24 09:15:00,3365.618,,no_room,,,,2025-07-24 16:15:00
-1,2025-07-24 12:00:00,3361.815,,no_room,,,,2025-07-24 19:00:00
-1,2025-07-25 07:30:00,3354.415,,no_room,,,,2025-07-25 14:30:00
-1,2025-07-25 10:45:00,3342.845,,no_room,,,,2025-07-25 17:45:00
-1,2025-07-25 14:45:00,3336.165,,no_room,,,,2025-07-25 21:45:00
-1,2025-07-28 07:45:00,3335.615,,no_room,,,,2025-07-28 14:45:00
-1,2025-07-28 12:00:00,3334.025,,no_room,,,,2025-07-28 19:00:00
-1,2025-07-29 11:00:00,3320.615,,no_room,,,,2025-07-29 18:00:00
-1,2025-07-30 12:45:00,3322.798,,no_room,,,,2025-07-30 19:45:00
-1,2025-07-30 15:15:00,3298.199,,no_room,,,,2025-07-30 22:15:00
-1,2025-07-31 10:45:00,3297.775,,no_room,,,,2025-07-31 17:45:00
-1,2025-08-01 07:30:00,3289.835,,no_room,,,,2025-08-01 14:30:00
1,2025-08-04 11:00:00,3361.615,,no_room,,,,2025-08-04 18:00:00
1,2025-08-04 13:00:00,3371.348,,no_room,,,,2025-08-04 20:00:00
1,2025-08-05 07:15:00,3373.985,,no_room,,,,2025-08-05 14:15:00
1,2025-08-05 13:30:00,3375.385,,no_room,,,,2025-08-05 20:30:00
1,2025-08-06 11:15:00,3365.315,,no_room,,,,2025-08-06 18:15:00
1,2025-08-06 12:45:00,3366.845,,no_room,,,,2025-08-06 19:45:00
1,2025-08-07 12:30:00,3383.125,,no_room,,,,2025-08-07 19:30:00
1,2025-08-07 13:30:00,3389.515,,no_room,,,,2025-08-07 20:30:00
1,2025-08-08 07:30:00,3397.755,,no_room,,,,2025-08-08 14:30:00
-1,2025-08-11 09:00:00,3356.805,,no_room,,,,2025-08-11 16:00:00
-1,2025-08-11 11:15:00,3352.685,,no_room,,,,2025-08-11 18:15:00
-1,2025-08-12 10:30:00,3345.335,,no_room,,,,2025-08-12 17:30:00
-1,2025-08-12 14:00:00,3335.915,,no_room,,,,2025-08-12 21:00:00
1,2025-08-13 09:15:00,3360.798,,no_room,,,,2025-08-13 16:15:00
1,2025-08-13 13:45:00,3363.598,,no_room,,,,2025-08-13 20:45:00
-1,2025-08-14 12:45:00,3351.955,,no_room,,,,2025-08-14 19:45:00
-1,2025-08-14 14:00:00,3340.74,,no_room,,,,2025-08-14 21:00:00
-1,2025-08-15 08:15:00,3339.925,,no_room,,,,2025-08-15 15:15:00
-1,2025-08-15 10:15:00,3338.155,,no_room,,,,2025-08-15 17:15:00
1,2025-08-19 10:00:00,3341.648,,no_room,,,,2025-08-19 17:00:00
-1,2025-08-19 14:45:00,3325.5,,no_room,,,,2025-08-19 21:45:00
1,2025-08-21 13:00:00,3342.025,,no_room,,,,2025-08-21 20:00:00
1,2025-08-22 07:00:00,3331.44,,no_room,,,,2025-08-22 14:00:00
1,2025-08-25 11:30:00,3368.335,,no_room,,,,2025-08-25 18:30:00
1,2025-08-25 14:00:00,3371.375,,no_room,,,,2025-08-25 21:00:00
1,2025-08-26 15:00:00,3380.235,,no_room,,,,2025-08-26 22:00:00
1,2025-08-27 08:00:00,3381.805,,no_room,,,,2025-08-27 15:00:00
1,2025-08-27 14:45:00,3384.655,,no_room,,,,2025-08-27 21:45:00
1,2025-08-28 08:30:00,3397.555,,no_room,,,,2025-08-28 15:30:00
1,2025-08-28 11:15:00,3401.415,,no_room,,,,2025-08-28 18:15:00
1,2025-08-28 14:00:00,3408.515,,no_room,,,,2025-08-28 21:00:00
1,2025-08-29 08:00:00,3412.445,,no_room,,,,2025-08-29 15:00:00
1,2025-08-29 12:45:00,3414.635,,no_room,,,,2025-08-29 19:45:00
1,2025-09-01 13:00:00,3473.315,3489.595,signal,3466.5827142857142,3486.7795714285717,3500.2441428571433,2025-09-01 20:00:00
1,2025-09-02 10:30:00,3481.175,,no_room,,,,2025-09-02 17:30:00
1,2025-09-02 14:00:00,3493.985,,no_room,,,,2025-09-02 21:00:00
1,2025-09-03 08:15:00,3537.315,,no_room,,,,2025-09-03 15:15:00
1,2025-09-03 11:00:00,3541.785,,no_room,,,,2025-09-03 18:00:00
1,2025-09-03 12:45:00,3549.385,,signal,3531.5773357142857,3585.0003285714292,3620.6156571428583,2025-09-03 19:45:00
1,2025-09-04 08:00:00,3541.475,,no_room,,,,2025-09-04 15:00:00
1,2025-09-04 12:00:00,3546.825,3578.175,signal,3535.693592857143,3569.0878142857136,3591.3506285714275,2025-09-04 19:00:00
1,2025-09-04 13:15:00,3551.648,3578.175,signal,3535.567407142857,3577.5444071428574,3603.4408142857146,2025-09-04 20:15:00
1,2025-09-05 12:30:00,3554.985,,no_room,,,,2025-09-05 19:30:00
1,2025-09-05 13:45:00,3586.575,,signal,3546.866142857143,3665.992714285713,3745.4104285714266,2025-09-05 20:45:00
1,2025-09-08 10:00:00,3616.848,,signal,3578.8549999999996,3692.8340000000007,3768.8200000000015,2025-09-08 17:00:00
1,2025-09-08 12:45:00,3622.245,,signal,3611.9335214285716,3642.8679571428565,3663.490914285713,2025-09-08 19:45:00
1,2025-09-09 09:00:00,3650.678,,signal,3640.6481928571425,3670.7376142857147,3690.7972285714295,2025-09-09 16:00:00
1,2025-09-09 13:15:00,3655.225,,no_room,,,,2025-09-09 20:15:00
-1,2025-09-11 09:00:00,3623.555,,no_room,,,,2025-09-11 16:00:00
1,2025-09-12 14:15:00,3651.975,,no_room,,,,2025-09-12 21:15:00
-1,2025-09-15 12:15:00,3638.748,,no_room,,,,2025-09-15 19:15:00
1,2025-09-15 12:45:00,3646.615,,no_room,,,,2025-09-15 19:45:00
1,2025-09-15 15:00:00,3664.125,,no_room,,,,2025-09-15 22:00:00
1,2025-09-16 08:00:00,3694.015,,signal,3679.622207142857,3722.8005857142857,3751.5861714285716,2025-09-16 15:00:00
1,2025-09-16 09:45:00,3697.035,,signal,3685.5137642857144,3720.077471428571,3743.1199428571417,2025-09-16 16:45:00
-1,2025-09-17 10:45:00,3662.245,3637.375,signal,3671.26545,3644.2041,3626.1632,2025-09-17 17:45:00
-1,2025-09-18 12:45:00,3664.198,,no_room,,,,2025-09-18 19:45:00
-1,2025-09-19 11:30:00,3649.415,,no_room,,,,2025-09-19 18:30:00
1,2025-09-19 13:45:00,3658.995,,no_room,,,,2025-09-19 20:45:00
1,2025-09-22 08:30:00,3719.645,,signal,3689.263907142857,3780.407185714286,3841.1693714285716,2025-09-22 15:30:00
1,2025-09-22 10:45:00,3726.435,,signal,3689.3903785714288,3800.5242428571423,3874.6134857142847,2025-09-22 17:45:00
1,2025-09-22 14:45:00,3725.325,,signal,3712.575407142857,3750.8241857142857,3776.3233714285716,2025-09-22 21:45:00
1,2025-09-23 08:15:00,3758.615,,no_room,,,,2025-09-23 15:15:00
1,2025-09-23 11:15:00,3787.648,,signal,3748.073664285714,3866.796671428572,3945.945342857144,2025-09-23 18:15:00
1,2025-09-24 07:30:00,3776.795,3790.865,signal,3768.5307571428575,3790.450757142857,3804.106514285714,2025-09-24 14:30:00
1,2025-09-26 13:00:00,3754.855,,no_room,,,,2025-09-26 20:00:00
1,2025-09-29 11:15:00,3819.565,,signal,3805.7250714285715,3847.244857142857,3874.9247142857143,2025-09-29 18:15:00
1,2025-09-30 12:45:00,3817.575,3871.505,signal,3792.1575214285713,3868.409957142857,3919.244914285714,2025-09-30 19:45:00
1,2025-10-01 07:15:00,3869.675,,no_room,,,,2025-10-01 14:15:00
1,2025-10-02 08:30:00,3874.615,3895.145,signal,3860.97545,3894.60245,3914.5899,2025-10-02 15:30:00
1,2025-10-02 11:30:00,3883.625,,no_room,,,,2025-10-02 18:30:00
1,2025-10-02 13:15:00,3891.885,,no_room,,,,2025-10-02 20:15:00
1,2025-10-03 10:45:00,3865.535,,no_room,,,,2025-10-03 17:45:00
1,2025-10-03 12:30:00,3867.525,,no_room,,,,2025-10-03 19:30:00
1,2025-10-06 08:00:00,3944.955,,signal,3921.5238285714286,3991.8173428571426,4038.6796857142854,2025-10-06 15:00:00
1,2025-10-06 13:30:00,3941.145,,signal,3925.6846214285715,3972.065757142857,4002.986514285714,2025-10-06 20:30:00
1,2025-10-06 15:45:00,3958.655,,signal,3926.1784000000002,4023.6082,4088.5614,2025-10-06 22:45:00
1,2025-10-07 11:30:00,3963.305,3977.125,signal,3953.33955,3976.56955,3989.8341000000005,2025-10-07 18:30:00
1,2025-10-07 15:00:00,3985.405,,signal,3968.0595000000003,4020.096,4054.787,2025-10-07 22:00:00
1,2025-10-08 09:45:00,4040.305,,signal,4020.4422357142853,4080.030528571429,4119.7560571428585,2025-10-08 16:45:00
-1,2025-10-09 13:30:00,4033.355,,no_room,,,,2025-10-09 20:30:00
1,2025-10-10 15:00:00,3997.845,,no_room,,,,2025-10-10 22:00:00
1,2025-10-13 08:45:00,4077.105,,signal,4058.660835714286,4113.993328571429,4150.881657142858,2025-10-13 15:45:00
1,2025-10-13 10:45:00,4079.555,,signal,4069.3308571428574,4100.003285714285,4120.45157142857,2025-10-13 17:45:00
1,2025-10-13 13:00:00,4085.065,,signal,4072.304685714286,4110.585628571429,4136.106257142857,2025-10-13 20:00:00
1,2025-10-13 15:45:00,4103.575,,signal,4072.178592857143,4166.367814285713,4229.160628571427,2025-10-13 22:45:00
1,2025-10-15 14:00:00,4203.975,,no_room,,,,2025-10-15 21:00:00
1,2025-10-16 09:45:00,4235.785,,no_room,,,,2025-10-16 16:45:00
-1,2025-10-17 13:45:00,4283.355,,no_room,,,,2025-10-17 20:45:00
1,2025-10-20 14:45:00,4326.975,4378.455,signal,4291.042864285714,4376.869864285714,4426.764728571428,2025-10-20 21:45:00
-1,2025-10-22 08:00:00,4129.225,,no_room,,,,2025-10-22 15:00:00
-1,2025-10-22 10:30:00,4061.909,,no_room,,,,2025-10-22 17:30:00
-1,2025-10-22 14:45:00,4022.645,,no_room,,,,2025-10-22 21:45:00
1,2025-10-23 12:45:00,4125.245,,no_room,,,,2025-10-23 19:45:00
-1,2025-10-27 08:45:00,4053.505,,no_room,,,,2025-10-27 15:45:00
-1,2025-10-27 11:30:00,4024.475,,no_room,,,,2025-10-27 18:30:00
-1,2025-10-27 14:00:00,4015.055,,no_room,,,,2025-10-27 21:00:00
1,2025-10-30 09:00:00,3977.025,,no_room,,,,2025-10-30 16:00:00
1,2025-10-30 13:45:00,3985.315,,no_room,,,,2025-10-30 20:45:00
1,2025-10-31 12:15:00,4016.505,,no_room,,,,2025-10-31 19:15:00
-1,2025-11-03 09:15:00,4010.905,,no_room,,,,2025-11-03 16:15:00
-1,2025-11-04 12:45:00,3985.765,,no_room,,,,2025-11-04 19:45:00
1,2025-11-06 11:45:00,4016.675,,no_room,,,,2025-11-06 18:45:00
1,2025-11-07 09:00:00,4010.275,4019.275,signal,4002.032357142857,4018.762357142857,4027.249714285714,2025-11-07 16:00:00
1,2025-11-10 11:45:00,4083.248,4116.055,signal,4075.0187928571427,4099.706414285714,4116.164828571429,2025-11-10 18:45:00
1,2025-11-11 09:00:00,4137.645,,no_room,,,,2025-11-11 16:00:00
1,2025-11-12 08:15:00,4125.045,,no_room,,,,2025-11-12 15:15:00
1,2025-11-12 12:15:00,4131.015,,no_room,,,,2025-11-12 19:15:00
1,2025-11-12 15:00:00,4139.275,,no_room,,,,2025-11-12 22:00:00
1,2025-11-13 07:45:00,4217.545,,no_room,,,,2025-11-13 14:45:00
1,2025-11-13 12:45:00,4239.905,,no_room,,,,2025-11-13 19:45:00
-1,2025-11-14 11:00:00,4158.685,,no_room,,,,2025-11-14 18:00:00
-1,2025-11-17 10:45:00,4071.885,,no_room,,,,2025-11-17 17:45:00
-1,2025-11-18 07:15:00,4004.419,,no_room,,,,2025-11-18 14:15:00
1,2025-11-19 09:30:00,4096.668,,no_room,,,,2025-11-19 16:30:00
1,2025-11-19 14:45:00,4119.635,,no_room,,,,2025-11-19 21:45:00
1,2025-11-20 12:15:00,4072.495,,no_room,,,,2025-11-20 19:15:00
1,2025-11-24 07:30:00,4057.755,,no_room,,,,2025-11-24 14:30:00
1,2025-11-24 09:00:00,4067.365,,no_room,,,,2025-11-24 16:00:00
1,2025-11-24 12:30:00,4077.015,,no_room,,,,2025-11-24 19:30:00
1,2025-11-24 15:00:00,4085.575,,no_room,,,,2025-11-24 22:00:00
1,2025-11-25 13:00:00,4137.185,,no_room,,,,2025-11-25 20:00:00
1,2025-11-26 11:30:00,4164.845,,no_room,,,,2025-11-26 18:30:00
1,2025-11-27 15:15:00,4160.505,,no_room,,,,2025-11-27 22:15:00
1,2025-11-28 13:45:00,4179.455,,no_room,,,,2025-11-28 20:45:00
1,2025-12-01 08:00:00,4246.665,,no_room,,,,2025-12-01 15:00:00
1,2025-12-01 10:00:00,4253.325,,no_room,,,,2025-12-01 17:00:00
1,2025-12-01 13:30:00,4258.215,,no_room,,,,2025-12-01 20:30:00
-1,2025-12-02 09:15:00,4206.875,,no_room,,,,2025-12-02 16:15:00
-1,2025-12-02 15:15:00,4201.915,,no_room,,,,2025-12-02 22:15:00
-1,2025-12-03 07:15:00,4203.155,,no_room,,,,2025-12-03 14:15:00
-1,2025-12-03 09:00:00,4200.065,,no_room,,,,2025-12-03 16:00:00
-1,2025-12-03 10:00:00,4196.935,,no_room,,,,2025-12-03 17:00:00
-1,2025-12-04 08:45:00,4186.335,,no_room,,,,2025-12-04 15:45:00
-1,2025-12-04 12:15:00,4196.405,,no_room,,,,2025-12-04 19:15:00
1,2025-12-05 13:15:00,4229.585,,no_room,,,,2025-12-05 20:15:00
1,2025-12-08 11:30:00,4212.705,,no_room,,,,2025-12-08 18:30:00
1,2025-12-09 15:45:00,4210.195,,no_room,,,,2025-12-09 22:45:00
1,2025-12-10 13:30:00,4202.095,,no_room,,,,2025-12-10 20:30:00
1,2025-12-11 07:30:00,4215.245,,no_room,,,,2025-12-11 14:30:00
1,2025-12-11 10:00:00,4219.395,,no_room,,,,2025-12-11 17:00:00
1,2025-12-11 14:00:00,4225.775,,no_room,,,,2025-12-11 21:00:00
1,2025-12-12 13:30:00,4339.075,,no_room,,,,2025-12-12 20:30:00
1,2025-12-12 14:45:00,4345.935,4378.455,signal,4320.308371428571,4377.598371428571,4409.261742857142,2025-12-12 21:45:00
1,2025-12-15 09:00:00,4347.185,,no_room,,,,2025-12-15 16:00:00
-1,2025-12-16 08:15:00,4279.245,,no_room,,,,2025-12-16 15:15:00
1,2025-12-17 12:15:00,4320.235,,no_room,,,,2025-12-17 19:15:00
-1,2025-12-18 12:15:00,4320.485,4306.305,signal,4328.960192857143,4306.710192857143,4292.935385714286,2025-12-18 19:15:00
-1,2025-12-18 14:30:00,4314.435,,no_room,,,,2025-12-18 21:30:00
1,2025-12-19 13:00:00,4329.325,,no_room,,,,2025-12-19 20:00:00
1,2025-12-19 15:00:00,4335.155,,no_room,,,,2025-12-19 22:00:00
1,2025-12-22 13:00:00,4415.555,,no_room,,,,2025-12-22 20:00:00
1,2025-12-22 15:45:00,4429.325,,signal,4405.02505,4477.924899999999,4526.524799999998,2025-12-22 22:45:00
1,2025-12-23 07:45:00,4485.375,,no_room,,,,2025-12-23 14:45:00
1,2025-12-23 11:30:00,4487.255,,no_room,,,,2025-12-23 18:30:00
1,2025-12-23 13:00:00,4494.005,,no_room,,,,2025-12-23 20:00:00
-1,2025-12-24 14:45:00,4474.175,,no_room,,,,2025-12-24 21:45:00
-1,2025-12-26 11:00:00,4511.518,4469.265,signal,4523.71965,4487.1147,4462.7114,2025-12-26 18:00:00
-1,2025-12-29 11:45:00,4452.225,,no_room,,,,2025-12-29 18:45:00
-1,2025-12-29 13:30:00,4433.835,,no_room,,,,2025-12-29 20:30:00
-1,2025-12-30 08:15:00,4358.715,,no_room,,,,2025-12-30 15:15:00
-1,2025-12-30 13:30:00,4380.875,4336.275,signal,4392.339414285715,4357.94617142857,4335.01734285714,2025-12-30 20:30:00
-1,2025-12-30 14:30:00,4375.905,,no_room,,,,2025-12-30 21:30:00
1,2026-01-02 07:45:00,4381.495,4403.998,signal,4370.038757142857,4403.438757142857,4425.382514285714,2026-01-02 14:45:00
1,2026-01-02 13:00:00,4398.998,,no_room,,,,2026-01-02 20:00:00
1,2026-01-05 08:15:00,4426.095,4497.175,signal,4400.2434,4477.7982,4529.5014,2026-01-05 15:15:00
1,2026-01-05 14:00:00,4418.765,,no_room,,,,2026-01-05 21:00:00
1,2026-01-06 08:15:00,4470.035,4497.175,signal,4448.430928571429,4496.407928571429,4522.780857142858,2026-01-06 15:15:00
1,2026-01-06 14:30:00,4475.485,,no_room,,,,2026-01-06 21:30:00
1,2026-01-08 15:00:00,4435.605,4455.425,signal,4417.745378571429,4454.255378571429,4472.905757142858,2026-01-08 22:00:00
1,2026-01-09 13:30:00,4480.335,,no_room,,,,2026-01-09 20:30:00
1,2026-01-12 07:45:00,4584.695,,no_room,,,,2026-01-12 14:45:00
1,2026-01-12 08:45:00,4589.465,,no_room,,,,2026-01-12 15:45:00
1,2026-01-12 13:00:00,4595.145,,no_room,,,,2026-01-12 20:00:00
1,2026-01-12 15:30:00,4620.185,,signal,4583.341971428571,4693.871057142859,4767.557114285718,2026-01-12 22:30:00
1,2026-01-13 12:45:00,4591.915,,no_room,,,,2026-01-13 19:45:00
1,2026-01-14 12:45:00,4638.015,,no_room,,,,2026-01-14 19:45:00
-1,2026-01-15 13:30:00,4597.685,,no_room,,,,2026-01-15 20:30:00
-1,2026-01-16 13:00:00,4598.285,,no_room,,,,2026-01-16 20:00:00
-1,2026-01-16 15:15:00,4582.105,,no_room,,,,2026-01-16 22:15:00
1,2026-01-19 12:30:00,4671.055,,no_room,,,,2026-01-19 19:30:00
1,2026-01-19 15:45:00,4673.565,,no_room,,,,2026-01-19 22:45:00
1,2026-01-20 07:15:00,4716.925,,signal,4664.431735714285,4821.91152857143,4926.898057142859,2026-01-20 14:15:00
1,2026-01-20 13:45:00,4735.145,,signal,4720.754785714285,4763.9254285714305,4792.705857142861,2026-01-20 20:45:00
1,2026-01-21 09:15:00,4869.375,,signal,4830.918492857143,4946.288014285714,5023.201028571428,2026-01-21 16:15:00
1,2026-01-21 13:30:00,4871.305,,no_room,,,,2026-01-21 20:30:00
1,2026-01-22 14:30:00,4835.235,,no_room,,,,2026-01-22 21:30:00
1,2026-01-23 12:00:00,4932.265,4967.235,signal,4910.590335714286,4966.200335714286,5000.135671428571,2026-01-23 19:00:00
1,2026-01-23 15:00:00,4947.785,,no_room,,,,2026-01-23 22:00:00
1,2026-01-26 07:15:00,5092.785,,signal,5050.72,5176.914999999999,5261.044999999998,2026-01-26 14:15:00
-1,2026-01-27 11:45:00,5081.745,5054.375,signal,5100.217507142857,5055.247507142857,5028.750014285714,2026-01-27 18:45:00
-1,2026-01-27 14:00:00,5066.808,,no_room,,,,2026-01-27 21:00:00
1,2026-01-29 12:00:00,5529.605,5595.275,signal,5468.474835714286,5593.204835714286,5656.804671428572,2026-01-29 19:00:00
1,2026-01-29 14:15:00,5542.835,5595.275,signal,5497.501878571428,5593.151878571428,5643.468757142856,2026-01-29 21:15:00
-1,2026-01-30 07:30:00,5150.235,,no_room,,,,2026-01-30 14:30:00
-1,2026-01-30 08:30:00,5117.205,,no_room,,,,2026-01-30 15:30:00
-1,2026-01-30 12:45:00,5087.215,,no_room,,,,2026-01-30 19:45:00
-1,2026-02-02 15:45:00,4668.448,,no_room,,,,2026-02-02 22:45:00
1,2026-02-03 13:30:00,4935.308,,no_room,,,,2026-02-03 20:30:00
-1,2026-02-05 09:00:00,4895.385,,no_room,,,,2026-02-05 16:00:00
-1,2026-02-05 12:00:00,4847.205,,no_room,,,,2026-02-05 19:00:00
1,2026-02-06 14:45:00,4938.035,,no_room,,,,2026-02-06 21:45:00
1,2026-02-09 14:30:00,5024.605,,no_room,,,,2026-02-09 21:30:00
1,2026-02-10 08:30:00,5045.195,,no_room,,,,2026-02-10 15:30:00
1,2026-02-10 14:15:00,5057.205,,no_room,,,,2026-02-10 21:15:00
1,2026-02-11 10:15:00,5069.125,,no_room,,,,2026-02-11 17:15:00
1,2026-02-12 09:00:00,5073.128,,no_room,,,,2026-02-12 16:00:00
-1,2026-02-12 14:45:00,5048.485,,no_room,,,,2026-02-12 21:45:00
-1,2026-02-13 10:45:00,4961.105,,no_room,,,,2026-02-13 17:45:00
1,2026-02-16 07:45:00,5002.775,,no_room,,,,2026-02-16 14:45:00
1,2026-02-16 09:15:00,5013.015,,no_room,,,,2026-02-16 16:15:00
-1,2026-02-17 13:45:00,4907.355,,no_room,,,,2026-02-17 20:45:00
-1,2026-02-18 08:30:00,4924.925,4899.545,signal,4942.811164285715,4900.261164285715,4875.597328571429,2026-02-18 15:30:00
-1,2026-02-18 10:30:00,4912.735,,no_room,,,,2026-02-18 17:30:00
1,2026-02-18 14:30:00,4968.585,,no_room,,,,2026-02-18 21:30:00
1,2026-02-19 13:30:00,4992.575,,no_room,,,,2026-02-19 20:30:00
1,2026-02-19 14:45:00,4998.205,,no_room,,,,2026-02-19 21:45:00
1,2026-02-20 09:00:00,5029.675,,no_room,,,,2026-02-20 16:00:00
1,2026-02-20 13:45:00,5038.095,,no_room,,,,2026-02-20 20:45:00
1,2026-02-23 10:45:00,5161.265,,no_room,,,,2026-02-23 17:45:00
1,2026-02-23 12:30:00,5163.295,,no_room,,,,2026-02-23 19:30:00
1,2026-02-23 14:30:00,5165.235,,no_room,,,,2026-02-23 21:30:00
-1,2026-02-25 10:15:00,5176.325,5144.698,signal,5197.848842857143,5145.521842857143,5114.718685714287,2026-02-25 17:15:00
-1,2026-02-26 07:00:00,5189.765,5154.895,signal,5205.92445,5157.4461,5125.1272,2026-02-26 14:00:00
-1,2026-02-26 11:45:00,5165.458,,no_room,,,,2026-02-26 18:45:00
-1,2026-02-26 15:15:00,5157.495,,no_room,,,,2026-02-26 22:15:00
-1,2026-02-27 07:15:00,5180.645,,no_room,,,,2026-02-27 14:15:00
-1,2026-02-27 10:15:00,5174.045,,no_room,,,,2026-02-27 17:15:00
1,2026-03-02 13:15:00,5400.715,,no_room,,,,2026-03-02 20:15:00
-1,2026-03-03 11:00:00,5225.718,,no_room,,,,2026-03-03 18:00:00
-1,2026-03-03 14:30:00,5071.645,,no_room,,,,2026-03-03 21:30:00
1,2026-03-05 09:00:00,5172.475,,no_room,,,,2026-03-05 16:00:00
1,2026-03-05 12:00:00,5167.855,,no_room,,,,2026-03-05 19:00:00
-1,2026-03-05 15:30:00,5080.735,,no_room,,,,2026-03-05 22:30:00
-1,2026-03-06 08:15:00,5105.495,,no_room,,,,2026-03-06 15:15:00
-1,2026-03-09 11:15:00,5086.845,,no_room,,,,2026-03-09 18:15:00
-1,2026-03-09 13:30:00,5079.235,,no_room,,,,2026-03-09 20:30:00
1,2026-03-10 07:45:00,5180.795,,no_room,,,,2026-03-10 14:45:00
1,2026-03-10 13:00:00,5191.725,,no_room,,,,2026-03-10 20:00:00
1,2026-03-10 15:30:00,5228.445,,no_room,,,,2026-03-10 22:30:00
-1,2026-03-12 12:00:00,5174.225,,no_room,,,,2026-03-12 19:00:00
-1,2026-03-12 13:30:00,5163.525,,no_room,,,,2026-03-12 20:30:00
-1,2026-03-13 14:30:00,5079.658,,no_room,,,,2026-03-13 21:30:00
-1,2026-03-13 15:45:00,5035.515,,no_room,,,,2026-03-13 22:45:00
-1,2026-03-16 07:15:00,5002.915,,no_room,,,,2026-03-16 14:15:00
-1,2026-03-16 15:15:00,4992.455,,no_room,,,,2026-03-16 22:15:00
-1,2026-03-17 10:00:00,5004.685,,no_room,,,,2026-03-17 17:00:00
-1,2026-03-17 15:15:00,4999.095,,no_room,,,,2026-03-17 22:15:00
-1,2026-03-18 10:45:00,4975.429,,no_room,,,,2026-03-18 17:45:00
-1,2026-03-19 10:15:00,4686.635,,no_room,,,,2026-03-19 17:15:00
-1,2026-03-20 10:15:00,4661.065,,no_room,,,,2026-03-20 17:15:00
-1,2026-03-20 13:45:00,4636.845,,no_room,,,,2026-03-20 20:45:00
-1,2026-03-23 15:45:00,4400.995,,no_room,,,,2026-03-23 22:45:00
-1,2026-03-24 12:30:00,4373.048,,no_room,,,,2026-03-24 19:30:00
1,2026-03-25 08:15:00,4562.915,4601.048,signal,4531.198128571428,4599.578128571428,4636.241257142857,2026-03-25 15:15:00
1,2026-03-25 11:00:00,4567.475,,no_room,,,,2026-03-25 18:00:00
-1,2026-03-27 10:30:00,4420.445,,no_room,,,,2026-03-27 17:30:00
1,2026-03-30 11:15:00,4540.365,,no_room,,,,2026-03-30 18:15:00
1,2026-03-31 11:15:00,4574.868,,no_room,,,,2026-03-31 18:15:00
1,2026-03-31 13:45:00,4597.295,,no_room,,,,2026-03-31 20:45:00
1,2026-04-01 11:15:00,4740.185,4811.895,signal,4711.618214285714,4797.318571428573,4854.452142857145,2026-04-01 18:15:00
1,2026-04-01 14:30:00,4753.475,4811.895,signal,4714.168228571429,4810.058228571429,4866.641457142858,2026-04-01 21:30:00
-1,2026-04-02 11:30:00,4603.485,,no_room,,,,2026-04-02 18:30:00
-1,2026-04-02 13:00:00,4592.445,,no_room,,,,2026-04-02 20:00:00
-1,2026-04-06 11:45:00,4684.048,,no_room,,,,2026-04-06 18:45:00
-1,2026-04-07 11:00:00,4636.465,,no_room,,,,2026-04-07 18:00:00
-1,2026-04-07 14:00:00,4628.595,,no_room,,,,2026-04-07 21:00:00
1,2026-04-09 10:15:00,4733.375,,no_room,,,,2026-04-09 17:15:00
1,2026-04-09 13:30:00,4759.385,4800.185,signal,4733.548328571428,4799.038328571429,4838.691657142857,2026-04-09 20:30:00
1,2026-04-09 15:15:00,4777.015,,no_room,,,,2026-04-09 22:15:00
1,2026-04-10 11:15:00,4760.468,4800.185,signal,4741.220471428572,4798.963057142856,4837.458114285712,2026-04-10 18:15:00
1,2026-04-10 14:15:00,4782.315,,no_room,,,,2026-04-10 21:15:00
-1,2026-04-13 09:00:00,4720.635,4698.085,signal,4740.691142857142,4698.9611428571425,4677.287285714285,2026-04-13 16:00:00
-1,2026-04-13 11:30:00,4708.135,,no_room,,,,2026-04-13 18:30:00
1,2026-04-14 13:30:00,4787.955,,no_room,,,,2026-04-14 20:30:00
1,2026-04-15 13:15:00,4821.298,,no_room,,,,2026-04-15 20:15:00
1,2026-04-16 11:45:00,4817.745,,no_room,,,,2026-04-16 18:45:00
1,2026-04-17 08:30:00,4794.565,,no_room,,,,2026-04-17 15:30:00
1,2026-04-17 12:00:00,4800.785,,no_room,,,,2026-04-17 19:00:00
-1,2026-04-21 13:00:00,4775.195,,no_room,,,,2026-04-21 20:00:00
-1,2026-04-21 14:30:00,4759.585,,no_room,,,,2026-04-21 21:30:00
-1,2026-04-22 10:00:00,4751.645,,no_room,,,,2026-04-22 17:00:00
-1,2026-04-22 12:45:00,4745.585,,no_room,,,,2026-04-22 19:45:00
-1,2026-04-22 14:30:00,4736.195,,no_room,,,,2026-04-22 21:30:00
-1,2026-04-23 09:00:00,4702.945,,no_room,,,,2026-04-23 16:00:00
-1,2026-04-28 08:00:00,4623.145,,no_room,,,,2026-04-28 15:00:00
-1,2026-04-28 09:30:00,4614.535,,no_room,,,,2026-04-28 16:30:00
-1,2026-04-29 09:45:00,4557.075,,no_room,,,,2026-04-29 16:45:00
-1,2026-04-29 12:45:00,4551.445,,no_room,,,,2026-04-29 19:45:00
1,2026-04-30 10:15:00,4629.545,,no_room,,,,2026-04-30 17:15:00
