side,signal_time,entry_time,entry_price,sl,tp,lots,oz,risk_usd,commission_usd,spread_cost_usd,slippage_cost_usd,tp2,tp1_oz,tp1_filled,partial_pnl_usd,swap_usd,rollovers,exit_time,exit_price,exit_reason,ambiguous,pnl_usd,r_multiple
1,2017-01-04 09:20:00,2017-01-04 09:25:00,1166.519,1162.5943499999998,1174.3683000000003,0.12,0.12,0.4709580000000187,0.0,0.0192,0.011999999999989085,1182.2176000000006,0.06,False,0.0,0.0,0,2017-01-04 14:41:00,1162.49435,sl,False,-0.48295800000000777,-1.0254799791063929
1,2017-01-17 13:04:00,2017-01-17 13:05:00,1213.604,1210.545957142857,1218.7259571428572,0.16,0.16,0.48928685714286985,0.0,0.0256,0.01599999999998545,1223.8479142857143,0.08,False,0.0,-0.08624000000000001,1,2017-01-18 07:36:00,1210.4459571428572,sl,False,-0.5915268571428552,-1.2089571761583855
1,2017-02-02 10:30:00,2017-02-02 10:44:00,1222.628,1216.9820714285715,1233.9198571428567,0.08,0.08,0.4516742857142708,0.0,0.0128,0.0016,1245.2117142857135,0.04,False,0.0,0.0,0,2017-02-02 13:00:00,1220.068,news_close,False,-0.20479999999999565,-0.45342408562428577
-1,2017-09-26 10:33:00,2017-09-26 10:41:00,1302.258,1305.3963857142858,1298.3423857142857,0.15,0.15,0.47075785714285984,0.0,0.024,0.003,1294.4267714285713,0.07,False,0.0,0.0,0,2017-09-26 13:30:00,1300.711,news_close,False,0.2320500000000038,0.4929285756553695
-1,2019-06-21 10:58:00,2019-06-21 10:59:00,1395.225,1398.8840285714286,1387.9069428571424,0.13,0.13,0.4756737142857355,0.0,0.020800000000000003,0.012999999999988177,1380.588885714285,0.06,False,0.0,0.0,0,2019-06-21 13:01:00,1398.9840285714286,sl,False,-0.4886737142857237,-1.0273296581449929
1,2019-08-07 11:30:00,2019-08-07 11:36:00,1493.315,1489.5122428571428,1500.9205142857145,0.12,0.12,0.4563308571428661,0.0,0.0192,0.0,1508.526028571429,0.06,True,0.4563308571428661,0.0,0,2019-08-07 13:53:00,1508.526028571429,tp2,False,1.3689925714285982,3.0
1,2019-08-07 15:03:00,2019-08-07 15:11:00,1501.903,1497.8082642857141,1510.0924714285718,0.12,0.12,0.4913682857143067,0.0,0.0192,0.0024,1518.2819428571436,0.06,False,0.0,0.0,0,2019-08-07 16:30:00,1507.935,news_close,False,0.723839999999991,1.4731109455868485
1,2019-08-13 09:57:00,2019-08-13 09:58:00,1532.148,1528.3193642857143,1539.8052714285711,0.13,0.13,0.49772264285712936,0.0,0.020800000000000003,0.012999999999988177,1547.4625428571424,0.06,False,0.0,0.0,0,2019-08-13 10:51:00,1528.2193642857144,sl,False,-0.5107226428571175,-1.0261189644203506
-1,2019-08-26 07:40:00,2019-08-26 07:42:00,1530.725,1535.1749785714287,1525.3079785714287,0.11,0.11,0.4894976428571681,0.0,0.017599999999999998,0.0012,1519.8909571428576,0.05,True,0.2708510714285581,0.0,0,2019-08-26 12:00:00,1531.6080000000002,news_close,False,0.21787107142854215,0.44509115540749467
1,2019-08-26 14:16:00,2019-08-26 14:17:00,1536.385,1531.1238142857144,1544.0338142857142,0.09,0.09,0.4735067142857042,0.0,0.0144,0.008999999999991815,1551.6826285714285,0.04,False,0.0,0.0,0,2019-08-26 15:24:00,1531.0238142857145,sl,False,-0.482506714285696,-1.0190071222402168
1,2019-08-27 15:18:00,2019-08-27 15:19:00,1539.898,1536.2701857142856,1544.0401857142856,0.13,0.13,0.4716158571428582,0.0,0.020800000000000003,0.006999999999993635,1548.1823714285713,0.06,True,0.24853114285714126,-0.03773000000000001,1,2019-08-28 02:31:00,1536.1701857142857,sl,False,-0.05014585714285296,-0.10632775888123534
1,2020-01-07 07:38:00,2020-01-07 07:39:00,1569.815,1564.4142499999998,1577.6542499999998,0.09,0.09,0.4860675000000219,0.0,0.0144,0.008999999999991815,1585.4934999999996,0.04,False,0.0,0.0,0,2020-01-07 09:30:00,1564.31425,sl,False,-0.49506750000001376,-1.0185159468592149
-1,2020-01-08 09:06:00,2020-01-08 09:07:00,1579.925,1585.936892857143,1571.4798928571429,0.08,0.08,0.48095142857144313,0.0,0.0128,0.0016,1563.0347857142858,0.04,False,0.0,0.0,0,2020-01-08 12:45:00,1579.865,news_close,False,0.004799999999995634,0.00998021778260009
1,2020-02-21 13:08:00,2020-02-21 13:10:00,1639.058,1634.7487714285714,1647.676457142857,0.11,0.11,0.4740151428571403,0.0,0.0176,0.0022,1656.2949142857142,0.05,False,0.0,0.0,0,2020-02-21 14:15:00,1639.328,news_close,False,0.029699999999998,0.06265622617239688
1,2020-02-24 09:01:00,2020-02-24 09:02:00,1682.975,1679.5552071428572,1689.8145857142854,0.14,0.14,0.4787709999999834,0.0,0.022400000000000003,0.01399999999998727,1696.6541714285709,0.07,False,0.0,0.0,0,2020-02-24 10:19:00,1679.4552071428573,sl,False,-0.49277099999997065,-1.0292415371858106
1,2020-02-24 10:23:00,2020-02-24 10:24:00,1682.265,1679.058857142857,1688.6772857142862,0.15,0.15,0.4809214285714574,0.0,0.024,0.014999999999986358,1695.0895714285723,0.07,False,0.0,0.0,0,2020-02-24 12:12:00,1678.9588571428571,sl,False,-0.4959214285714438,-1.0311901260971938
-1,2020-02-24 13:45:00,2020-02-24 13:46:00,1674.898,1679.6471714285715,1665.3996571428568,0.1,0.1,0.4749171428571572,0.0,0.016,0.009999999999990905,1655.9013142857136,0.05,False,0.0,0.0,0,2020-02-24 14:05:00,1679.7471714285714,sl,False,-0.4849171428571481,-1.0210563045583694
1,2020-02-25 13:05:00,2020-02-25 13:06:00,1650.468,1646.155192857143,1655.3151928571428,0.11,0.11,0.474408785714279,0.0,0.0176,0.0022,1660.1623857142856,0.05,False,0.0,0.0,0,2020-02-25 14:30:00,1648.298,news_close,False,-0.23870000000000802,-0.5031525705001788
-1,2020-02-28 10:29:00,2020-02-28 10:30:00,1624.755,1628.069407142857,1621.249407142857,0.14,0.14,0.46401699999996715,0.0,0.022400000000000003,0.01399999999998727,1617.743814285714,0.07,False,0.0,0.0,0,2020-02-28 10:39:00,1628.169407142857,sl,False,-0.4780169999999544,-1.0301713083787625
-1,2020-03-09 08:20:00,2020-03-09 08:21:00,1677.718,1681.3305214285713,1672.4505214285714,0.13,0.13,0.4696277857142559,0.0,0.0208,0.0,1667.1830428571427,0.06,True,0.31604871428572096,0.0,0,2020-03-09 09:05:00,1667.1830428571427,tp2,False,1.0534957142857366,2.2432567797995113
-1,2020-03-09 11:46:00,2020-03-09 12:03:00,1677.668,1680.693857142857,1672.383857142857,0.15,0.15,0.45387857142857224,0.0,0.024,0.007999999999992723,1667.0997142857143,0.07,True,0.36988999999999583,0.0,0,2020-03-09 13:11:00,1680.793857142857,sl,False,0.11982142857143124,0.2639944604441141
1,2020-03-09 15:19:00,2020-03-09 15:27:00,1669.718,1665.7734857142857,1674.3264857142858,0.12,0.12,0.47334171428572513,0.0,0.0192,0.011999999999989085,1678.9349714285715,0.06,False,0.0,0.0,0,2020-03-09 15:56:00,1665.6734857142858,sl,False,-0.48534171428571427,-1.0253516637934545
1,2020-04-13 12:01:00,2020-04-13 12:02:00,1693.305,1690.2392428571427,1699.4365142857148,0.15,0.15,0.4598635714286047,0.0,0.024,0.014999999999986358,1705.5680285714295,0.07,False,0.0,0.0,0,2020-04-13 12:23:00,1690.1392428571428,sl,False,-0.47486357142859104,-1.0326183697338487
1,2020-04-13 14:27:00,2020-04-13 14:28:00,1696.198,1691.6550714285713,1702.7850714285714,0.1,0.1,0.4542928571428775,0.0,0.016,0.0,1709.3721428571428,0.05,True,0.32935357142856675,0.0,0,2020-04-13 15:25:00,1709.3721428571428,tp2,False,0.9880607142857003,2.1749422178895275
1,2020-04-13 15:45:00,2020-04-13 15:46:00,1709.606,1705.6690642857143,1717.4798714285714,0.12,0.12,0.47243228571428514,0.0,0.0192,0.0,1725.3537428571428,0.06,True,0.47243228571428514,-0.03234,1,2020-04-14 02:31:00,1725.3537428571428,tp2,False,1.3849568571428554,2.9315457453313036
1,2020-04-14 12:28:00,2020-04-14 12:29:00,1729.358,1722.834242857143,1742.405514285714,0.07,0.07,0.4566629999999896,0.0,0.011200000000000002,0.003999999999996362,1755.453028571428,0.03,True,0.3914254285714196,0.0,0,2020-04-14 19:10:00,1722.734242857143,sl,False,0.12647514285714345,0.27695509129740387
-1,2020-04-15 07:52:00,2020-04-15 07:53:00,1707.958,1713.868542857143,1696.1369142857143,0.08,0.08,0.472843428571432,0.0,0.0128,0.007999999999992725,1684.3158285714285,0.04,False,0.0,0.0,0,2020-04-15 08:10:00,1713.968542857143,sl,False,-0.48084342857142476,-1.0169189197027917
-1,2020-04-17 12:56:00,2020-04-17 13:05:00,1695.178,1699.8514,1690.3683999999998,0.1,0.1,0.46733999999999015,0.0,0.016,0.009999999999990905,1685.5587999999996,0.05,False,0.0,0.0,0,2020-04-17 13:08:00,1699.9514,sl,False,-0.47733999999998106,-1.0213976976077184
-1,2020-04-17 13:31:00,2020-04-17 13:33:00,1697.218,1701.3921928571428,1690.3691928571427,0.11,0.11,0.4591612142857048,0.0,0.0176,0.010999999999989995,1683.5203857142853,0.05,False,0.0,0.0,0,2020-04-17 13:57:00,1701.4921928571428,sl,False,-0.4701612142856948,-1.0239567273056853
1,2020-04-22 13:42:00,2020-04-22 13:43:00,1709.558,1706.3440285714287,1715.9859428571426,0.15,0.15,0.48209571428569686,0.0,0.024,0.014999999999986358,1722.4138857142852,0.07,False,0.0,0.0,0,2020-04-22 13:47:00,1706.2440285714288,sl,False,-0.4970957142856832,-1.0311141533838593
-1,2020-04-28 14:58:00,2020-04-28 15:00:00,1699.828,1703.6497142857143,1695.7667142857142,0.12,0.12,0.45860571428571345,0.0,0.0192,0.011999999999989085,1691.7054285714285,0.06,False,0.0,0.0,0,2020-04-28 15:27:00,1703.7497142857142,sl,False,-0.4706057142857025,-1.02616626794256
-1,2020-05-18 12:24:00,2020-05-18 12:26:00,1753.225,1756.541907142857,1746.5911857142855,0.14,0.14,0.4643670000000066,0.0,0.022400000000000003,0.0,1739.9573714285712,0.07,True,0.4643670000000066,0.0,0,2020-05-18 13:46:00,1739.9573714285712,tp2,False,1.3931010000000197,3.0
-1,2020-06-24 15:12:00,2020-06-24 15:16:00,1772.958,1776.0041285714285,1766.8657428571432,0.16,0.16,0.4873805714285481,0.0,0.0256,0.0,1760.7734857142864,0.08,True,0.4873805714285481,0.0,0,2020-06-24 16:10:00,1760.7734857142864,tp2,False,1.4621417142856443,3.0
1,2020-06-30 15:53:00,2020-06-30 15:54:00,1783.758,1780.7393071428571,1789.7953857142859,0.16,0.16,0.48299085714286777,0.0,0.0256,0.0032,1795.8327714285717,0.08,False,0.0,0.0,0,2020-06-30 16:00:00,1782.808,news_close,False,-0.15200000000000727,-0.31470575012364255
-1,2020-07-07 08:29:00,2020-07-07 08:42:00,1778.188,1781.2355285714286,1774.6325285714286,0.16,0.16,0.48760457142856467,0.0,0.0256,0.007999999999992725,1771.077057142857,0.08,True,0.2844377142857229,0.0,0,2020-07-07 13:06:00,1781.3355285714285,sl,False,0.032635428571447855,0.06693011198774011
1,2020-07-08 09:46:00,2020-07-08 10:00:00,1801.798,1798.28935,1808.8153,0.14,0.14,0.49121099999999845,0.0,0.022400000000000003,0.0014000000000000002,1815.8326,0.07,True,0.49121099999999845,0.0,0,2020-07-08 14:00:00,1810.258,news_close,False,1.083411000000001,2.2055918943183364
1,2020-07-23 15:36:00,2020-07-23 16:00:00,1894.938,1889.5684071428573,1905.6771857142858,0.09,0.09,0.48326335714285507,0.0,0.0144,0.008999999999991815,1916.4163714285714,0.04,False,0.0,0.0,0,2020-07-23 17:32:00,1889.4684071428574,sl,False,-0.49226335714284686,-1.018623385917777
-1,2020-07-28 07:53:00,2020-07-28 07:55:00,1914.118,1920.8514357142858,1900.6511285714282,0.07,0.07,0.4713405000000103,0.0,0.011200000000000002,0.006999999999993635,1887.1842571428565,0.03,False,0.0,0.0,0,2020-07-28 08:19:00,1920.9514357142857,sl,False,-0.47834050000000394,-1.0148512593337375
-1,2020-07-28 09:55:00,2020-07-28 09:56:00,1930.545,1934.726642857143,1922.1817142857144,0.12,0.12,0.5017971428571399,0.0,0.0192,0.011999999999989085,1913.8184285714287,0.06,False,0.0,0.0,0,2020-07-28 12:37:00,1934.8266428571428,sl,False,-0.5137971428571291,-1.0239140460857616
1,2020-07-28 14:38:00,2020-07-28 14:39:00,1946.498,1942.7128357142856,1954.068328571429,0.13,0.13,0.4920713571428814,0.0,0.020800000000000003,0.0,1961.638657142858,0.06,True,0.4542197142857367,0.0,0,2020-07-28 22:04:00,1961.638657142858,tp2,False,1.5140657142857892,3.0769230769230775
1,2020-07-31 07:44:00,2020-07-31 07:45:00,1974.205,1969.2071785714286,1980.7001785714285,0.1,0.1,0.49978214285713424,0.0,0.016,0.002,1987.1953571428571,0.05,False,0.0,0.0,0,2020-07-31 12:00:00,1974.795,news_close,False,0.059000000000014555,0.11805143669744932
1,2020-08-04 14:35:00,2020-08-04 14:36:00,1984.248,1979.922,1988.992,0.11,0.11,0.4758600000000024,0.0,0.0176,0.0,1993.7359999999999,0.05,True,0.23719999999999575,0.0,0,2020-08-04 14:53:00,1993.7359999999999,tp2,False,0.8064799999999854,1.6947841802210344
1,2020-08-05 07:41:00,2020-08-05 07:48:00,2036.355,2029.3499642857143,2050.3650714285714,0.07,0.07,0.4903524999999968,0.0,0.011200000000000002,0.006999999999993635,2064.3751428571427,0.03,False,0.0,0.0,0,2020-08-05 08:23:00,2029.2499642857144,sl,False,-0.4973524999999905,-1.0142754447055817
1,2020-08-05 08:43:00,2020-08-05 08:47:00,2034.305,2030.4037642857143,2042.1074714285717,0.13,0.13,0.5071606428571545,0.0,0.020800000000000003,0.0014000000000000002,2049.9099428571435,0.06,True,0.4681482857142964,0.0,0,2020-08-05 11:45:00,2039.965,news_close,False,0.8643482857142862,1.7042889622602997
1,2020-08-06 09:19:00,2020-08-06 09:21:00,2049.768,2045.759307142857,2053.8263071428573,0.13,0.13,0.5211300714285813,0.0,0.020800000000000003,0.0,2057.8846142857146,0.06,True,0.2434984285714381,0.0,0,2020-08-06 11:44:00,2057.8846142857146,tp2,False,0.8116614285714605,1.5575025757896517
1,2020-08-06 13:06:00,2020-08-06 13:18:00,2058.378,2053.5148785714287,2068.104242857143,0.1,0.1,0.48631214285715035,0.0,0.016,0.0049999999999954525,2077.830485714286,0.05,True,0.48631214285715035,0.0,0,2020-08-06 15:11:00,2053.4148785714287,sl,False,0.23815607142857972,0.4897185376235523
1,2020-08-06 15:58:00,2020-08-06 16:01:00,2056.718,2052.208378571429,2064.6683785714285,0.11,0.11,0.49605835714279695,0.0,0.0176,0.0,2072.6187571428572,0.05,True,0.39751892857143506,0.0,0,2020-08-06 22:20:00,2072.6187571428572,tp2,False,1.351564357142879,2.7246075742532314
-1,2020-08-07 13:03:00,2020-08-07 13:04:00,2059.208,2062.3003714285715,2054.6903714285713,0.17,0.17,0.5257031428571327,0.0,0.027200000000000002,0.0,2050.1727428571426,0.08,True,0.3614102857143007,0.0,0,2020-08-07 13:13:00,2050.1727428571426,tp2,False,1.1745834285714774,2.234309314164947
-1,2020-08-11 08:24:00,2020-08-11 08:25:00,1988.478,1994.0797857142857,1977.2744285714289,0.1,0.1,0.5601785714285598,0.0,0.016,0.009999999999990905,1966.0708571428577,0.05,False,0.0,0.0,0,2020-08-11 09:03:00,1994.1797857142856,sl,False,-0.5701785714285507,-1.0178514504303315
-1,2020-08-11 11:18:00,2020-08-11 11:22:00,1981.975,1986.7415071428572,1973.2745071428571,0.11,0.11,0.5243157857143069,0.0,0.0176,0.0022,1964.5740142857144,0.05,False,0.0,0.0,0,2020-08-11 12:00:00,1978.1950000000002,news_close,False,0.41579999999997197,0.7930335330901828
1,2020-08-17 15:29:00,2020-08-17 15:30:00,1985.028,1981.3548571428573,1989.0448571428572,0.15,0.15,0.5509714285714039,0.0,0.024,0.014999999999986358,1993.0617142857143,0.07,False,0.0,0.0,0,2020-08-17 15:51:00,1981.2548571428574,sl,False,-0.5659714285713903,-1.0272246421903934
1,2020-08-18 12:38:00,2020-08-18 12:42:00,2012.205,2008.8371285714286,2018.9407428571426,0.16,0.16,0.5388594285714134,0.0,0.0256,0.01599999999998545,2025.6764857142853,0.08,False,0.0,0.0,0,2020-08-18 13:05:00,2008.7371285714287,sl,False,-0.5548594285713989,-1.029692344889285
1,2020-08-18 13:29:00,2020-08-18 13:30:00,2012.698,2009.6438785714286,2018.8062428571432,0.17,0.17,0.5192006428571608,0.0,0.027200000000000002,0.01699999999998454,2024.9144857142862,0.08,False,0.0,0.0,0,2020-08-18 13:55:00,2009.5438785714286,sl,False,-0.5362006428571454,-1.0327426405068252
1,2020-08-20 08:32:00,2020-08-20 08:33:00,1930.658,1926.910507142857,1935.3805071428571,0.14,0.14,0.5246489999999904,0.0,0.022400000000000003,0.006999999999993635,1940.1030142857144,0.07,True,0.3305755000000068,0.0,0,2020-08-20 10:14:00,1926.8105071428572,sl,False,0.061251000000017986,0.11674662488638901
-1,2020-09-21 14:52:00,2020-09-21 14:53:00,1893.038,1896.6373285714285,1887.3673285714285,0.15,0.15,0.5398992857142729,0.0,0.024,0.014999999999986358,1881.696657142857,0.07,False,0.0,0.0,0,2020-09-21 14:53:00,1896.7373285714284,sl,False,-0.5548992857142593,-1.0277829595202033
1,2020-09-22 12:14:00,2020-09-22 12:15:00,1907.958,1902.4243571428572,1916.0013571428572,0.09,0.09,0.498027857142863,0.0,0.0144,0.001,1924.0447142857142,0.04,True,0.32173428571428303,0.0,0,2020-09-22 13:30:00,1912.978,news_close,False,0.5727342857142821,1.1500045178195504
-1,2020-09-23 07:34:00,2020-09-23 07:39:00,1878.975,1882.0655000000002,1872.7939999999994,0.17,0.17,0.5253850000000421,0.0,0.027200000000000002,0.01699999999998454,1866.612999999999,0.08,False,0.0,0.0,0,2020-09-23 09:00:00,1882.1655,sl,False,-0.5423850000000267,-1.0323572237501704
-1,2020-09-25 10:54:00,2020-09-25 10:55:00,1859.228,1862.6295928571428,1855.789592857143,0.15,0.15,0.5102389285714138,0.0,0.024,0.0015999999999999999,1852.3511857142857,0.07,True,0.24068850000000114,0.0,0,2020-09-25 12:00:00,1858.458,news_close,False,0.3022884999999997,0.5924449960067892
1,2020-10-01 15:29:00,2020-10-01 15:30:00,1909.315,1904.1092642857143,1916.0362642857142,0.1,0.1,0.5205735714285765,0.0,0.016,0.009999999999990905,1922.7575285714283,0.05,False,0.0,0.0,0,2020-10-01 19:57:00,1904.0092642857144,sl,False,-0.5305735714285674,-1.0192095806411159
-1,2020-11-23 15:43:00,2020-11-23 15:44:00,1835.688,1840.4202357142858,1826.2235285714287,0.11,0.11,0.5205459285714278,0.0,0.0176,0.010999999999989995,1816.7590571428573,0.05,False,0.0,0.0,0,2020-11-23 17:48:00,1840.5202357142857,sl,False,-0.5315459285714178,-1.0211316608126744
-1,2022-03-07 10:52:00,2022-03-07 10:53:00,1999.268,2002.2876428571428,1993.4556428571427,0.17,0.17,0.5133392857142758,0.0,0.027200000000000002,0.01699999999998454,1987.6432857142854,0.08,False,0.0,0.0,0,2022-03-07 10:59:00,2002.3876428571427,sl,False,-0.5303392857142604,-1.0331164991129216
1,2022-03-07 10:59:00,2022-03-07 11:00:00,2002.2,1998.6302714285714,2006.2772714285713,0.14,0.14,0.49976200000000975,0.0,0.022400000000000003,0.01399999999998727,2010.3545428571426,0.07,False,0.0,0.0,0,2022-03-07 11:15:00,1998.5302714285715,sl,False,-0.513761999999997,-1.0280133343471234
1,2023-04-04 14:48:00,2023-04-04 14:49:00,2021.795,2018.6113142857141,2028.162371428572,0.16,0.16,0.5093897142857532,0.0,0.0256,0.01599999999998545,2034.529742857144,0.08,False,0.0,0.0,0,2023-04-04 14:52:00,2018.5113142857142,sl,False,-0.5253897142857386,-1.0314101356020113
-1,2023-12-04 07:17:00,2023-12-04 07:19:00,2075.195,2078.8399285714286,2067.9051428571433,0.14,0.14,0.5102899999999773,0.0,0.022400000000000003,0.0,2060.6152857142865,0.07,True,0.5102899999999773,0.0,0,2023-12-04 08:01:00,2060.6152857142865,tp2,False,1.5308699999999318,3.0
-1,2023-12-04 09:40:00,2023-12-04 09:41:00,2071.125,2076.1639499999997,2065.6239499999997,0.1,0.1,0.5038949999999659,0.0,0.016,0.0,2060.1228999999994,0.05,True,0.27505250000001524,0.0,0,2023-12-04 13:38:00,2060.1228999999994,tp2,False,0.8251575000000457,1.637558419909111
1,2024-03-04 14:42:00,2024-03-04 14:43:00,2098.238,2093.2754785714287,2108.163042857142,0.1,0.1,0.49625214285711083,0.0,0.016,0.0,2118.0880857142843,0.05,True,0.49625214285711083,0.0,0,2024-03-04 16:38:00,2118.0880857142843,tp2,False,1.4887564285713326,3.0000000000000004
1,2024-03-05 10:08:00,2024-03-05 10:36:00,2125.208,2122.1158642857145,2131.3922714285713,0.17,0.17,0.5256630714285575,0.0,0.027200000000000002,0.01699999999998454,2137.5765428571426,0.08,False,0.0,0.0,0,2024-03-05 12:28:00,2122.0158642857145,sl,False,-0.5426630714285421,-1.0323401070457259
1,2024-03-05 13:20:00,2024-03-05 13:21:00,2128.145,2123.6567142857143,2137.1215714285713,0.12,0.12,0.5385942857142799,0.0,0.0192,0.005999999999994543,2146.0981428571426,0.06,True,0.5385942857142799,0.0,0,2024-03-05 13:51:00,2123.5567142857144,sl,False,0.2632971428571454,0.48885988923548007
1,2024-03-08 14:46:00,2024-03-08 14:47:00,2171.435,2164.322435714286,2185.6601285714282,0.07,0.07,0.49787949999999004,0.0,0.011200000000000002,0.0008000000000000001,2199.8852571428565,0.03,True,0.4267538571428486,-0.04312000000000001,3,2024-03-12 12:00:00,2171.795,news_close,False,0.39803385714285366,0.7994582165822486
1,2024-03-26 13:13:00,2024-03-26 13:18:00,2191.005,2187.9613857142854,2194.9713857142856,0.18,0.18,0.547850571428653,0.0,0.0288,0.0036,2198.937771428571,0.09,False,0.0,0.0,0,2024-03-26 13:30:00,2188.745,news_close,False,-0.4068000000000393,-0.7425382416581401
1,2024-03-27 13:50:00,2024-03-27 13:55:00,2191.198,2188.1838785714285,2194.9438785714287,0.18,0.18,0.5425418571428418,0.0,0.0288,0.0036,2198.6897571428576,0.09,False,0.0,0.0,0,2024-03-27 14:00:00,2193.235,news_close,False,0.3666600000000471,0.675818824248821
-1,2024-04-01 09:40:00,2024-04-01 09:41:00,2250.545,2254.495192857143,2242.644614285714,0.14,0.14,0.5530270000000292,0.0,0.022400000000000003,0.01399999999998727,2234.744228571428,0.07,False,0.0,0.0,0,2024-04-01 13:02:00,2254.595192857143,sl,False,-0.5670270000000165,-1.0253152196908768
-1,2024-04-01 14:38:00,2024-04-01 14:46:00,2231.835,2235.7617142857143,2223.9815714285714,0.13,0.13,0.5104728571428586,0.0,0.020800000000000003,0.012999999999988177,2216.128142857143,0.06,False,0.0,0.0,0,2024-04-01 14:50:00,2235.8617142857142,sl,False,-0.5234728571428469,-1.0254665842034185
-1,2024-04-01 15:07:00,2024-04-01 15:10:00,2235.255,2238.8586499999997,2228.047700000001,0.15,0.15,0.5405474999999341,0.0,0.024,0.014999999999986358,2220.840400000002,0.07,False,0.0,0.0,0,2024-04-01 15:22:00,2238.9586499999996,sl,False,-0.5555474999999205,-1.0277496427233281
-1,2024-04-03 10:08:00,2024-04-03 10:10:00,2271.255,2274.6021285714287,2267.6151285714286,0.16,0.16,0.5355405714285735,0.0,0.0256,0.0032,2263.975257142857,0.08,False,0.0,0.0,0,2024-04-03 11:45:00,2270.6279999999997,news_close,False,0.10032000000006519,0.18732474317017295
-1,2024-04-04 07:16:00,2024-04-04 07:17:00,2293.585,2297.313785714286,2286.127428571428,0.14,0.14,0.5220300000000407,0.0,0.022400000000000003,0.01399999999998727,2278.669857142856,0.07,False,0.0,0.0,0,2024-04-04 07:33:00,2297.413785714286,sl,False,-0.536030000000028,-1.0268183820852943
1,2024-04-05 14:40:00,2024-04-05 14:42:00,2321.405,2299.1713499999996,2365.8723000000014,0.02,0.02,0.4446730000000116,0.0,0.0032,0.0004,2410.3396000000025,0.01,False,0.0,-0.03234000000000001,4,2024-04-10 12:00:00,2346.895,news_close,False,0.47745999999999555,1.073732832890648
-1,2024-04-11 09:43:00,2024-04-11 09:56:00,2331.275,2335.30335,2326.26335,0.13,0.13,0.523685500000006,0.0,0.020800000000000003,0.012999999999988177,2321.2517000000003,0.06,False,0.0,0.0,0,2024-04-11 10:14:00,2335.40335,sl,False,-0.5366854999999942,-1.0248240594784235
1,2024-04-12 07:54:00,2024-04-12 07:55:00,2396.715,2393.5796714285716,2402.9856571428572,0.16,0.16,0.5016525714285672,0.0,0.0256,0.01599999999998545,2409.2563142857143,0.08,False,0.0,0.0,0,2024-04-12 09:21:00,2393.4796714285717,sl,False,-0.5176525714285526,-1.0318945838439975
1,2024-04-12 12:25:00,2024-04-12 12:27:00,2395.658,2391.3943857142854,2400.2243857142853,0.12,0.12,0.5116337142857447,0.0,0.0192,0.0,2404.7907714285707,0.06,True,0.2739831428571233,0.0,0,2024-04-12 13:52:00,2404.7907714285707,tp2,False,0.8219494285713698,1.6065192844432363
1,2024-04-12 13:52:00,2024-04-12 13:53:00,2404.765,2394.7841357142856,2424.7267285714283,0.05,0.05,0.4990432142857117,0.0,0.008,0.0029999999999972718,2444.688457142857,0.02,True,0.39923457142856933,0.0,0,2024-04-12 15:29:00,2394.6841357142857,sl,False,0.09680864285714502,0.19398849655877745
-1,2024-04-16 08:53:00,2024-04-16 08:54:00,2368.555,2371.797085714286,2362.0708285714277,0.16,0.16,0.5187337142857723,0.0,0.0256,0.01599999999998545,2355.5866571428555,0.08,False,0.0,0.0,0,2024-04-16 09:07:00,2371.897085714286,sl,False,-0.5347337142857578,-1.0308443418257773
-1,2024-04-16 11:20:00,2024-04-16 11:22:00,2371.165,2375.0454214285714,2363.404157142857,0.13,0.13,0.5044547857142925,0.0,0.020800000000000003,0.012999999999988177,2355.643314285714,0.06,False,0.0,0.0,0,2024-04-16 11:53:00,2375.1454214285714,sl,False,-0.5174547857142807,-1.025770396808865
-1,2024-04-16 12:20:00,2024-04-16 12:21:00,2371.385,2375.33325,2363.4885000000004,0.13,0.13,0.5132724999999891,0.0,0.020800000000000003,0.012999999999988177,2355.5920000000006,0.06,False,0.0,0.0,0,2024-04-16 12:43:00,2375.43325,sl,False,-0.5262724999999773,-1.0253276768188213
1,2024-04-18 08:20:00,2024-04-18 08:22:00,2379.665,2375.684792857143,2386.044792857143,0.13,0.13,0.5174269285714264,0.0,0.020800000000000003,0.0026000000000000003,2392.424585714286,0.06,False,0.0,0.0,0,2024-04-18 12:00:00,2380.775,news_close,False,0.14430000000001655,0.2788799577911747
-1,2024-04-22 08:16:00,2024-04-22 08:22:00,2359.665,2363.0558571428573,2354.525857142857,0.15,0.15,0.5086285714286077,0.0,0.024,0.014999999999986358,2349.3867142857143,0.07,False,0.0,0.0,0,2024-04-22 09:22:00,2363.1558571428573,sl,False,-0.5236285714285941,-1.0294910684192498
1,2024-04-23 15:19:00,2024-04-23 15:20:00,2321.595,2317.508542857143,2329.7679142857137,0.12,0.12,0.4903748571428332,0.0,0.0192,0.005999999999994543,2337.9408285714276,0.06,True,0.4903748571428332,-0.03234,1,2024-04-24 01:01:00,2317.408542857143,sl,False,0.20684742857142205,0.4218149147707483
-1,2024-04-24 09:25:00,2024-04-24 09:26:00,2313.355,2316.633,2306.7990000000004,0.15,0.15,0.4916999999999689,0.0,0.024,0.021299999999973805,2300.243000000001,0.07,False,0.0,0.0,0,2024-04-24 10:04:00,2316.7749999999996,sl_gap,False,-0.5129999999999427,-1.0433190970103217
-1,2024-04-30 12:24:00,2024-04-30 12:25:00,2309.655,2313.4648785714285,2305.0078785714286,0.13,0.13,0.49528421428567526,0.0,0.0208,0.0014000000000000002,2300.360757142857,0.06,True,0.2788272857142965,0.0,0,2024-04-30 13:15:00,2306.145,news_close,False,0.5245272857143117,1.0590430112350993
1,2024-05-01 15:27:00,2024-05-01 15:51:00,2306.288,2302.2662642857144,2310.976264285714,0.12,0.12,0.4826082857142683,0.0,0.0192,0.011999999999989085,2315.664528571428,0.06,False,0.0,0.0,0,2024-05-01 16:20:00,2302.1662642857145,sl,False,-0.49460828571425736,-1.0248648859855958
-1,2024-05-13 14:39:00,2024-05-13 14:40:00,2342.385,2345.998042857143,2338.4450428571427,0.14,0.14,0.5058259999999882,0.0,0.022400000000000003,0.0,2334.505085714285,0.07,True,0.2757970000000296,0.0,0,2024-05-13 15:04:00,2334.505085714285,tp2,False,0.8273910000000888,1.6357225607226755
1,2024-05-17 14:15:00,2024-05-17 14:16:00,2402.165,2398.476307142857,2409.542385714286,0.14,0.14,0.5164170000000196,0.0,0.022400000000000003,0.0,2416.919771428572,0.07,True,0.5164170000000196,0.0,0,2024-05-17 15:02:00,2416.919771428572,tp2,False,1.5492510000000586,3.0
1,2024-05-17 15:33:00,2024-05-17 15:40:00,2407.335,2403.4333785714284,2415.1382428571433,0.13,0.13,0.5072107857143101,0.0,0.020800000000000003,0.0,2422.9414857142865,0.06,True,0.4681945714285939,-0.03773000000000001,1,2024-05-19 22:02:00,2422.9414857142865,tp2,False,1.5229185714286466,3.00253585752106
-1,2024-05-20 11:35:00,2024-05-20 11:36:00,2429.508,2433.617478571429,2421.289042857142,0.13,0.13,0.5342322142857711,0.0,0.0208,0.0,2413.070085714284,0.06,True,0.49313742857148096,0.0,0,2024-05-20 12:42:00,2413.070085714284,tp2,False,1.6437914285716033,3.076923076923077
-1,2024-05-20 15:35:00,2024-05-20 15:48:00,2423.615,2426.9728999999998,2416.8992,0.16,0.16,0.5372639999999956,0.0,0.0256,0.01599999999998545,2410.1834,0.08,False,0.0,0.0,0,2024-05-20 16:31:00,2427.0728999999997,sl,False,-0.553263999999981,-1.0297805175853687
1,2024-07-11 13:23:00,2024-07-11 13:28:00,2408.698,2403.6812,2414.7942,0.11,0.11,0.5518479999999863,0.0,0.0176,0.010999999999989995,2420.8903999999998,0.05,False,0.0,0.0,0,2024-07-11 13:40:00,2403.5812,sl,False,-0.5628479999999764,-1.0199330250358618
1,2024-07-16 15:04:00,2024-07-16 15:05:00,2453.935,2445.7334142857144,2470.338171428571,0.06,0.06,0.4920951428571334,0.0,0.0096,0.0006,2486.741342857142,0.03,True,0.4920951428571334,-0.03234,1,2024-07-17 02:00:00,2479.345,news_close,False,1.222055142857129,2.48337168247954
-1,2024-07-17 08:25:00,2024-07-17 08:27:00,2474.885,2478.869142857143,2466.916714285715,0.14,0.14,0.5577799999999662,0.0,0.022400000000000003,0.006999999999993635,2458.9484285714298,0.07,True,0.5577799999999662,0.0,0,2024-07-17 13:10:00,2478.9691428571427,sl,False,0.2718899999999895,0.4874502492022051
-1,2024-07-17 13:31:00,2024-07-17 13:32:00,2472.815,2476.740092857143,2466.723092857143,0.14,0.14,0.5495129999999881,0.0,0.022400000000000003,0.01399999999998727,2460.631185714286,0.07,False,0.0,0.0,0,2024-07-17 13:35:00,2476.8400928571427,sl,False,-0.5635129999999754,-1.0254771042723057
1,2024-07-17 14:43:00,2024-07-17 14:44:00,2471.485,2467.5690214285714,2476.0490214285715,0.14,0.14,0.5482370000000174,0.0,0.022400000000000003,0.01399999999998727,2480.613042857143,0.07,False,0.0,0.0,0,2024-07-17 14:53:00,2467.4690214285715,sl,False,-0.5622370000000046,-1.025536401227912
-1,2024-07-17 15:09:00,2024-07-17 15:10:00,2460.705,2465.2716499999997,2451.5717000000004,0.12,0.12,0.5479979999999705,0.0,0.0192,0.011999999999989085,2442.438400000001,0.06,False,0.0,0.0,0,2024-07-17 15:27:00,2465.3716499999996,sl,False,-0.5599979999999596,-1.0218978901382665
1,2024-08-01 13:03:00,2024-08-01 13:06:00,2451.515,2448.2846785714287,2457.9756428571422,0.17,0.17,0.5491546428571019,0.0,0.027200000000000002,0.0034000000000000002,2464.4362857142846,0.08,False,0.0,0.0,0,2024-08-01 13:15:00,2451.485,news_close,False,-0.005099999999956709,-0.009287001514587582
1,2024-08-16 13:51:00,2024-08-16 13:52:00,2498.674,2485.8474785714284,2524.327042857143,0.04,0.04,0.5130608571428639,0.0,0.0064,0.003999999999996362,2549.9800857142864,0.02,False,0.0,0.0,0,2024-08-16 14:04:00,2485.7474785714285,sl,False,-0.5170608571428602,-1.00779634607534
1,2024-08-16 14:50:00,2024-08-16 14:51:00,2485.895,2478.688714285714,2500.307571428572,0.07,0.07,0.5044400000000179,0.0,0.011200000000000002,0.0,2514.720142857144,0.03,True,0.4323771428571581,-0.04312000000000001,3,2024-08-20 07:58:00,2514.720142857144,tp2,False,1.5422628571429133,3.057376213509751
1,2024-08-20 08:36:00,2024-08-20 08:44:00,2518.385,2514.5699000000004,2526.0152,0.14,0.14,0.5341139999999723,0.0,0.022400000000000003,0.006999999999993635,2533.6453999999994,0.07,True,0.5341139999999723,0.0,0,2024-08-20 15:02:00,2514.4699000000005,sl,False,0.26005699999999254,0.4868941836387101
-1,2024-08-20 15:17:00,2024-08-20 15:19:00,2508.304,2513.536192857143,2502.376192857143,0.1,0.1,0.5232192857142763,0.0,0.016,0.009999999999990905,2496.448385714286,0.05,False,0.0,0.0,0,2024-08-20 15:36:00,2513.6361928571428,sl,False,-0.5332192857142672,-1.0191124453418021
-1,2024-08-21 08:17:00,2024-08-21 08:18:00,2508.875,2512.3946285714283,2502.2376285714286,0.16,0.16,0.563140571428521,0.0,0.0256,0.01599999999998545,2495.600257142857,0.08,False,0.0,0.0,0,2024-08-21 11:46:00,2512.494628571428,sl,False,-0.5791405714285065,-1.028412088937933
-1,2024-08-21 12:31:00,2024-08-21 12:32:00,2509.518,2513.6659357142858,2504.4259357142855,0.13,0.13,0.539231642857144,0.0,0.0208,0.0,2499.333871428571,0.06,True,0.30552385714287084,0.0,0,2024-08-21 13:44:00,2499.333871428571,tp2,False,1.0184128571429027,1.8886370461251027
1,2024-09-12 13:09:00,2024-09-12 13:16:00,2535.198,2521.70105,2562.1918999999994,0.04,0.04,0.5398779999999898,0.0,0.0064,0.0008,2589.185799999999,0.02,False,0.0,0.0,0,2024-09-12 16:30:00,2545.465,news_close,False,0.4106800000000112,0.7606903781965907
1,2024-09-13 13:35:00,2024-09-13 13:36:00,2581.018,2576.1310214285713,2590.7919571428574,0.11,0.11,0.5375676428571569,0.0,0.0176,0.010999999999989995,2600.565914285715,0.05,False,0.0,0.0,0,2024-09-13 13:58:00,2576.0310214285714,sl,False,-0.5485676428571469,-1.0204625411260346
1,2024-09-13 14:28:00,2024-09-13 14:29:00,2577.688,2574.6129785714284,2583.8380428571436,0.18,0.18,0.5535038571429141,0.0,0.0288,0.01799999999998363,2589.988085714287,0.09,False,0.0,0.0,0,2024-09-13 15:04:00,2574.5129785714284,sl,False,-0.5715038571428976,-1.032520098582323
1,2024-09-13 15:22:00,2024-09-13 15:26:00,2577.284,2573.413642857143,2583.116642857143,0.14,0.14,0.5418500000000223,0.0,0.022400000000000003,0.0,2588.9492857142855,0.07,True,0.4082849999999872,-0.03773000000000001,2,2024-09-16 05:43:00,2588.9492857142855,tp2,False,1.1871249999999616,2.190873858078643
-1,2024-09-17 10:22:00,2024-09-17 10:27:00,2573.045,2576.064,2567.0070000000005,0.18,0.18,0.54341999999996,0.0,0.0288,0.01799999999998363,2560.969000000001,0.09,False,0.0,0.0,0,2024-09-17 11:29:00,2576.1639999999998,sl,False,-0.5614199999999436,-1.0331235508446228
-1,2024-09-17 15:41:00,2024-09-17 15:42:00,2562.785,2567.847107142857,2556.710107142857,0.11,0.11,0.5568317857142984,0.0,0.0176,0.010999999999989995,2550.635214285714,0.05,False,0.0,0.0,0,2024-09-17 17:48:00,2567.947107142857,sl,False,-0.5678317857142884,-1.0197546194060731
1,2024-09-19 09:31:00,2024-09-19 09:34:00,2592.225,2588.62385,2599.4273,0.15,0.15,0.5401724999999942,0.0,0.024,0.014999999999986358,2606.6295999999998,0.07,False,0.0,0.0,0,2024-09-19 10:16:00,2588.52385,sl,False,-0.5551724999999805,-1.0277689071546339
1,2024-09-20 11:00:00,2024-09-20 11:02:00,2614.048,2608.073028571429,2625.9979428571414,0.09,0.09,0.5377474285713743,0.0,0.0144,0.008999999999991815,2637.947885714283,0.04,False,0.0,0.0,0,2024-09-20 13:32:00,2607.973028571429,sl,False,-0.546747428571366,-1.016736481704621
1,2024-09-20 13:54:00,2024-09-20 13:55:00,2605.615,2602.2814071428575,2609.451407142857,0.16,0.16,0.5333748571427713,0.0,0.0256,0.0,2613.2878142857144,0.08,True,0.30691257142858375,0.0,0,2024-09-20 14:29:00,2613.2878142857144,tp2,False,0.9207377142857512,1.726248813485583
1,2024-09-20 14:29:00,2024-09-20 14:30:00,2612.704,2606.804342857143,2619.004342857143,0.09,0.09,0.5309691428571295,0.0,0.0144,0.0,2625.304685714286,0.04,True,0.25201371428571295,0.0,0,2024-09-20 16:47:00,2625.304685714286,tp2,False,0.8820479999999952,1.6612038794829405
-1,2024-09-23 13:34:00,2024-09-23 13:36:00,2627.258,2630.6337642857143,2620.506471428571,0.16,0.16,0.5401222857143148,0.0,0.0256,0.01599999999998545,2613.754942857142,0.08,False,0.0,0.0,0,2024-09-23 13:41:00,2630.733764285714,sl,False,-0.5561222857143002,-1.0296229213701587
1,2024-09-23 14:23:00,2024-09-23 14:38:00,2631.945,2628.910814285714,2638.0133714285726,0.18,0.18,0.5461534285715152,0.0,0.0288,0.01799999999998363,2644.081742857145,0.09,False,0.0,0.0,0,2024-09-23 15:01:00,2628.810814285714,sl,False,-0.5641534285714987,-1.032957771677939
1,2024-09-24 14:49:00,2024-09-24 14:57:00,2643.045,2638.9243142857144,2651.2863714285713,0.13,0.13,0.5356891428571317,0.0,0.020800000000000003,0.0,2659.5277428571426,0.06,True,0.4944822857142753,0.0,0,2024-09-24 19:18:00,2659.5277428571426,tp2,False,1.6482742857142512,3.0769230769230766
-1,2024-09-25 08:42:00,2024-09-25 08:43:00,2654.725,2657.736664285714,2651.2866642857143,0.19,0.19,0.5722162142857041,0.0,0.0304,0.018999999999982718,2647.8483285714287,0.09,False,0.0,0.0,0,2024-09-25 09:41:00,2657.836664285714,sl,False,-0.5912162142856869,-1.033204232116527
1,2024-09-26 11:01:00,2024-09-26 11:02:00,2675.555,2671.0263357142853,2684.612328571429,0.12,0.12,0.5434397142857414,0.0,0.0192,0.0012,2693.669657142858,0.06,True,0.5434397142857414,0.0,0,2024-09-26 12:00:00,2682.635,news_close,False,0.9682397142857644,1.7816874417401567
-1,2024-09-30 12:18:00,2024-09-30 12:19:00,2640.615,2644.1558571428573,2633.533285714285,0.16,0.16,0.5665371428571961,0.0,0.0256,0.0032,2626.45157142857,0.08,False,0.0,0.0,0,2024-09-30 13:15:00,2639.055,news_close,False,0.24959999999999127,0.44057129024443603
-1,2024-09-30 14:32:00,2024-09-30 14:33:00,2630.975,2634.337107142857,2625.996107142857,0.17,0.17,0.5715582142856874,0.0,0.027200000000000002,0.01699999999998454,2621.017214285714,0.08,False,0.0,0.0,0,2024-09-30 14:36:00,2634.437107142857,sl,False,-0.588558214285672,-1.029743251999677
-1,2024-09-30 15:29:00,2024-09-30 15:30:00,2632.884,2636.365464285714,2625.9314642857144,0.16,0.16,0.5570342857142532,0.0,0.0256,0.01599999999998545,2618.9789285714287,0.08,False,0.0,0.0,0,2024-09-30 16:15:00,2636.465464285714,sl,False,-0.5730342857142386,-1.028723546126913
1,2024-10-01 10:06:00,2024-10-01 10:07:00,2649.145,2645.899885714286,2655.0098857142857,0.17,0.17,0.551669428571372,0.0,0.027200000000000002,0.0018000000000000002,2660.8747714285714,0.08,True,0.4691908571428576,0.0,0,2024-10-01 13:15:00,2649.905,news_close,False,0.5375908571428772,0.9744800587102438
-1,2024-10-08 15:13:00,2024-10-08 15:14:00,2612.728,2620.4757571428568,2602.635757142857,0.07,0.07,0.5423429999999689,0.0,0.011200000000000002,0.006999999999993635,2592.543514285714,0.03,False,0.0,0.0,0,2024-10-08 19:50:00,2620.5757571428567,sl,False,-0.5493429999999626,-1.0129069610928767
-1,2024-10-09 08:04:00,2024-10-09 08:05:00,2610.695,2614.2785071428575,2605.408507142857,0.15,0.15,0.5375260714286014,0.0,0.024,0.014999999999986358,2600.122014285714,0.07,False,0.0,0.0,0,2024-10-09 08:11:00,2614.3785071428574,sl,False,-0.5525260714285878,-1.0279056231823702
1,2024-10-17 14:26:00,2024-10-17 14:27:00,2690.538,2686.4742214285716,2698.665557142857,0.13,0.13,0.5282912142856958,0.0,0.020800000000000003,0.0026000000000000003,2706.7931142857137,0.06,False,0.0,0.0,0,2024-10-17 14:30:00,2689.525,news_close,False,-0.1316899999999896,-0.24927539288732645
1,2024-10-18 15:09:00,2024-10-18 15:15:00,2717.764,2713.9309357142856,2725.430128571429,0.14,0.14,0.53662900000003,0.0,0.022400000000000003,0.01399999999998727,2733.096257142858,0.07,False,0.0,0.0,0,2024-10-18 15:39:00,2713.8309357142857,sl,False,-0.5506290000000172,-1.0260887875981106
1,2024-10-21 12:28:00,2024-10-21 12:29:00,2738.045,2734.6435071428573,2744.8479857142856,0.16,0.16,0.5442388571428455,0.0,0.0256,0.01599999999998545,2751.650971428571,0.08,False,0.0,0.0,0,2024-10-21 13:31:00,2734.5435071428574,sl,False,-0.560238857142831,-1.0293988563844605
1,2024-10-21 13:36:00,2024-10-21 13:37:00,2738.535,2733.424521428571,2748.7559571428574,0.1,0.1,0.5110478571428757,0.0,0.016,0.009999999999990905,2758.976914285715,0.05,False,0.0,0.0,0,2024-10-21 14:28:00,2733.324521428571,sl,False,-0.5210478571428666,-1.0195676390385395
-1,2024-10-21 15:20:00,2024-10-21 15:21:00,2718.865,2722.646285714286,2713.7362857142857,0.14,0.14,0.5293800000000738,0.0,0.022400000000000003,0.01399999999998727,2708.6075714285716,0.07,False,0.0,0.0,0,2024-10-21 15:31:00,2722.746285714286,sl,False,-0.5433800000000611,-1.0264460312062893
-1,2024-10-21 15:53:00,2024-10-21 15:54:00,2720.195,2723.4967071428573,2713.646707142857,0.16,0.16,0.5282731428571423,0.0,0.0256,0.01599999999998545,2707.0984142857137,0.08,False,0.0,0.0,0,2024-10-21 16:56:00,2723.596707142857,sl,False,-0.5442731428571278,-1.0302873621654325
1,2024-10-22 13:45:00,2024-10-22 13:48:00,2740.545,2737.083,2747.469,0.15,0.15,0.5192999999999983,0.0,0.024,0.014999999999986358,2754.393,0.07,False,0.0,0.0,0,2024-10-22 13:59:00,2736.983,sl,False,-0.5342999999999847,-1.0288850375505227
1,2024-10-22 14:51:00,2024-10-22 14:58:00,2741.325,2737.8382857142856,2748.2984285714283,0.15,0.15,0.5230071428571363,0.0,0.024,0.014999999999986358,2755.271857142857,0.07,False,0.0,0.0,0,2024-10-22 15:46:00,2737.7382857142857,sl,False,-0.5380071428571227,-1.0286802966361852
-1,2024-10-23 12:45:00,2024-10-23 12:46:00,2742.735,2747.4422,2737.8922,0.11,0.11,0.5177919999999813,0.0,0.017599999999999998,0.0,2733.0493999999994,0.05,True,0.24214000000001762,0.0,0,2024-10-23 13:18:00,2733.0493999999994,tp2,False,0.8232760000000598,1.5899743526359806
-1,2024-10-31 13:05:00,2024-10-31 13:07:00,2769.845,2773.9857285714284,2761.5635428571427,0.12,0.12,0.4968874285714264,0.0,0.0192,0.0024,2753.2820857142856,0.06,False,0.0,0.0,0,2024-10-31 13:15:00,2769.815,news_close,False,0.003599999999969441,0.007245101793618732
1,2024-11-01 13:03:00,2024-11-01 13:05:00,2758.405,2753.177628571428,2768.8597428571443,0.1,0.1,0.5227371428572042,0.0,0.016,0.002,2779.3144857142884,0.05,False,0.0,0.0,0,2024-11-01 13:15:00,2760.915,news_close,False,0.25099999999997635,0.4801648465767084
-1,2024-11-06 12:47:00,2024-11-06 12:51:00,2698.965,2703.338571428572,2691.0315714285716,0.12,0.12,0.5248285714286066,0.0,0.0192,0.0,2683.098142857143,0.06,True,0.47600571428571126,0.0,0,2024-11-06 13:09:00,2683.098142857143,tp2,False,1.4280171428571338,2.720921117099261
1,2024-11-07 15:19:00,2024-11-07 15:22:00,2696.695,2693.310857142857,2703.4632857142865,0.16,0.16,0.5414628571429058,0.0,0.0256,0.01599999999998545,2710.231571428573,0.08,False,0.0,0.0,0,2024-11-07 16:20:00,2693.210857142857,sl,False,-0.5574628571428911,-1.029549579973798
1,2024-11-08 14:05:00,2024-11-08 14:06:00,2700.965,2695.6252285714286,2710.0852285714286,0.1,0.1,0.5339771428571567,0.0,0.016,0.009999999999990905,2719.205457142857,0.05,False,0.0,0.0,0,2024-11-08 14:35:00,2695.5252285714287,sl,False,-0.5439771428571476,-1.018727393360854
-1,2024-11-12 07:37:00,2024-11-12 07:48:00,2599.415,2605.4216714285712,2587.4016571428574,0.08,0.08,0.48053371428570246,0.0,0.0128,0.007999999999992725,2575.388314285715,0.04,False,0.0,0.0,0,2024-11-12 08:11:00,2605.521671428571,sl,False,-0.4885337142856952,-1.016648155503271
-1,2024-11-12 10:00:00,2024-11-12 10:01:00,2592.675,2596.3276428571426,2585.9006428571424,0.14,0.14,0.5113699999999336,0.0,0.022400000000000003,0.01399999999998727,2579.1262857142847,0.07,False,0.0,0.0,0,2024-11-12 10:46:00,2596.4276428571425,sl,False,-0.5253699999999208,-1.0273774370807616
-1,2024-11-12 12:31:00,2024-11-12 12:32:00,2601.254,2604.259007142857,2595.2439857142854,0.17,0.17,0.5108512142857353,0.0,0.027200000000000002,0.01699999999998454,2589.233971428571,0.08,False,0.0,0.0,0,2024-11-12 12:35:00,2604.359007142857,sl,False,-0.5278512142857199,-1.0332777911152735
-1,2024-11-14 08:01:00,2024-11-14 08:04:00,2555.445,2558.6262928571427,2551.096292857143,0.16,0.16,0.5090068571428128,0.0,0.0256,0.01599999999998545,2546.747585714286,0.08,False,0.0,0.0,0,2024-11-14 08:07:00,2558.7262928571427,sl,False,-0.5250068571427983,-1.0314337612066713
-1,2024-11-14 09:51:00,2024-11-14 09:54:00,2540.785,2544.388207142857,2533.5785857142855,0.14,0.14,0.5044490000000043,0.0,0.022400000000000003,0.01399999999998727,2526.372171428571,0.07,False,0.0,0.0,0,2024-11-14 09:58:00,2544.488207142857,sl,False,-0.5184489999999915,-1.0277530533314312
-1,2024-11-14 10:23:00,2024-11-14 10:24:00,2541.315,2545.0150714285714,2533.9148571428573,0.13,0.13,0.48100928571428087,0.0,0.020800000000000003,0.012999999999988177,2526.5147142857145,0.06,False,0.0,0.0,0,2024-11-14 10:28:00,2545.1150714285714,sl,False,-0.49400928571426905,-1.0270265052797967
-1,2024-11-14 14:04:00,2024-11-14 14:05:00,2556.035,2559.335442857143,2551.155442857143,0.15,0.15,0.4950664285714538,0.0,0.024,0.014999999999986358,2546.2758857142862,0.07,False,0.0,0.0,0,2024-11-14 14:16:00,2559.435442857143,sl,False,-0.5100664285714401,-1.0302989642082374
1,2024-12-20 07:49:00,2024-12-20 07:50:00,2605.735,2602.08635,2609.54735,0.13,0.13,0.47432450000001153,0.0,0.020800000000000003,0.012999999999988177,2613.3596999999995,0.06,False,0.0,0.0,0,2024-12-20 11:11:00,2601.98635,sl,False,-0.4873244999999997,-1.0274073972564939
1,2025-01-16 12:57:00,2025-01-16 12:59:00,2704.835,2699.8706714285713,2709.936671428571,0.1,0.1,0.49643285714287233,0.0,0.016,0.002,2715.038342857142,0.05,False,0.0,0.0,0,2025-01-16 13:00:00,2703.545,news_close,False,-0.12899999999999637,-0.2598538717651206
1,2025-01-21 07:33:00,2025-01-21 07:34:00,2727.965,2723.7246928571426,2732.324692857143,0.11,0.11,0.46643378571433003,0.0,0.0176,0.005999999999994543,2736.684385714286,0.05,True,0.21798464285714092,0.0,0,2025-01-21 08:37:00,2723.6246928571427,sl,False,-0.04243378571430634,-0.09097494009641734
-1,2025-01-27 12:38:00,2025-01-27 12:39:00,2760.585,2763.68555,2754.88555,0.15,0.15,0.4650825000000168,0.0,0.024,0.014999999999986358,2749.1861,0.07,False,0.0,0.0,0,2025-01-27 12:46:00,2763.78555,sl,False,-0.48008250000000313,-1.032252342326331
1,2025-01-30 07:02:00,2025-01-30 07:03:00,2766.248,2761.227664285714,2771.517664285714,0.09,0.09,0.45183021428573283,0.0,0.0144,0.0,2776.787328571428,0.04,True,0.21078657142856172,0.0,0,2025-01-30 10:15:00,2776.787328571428,tp2,False,0.737752999999966,1.632810238611928
1,2025-01-30 15:39:00,2025-01-30 15:40:00,2790.915,2787.070007142857,2798.604985714286,0.12,0.12,0.46139914285717165,0.0,0.0192,0.0,2806.2949714285724,0.06,True,0.46139914285717165,-0.06468,1,2025-01-31 12:37:00,2806.2949714285724,tp2,False,1.319517428571515,2.859817684966914
-1,2025-02-03 08:51:00,2025-02-03 08:52:00,2797.315,2800.402271428571,2794.0622714285714,0.16,0.16,0.49396342857136916,0.0,0.0256,0.01599999999998545,2790.809542857143,0.08,False,0.0,0.0,0,2025-02-03 09:37:00,2800.502271428571,sl,False,-0.5099634285713546,-1.032391061917803
1,2025-02-03 12:32:00,2025-02-03 12:33:00,2804.395,2801.3030714285715,2810.578857142857,0.16,0.16,0.49470857142856406,0.0,0.0256,0.0016,2816.762714285714,0.08,True,0.49470857142856406,0.0,0,2025-02-03 14:15:00,2814.225,news_close,False,1.2811085714285584,2.589622750479371
1,2025-02-04 15:33:00,2025-02-04 15:35:00,2844.108,2839.7611928571428,2852.801614285715,0.11,0.11,0.4781487857143156,0.0,0.0176,0.010999999999989995,2861.49522857143,0.05,False,0.0,0.0,0,2025-02-04 15:39:00,2839.661192857143,sl,False,-0.48914878571430565,-1.0230053914777948
-1,2025-02-05 13:45:00,2025-02-05 13:47:00,2861.595,2866.392214285714,2854.872214285714,0.1,0.1,0.479721428571429,0.0,0.016,0.002,2848.1494285714284,0.05,False,0.0,0.0,0,2025-02-05 14:15:00,2864.725,news_close,False,-0.31300000000001094,-0.6524619943121974
-1,2025-02-06 14:56:00,2025-02-06 14:57:00,2846.375,2851.7378857142858,2840.917885714286,0.09,0.09,0.482659714285719,0.0,0.0144,0.0,2835.460771428572,0.04,True,0.2182845714285577,0.0,0,2025-02-06 15:08:00,2835.460771428572,tp2,False,0.7639959999999519,1.5828874409594724
1,2025-02-07 15:46:00,2025-02-07 15:47:00,2886.015,2881.005242857143,2896.0345142857136,0.1,0.1,0.500975714285687,0.0,0.016,0.009999999999990905,2906.0540285714274,0.05,False,0.0,0.0,0,2025-02-07 15:53:00,2880.905242857143,sl,False,-0.5109757142856779,-1.0199610474416896
1,2025-02-10 07:27:00,2025-02-10 07:28:00,2891.105,2886.5828285714288,2900.1493428571425,0.11,0.11,0.4974388571428381,0.0,0.0176,0.0,2909.193685714285,0.05,True,0.45221714285712555,0.0,0,2025-02-10 13:20:00,2909.193685714285,tp2,False,1.5375382857142268,3.090909090909091
1,2025-02-11 07:10:00,2025-02-11 07:22:00,2915.475,2912.2181642857145,2921.988671428571,0.16,0.16,0.521093714285671,0.0,0.0256,0.01599999999998545,2928.5023428571417,0.08,False,0.0,0.0,0,2025-02-11 07:28:00,2912.1181642857146,sl,False,-0.5370937142856564,-1.030704649780546
-1,2025-02-11 08:22:00,2025-02-11 08:23:00,2910.425,2913.981642857143,2905.141642857143,0.14,0.14,0.4979299999999967,0.0,0.022400000000000003,0.01399999999998727,2899.8582857142856,0.07,False,0.0,0.0,0,2025-02-11 08:29:00,2914.081642857143,sl,False,-0.511929999999984,-1.0281164019038567
-1,2025-02-11 13:02:00,2025-02-11 13:03:00,2886.365,2900.099935714286,2864.8599357142857,0.03,0.03,0.41204807142858496,0.0,0.0048,0.0029999999999972713,2843.3548714285716,0.01,False,0.0,0.0,0,2025-02-11 14:06:00,2900.199935714286,sl,False,-0.41504807142858224,-1.0072807038984462
-1,2025-02-12 08:10:00,2025-02-12 08:15:00,2890.175,2894.0029285714286,2883.6299285714285,0.13,0.13,0.4976307142856922,0.0,0.020800000000000003,0.012999999999988177,2877.084857142857,0.06,False,0.0,0.0,0,2025-02-12 08:36:00,2894.1029285714285,sl,False,-0.5106307142856804,-1.0261237894422346
1,2025-02-13 07:31:00,2025-02-13 07:33:00,2917.875,2914.196571428571,2922.466571428571,0.13,0.13,0.47819571428575275,0.0,0.020800000000000003,0.012999999999988177,2927.0581428571422,0.06,False,0.0,0.0,0,2025-02-13 07:40:00,2914.096571428571,sl,False,-0.49119571428574094,-1.0271855217678088
-1,2025-02-13 08:40:00,2025-02-13 08:44:00,2910.945,2914.008978571429,2905.1189785714287,0.16,0.16,0.4902365714286134,0.0,0.0256,0.01599999999998545,2899.292957142857,0.08,False,0.0,0.0,0,2025-02-13 09:14:00,2914.108978571429,sl,False,-0.5062365714285988,-1.0326373039721606
1,2025-02-14 10:23:00,2025-02-14 10:24:00,2938.415,2935.264785714286,2942.544785714286,0.15,0.15,0.47253214285708506,0.0,0.024,0.014999999999986358,2946.6745714285717,0.07,False,0.0,0.0,0,2025-02-14 10:49:00,2935.164785714286,sl,False,-0.4875321428570714,-1.0317438722989116
-1,2025-02-14 14:00:00,2025-02-14 14:02:00,2919.055,2922.7587642857143,2914.8287642857144,0.13,0.13,0.4814893571428775,0.0,0.0208,0.006999999999993635,2910.602528571429,0.06,True,0.25357414285712365,0.0,0,2025-02-14 14:14:00,2922.858764285714,sl,False,-0.012689357142880942,-0.026354387598884126
-1,2025-02-14 14:47:00,2025-02-14 14:49:00,2921.435,2926.3238571428574,2914.813857142857,0.1,0.1,0.48888571428574323,0.0,0.016,0.0,2908.1927142857144,0.05,True,0.33105714285713933,0.0,0,2025-02-14 15:21:00,2908.1927142857144,tp2,False,0.9931714285714179,2.031500204546641
1,2025-02-20 08:31:00,2025-02-20 08:34:00,2954.315,2947.662592857143,2967.6198142857143,0.07,0.07,0.4656684999999971,0.0,0.011200000000000002,0.006999999999993635,2980.9246285714285,0.03,False,0.0,0.0,0,2025-02-20 11:45:00,2947.562592857143,sl,False,-0.4726684999999907,-1.0150321527008885
1,2025-02-24 13:27:00,2025-02-24 13:28:00,2950.175,2946.669214285714,2954.6192142857144,0.14,0.14,0.4908100000000468,0.0,0.022400000000000003,0.006999999999993635,2959.0634285714286,0.07,True,0.31109499999999574,0.0,0,2025-02-24 14:24:00,2946.569214285714,sl,False,0.058689999999978704,0.11957784071223714
-1,2025-02-27 15:14:00,2025-02-27 15:15:00,2874.315,2882.637314285714,2864.837314285714,0.06,0.06,0.4993388571428477,0.0,0.0096,0.005999999999994543,2855.359628571428,0.03,False,0.0,0.0,0,2025-02-27 17:52:00,2882.737314285714,sl,False,-0.5053388571428422,-1.0120158884376147
1,2025-03-04 12:44:00,2025-03-04 12:45:00,2923.505,2918.993307142857,2929.173307142857,0.1,0.1,0.4511692857143317,0.0,0.016,0.009999999999990905,2934.841614285714,0.05,False,0.0,0.0,0,2025-03-04 14:12:00,2918.893307142857,sl,False,-0.4611692857143226,-1.0221646293677948
1,2025-03-13 15:01:00,2025-03-13 15:02:00,2971.048,2965.836307142857,2981.471385714285,0.09,0.09,0.46905235714284116,0.0,0.0144,0.0018,2991.8947714285705,0.04,False,0.0,0.0,0,2025-03-13 16:30:00,2979.065,news_close,False,0.7215300000000252,1.5382717707573457
1,2025-03-14 09:17:00,2025-03-14 09:21:00,2995.595,2990.17985,3006.4252999999994,0.09,0.09,0.4873634999999831,0.0,0.0144,0.008999999999991815,3017.255599999999,0.04,False,0.0,0.0,0,2025-03-14 10:39:00,2990.07985,sl,False,-0.4963634999999749,-1.0184667091400816
1,2025-03-14 11:37:00,2025-03-14 11:38:00,2997.975,2994.510757142857,3004.9034857142856,0.14,0.14,0.484993999999997,0.0,0.022400000000000003,0.01399999999998727,3011.8319714285713,0.07,False,0.0,0.0,0,2025-03-14 11:56:00,2994.410757142857,sl,False,-0.4989939999999843,-1.0288663364907347
1,2025-03-14 12:12:00,2025-03-14 12:13:00,2998.225,2992.981214285714,3004.631214285714,0.09,0.09,0.471940714285729,0.0,0.0144,0.008999999999991815,3011.0374285714283,0.04,False,0.0,0.0,0,2025-03-14 13:00:00,2992.881214285714,sl,False,-0.48094071428572077,-1.0190701919278422
1,2025-03-14 13:24:00,2025-03-14 13:25:00,2995.515,2991.7599285714286,3003.0251428571423,0.12,0.12,0.45060857142854727,0.0,0.0192,0.011999999999989085,3010.535285714285,0.06,False,0.0,0.0,0,2025-03-14 13:32:00,2991.6599285714287,sl,False,-0.46260857142853634,-1.0266306518802915
1,2025-03-18 07:18:00,2025-03-18 07:19:00,3018.469,3015.2547142857143,3024.8975714285716,0.14,0.14,0.4500000000000091,0.0,0.022400000000000003,0.01399999999998727,3031.326142857143,0.07,False,0.0,0.0,0,2025-03-18 07:24:00,3015.1547142857144,sl,False,-0.4639999999999964,-1.0311111111110822
1,2025-03-18 10:04:00,2025-03-18 10:05:00,3022.149,3017.8998714285713,3030.647257142857,0.11,0.11,0.46740414285714904,0.0,0.0176,0.0,3039.1455142857144,0.05,True,0.4249128571428628,-0.03234,1,2025-03-19 05:34:00,3039.1455142857144,tp2,False,1.4123637142857335,3.0217184333288825
-1,2025-03-19 09:04:00,2025-03-19 09:05:00,3024.278,3027.8095857142857,3018.1505857142856,0.13,0.13,0.45910614285717205,0.0,0.020800000000000003,0.012999999999988177,3012.0231714285715,0.06,False,0.0,0.0,0,2025-03-19 09:23:00,3027.9095857142856,sl,False,-0.4721061428571602,-1.0283158920921527
-1,2025-03-21 15:22:00,2025-03-21 15:23:00,3013.305,3016.9418142857144,3006.0313714285708,0.13,0.13,0.4727858571428897,0.0,0.020800000000000003,0.012999999999988177,2998.7577428571417,0.06,False,0.0,0.0,0,2025-03-21 16:34:00,3017.0418142857143,sl,False,-0.48578585714287786,-1.0274965923865595
1,2025-03-27 14:48:00,2025-03-27 14:50:00,3057.845,3049.9801,3073.574799999999,0.06,0.06,0.4718939999999747,0.0,0.0096,0.005999999999994543,3089.304599999998,0.03,False,0.0,0.0,0,2025-03-27 16:40:00,3049.8801000000003,sl,False,-0.4778939999999693,-1.0127147198311377
1,2025-03-28 15:02:00,2025-03-28 15:03:00,3072.315,3069.0380285714286,3075.738028571429,0.14,0.14,0.4587759999999981,0.0,0.022400000000000003,0.0,3079.1610571428578,0.07,True,0.23961200000002011,0.0,0,2025-03-28 15:21:00,3079.1610571428578,tp2,False,0.7188360000000603,1.5668561563814658
1,2025-03-31 10:21:00,2025-03-31 10:26:00,3115.535,3111.541478571429,3123.522042857142,0.12,0.12,0.47922257142852687,0.0,0.0192,0.0012,3131.509085714284,0.06,True,0.47922257142852687,0.0,0,2025-03-31 13:15:00,3118.635,news_close,False,0.6652225714285487,1.3881286297629296
-1,2025-04-01 08:55:00,2025-04-01 08:58:00,3130.079,3133.2254071428574,3126.3994071428574,0.15,0.15,0.47196107142858634,0.0,0.024,0.014999999999986358,3122.7198142857146,0.07,False,0.0,0.0,0,2025-04-01 09:21:00,3133.3254071428573,sl,False,-0.4869610714285727,-1.031782282285661
-1,2025-04-01 10:34:00,2025-04-01 10:37:00,3135.409,3138.9271214285714,3128.3727571428576,0.13,0.13,0.45735578571426233,0.0,0.0208,0.0014000000000000002,3121.336514285715,0.06,True,0.4221745714285498,0.0,0,2025-04-01 13:15:00,3134.645,news_close,False,0.4756545714285585,1.0400099578618396
-1,2025-04-01 15:52:00,2025-04-01 15:55:00,3119.015,3124.186707142857,3113.309707142857,0.09,0.09,0.46545364285713275,0.0,0.0144,0.0,3107.604414285714,0.04,True,0.22821171428571688,0.0,0,2025-04-01 16:12:00,3107.604414285714,tp2,False,0.798741000000009,1.7160484449042677
1,2025-04-02 09:27:00,2025-04-02 09:28:00,3130.598,3127.496907142857,3135.426907142857,0.15,0.15,0.46516392857147365,0.0,0.024,0.014999999999986358,3140.255814285714,0.07,False,0.0,0.0,0,2025-04-02 09:31:00,3127.396907142857,sl,False,-0.48016392857146,-1.032246696441084
-1,2025-04-03 11:20:00,2025-04-03 11:21:00,3094.505,3100.0776142857144,3083.3597714285715,0.08,0.08,0.44580914285714246,0.0,0.0128,0.0016,3072.214542857143,0.04,False,0.0,0.0,0,2025-04-03 12:00:00,3093.115,news_close,False,0.1112000000000262,0.24943409479526923
-1,2025-04-04 07:22:00,2025-04-04 07:23:00,3094.865,3102.5562142857143,3086.9962142857144,0.06,0.06,0.46147285714287134,0.0,0.0096,0.005999999999994543,3079.127428571429,0.03,False,0.0,0.0,0,2025-04-04 07:27:00,3102.656214285714,sl,False,-0.4674728571428659,-1.0130018481198277
-1,2025-04-04 07:53:00,2025-04-04 07:54:00,3093.285,3096.513971428571,3086.9869714285715,0.15,0.15,0.48434571428567774,0.0,0.024,0.0,3080.688942857143,0.07,True,0.4408619999999883,0.0,0,2025-04-04 08:33:00,3080.688942857143,tp2,False,1.4485465714285328,2.990728582299684
-1,2025-04-04 08:41:00,2025-04-04 08:44:00,3080.725,3084.325735714286,3076.675735714286,0.13,0.13,0.4680956428572063,0.0,0.020800000000000003,0.012999999999988177,3072.626471428572,0.06,False,0.0,0.0,0,2025-04-04 08:45:00,3084.425735714286,sl,False,-0.48109564285719447,-1.027772102129893
-1,2025-04-07 15:06:00,2025-04-07 15:07:00,2997.275,3005.011642857143,2986.703642857143,0.06,0.06,0.46419857142858745,0.0,0.0096,0.0,2976.1322857142864,0.03,True,0.31714071428570606,0.0,0,2025-04-07 16:21:00,2976.1322857142864,tp2,False,0.9514221428571181,2.049601617534244
1,2025-04-08 08:09:00,2025-04-08 08:12:00,3005.595,3000.9103571428573,3014.320357142857,0.1,0.1,0.4684642857142535,0.0,0.016,0.009999999999990905,3023.0457142857144,0.05,False,0.0,0.0,0,2025-04-08 09:18:00,3000.8103571428574,sl,False,-0.47846428571424443,-1.021346344438497
1,2025-04-08 10:04:00,2025-04-08 10:05:00,3007.665,3002.919785714286,3014.3497857142856,0.1,0.1,0.47452142857141555,0.0,0.016,0.0049999999999954525,3021.0345714285713,0.05,True,0.3342392857142841,0.0,0,2025-04-08 12:54:00,3002.819785714286,sl,False,0.09197857142858085,0.19383438953534646
1,2025-04-08 15:19:00,2025-04-08 15:24:00,3007.535,3002.215785714286,3014.305785714286,0.09,0.09,0.4787292857142392,0.0,0.0144,0.008999999999991815,3021.0765714285717,0.04,False,0.0,0.0,0,2025-04-08 15:59:00,3002.115785714286,sl,False,-0.4877292857142311,-1.018799769031394
1,2025-04-09 13:21:00,2025-04-09 13:22:00,3060.405,3055.3634714285713,3070.488057142858,0.09,0.09,0.4537375714286008,0.0,0.0144,0.001,3080.571114285716,0.04,True,0.4033222857143119,0.0,0,2025-04-09 14:00:00,3074.945,news_close,False,1.13032228571431,2.4911366324712105
1,2025-04-10 14:57:00,2025-04-10 14:59:00,3152.435,3144.0294714285715,3162.5094714285715,0.06,0.06,0.5043317142857086,0.0,0.0096,0.0,3172.583942857143,0.03,True,0.3022341428571462,0.0,0,2025-04-10 15:39:00,3172.583942857143,tp2,False,0.9067024285714387,1.7978294897746276
1,2025-04-10 15:39:00,2025-04-10 15:40:00,3171.635,3162.0167857142856,3190.8714285714295,0.05,0.05,0.4809107142857329,0.0,0.008,0.0049999999999954525,3210.107857142859,0.02,False,0.0,0.0,0,2025-04-10 15:56:00,3161.9167857142857,sl,False,-0.48591071428572835,-1.010396940328979
1,2025-04-11 07:03:00,2025-04-11 07:21:00,3202.815,3193.4180714285717,3218.7080714285717,0.05,0.05,0.4698464285714181,0.0,0.008,0.0,3234.6011428571433,0.02,True,0.31786142857143207,0.0,0,2025-04-11 10:14:00,3234.6011428571433,tp2,False,1.2714457142857283,2.70608785545438
1,2025-04-11 14:31:00,2025-04-11 14:35:00,3229.305,3224.549071428571,3237.049071428571,0.11,0.11,0.5231521428571614,0.0,0.0176,0.010999999999989995,3244.7931428571424,0.05,False,0.0,0.0,0,2025-04-11 14:38:00,3224.449071428571,sl,False,-0.5341521428571514,-1.0210263881170671
1,2025-04-11 15:23:00,2025-04-11 15:26:00,3238.675,3233.8179857142854,3243.7279857142858,0.1,0.1,0.485701428571474,0.0,0.016,0.0049999999999954525,3248.7809714285713,0.05,True,0.25264928571427847,0.0,0,2025-04-11 16:28:00,3233.7179857142855,sl,False,0.004798571428546006,0.009879673285416054
-1,2025-04-14 10:34:00,2025-04-14 10:35:00,3207.575,3211.816142857143,3199.0927142857136,0.12,0.12,0.5089371428571757,0.0,0.0192,0.011999999999989085,3190.6104285714273,0.06,False,0.0,0.0,0,2025-04-14 10:42:00,3211.916142857143,sl,False,-0.5209371428571649,-1.0235785502559729
-1,2025-04-14 13:09:00,2025-04-14 13:26:00,3203.255,3210.921714285714,3187.921571428572,0.06,0.06,0.4600028571428447,0.0,0.0096,0.005999999999994543,3172.588142857144,0.03,False,0.0,0.0,0,2025-04-14 14:47:00,3211.021714285714,sl,False,-0.46600285714283923,-1.0130433972459683
1,2025-04-16 07:07:00,2025-04-16 07:08:00,3297.035,3286.342142857143,3318.420714285714,0.04,0.04,0.4277142857142826,0.0,0.0064,0.0008,3339.806428571428,0.02,False,0.0,0.0,0,2025-04-16 12:00:00,3306.435,news_close,False,0.37600000000000366,0.8790915163660804
1,2025-04-16 15:51:00,2025-04-16 16:02:00,3324.835,3320.142714285714,3334.2195714285717,0.1,0.1,0.4692285714285845,0.0,0.016,0.002,3343.6041428571434,0.05,False,0.0,0.0,0,2025-04-16 17:00:00,3327.205,news_close,False,0.2369999999999891,0.5050843329476581
-1,2025-04-17 07:23:00,2025-04-17 07:24:00,3314.525,3330.1651714285713,3296.8551714285713,0.03,0.03,0.46920514285713577,0.0,0.0048,0.0029999999999972713,3279.1853428571426,0.01,False,0.0,0.0,0,2025-04-17 10:26:00,3330.265171428571,sl,False,-0.47220514285713305,-1.0063937918108257
-1,2025-04-17 11:25:00,2025-04-17 11:27:00,3327.335,3332.527928571428,3320.6979285714283,0.09,0.09,0.46736357142853646,0.0,0.0144,0.0018,3314.0608571428565,0.04,False,0.0,0.0,0,2025-04-17 12:00:00,3327.3849999999998,news_close,False,-0.004499999999975444,-0.00962847828772964
1,2025-04-17 13:36:00,2025-04-17 13:46:00,3325.775,3319.6797142857145,3332.6797142857145,0.08,0.08,0.487622857142851,0.0,0.0128,0.007999999999992725,3339.584428571429,0.04,False,0.0,0.0,0,2025-04-17 13:51:00,3319.5797142857145,sl,False,-0.4956228571428437,-1.0164061218271585
-1,2025-04-17 14:22:00,2025-04-17 14:23:00,3307.985,3313.7307142857144,3296.8407142857145,0.08,0.08,0.4596571428571406,0.0,0.0128,0.0,3285.696428571429,0.04,True,0.44577142857142465,0.0,0,2025-04-17 14:35:00,3285.696428571429,tp2,False,1.337314285714274,2.9093734460467315
1,2025-04-21 08:20:00,2025-04-21 08:36:00,3387.435,3383.580214285714,3395.1445714285715,0.13,0.13,0.501122142857148,0.0,0.020800000000000003,0.0,3402.854142857143,0.06,True,0.46257428571429043,0.0,0,2025-04-21 11:43:00,3402.854142857143,tp2,False,1.5419142857143016,3.076923076923077
1,2025-04-21 11:48:00,2025-04-21 11:49:00,3403.725,3394.740357142857,3421.6942857142853,0.05,0.05,0.44923214285713586,0.0,0.008,0.0,3439.663571428571,0.02,True,0.3593857142857087,0.0,0,2025-04-21 23:18:00,3439.663571428571,tp2,False,1.4375428571428348,3.2
-1,2025-04-22 07:55:00,2025-04-22 07:56:00,3469.125,3479.9297142857145,3447.515571428571,0.05,0.05,0.5402357142857227,0.0,0.008,0.0,3425.906142857142,0.02,True,0.43218857142857814,0.0,0,2025-04-22 12:52:00,3425.906142857142,tp2,False,1.7287542857143126,3.1999999999999997
-1,2025-04-22 13:34:00,2025-04-22 13:35:00,3435.055,3449.8362857142856,3417.636285714286,0.03,0.03,0.44343857142857357,0.0,0.0048,0.0,3400.217571428572,0.01,True,0.17418714285714032,0.0,0,2025-04-22 16:19:00,3400.217571428572,tp2,False,0.8709357142857015,1.9640504241205516
-1,2025-04-23 10:49:00,2025-04-23 10:50:00,3327.135,3330.3150714285716,3320.7748571428574,0.18,0.18,0.5724128571428536,0.0,0.0288,0.01799999999998363,3314.4147142857146,0.09,False,0.0,0.0,0,2025-04-23 10:54:00,3330.4150714285715,sl,False,-0.5904128571428373,-1.0314458345499593
-1,2025-04-23 15:14:00,2025-04-23 15:24:00,3282.845,3291.842642857143,3264.8497142857136,0.06,0.06,0.5398585714285855,0.0,0.0096,0.005999999999994543,3246.8544285714274,0.03,False,0.0,0.0,0,2025-04-23 16:16:00,3291.942642857143,sl,False,-0.54585857142858,-1.011114021926367
-1,2025-04-24 15:44:00,2025-04-24 15:45:00,3324.225,3327.6067142857146,3320.6967142857143,0.16,0.16,0.5410742857143487,0.0,0.0256,0.007999999999992725,3317.1684285714286,0.08,True,0.28226285714285043,0.0,0,2025-04-24 15:52:00,3327.7067142857145,sl,False,0.003725714285683357,0.006885772220286748
-1,2025-04-25 07:44:00,2025-04-25 07:46:00,3305.085,3310.150857142857,3296.730857142857,0.11,0.11,0.5572442857142823,0.0,0.017599999999999998,0.0,3288.376714285714,0.05,True,0.41770714285714805,0.0,0,2025-04-25 11:44:00,3288.376714285714,tp2,False,1.4202042857143033,2.5486206357304657
-1,2025-04-25 15:09:00,2025-04-25 15:10:00,3274.415,3280.7314285714288,3264.9514285714286,0.09,0.09,0.5684785714285908,0.0,0.0144,0.008999999999991815,3255.487857142857,0.04,False,0.0,0.0,0,2025-04-25 15:49:00,3280.8314285714287,sl,False,-0.5774785714285826,-1.015831731312888
1,2025-04-28 07:38:00,2025-04-28 07:39:00,3286.165,3278.124714285714,3294.7247142857145,0.07,0.07,0.5628200000000061,0.0,0.011200000000000002,0.006999999999993635,3303.284428571429,0.03,False,0.0,0.0,0,2025-04-28 09:27:00,3278.0247142857143,sl,False,-0.5698199999999998,-1.0124373689634227
-1,2025-04-30 09:04:00,2025-04-30 09:05:00,3282.685,3286.7165,3277.6865000000003,0.14,0.14,0.5644100000000072,0.0,0.022400000000000003,0.01399999999998727,3272.6880000000006,0.07,False,0.0,0.0,0,2025-04-30 09:39:00,3286.8165,sl,False,-0.5784099999999944,-1.0248046632766732
-1,2025-04-30 10:37:00,2025-04-30 10:38:00,3277.105,3280.8007142857145,3273.2107142857144,0.15,0.15,0.5543571428571795,0.0,0.024,0.0,3269.316428571429,0.07,True,0.2725999999999931,0.0,0,2025-04-30 11:03:00,3269.316428571429,tp2,False,0.8956857142856915,1.615719623759677
-1,2025-05-01 08:39:00,2025-05-01 08:40:00,3232.795,3236.5687857142857,3227.1687857142856,0.15,0.15,0.5660678571428434,0.0,0.024,0.0,3221.542571428571,0.07,True,0.3938350000000128,0.0,0,2025-05-01 09:41:00,3221.542571428571,tp2,False,1.2940292857143276,2.2859967570774615
1,2025-05-02 11:39:00,2025-05-02 11:40:00,3267.195,3260.709857142857,3280.1652857142867,0.08,0.08,0.5188114285714619,0.0,0.0128,0.0016,3293.1355714285733,0.04,False,0.0,0.0,0,2025-05-02 12:00:00,3262.215,news_close,False,-0.3984000000000015,-0.7679090668780926
-1,2025-05-02 14:02:00,2025-05-02 14:03:00,3244.355,3252.691142857143,3227.682714285714,0.06,0.06,0.5001685714285758,0.0,0.0096,0.005999999999994543,3211.0104285714283,0.03,False,0.0,0.0,0,2025-05-02 14:15:00,3252.791142857143,sl,False,-0.5061685714285704,-1.0119959556492273
1,2025-05-05 08:37:00,2025-05-05 08:39:00,3273.495,3269.722285714286,3281.0404285714276,0.15,0.15,0.5659071428570769,0.0,0.024,0.0,3288.5858571428553,0.07,True,0.5281799999999385,0.0,0,2025-05-05 09:05:00,3288.5858571428553,tp2,False,1.735448571428369,3.0666666666666664
1,2025-05-06 07:22:00,2025-05-06 07:58:00,3370.505,3364.7504285714285,3382.0141428571433,0.1,0.1,0.5754571428571581,0.0,0.016,0.0,3393.5232857142864,0.05,True,0.5754571428571581,0.0,0,2025-05-06 13:01:00,3393.5232857142864,tp2,False,1.7263714285714742,3.0
1,2025-05-06 14:10:00,2025-05-06 14:11:00,3397.415,3390.1743857142856,3411.8962285714288,0.08,0.08,0.579249142857152,0.0,0.0128,0.007999999999992725,3426.3774571428576,0.04,False,0.0,0.0,0,2025-05-06 14:25:00,3390.0743857142857,sl,False,-0.5872491428571448,-1.0138109828881796
1,2025-05-06 15:23:00,2025-05-06 15:24:00,3396.605,3393.239,3403.337,0.17,0.17,0.5722199999999976,0.0,0.027200000000000002,0.01699999999998454,3410.069,0.08,False,0.0,0.0,0,2025-05-06 15:55:00,3393.139,sl,False,-0.5892199999999821,-1.029708853238238
1,2025-05-07 11:41:00,2025-05-07 11:44:00,3387.835,3383.2495,3393.3894999999998,0.13,0.13,0.596115000000018,0.0,0.020800000000000003,0.006999999999993635,3398.9439999999995,0.06,True,0.3332699999999841,0.0,0,2025-05-07 13:22:00,3383.1495,sl,False,0.005284999999980722,0.00886573899328244
-1,2025-05-08 08:07:00,2025-05-08 08:09:00,3340.045,3344.1656428571428,3334.125642857143,0.14,0.14,0.5768899999999758,0.0,0.022400000000000003,0.01399999999998727,3328.2062857142855,0.07,False,0.0,0.0,0,2025-05-08 09:12:00,3344.2656428571427,sl,False,-0.5908899999999631,-1.0242680580353063
-1,2025-05-08 09:18:00,2025-05-08 09:19:00,3340.455,3344.209857142857,3334.109857142857,0.15,0.15,0.5632285714285444,0.0,0.024,0.007999999999992723,3327.764714285714,0.07,True,0.44416000000000627,0.0,0,2025-05-08 10:23:00,3344.309857142857,sl,False,0.13577142857145658,0.241059199513073
-1,2025-05-08 10:41:00,2025-05-08 10:42:00,3341.045,3344.183,3334.7690000000002,0.18,0.18,0.5648399999999856,0.0,0.0288,0.01799999999998363,3328.4930000000004,0.09,False,0.0,0.0,0,2025-05-08 11:30:00,3344.283,sl,False,-0.5828399999999692,-1.031867431484994
-1,2025-05-09 15:45:00,2025-05-09 15:46:00,3341.865,3346.046071428572,3334.0960714285716,0.14,0.14,0.5853500000000895,0.0,0.022400000000000003,0.01399999999998727,3326.3271428571434,0.07,False,0.0,0.0,0,2025-05-09 16:00:00,3346.1460714285718,sl,False,-0.5993500000000768,-1.0239173144272402
-1,2025-05-12 13:30:00,2025-05-12 13:31:00,3236.845,3243.657957142857,3227.337957142857,0.08,0.08,0.5450365714285726,0.0,0.0128,0.007999999999992725,3217.830914285714,0.04,False,0.0,0.0,0,2025-05-12 13:44:00,3243.757957142857,sl,False,-0.5530365714285653,-1.0146779141425761
-1,2025-05-12 15:10:00,2025-05-12 15:11:00,3237.105,3241.0848142857144,3229.1453714285713,0.14,0.14,0.5571740000000137,0.0,0.022400000000000003,0.01399999999998727,3221.1857428571425,0.07,False,0.0,0.0,0,2025-05-12 15:26:00,3241.1848142857143,sl,False,-0.571174000000001,-1.0251268006044556
-1,2025-05-12 15:56:00,2025-05-12 15:57:00,3238.025,3243.937142857143,3227.2771428571427,0.09,0.09,0.5320928571428658,0.0,0.0144,0.0,3216.5292857142854,0.04,True,0.42991428571429424,0.0,1,2025-05-13 01:44:00,3216.5292857142854,tp2,False,1.50470000000003,2.8278898688467473
1,2025-05-13 08:46:00,2025-05-13 08:47:00,3255.015,3251.9082857142857,3258.3382857142856,0.18,0.18,0.559208571428544,0.0,0.0288,0.01799999999998363,3261.6615714285713,0.09,False,0.0,0.0,0,2025-05-13 08:55:00,3251.808285714286,sl,False,-0.5772085714285277,-1.0321883478180622
-1,2025-05-14 15:03:00,2025-05-14 15:04:00,3180.635,3184.0857857142855,3174.7157857142856,0.16,0.16,0.5521257142856485,0.0,0.0256,0.01599999999998545,3168.796571428571,0.08,False,0.0,0.0,0,2025-05-14 15:19:00,3184.1857857142854,sl,False,-0.5681257142856339,-1.0289789074951643
-1,2025-05-14 15:37:00,2025-05-14 16:00:00,3182.845,3186.5539285714285,3175.4271428571424,0.15,0.15,0.5563392857143071,0.0,0.024,0.007999999999992723,3168.009285714285,0.07,True,0.5192500000000201,0.0,0,2025-05-14 16:53:00,3186.6539285714284,sl,False,0.21453571428573026,0.3856202856684459
-1,2025-05-15 07:02:00,2025-05-15 07:03:00,3148.175,3154.0105714285714,3142.2105714285717,0.09,0.09,0.525201428571413,0.0,0.0144,0.0,3136.2461428571432,0.04,True,0.23857714285713882,0.0,0,2025-05-15 07:40:00,3136.2461428571432,tp2,False,0.8350199999999859,1.5899042816225812
1,2025-05-15 09:33:00,2025-05-15 09:34:00,3169.385,3164.7299285714284,3174.5099285714286,0.12,0.12,0.5586085714286128,0.0,0.0192,0.011999999999989085,3179.634857142857,0.06,False,0.0,0.0,0,2025-05-15 09:57:00,3164.6299285714285,sl,False,-0.5706085714286019,-1.0214819474919616
1,2025-05-15 10:16:00,2025-05-15 10:17:00,3174.825,3163.5425,3190.3225,0.05,0.05,0.56412499999999,0.0,0.008,0.001,3205.8200000000006,0.02,False,0.0,0.0,0,2025-05-15 12:00:00,3178.795,news_close,False,0.19850000000001275,0.3518723687126369
1,2025-05-15 13:14:00,2025-05-15 13:26:00,3194.165,3188.068757142857,3206.3574857142858,0.09,0.09,0.5486618571428608,0.0,0.0144,0.008999999999991815,3218.5499714285716,0.04,False,0.0,0.0,0,2025-05-15 13:45:00,3187.968757142857,sl,False,-0.5576618571428525,-1.0164035459779526
1,2025-05-15 14:51:00,2025-05-15 14:52:00,3203.685,3198.8843928571428,3213.2862142857143,0.11,0.11,0.5280667857142908,0.0,0.0176,0.0,3222.8874285714287,0.05,True,0.4800607142857189,0.0,0,2025-05-15 17:00:00,3222.8874285714287,tp2,False,1.6322064285714442,3.090909090909091
1,2025-05-23 15:45:00,2025-05-23 15:46:00,3358.778,3355.2380285714285,3362.5480285714284,0.16,0.16,0.5663954285714136,0.0,0.0256,0.007999999999992725,3366.318057142857,0.08,True,0.3016022857142889,-0.043120000000000006,1,2025-05-25 22:00:00,3355.1380285714285,sl,False,-0.03271542857141059,-0.05776075674538339
1,2025-06-02 14:35:00,2025-06-02 14:36:00,3375.948,3371.5179785714286,3382.697978571429,0.13,0.13,0.5759027857142701,0.0,0.020800000000000003,0.012999999999988177,3389.447957142858,0.06,False,0.0,0.0,0,2025-06-02 15:26:00,3371.4179785714286,sl,False,-0.5889027857142582,-1.02257325424093
1,2025-06-02 15:46:00,2025-06-02 15:48:00,3374.895,3370.695157142857,3382.7951571428575,0.13,0.13,0.5459795714285656,0.0,0.020800000000000003,0.012999999999988177,3390.695314285715,0.06,False,0.0,0.0,0,2025-06-02 16:20:00,3370.5951571428573,sl,False,-0.5589795714285538,-1.0238104146753577
1,2025-06-05 10:58:00,2025-06-05 10:59:00,3399.498,3395.513742857143,3404.220742857143,0.14,0.14,0.5577959999999985,0.0,0.022400000000000003,0.01399999999998727,3408.9434857142855,0.07,False,0.0,0.0,0,2025-06-05 11:27:00,3395.413742857143,sl,False,-0.5717959999999858,-1.0250987816334058
1,2025-06-13 08:08:00,2025-06-13 08:10:00,3418.235,3413.8754785714286,3426.954042857143,0.13,0.13,0.5667377857142947,0.0,0.020800000000000003,0.006999999999993635,3435.673085714286,0.06,True,0.5231425714285797,0.0,0,2025-06-13 10:38:00,3413.7754785714287,sl,False,0.2109760714285812,0.37226399359039564
1,2025-06-13 12:01:00,2025-06-13 12:03:00,3422.835,3418.888785714286,3427.428785714286,0.14,0.14,0.5524699999999848,0.0,0.022400000000000003,0.0,3432.0225714285716,0.07,True,0.3215650000000051,0.0,0,2025-06-13 12:37:00,3432.0225714285716,tp2,False,0.9646950000000153,1.7461491121690622
1,2025-06-13 13:35:00,2025-06-13 13:39:00,3444.298,3439.113635714286,3454.6667285714275,0.11,0.11,0.570280071428524,0.0,0.0176,0.010999999999989995,3465.035457142855,0.05,False,0.0,0.0,0,2025-06-13 13:46:00,3439.013635714286,sl,False,-0.581280071428514,-1.0192887680125935
-1,2025-06-16 09:47:00,2025-06-16 09:48:00,3415.148,3418.723742857143,3411.4837428571427,0.16,0.16,0.5721188571428502,0.0,0.0256,0.007999999999992725,3407.8194857142853,0.08,True,0.29314057142859384,0.0,0,2025-06-16 10:43:00,3418.823742857143,sl,False,-0.00091885714282397,-0.0016060598796074014
-1,2025-06-16 13:42:00,2025-06-16 13:43:00,3405.738,3417.4006142857143,3386.347614285714,0.04,0.04,0.46650457142857704,0.0,0.0064,0.0004,3366.957228571428,0.02,True,0.38780771428571825,0.0,1,2025-06-17 12:00:00,3388.528,news_close,False,0.732007714285719,1.5691329927252193
1,2025-08-28 14:06:00,2025-08-28 14:07:00,3410.148,3405.8338785714286,3414.5538785714284,0.13,0.13,0.5608357857142983,0.0,0.020800000000000003,0.012999999999988177,3418.9597571428567,0.06,False,0.0,0.0,0,2025-08-28 15:21:00,3405.7338785714287,sl,False,-0.5738357857142864,-1.0231796906173363
1,2025-09-01 10:09:00,2025-09-01 10:12:00,3470.515,3465.7715714285714,3480.001857142857,0.12,0.12,0.569211428571416,0.0,0.0192,0.0,3489.4887142857137,0.06,True,0.569211428571416,-0.03234,1,2025-09-02 01:16:00,3489.4887142857137,tp2,False,1.675294285714248,2.9431845560775796
-1,2025-09-02 07:14:00,2025-09-02 07:15:00,3483.925,3488.2234285714285,3476.7634285714284,0.13,0.13,0.5587957142856794,0.0,0.0208,0.006999999999993635,3469.6018571428567,0.06,True,0.42969428571430396,0.0,0,2025-09-02 11:55:00,3488.3234285714284,sl,False,0.12180428571432905,0.21797641356293165
1,2025-09-02 15:05:00,2025-09-02 15:11:00,3512.835,3508.991578571429,3520.5218428571425,0.15,0.15,0.5765132142856828,0.0,0.024,0.0,3528.208685714285,0.07,True,0.5380789999999707,0.0,0,2025-09-02 16:38:00,3528.208685714285,tp2,False,1.7679738571427606,3.0666666666666664
1,2025-09-03 08:47:00,2025-09-03 08:48:00,3539.905,3536.716071428571,3545.596071428571,0.19,0.19,0.6058964285715456,0.0,0.0304,0.018999999999982718,3551.287142857142,0.09,False,0.0,0.0,0,2025-09-03 09:31:00,3536.616071428571,sl,False,-0.6248964285715283,-1.0313584947922154
1,2025-09-03 12:34:00,2025-09-03 12:35:00,3547.945,3543.895735714286,3556.043528571429,0.15,0.15,0.6073896428571516,0.0,0.024,0.0015999999999999999,3564.1420571428575,0.07,True,0.5668970000000082,0.0,0,2025-09-03 13:30:00,3560.199,news_close,False,1.5472170000000005,2.5473220002927865
1,2025-09-03 15:07:00,2025-09-03 15:08:00,3559.885,3553.9536642857142,3571.747671428572,0.1,0.1,0.5931335714285979,0.0,0.016,0.0049999999999954525,3583.610342857144,0.05,True,0.5931335714285979,-0.08085,1,2025-09-04 00:06:00,3553.8536642857143,sl,False,0.2107167857143035,0.35526025816879564
1,2025-09-05 13:00:00,2025-09-05 13:01:00,3580.895,3571.3556214285713,3599.9737571428573,0.06,0.06,0.5723627142857185,0.0,0.0096,0.0,3619.0525142857146,0.03,True,0.5723627142857185,-0.03234,2,2025-09-08 10:14:00,3619.0525142857146,tp2,False,1.6847481428571554,2.943497367678188
1,2025-09-08 13:14:00,2025-09-08 13:15:00,3630.145,3622.8103785714284,3644.814242857143,0.08,0.08,0.5867697142857287,0.0,0.0128,0.007999999999992725,3659.4834857142864,0.04,False,0.0,0.0,0,2025-09-08 13:31:00,3622.7103785714285,sl,False,-0.5947697142857215,-1.0136339688385778
1,2025-09-08 13:35:00,2025-09-08 13:36:00,3626.348,3619.747807142857,3639.5483857142863,0.09,0.09,0.5940173571428841,0.0,0.0144,0.0,3652.7487714285726,0.04,True,0.5280154285714526,-0.026949999999999998,1,2025-09-09 02:09:00,3652.7487714285726,tp2,False,1.8211040000000838,3.0657420664595803
-1,2025-09-09 07:38:00,2025-09-09 07:39:00,3647.595,3650.784642857143,3642.451642857143,0.2,0.2,0.6379285714286198,0.0,0.032,0.009999999999990905,3637.308285714286,0.1,True,0.5143357142856985,0.0,0,2025-09-09 08:46:00,3650.884642857143,sl,False,0.18537142857139766,0.2905833613256489
-1,2025-09-09 09:36:00,2025-09-09 09:37:00,3652.955,3656.0460214285713,3646.772957142857,0.21,0.21,0.6491144999999869,0.0,0.0336,0.010999999999989993,3640.5909142857145,0.1,True,0.6182042857142733,0.0,0,2025-09-09 13:24:00,3656.146021428571,sl,False,0.2671919285714331,0.4116252657604143
1,2025-09-09 13:32:00,2025-09-09 13:33:00,3661.328,3650.9525000000003,3682.0789999999993,0.06,0.06,0.6225299999999788,0.0,0.0096,0.005999999999994543,3702.8299999999986,0.03,False,0.0,0.0,0,2025-09-09 14:06:00,3650.8525000000004,sl,False,-0.6285299999999734,-1.009638089730607
1,2025-09-10 13:31:00,2025-09-10 13:32:00,3649.065,3645.8276499999997,3654.3006499999997,0.2,0.2,0.6474700000000667,0.0,0.032,0.004,3659.5362999999993,0.1,False,0.0,0.0,0,2025-09-10 14:00:00,3651.065,news_close,False,0.4,0.6177892412003009
-1,2025-09-11 07:19:00,2025-09-11 07:20:00,3625.355,3629.8087642857145,3620.1287642857146,0.14,0.14,0.6235270000000219,0.0,0.022400000000000003,0.01399999999998727,3614.9025285714292,0.07,False,0.0,0.0,0,2025-09-11 07:25:00,3629.9087642857144,sl,False,-0.6375270000000092,-1.0224529170348464
1,2025-09-11 13:01:00,2025-09-11 13:02:00,3631.348,3626.1830285714286,3637.4230285714284,0.12,0.12,0.6197965714285602,0.0,0.0192,0.011999999999989085,3643.498057142857,0.06,False,0.0,0.0,0,2025-09-11 13:17:00,3626.0830285714287,sl,False,-0.6317965714285492,-1.0193611913217435
1,2025-09-11 15:00:00,2025-09-11 15:01:00,3630.448,3627.377178571429,3636.589642857142,0.21,0.21,0.6448724999999058,0.0,0.0336,0.0021999999999999997,3642.731285714284,0.1,True,0.614164285714196,0.0,0,2025-09-11 16:30:00,3637.1150000000002,news_close,False,1.3475342857142367,2.089613506103041
1,2025-09-15 14:12:00,2025-09-15 14:14:00,3659.548,3656.2064571428573,3666.2310857142847,0.19,0.19,0.6348931428570722,0.0,0.0304,0.018999999999982718,3672.9141714285697,0.09,False,0.0,0.0,0,2025-09-15 14:18:00,3656.1064571428574,sl,False,-0.6538931428570549,-1.0299262958085846
1,2025-09-15 14:48:00,2025-09-15 14:50:00,3661.765,3658.6376928571426,3668.0196142857144,0.2,0.2,0.6254614285714525,0.0,0.032,0.0,3674.274228571429,0.1,True,0.6254614285714525,0.0,0,2025-09-15 15:50:00,3674.274228571429,tp2,False,1.8763842857143573,3.0
1,2025-09-16 08:44:00,2025-09-16 08:45:00,3695.075,3691.4691214285713,3702.286757142857,0.18,0.18,0.6490581428571386,0.0,0.0288,0.01799999999998363,3709.498514285714,0.09,False,0.0,0.0,0,2025-09-16 11:05:00,3691.3691214285714,sl,False,-0.6670581428571222,-1.0277324923784916
-1,2025-09-17 07:16:00,2025-09-17 07:17:00,3670.085,3675.268,3659.719,0.12,0.12,0.6219599999999991,0.0,0.0192,0.011999999999989085,3649.353,0.06,False,0.0,0.0,0,2025-09-17 12:46:00,3675.368,sl,False,-0.6339599999999882,-1.0192938452633435
1,2025-09-22 07:29:00,2025-09-22 07:41:00,3712.415,3708.2474571428575,3720.750085714285,0.15,0.15,0.625131428571376,0.0,0.024,0.0,3729.08517142857,0.07,True,0.5834559999999511,0.0,0,2025-09-22 15:26:00,3729.08517142857,tp2,False,1.9170697142855533,3.066666666666667
1,2025-09-22 15:39:00,2025-09-22 15:40:00,3732.795,3724.042907142857,3750.299185714286,0.07,0.07,0.6126465000000099,0.0,0.011200000000000002,0.0,3767.803371428572,0.03,True,0.5251255714285799,-0.03773000000000001,1,2025-09-23 08:40:00,3767.803371428572,tp2,False,1.8877304285714598,3.0812718730482085
1,2025-09-23 09:09:00,2025-09-23 09:43:00,3780.248,3773.1466428571425,3794.450714285715,0.09,0.09,0.6391221428571771,0.0,0.0144,0.0018,3808.65342857143,0.04,False,0.0,0.0,0,2025-09-23 13:30:00,3783.258,news_close,False,0.2708999999999787,0.42386264194967194
1,2025-09-24 07:36:00,2025-09-24 07:45:00,3776.795,3773.6512000000002,3783.0825999999997,0.22,0.22,0.6916359999999623,0.0,0.0352,0.02199999999997999,3789.3701999999994,0.11,False,0.0,0.0,0,2025-09-24 08:10:00,3773.5512000000003,sl,False,-0.7136359999999422,-1.0318086392263865
1,2025-09-24 11:15:00,2025-09-24 11:16:00,3763.595,3759.364764285714,3769.737764285714,0.16,0.16,0.6768377142857207,0.0,0.0256,0.0016,3775.8805285714284,0.08,True,0.49142114285714344,0.0,0,2025-09-24 13:30:00,3767.108,news_close,False,0.7724611428571735,1.1412796990374066
-1,2025-09-25 14:08:00,2025-09-25 14:09:00,3726.295,3734.8688285714284,3717.6218285714285,0.08,0.08,0.6859062857142635,0.0,0.0128,0.007999999999992725,3708.948657142857,0.04,False,0.0,0.0,0,2025-09-25 14:23:00,3734.9688285714283,sl,False,-0.6939062857142563,-1.0116634009144005
1,2025-09-26 13:58:00,2025-09-26 13:59:00,3762.215,3757.4213785714282,3769.6543785714284,0.14,0.14,0.6711070000000655,0.0,0.022400000000000003,0.0,3777.0937571428567,0.07,True,0.5207564999999795,0.0,0,2025-09-26 14:17:00,3777.0937571428567,tp2,False,1.5622694999999385,2.327899276866112
1,2025-09-29 07:11:00,2025-09-29 07:13:00,3817.375,3813.0417285714284,3826.041542857143,0.16,0.16,0.693323428571457,0.0,0.0256,0.01599999999998545,3834.7080857142864,0.08,False,0.0,0.0,0,2025-09-29 07:27:00,3812.9417285714285,sl,False,-0.7093234285714425,-1.0230772527519405
1,2025-09-29 10:15:00,2025-09-29 10:19:00,3809.905,3806.1249000000003,3817.4652,0.18,0.18,0.6804179999999905,0.0,0.0288,0.0,3825.0254,0.09,True,0.6804179999999905,0.0,0,2025-09-29 11:35:00,3825.0254,tp2,False,2.0412539999999715,3.0
1,2025-09-29 11:42:00,2025-09-29 11:46:00,3825.665,3822.2533785714286,3832.4882428571427,0.21,0.21,0.7164404999999897,0.0,0.0336,0.0209999999999809,3839.3114857142855,0.1,False,0.0,0.0,0,2025-09-29 12:13:00,3822.1533785714287,sl,False,-0.7374404999999705,-1.02931157576935
1,2025-09-29 14:00:00,2025-09-29 14:01:00,3824.065,3818.5052928571426,3830.9252928571427,0.12,0.12,0.6671648571428886,0.0,0.0192,0.011999999999989085,3837.7855857142854,0.06,False,0.0,0.0,0,2025-09-29 14:20:00,3818.4052928571427,sl,False,-0.6791648571428777,-1.0179865589014665
1,2025-09-29 15:20:00,2025-09-29 15:21:00,3826.048,3822.645,3831.015,0.2,0.2,0.6805999999999586,0.0,0.032,0.01999999999998181,3835.982,0.1,False,0.0,0.0,0,2025-09-29 15:34:00,3822.545,sl,False,-0.7005999999999404,-1.02938583602701
-1,2025-09-30 09:24:00,2025-09-30 09:25:00,3799.775,3806.577435714286,3786.1701285714284,0.1,0.1,0.6802435714285822,0.0,0.016,0.009999999999990905,3772.565257142857,0.05,False,0.0,0.0,0,2025-09-30 09:32:00,3806.677435714286,sl,False,-0.6902435714285731,-1.0147006166908565
-1,2025-09-30 09:45:00,2025-09-30 09:52:00,3799.755,3804.2126214285713,3790.8397571428577,0.15,0.15,0.6686432142856802,0.0,0.024,0.014999999999986358,3781.9245142857153,0.07,False,0.0,0.0,0,2025-09-30 10:05:00,3804.312621428571,sl,False,-0.6836432142856665,-1.02243348871193
-1,2025-09-30 12:00:00,2025-09-30 12:01:00,3813.515,3817.7328857142857,3809.242885714286,0.16,0.16,0.6748617142857256,0.0,0.0256,0.007999999999992725,3804.970771428572,0.08,True,0.34176914285711973,0.0,0,2025-09-30 12:49:00,3817.8328857142856,sl,False,-0.0036617142857358065,-0.0054258734911512485
-1,2025-09-30 14:29:00,2025-09-30 14:30:00,3844.405,3852.5309357142855,3828.1531285714295,0.08,0.08,0.6500748571428266,0.0,0.0128,0.007999999999992725,3811.901257142859,0.04,False,0.0,0.0,0,2025-09-30 14:54:00,3852.6309357142854,sl,False,-0.6580748571428194,-1.0123062750575433
1,2025-10-01 09:12:00,2025-10-01 09:13:00,3894.748,3891.589142857143,3901.065714285714,0.21,0.21,0.6633599999999614,0.0,0.0336,0.0209999999999809,3907.383428571428,0.1,False,0.0,0.0,0,2025-10-01 09:17:00,3891.489142857143,sl,False,-0.6843599999999423,-1.0316570188132872
1,2025-10-01 09:39:00,2025-10-01 09:46:00,3886.595,3883.267185714286,3893.2506285714276,0.2,0.2,0.665562857142777,0.0,0.032,0.01999999999998181,3899.9062571428553,0.1,False,0.0,0.0,0,2025-10-01 11:12:00,3883.167185714286,sl,False,-0.6855628571427588,-1.0300497538066362
-1,2025-10-01 11:31:00,2025-10-01 11:32:00,3880.678,3885.432907142857,3871.1681857142858,0.14,0.14,0.665686999999989,0.0,0.022400000000000003,0.0028000000000000004,3861.6583714285716,0.07,False,0.0,0.0,0,2025-10-01 11:45:00,3881.9649999999997,news_close,False,-0.18017999999997303,-0.2706677462530829
-1,2025-10-01 12:48:00,2025-10-01 12:49:00,3871.705,3877.2060714285717,3860.7028571428564,0.12,0.12,0.6601285714286131,0.0,0.0192,0.0024,3849.700714285713,0.06,False,0.0,0.0,0,2025-10-01 13:15:00,3865.395,news_close,False,0.7571999999999934,1.14704927611496
1,2025-10-02 10:20:00,2025-10-02 10:39:00,3880.075,3875.419192857143,3889.386614285713,0.14,0.14,0.6518129999999384,0.0,0.022400000000000003,0.006999999999993635,3898.6982285714266,0.07,True,0.6518129999999384,0.0,0,2025-10-02 13:50:00,3875.319192857143,sl,False,0.31890649999997556,0.4892607235510886
-1,2025-10-02 15:12:00,2025-10-02 15:13:00,3832.895,3838.322335714286,3825.772335714286,0.12,0.12,0.6512802857143287,0.0,0.0192,0.011999999999989085,3818.6496714285718,0.06,False,0.0,0.0,0,2025-10-02 15:27:00,3838.422335714286,sl,False,-0.6632802857143179,-1.0184252467995825
1,2025-10-03 14:49:00,2025-10-03 14:50:00,3879.915,3871.879171428571,3890.6521714285714,0.08,0.08,0.642866285714299,0.0,0.0128,0.0,3901.3893428571428,0.04,True,0.42948685714285606,-0.021560000000000003,1,2025-10-05 22:59:00,3901.3893428571428,tp2,False,1.2669005714285682,1.9707061944007447
1,2025-10-06 07:05:00,2025-10-06 07:06:00,3934.188,3930.419592857143,3941.7248142857143,0.18,0.18,0.6783132857142754,0.0,0.0288,0.01799999999998363,3949.2616285714284,0.09,False,0.0,0.0,0,2025-10-06 07:21:00,3930.319592857143,sl,False,-0.6963132857142591,-1.026536410798779
1,2025-10-06 07:31:00,2025-10-06 07:32:00,3932.755,3928.830785714286,3940.6034285714286,0.17,0.17,0.6671164285714213,0.0,0.027200000000000002,0.0,3948.451857142857,0.08,True,0.6278742857142788,0.0,0,2025-10-06 08:07:00,3948.451857142857,tp2,False,2.0405914285714064,3.058823529411765
1,2025-10-06 11:55:00,2025-10-06 11:57:00,3937.155,3930.685907142857,3944.765907142857,0.1,0.1,0.6469092857143096,0.0,0.016,0.009999999999990905,3952.376814285714,0.05,False,0.0,0.0,0,2025-10-06 12:21:00,3930.585907142857,sl,False,-0.6569092857143005,-1.0154581178858006
-1,2025-10-06 13:30:00,2025-10-06 13:31:00,3931.715,3937.140642857143,3922.450642857143,0.12,0.12,0.651077142857157,0.0,0.0192,0.011999999999989085,3913.186285714286,0.06,False,0.0,0.0,0,2025-10-06 13:37:00,3937.240642857143,sl,False,-0.663077142857146,-1.0184309956686988
1,2025-10-06 15:53:00,2025-10-06 15:54:00,3958.005,3954.389192857143,3965.2366142857145,0.18,0.18,0.6508452857142947,0.0,0.0288,0.008999999999991815,3972.468228571429,0.09,True,0.6508452857142947,0.0,0,2025-10-06 16:10:00,3954.289192857143,sl,False,0.3164226428571555,0.4861718288546648
-1,2025-10-07 07:00:00,2025-10-07 07:01:00,3953.548,3960.2786928571427,3945.811692857143,0.1,0.1,0.6730692857142913,0.0,0.016,0.0049999999999954525,3938.0753857142863,0.05,True,0.38681535714283655,0.0,0,2025-10-07 09:17:00,3960.3786928571426,sl,False,0.04528071428569547,0.06727496744654088
-1,2025-10-07 09:59:00,2025-10-07 10:00:00,3955.355,3961.5126,3945.8126,0.11,0.11,0.6773360000000003,0.0,0.0176,0.010999999999989995,3936.2702000000004,0.05,False,0.0,0.0,0,2025-10-07 10:37:00,3961.6126,sl,False,-0.6883359999999903,-1.016240093542924
1,2025-10-07 13:06:00,2025-10-07 13:07:00,3982.575,3971.2876857142855,4005.1496285714284,0.06,0.06,0.6772388571428564,0.0,0.0096,0.005999999999994543,4027.724257142857,0.03,False,0.0,0.0,0,2025-10-07 13:37:00,3971.1876857142856,sl,False,-0.6832388571428509,-1.0088595034627923
1,2025-10-07 14:30:00,2025-10-07 14:31:00,3978.075,3972.2108785714286,3989.8032428571423,0.11,0.11,0.6450533571428377,0.0,0.0176,0.005999999999994543,4001.531485714285,0.05,True,0.5864121428571253,0.0,0,2025-10-07 15:42:00,3972.1108785714287,sl,False,0.22856485714285563,0.3543348075192534
1,2025-10-08 08:23:00,2025-10-08 08:24:00,4039.745,4034.7135999999996,4049.8078000000005,0.13,0.13,0.6540820000000395,0.0,0.020800000000000003,0.012999999999988177,4059.870600000001,0.06,False,0.0,0.0,0,2025-10-08 09:00:00,4034.6135999999997,sl,False,-0.6670820000000276,-1.0198751838454312
1,2025-10-08 09:39:00,2025-10-08 09:40:00,4037.175,4030.3747857142857,4050.775428571429,0.09,0.09,0.6120192857143002,0.0,0.0144,0.008999999999991815,4064.375857142858,0.04,False,0.0,0.0,0,2025-10-08 13:36:00,4030.274785714286,sl,False,-0.621019285714292,-1.0147054189468683
-1,2025-10-08 15:07:00,2025-10-08 15:08:00,4045.828,4049.67865,4038.1267000000003,0.17,0.17,0.6546104999999762,0.0,0.027200000000000002,0.008999999999991815,4030.4254000000005,0.08,True,0.6161039999999776,0.0,0,2025-10-08 16:11:00,4049.7786499999997,sl,False,0.2605454999999983,0.3980160721528417
1,2025-10-09 07:00:00,2025-10-09 07:01:00,4028.725,4022.0999928571428,4035.869992857143,0.1,0.1,0.6625007142857158,0.0,0.016,0.0,4043.0149857142865,0.05,True,0.357249642857164,0.0,0,2025-10-09 10:57:00,4043.0149857142865,tp2,False,1.071748928571492,1.6177324876200516
-1,2025-10-09 13:58:00,2025-10-09 13:59:00,4019.005,4028.2759142857144,4003.0059142857144,0.07,0.07,0.6489640000000009,0.0,0.011200000000000002,0.006999999999993635,3987.0068285714287,0.03,False,0.0,0.0,0,2025-10-09 14:06:00,4028.3759142857143,sl,False,-0.6559639999999946,-1.0107864226675034
-1,2025-10-09 14:21:00,2025-10-09 14:22:00,4019.815,4029.247207142857,4002.767207142857,0.07,0.07,0.6602544999999828,0.0,0.011200000000000002,0.0014000000000000002,3985.719414285714,0.03,False,0.0,0.0,0,2025-10-09 16:30:00,4012.1349999999998,news_close,False,0.5376000000000204,0.81423148195133
1,2025-10-10 15:16:00,2025-10-10 15:17:00,4011.755,4001.1801857142855,4032.9046285714294,0.06,0.06,0.6344888571428783,0.0,0.0096,0.005999999999994543,4054.0542571428587,0.03,False,0.0,0.0,0,2025-10-10 15:46:00,4001.0801857142856,sl,False,-0.6404888571428727,-1.0094564308457876
1,2025-10-13 07:13:00,2025-10-13 07:16:00,4069.215,4065.963464285714,4075.7180714285723,0.2,0.2,0.6503071428572185,0.0,0.032,0.0,4082.2211428571445,0.1,True,0.6503071428572185,0.0,0,2025-10-13 10:50:00,4082.2211428571445,tp2,False,1.9509214285716554,3.0
1,2025-10-13 11:11:00,2025-10-13 11:12:00,4082.495,4076.8041642857143,4093.876671428571,0.12,0.12,0.6829002857142769,0.0,0.0192,0.011999999999989085,4105.258342857142,0.06,False,0.0,0.0,0,2025-10-13 11:32:00,4076.7041642857143,sl,False,-0.6949002857142659,-1.017572111552769
1,2025-10-13 13:24:00,2025-10-13 13:30:00,4089.705,4083.5418785714282,4102.031242857143,0.11,0.11,0.6779433571428853,0.0,0.0176,0.010999999999989995,4114.357485714287,0.05,False,0.0,0.0,0,2025-10-13 13:32:00,4083.4418785714283,sl,False,-0.6889433571428754,-1.016225544338023
1,2025-10-13 13:45:00,2025-10-13 13:46:00,4089.325,4081.2183857142854,4105.538228571429,0.08,0.08,0.6485291428571509,0.0,0.0128,0.0,4121.751457142857,0.04,True,0.6485291428571509,0.0,0,2025-10-13 23:34:00,4121.751457142857,tp2,False,1.9455874285714527,3.0
-1,2025-10-14 07:08:00,2025-10-14 07:09:00,4105.035,4112.853907142857,4090.873907142857,0.08,0.08,0.6255125714285532,0.0,0.0128,0.008000000000029104,4076.7128142857146,0.04,False,0.0,0.0,0,2025-10-14 07:14:00,4112.953907142857,sl,False,-0.6335125714285823,-1.0127895111392544
-1,2025-10-14 08:39:00,2025-10-14 08:40:00,4137.725,4145.115128571429,4122.944742857144,0.09,0.09,0.6651115714285424,0.0,0.0144,0.0,4108.164485714287,0.04,True,0.5912102857142599,0.0,0,2025-10-14 12:44:00,4108.164485714287,tp2,False,2.0692359999999095,3.1111111111111107
-1,2025-10-14 14:36:00,2025-10-14 14:37:00,4130.305,4133.861207142857,4123.192585714287,0.19,0.19,0.6756793571427716,0.0,0.0304,0.01900000000006912,4116.0801714285735,0.09,False,0.0,0.0,0,2025-10-14 14:47:00,4133.961207142857,sl,False,-0.6946793571428407,-1.028119846787112
1,2025-10-15 07:09:00,2025-10-15 07:10:00,4200.155,4193.993785714286,4212.4774285714275,0.11,0.11,0.6777335714285254,0.0,0.0176,0.006000000000021827,4224.799857142855,0.05,True,0.6161214285713869,0.0,0,2025-10-15 09:19:00,4193.8937857142855,sl,False,0.240448571428533,0.35478332720292427
1,2025-10-15 09:32:00,2025-10-15 09:33:00,4193.305,4162.520771428572,4254.873457142858,0.02,0.02,0.6156845714285737,0.0,0.0032,0.0004,4316.441914285715,0.01,False,0.0,-0.03234000000000001,1,2025-10-16 12:00:00,4240.245,news_close,False,0.9064599999999919,1.472279868726825
1,2025-10-16 13:18:00,2025-10-16 13:21:00,4247.015,4240.798307142857,4259.448385714287,0.11,0.11,0.6838362142857568,0.0,0.0176,0.0,4271.881771428573,0.05,True,0.6216692857143244,0.0,0,2025-10-16 15:16:00,4271.881771428573,tp2,False,2.1136755714287028,3.090909090909091
1,2025-10-16 15:17:00,2025-10-16 15:18:00,4271.598,4265.955978571429,4282.882042857142,0.12,0.12,0.6770425714285011,0.0,0.0192,0.0024,4294.166085714283,0.06,False,0.0,0.0,0,2025-10-16 15:30:00,4271.504999999999,news_close,False,-0.011160000000090804,-0.016483453878748233
-1,2025-10-17 07:52:00,2025-10-17 07:57:00,4336.435,4349.324714285714,4310.655571428572,0.05,0.05,0.6444857142857018,0.0,0.008,0.00500000000001819,4284.876142857144,0.02,False,0.0,0.0,0,2025-10-17 08:18:00,4349.424714285715,sl,False,-0.64948571428572,-1.0077581238640174
-1,2025-10-17 08:53:00,2025-10-17 08:54:00,4341.605,4347.480214285714,4329.85457142857,0.12,0.12,0.7050257142857663,0.0,0.0192,0.012000000000043655,4318.104142857141,0.06,False,0.0,0.0,0,2025-10-17 08:58:00,4347.580214285715,sl,False,-0.71702571428581,-1.0170206557816126
-1,2025-10-17 09:18:00,2025-10-17 09:19:00,4340.465,4348.398807142858,4324.597385714285,0.09,0.09,0.7140426428571663,0.0,0.0144,0.0,4308.7297714285705,0.04,True,0.6347045714285924,0.0,0,2025-10-17 11:34:00,4308.7297714285705,tp2,False,2.221466000000073,3.111111111111111
-1,2025-10-17 11:51:00,2025-10-17 11:52:00,4303.165,4314.5457,4280.403600000001,0.06,0.06,0.6828419999999823,0.0,0.0096,0.006000000000021827,4257.642200000001,0.03,False,0.0,0.0,0,2025-10-17 12:14:00,4314.6457,sl,False,-0.6888420000000042,-1.0087868057325444
-1,2025-10-17 15:13:00,2025-10-17 15:15:00,4244.885,4256.972928571428,4227.742928571429,0.06,0.06,0.7252757142856898,0.0,0.0096,0.006000000000021827,4210.600857142857,0.03,False,0.0,0.0,0,2025-10-17 15:35:00,4257.072928571429,sl,False,-0.7312757142857117,-1.0082727159917813
-1,2025-10-17 15:46:00,2025-10-17 15:47:00,4251.115,4258.058478571428,4237.228042857143,0.1,0.1,0.6943478571428386,0.0,0.016,0.0,4223.341085714286,0.05,True,0.6943478571428386,0.0,0,2025-10-17 16:26:00,4223.341085714286,tp2,False,2.083043571428516,3.0
-1,2025-10-20 08:40:00,2025-10-20 08:41:00,4258.375,4266.115785714285,4248.535785714285,0.09,0.09,0.696670714285674,0.0,0.0144,0.0050000000000181895,4238.696571428571,0.04,True,0.3935685714285864,0.0,0,2025-10-20 11:49:00,4266.215785714286,sl,False,0.0015292857143049399,0.002195134204647861
1,2025-10-20 12:12:00,2025-10-20 12:13:00,4280.905,4272.090071428571,4298.140071428571,0.08,0.08,0.7051942857143149,0.0,0.0128,0.0,4315.375142857142,0.04,True,0.6894028571428499,0.0,0,2025-10-20 12:39:00,4315.375142857142,tp2,False,2.0682085714285496,2.9328209449876526
1,2025-10-20 12:57:00,2025-10-20 12:58:00,4321.765,4311.9488571428565,4341.397285714288,0.07,0.07,0.6871300000000702,0.0,0.011200000000000002,0.007000000000025467,4361.029571428576,0.03,False,0.0,0.0,0,2025-10-20 13:30:00,4311.848857142856,sl,False,-0.6941300000000957,-1.0101873008019222
1,2025-10-20 14:46:00,2025-10-20 14:53:00,4328.098,4316.342564285715,4351.608871428571,0.06,0.06,0.7053261428571204,0.0,0.0096,0.0,4375.119742857141,0.03,True,0.7053261428571204,0.0,0,2025-10-20 19:55:00,4375.119742857141,tp2,False,2.115978428571361,3.0
-1,2025-10-21 07:23:00,2025-10-21 07:24:00,4329.705,4334.529207142858,4320.056585714285,0.16,0.16,0.771873142857221,0.0,0.0256,0.0,4310.408171428569,0.08,True,0.771873142857221,0.0,0,2025-10-21 07:33:00,4310.408171428569,tp2,False,2.315619428571663,3.0
-1,2025-10-21 07:59:00,2025-10-21 08:00:00,4300.735,4307.485257142857,4293.038257142857,0.11,0.11,0.7425282857143429,0.0,0.017599999999999998,0.0,4285.341514285715,0.05,True,0.38483714285712267,0.0,0,2025-10-21 08:03:00,4285.341514285715,tp2,False,1.3084462857142172,1.7621500902897427
-1,2025-10-21 10:54:00,2025-10-21 10:55:00,4256.635,4261.777028571429,4248.607028571429,0.15,0.15,0.7713042857142681,0.0,0.024,0.015000000000054569,4240.579057142857,0.07,False,0.0,0.0,0,2025-10-21 11:06:00,4261.877028571429,sl,False,-0.7863042857143228,-1.0194475776653618
-1,2025-10-22 09:16:00,2025-10-22 09:17:00,4072.848,4102.025564285714,4034.0955642857143,0.02,0.02,0.5835512857142748,0.0,0.0032,0.0002,3995.3431285714287,0.01,True,0.3875243571428564,0.0,0,2025-10-22 14:00:00,4075.7549999999997,news_close,False,0.3584543571428594,0.6142636747070248
-1,2025-10-24 09:24:00,2025-10-24 09:25:00,4069.305,4072.892928571429,4065.582928571429,0.22,0.22,0.7893442857143964,0.0,0.0352,0.02199999999997999,4061.860857142858,0.11,False,0.0,0.0,0,2025-10-24 09:31:00,4072.992928571429,sl,False,-0.8113442857143763,-1.0278712348947567
-1,2025-10-24 10:55:00,2025-10-24 10:57:00,4055.645,4060.4402142857143,4047.5202142857142,0.16,0.16,0.767234285714294,0.0,0.0256,0.007999999999992725,4039.3954285714285,0.08,True,0.6499828571428589,0.0,0,2025-10-24 11:09:00,4060.5402142857142,sl,False,0.25836571428571914,0.33674943768340726
-1,2025-10-24 11:24:00,2025-10-24 11:26:00,4055.958,4061.3340357142856,4047.534035714286,0.15,0.15,0.8064053571428303,0.0,0.024,0.014999999999986358,4039.1100714285717,0.07,False,0.0,0.0,0,2025-10-24 11:46:00,4061.4340357142855,sl,False,-0.8214053571428167,-1.0186010669040355
1,2025-10-27 08:15:00,2025-10-27 08:17:00,4067.095,4063.2840214285716,4073.1840214285717,0.21,0.21,0.8003054999999267,0.0,0.0336,0.0209999999999809,4079.2730428571435,0.1,False,0.0,0.0,0,2025-10-27 08:21:00,4063.1840214285717,sl,False,-0.8213054999999075,-1.0262399796077657
-1,2025-10-27 10:50:00,2025-10-27 11:00:00,4039.165,4042.457571428571,4033.5545714285713,0.24,0.24,0.7902171428570727,0.0,0.0384,0.0,4027.9441428571427,0.12,True,0.6732514285714387,0.0,0,2025-10-27 11:10:00,4027.9441428571427,tp2,False,2.019754285714316,2.5559484553976968
-1,2025-10-27 14:16:00,2025-10-27 14:28:00,3999.975,4009.7183571428573,3984.6583571428573,0.08,0.08,0.7794685714285879,0.0,0.0128,0.003999999999996362,3969.3417142857147,0.04,True,0.6126657142857039,0.0,0,2025-10-27 18:06:00,4009.818357142857,sl,False,0.21893142857141362,0.280872682486944
-1,2025-10-28 08:27:00,2025-10-28 08:28:00,3912.945,3917.7960285714285,3903.2429428571436,0.16,0.16,0.776164571428526,0.0,0.0256,0.0,3893.540885714287,0.08,True,0.776164571428526,0.0,0,2025-10-28 09:05:00,3893.540885714287,tp2,False,2.328493714285578,3.0
-1,2025-10-28 09:36:00,2025-10-28 09:37:00,3900.205,3905.8786642857144,3888.857671428571,0.14,0.14,0.7943130000000292,0.0,0.022400000000000003,0.01399999999998727,3877.510342857142,0.07,False,0.0,0.0,0,2025-10-28 09:43:00,3905.9786642857143,sl,False,-0.8083130000000166,-1.0176252938073365
-1,2025-10-28 09:54:00,2025-10-28 09:59:00,3903.215,3911.1060714285713,3887.4328571428578,0.1,0.1,0.7891071428571195,0.0,0.016,0.009999999999990905,3871.6507142857154,0.05,False,0.0,0.0,0,2025-10-28 10:32:00,3911.2060714285712,sl,False,-0.7991071428571104,-1.012672550350747
-1,2025-10-28 11:16:00,2025-10-28 11:17:00,3911.835,3918.759257142857,3897.9864857142857,0.11,0.11,0.7616682857142905,0.0,0.0176,0.010999999999989995,3884.1379714285713,0.05,False,0.0,0.0,0,2025-10-28 11:18:00,3918.859257142857,sl,False,-0.7726682857142805,-1.0144419824302837
-1,2025-10-28 12:41:00,2025-10-28 12:42:00,3918.325,3926.183335714286,3902.6083285714276,0.1,0.1,0.7858335714286113,0.0,0.016,0.009999999999990905,3886.8916571428554,0.05,False,0.0,0.0,0,2025-10-28 13:03:00,3926.283335714286,sl,False,-0.7958335714286022,-1.012725340789159
1,2025-10-28 15:03:00,2025-10-28 15:04:00,3952.915,3947.2351714285714,3963.035171428571,0.14,0.14,0.7951759999999922,0.0,0.022400000000000003,0.006999999999993635,3973.1553428571424,0.07,True,0.7084119999999848,0.0,0,2025-10-28 18:32:00,3947.1351714285715,sl,False,0.30382399999999504,0.38208396631688835
1,2025-10-29 08:26:00,2025-10-29 08:27:00,4010.445,4005.3755642857145,4019.1755642857147,0.15,0.15,0.7604153571428469,0.0,0.024,0.0,4027.9061285714292,0.07,True,0.6111395000000176,0.0,0,2025-10-29 09:49:00,4027.9061285714292,tp2,False,2.008029785714343,2.640701252088373
1,2025-10-29 10:17:00,2025-10-29 10:30:00,4024.205,4019.5314,4033.5522,0.17,0.17,0.7945120000000134,0.0,0.027200000000000002,0.01699999999998454,4042.8994000000002,0.08,False,0.0,0.0,0,2025-10-29 11:15:00,4019.4314,sl,False,-0.8115119999999979,-1.0213967819239786
1,2025-10-29 12:50:00,2025-10-29 12:51:00,4026.108,4022.8919285714283,4029.3619285714285,0.25,0.25,0.8040178571429806,0.0,0.04,0.024999999999977263,4032.615857142857,0.12,False,0.0,0.0,0,2025-10-29 13:00:00,4022.7919285714283,sl,False,-0.8290178571429578,-1.031093836757324
-1,2025-10-31 10:35:00,2025-10-31 10:37:00,4010.135,4016.0355,4003.9455,0.13,0.13,0.767064999999966,0.0,0.0208,0.006999999999993635,3997.7559999999994,0.06,True,0.37137000000002446,0.0,0,2025-10-31 12:21:00,4016.1355,sl,False,-0.048664999999950886,-0.06344312411588723
1,2025-11-12 10:16:00,2025-11-12 10:19:00,4126.185,4121.509092857143,4132.079092857142,0.17,0.17,0.7949042142858253,0.0,0.027200000000000002,0.017000000000061848,4137.973185714284,0.08,False,0.0,0.0,0,2025-11-12 10:25:00,4121.409092857142,sl,False,-0.8119042142858871,-1.0213862245218255
1,2025-11-12 10:57:00,2025-11-12 10:59:00,4127.445,4124.081357142857,4132.111357142857,0.23,0.23,0.7736378571428032,0.0,0.0368,0.023000000000083676,4136.777714285714,0.11,False,0.0,0.0,0,2025-11-12 11:22:00,4123.981357142857,sl,False,-0.7966378571428868,-1.02972967233665
1,2025-11-12 11:35:00,2025-11-12 11:37:00,4127.475,4123.126835714285,4132.066835714285,0.18,0.18,0.7826695714287052,0.0,0.0288,0.0,4136.6586714285695,0.09,True,0.41326521428561136,0.0,0,2025-11-12 12:26:00,4136.6586714285695,tp2,False,1.239795642856834,1.5840601041812308
1,2025-11-12 13:22:00,2025-11-12 13:23:00,4127.225,4122.747642857143,4132.017642857142,0.18,0.18,0.8059242857143908,0.0,0.0288,0.0,4136.810285714284,0.09,True,0.431337857142762,0.0,0,2025-11-12 14:11:00,4136.810285714284,tp2,False,1.294013571428286,1.605626724948785
1,2025-11-13 11:35:00,2025-11-13 11:37:00,4225.495,4221.212928571428,4234.059142857143,0.19,0.19,0.8135935714286279,0.0,0.0304,0.0,4242.623285714287,0.09,True,0.7707728571429107,0.0,0,2025-11-13 12:58:00,4242.623285714287,tp2,False,2.483601428571601,3.0526315789473686
1,2025-11-13 13:43:00,2025-11-13 13:44:00,4228.155,4221.454928571428,4235.384928571429,0.12,0.12,0.8040085714285669,0.0,0.0192,0.012000000000043655,4242.6148571428575,0.06,False,0.0,0.0,0,2025-11-13 14:07:00,4221.354928571428,sl,False,-0.8160085714286106,-1.0149252140169627
-1,2025-11-17 10:24:00,2025-11-17 10:25:00,4086.355,4089.423214285714,4081.206214285714,0.27,0.27,0.8284178571427856,0.0,0.0432,0.0,4076.057428571428,0.13,True,0.6693421428571901,0.0,0,2025-11-17 10:50:00,4076.057428571428,tp2,False,2.111002142857292,2.548233508797289
-1,2025-11-21 11:37:00,2025-11-21 11:39:00,4037.865,4041.1616000000004,4033.5516000000002,0.26,0.26,0.857116000000151,0.0,0.041600000000000005,0.012999999999988177,4029.2382000000007,0.13,True,0.5607419999999411,0.0,0,2025-11-21 12:06:00,4041.2616000000003,sl,False,0.11918399999987744,0.13905235697368437
1,2025-11-24 09:07:00,2025-11-24 09:08:00,4066.755,4062.9874285714286,4072.3274285714283,0.22,0.22,0.8288657142857301,0.0,0.0352,0.010999999999989995,4077.8998571428565,0.11,True,0.612967142857101,0.0,0,2025-11-24 10:54:00,4062.8874285714287,sl,False,0.18753428571424596,0.22625412353538168
-1,2025-11-28 11:46:00,2025-11-28 11:47:00,4172.325,4176.5189,4166.8979,0.2,0.2,0.8387800000000425,0.0,0.032,0.02000000000007276,4161.4708,0.1,False,0.0,0.0,0,2025-11-28 12:13:00,4176.6189,sl,False,-0.8587800000001153,-1.023844154605584
1,2025-11-28 14:32:00,2025-11-28 14:33:00,4199.515,4193.394928571429,4207.924928571429,0.13,0.13,0.7956092857142903,0.0,0.020800000000000003,0.007000000000025467,4216.334857142857,0.06,True,0.5045957142856968,0.0,0,2025-11-28 15:01:00,4193.2949285714285,sl,False,0.06919071428566886,0.08696569475499535
1,2025-11-28 15:30:00,2025-11-28 15:31:00,4196.935,4186.319285714286,4207.949285714286,0.08,0.08,0.8492571428571682,0.0,0.0128,0.0,4218.963571428571,0.04,True,0.4405714285714203,0.0,0,2025-11-28 18:29:00,4218.963571428571,tp2,False,1.3217142857142608,1.5563181267661736
1,2025-12-01 09:22:00,2025-12-01 09:23:00,4249.525,4246.3288785714285,4255.917242857142,0.27,0.27,0.8629527857142058,0.0,0.0432,0.027000000000098227,4262.309485714284,0.13,False,0.0,0.0,0,2025-12-01 09:49:00,4246.228878571428,sl,False,-0.8899527857143039,-1.031287922638493
-1,2025-12-02 07:52:00,2025-12-02 07:54:00,4210.865,4214.133071428571,4204.836071428572,0.26,0.26,0.8496985714286166,0.0,0.041600000000000005,0.02600000000009459,4198.807142857144,0.13,False,0.0,0.0,0,2025-12-02 08:00:00,4214.233071428572,sl,False,-0.8756985714287112,-1.030599086398816
-1,2025-12-02 10:05:00,2025-12-02 10:06:00,4190.025,4194.106671428572,4185.576671428572,0.2,0.2,0.8163342857144017,0.0,0.032,0.01000000000003638,4181.128342857144,0.1,True,0.44483285714277376,0.0,0,2025-12-02 11:27:00,4194.206671428572,sl,False,0.026665714285536546,0.032665189680475666
1,2025-12-05 09:27:00,2025-12-05 09:31:00,4219.825,4215.601235714285,4225.971235714285,0.2,0.2,0.8447528571428848,0.0,0.032,0.0,4232.117471428571,0.1,True,0.6146235714285467,0.0,0,2025-12-05 13:00:00,4232.117471428571,tp2,False,1.8438707142856403,2.18273391879604
1,2025-12-05 15:29:00,2025-12-05 15:30:00,4248.005,4242.915,4253.115,0.17,0.17,0.8653000000000248,0.0,0.027200000000000002,0.0,4258.224999999999,0.08,True,0.4087999999999738,0.0,0,2025-12-05 15:39:00,4258.224999999999,tp2,False,1.328599999999915,1.535421241187885
1,2025-12-09 13:44:00,2025-12-09 13:46:00,4199.845,4196.027864285715,4206.137864285714,0.23,0.23,0.8779412142856745,0.0,0.0368,0.023000000000083676,4212.4307285714285,0.11,False,0.0,0.0,0,2025-12-09 14:06:00,4195.927864285714,sl,False,-0.9009412142857582,-1.0261976538130715
1,2025-12-12 08:00:00,2025-12-12 08:01:00,4288.685,4285.011285714286,4296.03242857143,0.23,0.23,0.844954285714357,0.0,0.0368,0.0,4303.379857142859,0.11,True,0.808217142857211,0.0,0,2025-12-12 08:44:00,4303.379857142859,tp2,False,2.571600000000217,3.043478260869565
1,2025-12-12 10:21:00,2025-12-12 10:22:00,4320.235,4314.405335714286,4326.815335714286,0.15,0.15,0.8744496428570983,0.0,0.024,0.0,4333.395671428573,0.07,True,0.4606235000000743,0.0,0,2025-12-12 11:04:00,4333.395671428573,tp2,False,1.513477214285958,1.7307768682264635
1,2025-12-12 11:18:00,2025-12-12 11:19:00,4338.615,4334.958571428571,4343.798571428571,0.24,0.24,0.8775428571428346,0.0,0.0384,0.02400000000008731,4348.982142857143,0.12,False,0.0,0.0,0,2025-12-12 11:22:00,4334.858571428571,sl,False,-0.9015428571429219,-1.0273490916195571
1,2025-12-12 11:43:00,2025-12-12 11:44:00,4334.795,4329.647214285714,4343.867214285714,0.17,0.17,0.8751235714286759,0.0,0.027200000000000002,0.017000000000061848,4352.939428571428,0.08,False,0.0,0.0,0,2025-12-12 12:34:00,4329.547214285713,sl,False,-0.8921235714287378,-1.019425828025988
1,2025-12-12 14:51:00,2025-12-12 14:52:00,4345.405,4335.9439785714285,4354.930978571429,0.09,0.09,0.8514919285714131,0.0,0.0144,0.009000000000032742,4364.456957142857,0.04,False,0.0,0.0,0,2025-12-12 15:16:00,4335.843978571428,sl,False,-0.8604919285714459,-1.0105696832794793
1,2025-12-15 10:47:00,2025-12-15 10:48:00,4340.585,4337.346785714286,4343.836785714286,0.27,0.27,0.8743178571428053,0.0,0.0432,0.027000000000098227,4347.088571428571,0.13,False,0.0,0.0,0,2025-12-15 11:00:00,4337.246785714286,sl,False,-0.9013178571429035,-1.0308812176024083
-1,2025-12-15 14:10:00,2025-12-15 14:11:00,4329.345,4336.7976071428575,4321.407607142857,0.11,0.11,0.8197867857142955,0.0,0.017599999999999998,0.0,4313.470214285714,0.05,True,0.39686964285715476,0.0,0,2025-12-15 15:03:00,4313.470214285714,tp2,False,1.3493567857143263,1.6459850405353955
1,2025-12-16 12:44:00,2025-12-16 12:52:00,4292.415,4287.44605,4298.2760499999995,0.17,0.17,0.8447215000000688,0.0,0.027200000000000002,0.0034000000000000002,4304.137099999999,0.08,False,0.0,0.0,0,2025-12-16 13:00:00,4294.304999999999,news_close,False,0.32129999999990105,0.3803620483199195
1,2025-12-16 14:33:00,2025-12-16 14:34:00,4330.325,4323.168235714286,4338.818235714286,0.12,0.12,0.8588117142856208,0.0,0.0192,0.012000000000043655,4347.311471428572,0.06,False,0.0,0.0,0,2025-12-16 14:38:00,4323.068235714286,sl,False,-0.8708117142856645,-1.0139727949682493
1,2025-12-17 09:01:00,2025-12-17 09:03:00,4320.585,4317.086714285715,4326.836714285715,0.25,0.25,0.8745714285712438,0.0,0.04,0.02500000000009095,4333.08842857143,0.12,False,0.0,0.0,0,2025-12-17 09:22:00,4316.986714285715,sl,False,-0.8995714285713348,-1.0285854295982806
1,2025-12-17 09:28:00,2025-12-17 09:30:00,4321.725,4316.774214285714,4326.844214285715,0.17,0.17,0.8416335714286561,0.0,0.027200000000000002,0.017000000000061848,4331.963428571429,0.08,False,0.0,0.0,0,2025-12-17 09:57:00,4316.674214285714,sl,False,-0.858633571428718,-1.0201988140411327
1,2025-12-17 11:51:00,2025-12-17 11:52:00,4318.415,4314.97445,4322.9644499999995,0.25,0.25,0.8601375000000644,0.0,0.04,0.02500000000009095,4327.513899999999,0.12,False,0.0,0.0,0,2025-12-17 12:12:00,4314.874449999999,sl,False,-0.8851375000001553,-1.0290651204023649
1,2025-12-17 12:16:00,2025-12-17 12:35:00,4318.065,4314.629764285714,4322.979764285714,0.25,0.25,0.8588089285713068,0.0,0.04,0.0,4327.894528571428,0.12,True,0.5897717142857073,0.0,0,2025-12-17 13:16:00,4327.894528571428,tp2,False,1.8676104285714064,2.1746518537928066
1,2025-12-17 14:26:00,2025-12-17 14:28:00,4328.448,4322.6470500000005,4334.567050000001,0.15,0.15,0.8701424999999744,0.0,0.024,0.0,4340.686100000001,0.07,True,0.4283335000000171,0.0,0,2025-12-17 14:45:00,4340.686100000001,tp2,False,1.4073815000000558,1.6174149636411246
1,2025-12-22 07:32:00,2025-12-22 07:33:00,4416.205,4411.3569071428565,4425.901185714287,0.18,0.18,0.872656714285822,0.0,0.0288,0.018000000000065484,4435.597371428574,0.09,False,0.0,0.0,0,2025-12-22 08:00:00,4411.256907142856,sl,False,-0.8906567142858876,-1.020626667629317
1,2025-12-22 08:29:00,2025-12-22 08:32:00,4412.809,4409.765307142857,4418.896385714287,0.29,0.29,0.882670928571606,0.0,0.0464,0.0290000000001055,4424.983771428574,0.14,False,0.0,0.0,0,2025-12-22 08:34:00,4409.665307142856,sl,False,-0.9116709285717115,-1.0328548262567514
1,2025-12-22 09:07:00,2025-12-22 09:08:00,4410.695,4405.753778571429,4420.023778571429,0.17,0.17,0.8400076428569537,0.0,0.027200000000000002,0.0,4429.352557142858,0.08,True,0.7463022857143369,0.0,0,2025-12-22 15:45:00,4429.352557142858,tp2,False,2.425482428571595,2.88745280974144
1,2025-12-23 07:05:00,2025-12-23 07:09:00,4481.315,4477.908121428572,4488.128757142856,0.26,0.26,0.8857884285712863,0.0,0.041600000000000005,0.0026000000000000003,4494.942514285712,0.13,True,0.8857884285712863,0.0,0,2025-12-23 13:00:00,4486.004999999999,news_close,False,1.4954884285712342,1.6883133492535578
-1,2025-12-23 14:24:00,2025-12-23 14:25:00,4464.155,4471.112314285714,4450.240371428571,0.13,0.13,0.9044508571428651,0.0,0.020800000000000003,0.0026000000000000003,4436.325742857142,0.06,False,0.0,0.0,0,2025-12-23 14:30:00,4464.915,news_close,False,-0.09880000000002838,-0.10923755472147464
-1,2025-12-24 07:00:00,2025-12-24 07:01:00,4492.425,4497.243771428572,4484.903771428571,0.18,0.18,0.8673788571428486,0.0,0.0288,0.009000000000032742,4477.382542857143,0.09,True,0.6769105714285888,0.0,0,2025-12-24 10:02:00,4497.343771428572,sl,False,0.2342211428571318,0.27003326277591977
-1,2025-12-24 10:12:00,2025-12-24 10:20:00,4493.058,4499.695714285714,4484.945714285714,0.13,0.13,0.8629028571427716,0.0,0.0208,0.0014000000000000002,4476.833428571427,0.06,True,0.48673714285718234,0.0,0,2025-12-24 13:00:00,4490.665,news_close,False,0.6542471428571843,0.7581932745286251
1,2025-12-26 08:14:00,2025-12-26 08:23:00,4514.398,4510.222064285715,4518.978064285714,0.22,0.22,0.9187058571428134,0.0,0.0352,0.011000000000040018,4523.558128571428,0.11,True,0.5038070714285278,0.0,0,2025-12-26 11:03:00,4510.122064285714,sl,False,0.03345414285708109,0.03641442208839714
-1,2025-12-26 11:46:00,2025-12-26 11:47:00,4505.585,4508.857242857143,4499.0405142857135,0.28,0.28,0.9162280000001193,0.0,0.044800000000000006,0.028000000000101867,4492.496028571427,0.14,False,0.0,0.0,0,2025-12-26 11:57:00,4508.957242857144,sl,False,-0.9442280000002211,-1.0305600789324254
1,2025-12-26 14:26:00,2025-12-26 14:28:00,4526.625,4522.705371428572,4530.785371428572,0.23,0.23,0.9015145714284154,0.0,0.0368,0.012000000000043656,4534.945742857144,0.11,True,0.4576408571429238,0.0,0,2025-12-26 14:41:00,4522.605371428572,sl,False,-0.024714571428467058,-0.02741450023298876
1,2025-12-26 15:56:00,2025-12-26 15:58:00,4544.885,4536.798128571429,4561.058742857143,0.11,0.11,0.8895558571428773,0.0,0.0176,0.011000000000040018,4577.232485714287,0.05,False,0.0,0.0,0,2025-12-26 16:13:00,4536.698128571428,sl,False,-0.9005558571429174,-1.0123657215133972
-1,2025-12-29 09:34:00,2025-12-29 09:35:00,4461.615,4467.293885714286,4450.257228571427,0.15,0.15,0.851832857142972,0.0,0.024,0.015000000000054569,4438.899457142854,0.07,False,0.0,0.0,0,2025-12-29 09:40:00,4467.393885714287,sl,False,-0.8668328571430265,-1.0176090883020927
-1,2025-12-29 11:01:00,2025-12-29 11:04:00,4458.105,4461.300764285715,4452.390764285715,0.27,0.27,0.8628563571430733,0.0,0.0432,0.027000000000098227,4446.67652857143,0.13,False,0.0,0.0,0,2025-12-29 11:17:00,4461.400764285715,sl,False,-0.8898563571431715,-1.0312914192224247
-1,2025-12-29 13:02:00,2025-12-29 13:03:00,4460.198,4464.028785714286,4452.5364285714295,0.23,0.23,0.8810807142856447,0.0,0.0368,0.023000000000083676,4444.874857142859,0.11,False,0.0,0.0,0,2025-12-29 13:04:00,4464.128785714286,sl,False,-0.9040807142857284,-1.0261043053458858
1,2025-12-30 08:40:00,2025-12-30 08:42:00,4358.735,4353.773164285714,4368.65867142857,0.17,0.17,0.8435120714285131,0.0,0.027200000000000002,0.0,4378.582342857141,0.08,True,0.7938937142856594,0.0,0,2025-12-30 10:19:00,4378.582342857141,tp2,False,2.5801545714283933,3.058823529411765
1,2025-12-30 10:57:00,2025-12-30 10:58:00,4383.595,4378.2251642857145,4394.334671428572,0.16,0.16,0.8591737142857164,0.0,0.0256,0.008000000000029104,4405.074342857143,0.08,True,0.8591737142857164,0.0,0,2025-12-30 13:33:00,4378.125164285714,sl,False,0.4215868571428291,0.49068872817334735
1,2026-01-02 08:07:00,2026-01-02 08:09:00,4384.458,4380.407285714286,4391.3672857142865,0.22,0.22,0.8911571428569005,0.0,0.0352,0.0,4398.276571428573,0.11,True,0.7600214285715537,0.0,0,2026-01-02 11:25:00,4398.276571428573,tp2,False,2.280064285714661,2.5585434667618294
1,2026-01-05 07:03:00,2026-01-05 07:04:00,4421.905,4417.695921428572,4430.323157142856,0.22,0.22,0.9259972857141838,0.0,0.0352,0.022000000000080035,4438.741314285712,0.11,False,0.0,0.0,0,2026-01-05 07:07:00,4417.595921428571,sl,False,-0.9479972857142639,-1.023758168991945
1,2026-01-05 07:36:00,2026-01-05 07:37:00,4421.268,4418.073028571428,4427.657942857144,0.28,0.28,0.894592000000157,0.0,0.044800000000000006,0.0,4434.047885714288,0.14,True,0.894592000000157,0.0,0,2026-01-05 09:21:00,4434.047885714288,tp2,False,2.683776000000471,3.0
1,2026-01-05 09:21:00,2026-01-05 09:30:00,4432.255,4425.648185714285,4441.798185714286,0.14,0.14,0.9249540000000708,0.0,0.022400000000000003,0.014000000000050934,4451.341371428572,0.07,False,0.0,0.0,0,2026-01-05 11:25:00,4425.548185714285,sl,False,-0.9389540000001216,-1.0151358878388004
-1,2026-01-05 14:22:00,2026-01-05 14:23:00,4423.045,4428.574078571429,4411.994078571429,0.16,0.16,0.8846525714285963,0.0,0.0256,0.0032,4400.943157142858,0.08,False,0.0,0.0,0,2026-01-05 14:30:00,4421.085,news_close,False,0.3136000000000058,0.3544894460585623
1,2026-01-05 15:44:00,2026-01-05 15:45:00,4445.098,4435.009021428572,4465.275957142856,0.09,0.09,0.9080080714285214,0.0,0.0144,0.009000000000032742,4485.453914285712,0.04,False,0.0,0.0,0,2026-01-05 17:03:00,4434.909021428572,sl,False,-0.9170080714285541,-1.0099118061647552
1,2026-01-06 07:08:00,2026-01-06 07:14:00,4468.005,4463.803785714286,4473.743785714286,0.22,0.22,0.9242671428570429,0.0,0.0352,0.022000000000080035,4479.482571428572,0.11,False,0.0,0.0,0,2026-01-06 07:22:00,4463.703785714286,sl,False,-0.946267142857123,-1.0238026420933615
1,2026-01-06 08:58:00,2026-01-06 08:59:00,4468.185,4464.584042857143,4473.774042857142,0.25,0.25,0.9002392857144059,0.0,0.04,0.02500000000009095,4479.363085714284,0.12,False,0.0,0.0,0,2026-01-06 09:02:00,4464.484042857142,sl,False,-0.9252392857144969,-1.0277703943793695
-1,2026-01-06 10:02:00,2026-01-06 10:04:00,4444.498,4451.835607142857,4434.841607142857,0.12,0.12,0.8805128571428941,0.0,0.0192,0.012000000000043655,4425.185214285715,0.06,False,0.0,0.0,0,2026-01-06 10:11:00,4451.935607142857,sl,False,-0.8925128571429377,-1.0136284210987918
-1,2026-01-06 12:34:00,2026-01-06 12:35:00,4461.118,4466.193285714286,4452.353285714286,0.17,0.17,0.8627985714284842,0.0,0.027200000000000002,0.017000000000061848,4443.588571428572,0.08,False,0.0,0.0,0,2026-01-06 13:10:00,4466.293285714286,sl,False,-0.879798571428546,-1.0197033242323477
1,2026-01-09 08:56:00,2026-01-09 08:57:00,4468.115,4463.763942857143,4473.773942857143,0.2,0.2,0.8702114285713833,0.0,0.032,0.0,4479.432885714286,0.1,True,0.5658942857143302,0.0,0,2026-01-09 12:05:00,4479.432885714286,tp2,False,1.6976828571429907,1.950885499090788
1,2026-01-12 07:08:00,2026-01-12 07:28:00,4579.165,4574.4199,4588.6552,0.19,0.19,0.9015690000000177,0.0,0.0304,0.0,4598.1454,0.09,True,0.8541180000000167,0.0,0,2026-01-12 08:52:00,4598.1454,tp2,False,2.752158000000054,3.052631578947368
1,2026-01-12 10:26:00,2026-01-12 10:30:00,4592.368,4588.442050000001,4600.2199,0.23,0.23,0.9029684999999609,0.0,0.0368,0.023000000000083676,4608.0718,0.11,False,0.0,0.0,0,2026-01-12 10:32:00,4588.34205,sl,False,-0.9259685000000446,-1.0254715419198839
1,2026-01-12 10:56:00,2026-01-12 11:00:00,4593.738,4589.347592857142,4599.107592857143,0.21,0.21,0.9219855000001461,0.0,0.0336,0.021000000000076395,4604.477185714285,0.1,False,0.0,0.0,0,2026-01-12 11:19:00,4589.247592857142,sl,False,-0.9429855000002225,-1.022776930873721
1,2026-01-12 12:44:00,2026-01-12 12:45:00,4585.985,4578.021000000001,4599.121,0.11,0.11,0.8760399999998936,0.0,0.0176,0.0,4612.2570000000005,0.05,True,0.6568000000000211,0.0,0,2026-01-12 13:40:00,4612.2570000000005,tp2,False,2.2331200000000715,2.549107346696889
1,2026-01-12 13:40:00,2026-01-12 13:41:00,4610.935,4603.880114285715,4625.044771428572,0.13,0.13,0.9171351428571507,0.0,0.020800000000000003,0.013000000000047295,4639.1545428571435,0.06,False,0.0,0.0,0,2026-01-12 14:03:00,4603.780114285714,sl,False,-0.930135142857198,-1.014174574054101
1,2026-01-12 14:38:00,2026-01-12 14:45:00,4601.055,4584.0255,4635.114000000001,0.05,0.05,0.8514750000000277,0.0,0.008,0.001,4669.1730000000025,0.02,False,0.0,0.0,0,2026-01-12 17:30:00,4615.958,news_close,False,0.7451499999999669,0.8751284535658036
-1,2026-01-13 08:45:00,2026-01-13 08:46:00,4592.345,4597.044335714285,4584.804335714285,0.2,0.2,0.9398671428569287,0.0,0.032,0.002,4577.26367142857,0.1,True,0.7540664285715138,0.0,0,2026-01-13 13:00:00,4593.175,news_close,False,0.6710664285715211,0.7140013710147054
1,2026-01-15 12:01:00,2026-01-15 12:02:00,4620.205,4615.972,4628.671,0.22,0.22,0.9312600000000384,0.0,0.0352,0.022000000000080035,4637.137000000001,0.11,False,0.0,0.0,0,2026-01-15 12:10:00,4615.871999999999,sl,False,-0.9532600000001185,-1.023623907394368
-1,2026-01-15 15:33:00,2026-01-15 15:34:00,4612.698,4617.581785714286,4607.7417857142855,0.19,0.19,0.9279192857142061,0.0,0.0304,0.01900000000006912,4602.785571428571,0.09,False,0.0,0.0,0,2026-01-15 16:11:00,4617.681785714286,sl,False,-0.9469192857142753,-1.020475918856935
-1,2026-01-16 11:59:00,2026-01-16 12:17:00,4612.585,4616.086428571429,4607.629428571428,0.26,0.26,0.9103714285714705,0.0,0.041600000000000005,0.0,4602.673857142857,0.13,True,0.6442242857143083,0.0,0,2026-01-16 12:34:00,4602.673857142857,tp2,False,1.932672857142925,2.1229498164014458
1,2026-01-19 08:00:00,2026-01-19 08:02:00,4666.065,4662.762042857143,4669.522042857143,0.28,0.28,0.9248279999999433,0.0,0.044800000000000006,0.0,4672.979085714286,0.14,True,0.48398600000005904,0.0,0,2026-01-19 08:11:00,4672.979085714286,tp2,False,1.451958000000177,1.569976255044469
-1,2026-01-19 12:49:00,2026-01-19 12:54:00,4670.135,4673.685428571429,4663.034142857143,0.27,0.27,0.958615714285752,0.0,0.0432,0.027000000000098227,4655.933285714285,0.13,False,0.0,0.0,0,2026-01-19 13:33:00,4673.785428571429,sl,False,-0.9856157142858502,-1.0281656138092994
-1,2026-01-19 13:38:00,2026-01-19 13:39:00,4668.785,4673.700928571428,4661.480928571429,0.19,0.19,0.9340264285714329,0.0,0.0304,0.01000000000003638,4654.176857142858,0.09,True,0.6573664285713675,0.0,0,2026-01-19 15:54:00,4673.800928571429,sl,False,0.1557735714284717,0.1667764066020305
1,2026-01-20 07:11:00,2026-01-20 07:12:00,4715.735,4712.332378571428,4722.540242857142,0.28,0.28,0.9527339999999823,0.0,0.044800000000000006,0.0,4729.345485714285,0.14,True,0.9527339999999823,0.0,0,2026-01-20 08:55:00,4729.345485714285,tp2,False,2.858201999999947,3.0
1,2026-01-20 09:29:00,2026-01-20 10:00:00,4731.445,4720.796021428571,4752.7429571428565,0.09,0.09,0.9584080714285573,0.0,0.0144,0.009000000000032742,4774.040914285713,0.04,False,0.0,0.0,0,2026-01-20 13:21:00,4720.696021428571,sl,False,-0.9674080714285901,-1.0093905719998975
-1,2026-01-20 13:33:00,2026-01-20 13:34:00,4717.745,4722.127071428571,4708.9808571428575,0.22,0.22,0.9640557142856596,0.0,0.0352,0.022000000000080035,4700.216714285715,0.11,False,0.0,0.0,0,2026-01-20 13:34:00,4722.227071428571,sl,False,-0.9860557142857397,-1.0228202578689982
1,2026-01-20 14:27:00,2026-01-20 14:30:00,4746.265,4731.758735714286,4775.27752857143,0.06,0.06,0.8703758571428807,0.0,0.0096,0.006000000000021827,4804.290057142859,0.03,False,0.0,0.0,0,2026-01-20 14:34:00,4731.658735714285,sl,False,-0.8763758571429024,-1.006893573564549
1,2026-01-20 15:00:00,2026-01-20 15:15:00,4740.915,4732.4587357142855,4757.827528571429,0.11,0.11,0.9301890714285946,0.0,0.0176,0.011000000000040018,4774.740057142858,0.05,False,0.0,0.0,0,2026-01-20 15:23:00,4732.358735714285,sl,False,-0.9411890714286346,-1.01182555282352
1,2026-01-21 07:24:00,2026-01-21 07:25:00,4840.685,4831.998664285714,4858.0576714285735,0.1,0.1,0.8686335714286543,0.0,0.016,0.0,4875.430342857147,0.05,True,0.8686335714286543,0.0,0,2026-01-21 09:28:00,4875.430342857147,tp2,False,2.605900714285963,3.0
1,2026-01-21 10:03:00,2026-01-21 10:05:00,4865.425,4858.8009999999995,4878.673000000002,0.14,0.14,0.9273600000000989,0.0,0.022400000000000003,0.014000000000050934,4891.921000000003,0.07,False,0.0,0.0,0,2026-01-21 11:46:00,4858.700999999999,sl,False,-0.9413600000001499,-1.0150966183575412
1,2026-01-21 11:59:00,2026-01-21 12:00:00,4865.165,4854.742142857143,4876.732142857143,0.09,0.09,0.9380571428570965,0.0,0.0144,0.0050000000000181895,4888.299285714286,0.04,True,0.46268571428572614,0.0,0,2026-01-21 14:04:00,4854.642142857143,sl,False,-0.06345714285712345,-0.06764741715397875
1,2026-01-22 07:16:00,2026-01-22 07:17:00,4834.815,4831.015285714286,4839.335285714285,0.25,0.25,0.9499285714284724,0.0,0.04,0.02500000000009095,4843.855571428571,0.12,False,0.0,0.0,0,2026-01-22 07:24:00,4830.915285714285,sl,False,-0.9749285714285634,-1.0263177682533506
1,2026-01-22 07:58:00,2026-01-22 07:59:00,4834.015,4830.3655,4839.3555,0.26,0.26,0.9488700000001155,0.0,0.041600000000000005,0.02600000000009459,4844.695999999999,0.13,False,0.0,0.0,0,2026-01-22 08:09:00,4830.2654999999995,sl,False,-0.9748700000002101,-1.0274010138376084
1,2026-01-22 09:02:00,2026-01-22 09:05:00,4831.675,4825.90595,4839.17395,0.16,0.16,0.9230479999999807,0.0,0.0256,0.016000000000058207,4846.6729000000005,0.08,False,0.0,0.0,0,2026-01-22 09:32:00,4825.80595,sl,False,-0.9390480000000389,-1.0173338764615258
1,2026-01-23 07:06:00,2026-01-23 07:09:00,4956.155,4951.940642857143,4964.5837142857135,0.22,0.22,0.9271585714285174,0.0,0.0352,0.022000000000080035,4973.012428571427,0.11,False,0.0,0.0,0,2026-01-23 07:24:00,4951.8406428571425,sl,False,-0.9491585714285975,-1.0237284113829457
-1,2026-01-23 08:11:00,2026-01-23 08:13:00,4943.385,4947.801764285714,4938.081764285715,0.2,0.2,0.8833528571427451,0.0,0.032,0.0,4932.778528571429,0.1,True,0.530323571428562,0.0,0,2026-01-23 08:20:00,4932.778528571429,tp2,False,1.5909707142856861,1.8010591140575138
-1,2026-01-23 08:47:00,2026-01-23 08:48:00,4919.375,4926.382735714285,4906.072735714286,0.13,0.13,0.911005642857108,0.0,0.0208,0.007000000000025467,4892.770471428572,0.06,True,0.7981358571428427,0.0,0,2026-01-23 10:25:00,4926.482735714286,sl,False,0.30059435714283606,0.32995883120998903
-1,2026-01-23 10:47:00,2026-01-23 10:48:00,4924.895,4928.891692857143,4916.9016142857145,0.23,0.23,0.9192393571428875,0.0,0.0368,0.023000000000083676,4908.9082285714285,0.11,False,0.0,0.0,0,2026-01-23 10:53:00,4928.991692857144,sl,False,-0.9422393571429711,-1.0250206867464537
-1,2026-01-23 11:58:00,2026-01-23 11:59:00,4923.095,4926.317214285715,4916.650571428571,0.28,0.28,0.9022200000000522,0.0,0.044800000000000006,0.028000000000101867,4910.206142857142,0.14,False,0.0,0.0,0,2026-01-23 12:01:00,4926.417214285715,sl,False,-0.930220000000154,-1.0310345591985328
1,2026-01-23 12:15:00,2026-01-23 12:17:00,4934.205,4917.995785714285,4966.623428571429,0.05,0.05,0.8104607142857276,0.0,0.008,0.0,4999.041857142858,0.02,True,0.6483685714285821,-0.016170000000000004,1,2026-01-25 23:00:00,4999.041857142858,tp2,False,2.5773042857143285,3.1800483851777432
1,2026-01-26 08:01:00,2026-01-26 08:02:00,5094.055,5089.879021428572,5102.406957142857,0.22,0.22,0.918715285714261,0.0,0.0352,0.022000000000080035,5110.758914285714,0.11,False,0.0,0.0,0,2026-01-26 08:07:00,5089.7790214285715,sl,False,-0.940715285714341,-1.0239464830314389
1,2026-01-26 08:17:00,2026-01-26 08:18:00,5096.448,5089.313785714286,5110.673785714286,0.13,0.13,0.9274478571429154,0.0,0.020800000000000003,0.013000000000047295,5124.899571428572,0.06,False,0.0,0.0,0,2026-01-26 08:49:00,5089.213785714285,sl,False,-0.9404478571429628,-1.014016960522282
1,2026-01-26 09:28:00,2026-01-26 09:39:00,5094.205,5087.627235714285,5107.360528571429,0.14,0.14,0.9208870000000571,0.0,0.022400000000000003,0.014312999999983733,5120.516057142859,0.07,False,0.0,0.0,0,2026-01-26 09:41:00,5087.525,sl_gap,False,-0.9352000000000409,-1.0155426235792044
-1,2026-01-26 15:19:00,2026-01-26 15:20:00,5089.325,5097.530642857143,5078.530642857143,0.11,0.11,0.9026207142857493,0.0,0.017599999999999998,0.006000000000021827,5067.736285714286,0.05,True,0.5397178571428413,0.0,0,2026-01-26 16:03:00,5097.630642857143,sl,False,0.04137928571422894,0.045843492243552914
1,2026-01-27 08:44:00,2026-01-27 08:45:00,5082.155,5076.788428571428,5092.498428571428,0.17,0.17,0.9123171428571824,0.0,0.027200000000000002,0.009000000000032742,5102.8418571428565,0.08,True,0.8274742857142701,0.0,0,2026-01-27 11:48:00,5076.688428571428,sl,False,0.3354828571427878,0.36772613533505155
1,2026-01-28 07:25:00,2026-01-28 07:26:00,5283.065,5269.612071428572,5309.9708571428555,0.06,0.06,0.8071757142856768,0.0,0.0096,0.0030000000000109136,5336.876714285711,0.03,True,0.8071757142856768,0.0,0,2026-01-28 09:22:00,5269.512071428571,sl,False,0.4005878571428275,0.4962833371384745
1,2026-01-28 09:34:00,2026-01-28 09:35:00,5279.325,5268.8505,5300.274,0.08,0.08,0.837960000000021,0.0,0.0128,0.008000000000029104,5321.223000000001,0.04,False,0.0,0.0,0,2026-01-28 09:44:00,5268.750499999999,sl,False,-0.8459600000000501,-1.009546995083332
1,2026-01-28 09:59:00,2026-01-28 10:01:00,5277.565,5273.804571428571,5285.085857142857,0.24,0.24,0.9025028571428992,0.0,0.0384,0.02400000000008731,5292.606714285715,0.12,False,0.0,0.0,0,2026-01-28 10:05:00,5273.7045714285705,sl,False,-0.9265028571429865,-1.02659271359657
1,2026-01-28 10:09:00,2026-01-28 10:10:00,5280.745,5272.063542857143,5298.107914285713,0.1,0.1,0.8681457142856743,0.0,0.016,0.01000000000003638,5315.470828571427,0.05,False,0.0,0.0,0,2026-01-28 10:35:00,5271.963542857143,sl,False,-0.8781457142857108,-1.0115188036241871
1,2026-01-28 10:45:00,2026-01-28 10:46:00,5275.755,5268.92695,5289.4111,0.13,0.13,0.8876465000000099,0.0,0.020800000000000003,0.013000000000047295,5303.0672,0.06,False,0.0,0.0,0,2026-01-28 11:00:00,5268.82695,sl,False,-0.9006465000000572,-1.0146454697901104
-1,2026-01-29 10:30:00,2026-01-29 10:33:00,5505.565,5515.682607142857,5485.329785714285,0.08,0.08,0.8094085714285757,0.0,0.0128,0.004000000000014552,5465.094571428571,0.04,True,0.8094085714285757,0.0,0,2026-01-29 11:29:00,5515.782607142857,sl,False,0.4007042857142733,0.49505812003824634
-1,2026-01-29 11:39:00,2026-01-29 11:40:00,5509.965,5519.7057428571425,5490.4835142857155,0.09,0.09,0.876666857142809,0.0,0.0144,0.009000000000032742,5471.002028571431,0.04,False,0.0,0.0,0,2026-01-29 11:46:00,5519.805742857143,sl,False,-0.8856668571428418,-1.0102661574652942
-1,2026-01-29 12:37:00,2026-01-29 12:47:00,5537.148,5543.176528571428,5525.090942857144,0.14,0.14,0.8439939999999297,0.0,0.022400000000000003,0.0028000000000000004,5513.033885714288,0.07,False,0.0,0.0,0,2026-01-29 13:00:00,5534.135,news_close,False,0.4218199999999888,0.49979028286933785
1,2026-02-02 12:00:00,2026-02-02 12:01:00,4773.685,4755.617578571429,4808.647578571428,0.04,0.04,0.7226968571428734,0.0,0.0064,0.004000000000014552,4843.610157142856,0.02,False,0.0,0.0,0,2026-02-02 12:03:00,4755.517578571428,sl,False,-0.7266968571428879,-1.0055348241250532
1,2026-02-02 12:19:00,2026-02-02 12:20:00,4775.505,4754.172021428571,4808.579021428571,0.04,0.04,0.8533191428571809,0.0,0.0064,0.002000000000007276,4841.653042857141,0.02,True,0.6614804285714126,0.0,0,2026-02-02 13:00:00,4754.07202142857,sl,False,0.23282085714281492,0.27284147917185764
1,2026-02-03 10:28:00,2026-02-03 10:29:00,4918.985,4913.902378571429,4929.150242857141,0.17,0.17,0.864045642857027,0.0,0.027200000000000002,0.017000000000061848,4939.315485714283,0.08,False,0.0,0.0,0,2026-02-03 10:56:00,4913.802378571429,sl,False,-0.8810456428570889,-1.019674886553273
1,2026-02-03 11:33:00,2026-02-03 11:51:00,4905.275,4882.868642857143,4931.688642857143,0.03,0.03,0.6721907142857071,0.0,0.0048,0.0,4958.102285714287,0.01,True,0.26413642857143715,0.0,0,2026-02-03 16:16:00,4958.102285714287,tp2,False,1.3206821428571855,1.9647432116948949
-1,2026-02-04 11:10:00,2026-02-04 11:11:00,5045.755,5053.329642857143,5030.605714285714,0.11,0.11,0.8332107142857149,0.0,0.017599999999999998,0.0,5015.456428571429,0.05,True,0.7574642857142863,0.0,0,2026-02-04 11:17:00,5015.456428571429,tp2,False,2.575378571428573,3.0909090909090904
1,2026-02-05 08:03:00,2026-02-05 08:04:00,4919.785,4912.822592857143,4931.799592857144,0.13,0.13,0.905112928571416,0.0,0.020800000000000003,0.013000000000047295,4943.814185714287,0.06,False,0.0,0.0,0,2026-02-05 08:08:00,4912.722592857142,sl,False,-0.9181129285714633,-1.0143628486453793
-1,2026-02-05 10:56:00,2026-02-05 10:57:00,4871.515,4887.342585714286,4855.446585714286,0.05,0.05,0.7913792857142653,0.0,0.008,0.00500000000001819,4839.3781714285715,0.02,False,0.0,0.0,0,2026-02-05 11:14:00,4887.442585714286,sl,False,-0.7963792857142835,-1.0063180829853355
-1,2026-02-09 09:26:00,2026-02-09 09:28:00,5021.785,5027.5189,5013.8889,0.15,0.15,0.8600850000000264,0.0,0.024,0.0,5005.9928,0.07,True,0.5527269999999954,0.0,0,2026-02-09 09:54:00,5005.9928,tp2,False,1.8161029999999845,2.1115389757988208
-1,2026-02-10 08:11:00,2026-02-10 08:12:00,5033.605,5041.108757142857,5023.2987571428575,0.12,0.12,0.900450857142896,0.0,0.0192,0.012000000000043655,5012.9925142857155,0.06,False,0.0,0.0,0,2026-02-10 08:37:00,5041.208757142857,sl,False,-0.9124508571429396,-1.0133266573126702
1,2026-02-10 11:30:00,2026-02-10 11:31:00,5048.225,5044.747185714286,5055.180628571428,0.26,0.26,0.9042317142856336,0.0,0.041600000000000005,0.02600000000009459,5062.136257142856,0.13,False,0.0,0.0,0,2026-02-10 11:47:00,5044.647185714286,sl,False,-0.9302317142857283,-1.0287536917687468
1,2026-02-11 07:10:00,2026-02-11 07:13:00,5065.345,5059.762114285714,5076.510771428572,0.16,0.16,0.8932617142857635,0.0,0.0256,0.016000000000058207,5087.676542857144,0.08,False,0.0,0.0,0,2026-02-11 07:13:00,5059.662114285714,sl,False,-0.9092617142858217,-1.0179118837672916
1,2026-02-11 10:37:00,2026-02-11 10:38:00,5072.715,5067.751121428571,5078.201121428571,0.17,0.17,0.8438593571428828,0.0,0.027200000000000002,0.0,5083.687242857142,0.08,True,0.4388897142856877,0.0,0,2026-02-11 10:41:00,5083.687242857142,tp2,False,1.4263915714284852,1.6903190790677782
1,2026-02-13 09:45:00,2026-02-13 09:46:00,4971.535,4963.5903071428575,4987.424385714285,0.11,0.11,0.8739162142856639,0.0,0.0176,0.011000000000040018,5003.313771428569,0.05,False,0.0,0.0,0,2026-02-13 10:47:00,4963.490307142857,sl,False,-0.884916214285704,-1.0125870190073443
1,2026-02-13 14:33:00,2026-02-13 14:34:00,5005.565,4993.28485,5022.87485,0.07,0.07,0.8596104999999716,0.0,0.011200000000000002,0.007000000000025467,5040.184700000001,0.03,False,0.0,0.0,0,2026-02-13 14:38:00,4993.18485,sl,False,-0.8666104999999972,-1.0081432230062637
1,2026-02-13 15:08:00,2026-02-13 15:09:00,5005.798,4990.948714285714,5022.575714285714,0.05,0.05,0.7424642857142771,0.0,0.008,0.00500000000001819,5039.353428571428,0.02,False,0.0,0.0,0,2026-02-13 15:49:00,4990.848714285714,sl,False,-0.7474642857142954,-1.0067343306556598
-1,2026-02-16 12:02:00,2026-02-16 12:04:00,5002.815,5005.8766428571425,4999.549642857142,0.28,0.28,0.8572600000000239,0.0,0.044800000000000006,0.0,4996.284285714285,0.14,True,0.4571500000000197,0.0,0,2026-02-16 12:15:00,4996.284285714285,tp2,False,1.3714500000000591,1.5998063597975187
-1,2026-02-18 08:44:00,2026-02-18 08:45:00,4921.135,4926.951978571429,4914.361978571429,0.15,0.15,0.8725467857143485,0.0,0.024,0.0,4907.588957142858,0.07,True,0.4741114999999809,0.0,0,2026-02-18 11:46:00,4907.588957142858,tp2,False,1.5577949285713657,1.7853425788463697
-1,2026-02-23 07:02:00,2026-02-23 07:06:00,5144.725,5153.156742857143,5127.861514285714,0.1,0.1,0.8431742857143036,0.0,0.016,0.01000000000003638,5110.998028571428,0.05,False,0.0,0.0,0,2026-02-23 07:09:00,5153.256742857144,sl,False,-0.85317428571434,-1.0118599442244194
-1,2026-02-23 07:24:00,2026-02-23 07:25:00,5140.178,5154.4757928571435,5111.698792857143,0.06,0.06,0.8578675714286146,0.0,0.0096,0.006000000000021827,5083.219585714287,0.03,False,0.0,0.0,0,2026-02-23 10:24:00,5154.575792857144,sl,False,-0.8638675714286365,-1.0069940864998894
-1,2026-02-23 10:32:00,2026-02-23 10:36:00,5150.495,5156.641285714286,5138.202428571428,0.14,0.14,0.8604800000000433,0.0,0.022400000000000003,0.014000000000050934,5125.909857142856,0.07,False,0.0,0.0,0,2026-02-23 10:51:00,5156.741285714286,sl,False,-0.8744800000000942,-1.0162699888434945
-1,2026-02-23 12:28:00,2026-02-23 12:29:00,5148.195,5152.323285714286,5139.938428571428,0.21,0.21,0.8669400000000587,0.0,0.0336,0.021000000000076395,5131.681857142856,0.1,False,0.0,0.0,0,2026-02-23 12:31:00,5152.423285714286,sl,False,-0.8879400000001351,-1.0242231296284345
-1,2026-02-24 07:05:00,2026-02-24 07:06:00,5168.995,5175.123578571429,5160.936578571429,0.14,0.14,0.8580010000000585,0.0,0.022400000000000003,0.014000000000050934,5152.878157142858,0.07,False,0.0,0.0,0,2026-02-24 07:15:00,5175.223578571429,sl,False,-0.8720010000001094,-1.0163169972995951
-1,2026-02-24 08:03:00,2026-02-24 08:04:00,5175.005,5183.000357142857,5160.903357142857,0.1,0.1,0.7995357142856847,0.0,0.016,0.0,5146.801714285714,0.05,True,0.7050821428571453,0.0,0,2026-02-24 12:54:00,5146.801714285714,tp2,False,2.115246428571436,2.6455934247555457
-1,2026-02-24 15:31:00,2026-02-24 15:32:00,5137.435,5146.257692857143,5122.180692857143,0.1,0.1,0.8822692857143011,0.0,0.016,0.01000000000003638,5106.926385714286,0.05,False,0.0,0.0,0,2026-02-24 15:39:00,5146.357692857144,sl,False,-0.8922692857143375,-1.011334407943194
1,2026-02-25 08:33:00,2026-02-25 08:39:00,5194.055,5189.655085714286,5202.85482857143,0.19,0.19,0.835983714285785,0.0,0.0304,0.022816285714297918,5211.654657142859,0.09,False,0.0,0.0,0,2026-02-25 08:51:00,5189.535,sl_gap,False,-0.8588000000000829,-1.027292739468963
1,2026-02-25 09:52:00,2026-02-25 09:53:00,5193.565,5190.261642857143,5200.171714285713,0.26,0.26,0.8588728571427783,0.0,0.041600000000000005,0.02600000000009459,5206.778428571427,0.13,False,0.0,0.0,0,2026-02-25 09:54:00,5190.161642857142,sl,False,-0.8848728571428729,-1.0302722338747425
-1,2026-02-25 12:32:00,2026-02-25 12:39:00,5182.965,5187.374142857143,5175.744142857143,0.19,0.19,0.8377371428571314,0.0,0.0304,0.01900000000006912,5168.5232857142855,0.09,False,0.0,0.0,0,2026-02-25 13:05:00,5187.474142857143,sl,False,-0.8567371428572005,-1.0226801451530116
-1,2026-02-25 13:41:00,2026-02-25 13:42:00,5186.345,5190.315935714286,5178.403128571429,0.21,0.21,0.8338964999999734,0.0,0.0336,0.021000000000076395,5170.461257142858,0.1,False,0.0,0.0,0,2026-02-25 13:42:00,5190.415935714286,sl,False,-0.8548965000000498,-1.025182981341302
1,2026-03-02 07:48:00,2026-03-02 07:49:00,5411.545,5401.475735714285,5431.68352857143,0.08,0.08,0.8055411428571825,0.0,0.0128,0.008000000000029104,5451.822057142859,0.04,False,0.0,0.0,0,2026-03-02 08:43:00,5401.375735714285,sl,False,-0.8135411428572116,-1.0099312121683244
1,2026-03-02 09:30:00,2026-03-02 09:35:00,5396.355,5385.170707142857,5418.510707142857,0.07,0.07,0.7829004999999598,0.0,0.011200000000000002,0.007000000000025467,5440.666414285715,0.03,False,0.0,0.0,0,2026-03-02 10:02:00,5385.070707142857,sl,False,-0.7899004999999852,-1.0089411106520252
1,2026-03-02 10:36:00,2026-03-02 10:37:00,5393.735,5382.968357142857,5415.268285714285,0.07,0.07,0.7536650000000009,0.0,0.011200000000000002,0.007000000000025467,5436.801571428571,0.03,False,0.0,0.0,0,2026-03-02 10:54:00,5382.868357142856,sl,False,-0.7606650000000265,-1.0092879462360937
1,2026-03-02 11:18:00,2026-03-02 11:19:00,5394.425,5381.8111928571425,5418.601192857142,0.06,0.06,0.7568284285714617,0.0,0.0096,0.006000000000021827,5442.777385714285,0.03,False,0.0,0.0,0,2026-03-02 11:45:00,5381.711192857142,sl,False,-0.7628284285714835,-1.0079278205911832
-1,2026-03-03 08:39:00,2026-03-03 08:40:00,5301.455,5319.63755,5282.75755,0.04,0.04,0.7273020000000179,0.0,0.0064,0.0,5264.060100000001,0.02,True,0.37394899999999326,0.0,0,2026-03-03 09:25:00,5264.060100000001,tp2,False,1.1218469999999798,1.5424775402789381
1,2026-03-05 10:26:00,2026-03-05 10:28:00,5155.835,5151.207628571428,5163.117628571428,0.17,0.17,0.7866531428571852,0.0,0.027200000000000002,0.017000000000061848,5170.400257142856,0.08,False,0.0,0.0,0,2026-03-05 10:36:00,5151.107628571428,sl,False,-0.8036531428572471,-1.0216105410045355
1,2026-03-09 10:00:00,2026-03-09 10:01:00,5105.765,5101.078714285714,5110.548714285715,0.17,0.17,0.7966685714286178,0.0,0.027200000000000002,0.009000000000032742,5115.332428571429,0.08,True,0.38269714285714146,0.0,0,2026-03-09 10:28:00,5100.978714285714,sl,False,-0.048068571428630136,-0.06033697468751863
-1,2026-03-18 15:21:00,2026-03-18 15:22:00,4869.635,4880.1362714285715,4857.009271428572,0.07,0.07,0.7350889999999891,0.0,0.011200000000000002,0.007000000000025467,4844.383542857144,0.03,False,0.0,0.0,0,2026-03-18 16:26:00,4880.236271428572,sl,False,-0.7420890000000145,-1.0095226564402753
1,2026-03-20 07:21:00,2026-03-20 07:23:00,4682.115,4675.885378571428,4689.915378571429,0.12,0.12,0.7475545714285908,0.0,0.0192,0.0,4697.715757142858,0.06,True,0.4680227142857438,0.0,0,2026-03-20 07:42:00,4697.715757142858,tp2,False,1.4040681428572315,1.8782149110185105
1,2026-03-20 09:10:00,2026-03-20 09:11:00,4696.385,4683.734807142858,4711.7778071428575,0.06,0.06,0.7590115714285457,0.0,0.0096,0.006000000000021827,4727.170614285715,0.03,False,0.0,0.0,0,2026-03-20 09:33:00,4683.634807142857,sl,False,-0.7650115714285676,-1.007905017823021
-1,2026-03-20 15:40:00,2026-03-20 15:41:00,4560.035,4576.337814285715,4537.227814285715,0.04,0.04,0.6521125714285881,0.0,0.0064,0.004000000000014552,4514.42062857143,0.02,False,0.0,0.0,0,2026-03-20 16:04:00,4576.437814285715,sl,False,-0.6561125714286027,-1.0061339102714302
-1,2026-03-24 13:29:00,2026-03-24 13:30:00,4370.085,4379.5647928571425,4360.0247928571425,0.08,0.08,0.7583834285713965,0.0,0.0128,0.004000000000014552,4349.964585714285,0.04,True,0.4024082857143003,0.0,0,2026-03-24 13:57:00,4379.664792857143,sl,False,0.019216571428587514,0.025338859875652476
1,2026-03-25 07:07:00,2026-03-25 07:12:00,4549.755,4542.827328571429,4563.610342857143,0.11,0.11,0.7620438571428713,0.0,0.0176,0.011000000000040018,4577.465685714286,0.05,False,0.0,0.0,0,2026-03-25 07:37:00,4542.727328571428,sl,False,-0.7730438571429114,-1.0144348647350592
1,2026-03-25 08:20:00,2026-03-25 08:21:00,4564.315,4552.668557142857,4584.238557142857,0.06,0.06,0.6987865714285544,0.0,0.0096,0.006000000000021827,4604.162114285714,0.03,False,0.0,0.0,0,2026-03-25 09:38:00,4552.568557142857,sl,False,-0.7047865714285763,-1.0085863126816474
1,2026-03-25 10:38:00,2026-03-25 10:39:00,4557.825,4550.690592857143,4567.190592857143,0.11,0.11,0.7847847857142278,0.0,0.0176,0.0,4576.556185714287,0.05,True,0.46827964285716916,0.0,0,2026-03-25 11:22:00,4576.556185714287,tp2,False,1.592150785714375,2.0287737666389245
1,2026-03-30 08:53:00,2026-03-30 08:55:00,4536.998,4531.090814285714,4544.080814285714,0.13,0.13,0.7679341428570934,0.0,0.020800000000000003,0.013000000000047295,4551.1636285714285,0.06,False,0.0,0.0,0,2026-03-30 09:08:00,4530.990814285714,sl,False,-0.7809341428571407,-1.0169285349804618
1,2026-03-30 10:18:00,2026-03-30 10:20:00,4536.185,4531.73735,4544.05735,0.18,0.18,0.800577000000012,0.0,0.0288,0.018000000000065484,4551.9297,0.09,False,0.0,0.0,0,2026-03-30 10:22:00,4531.63735,sl,False,-0.8185770000000775,-1.0224837835711809
1,2026-03-31 08:29:00,2026-03-31 08:30:00,4570.635,4564.782992857143,4578.829992857142,0.13,0.13,0.7607609285714716,0.0,0.020800000000000003,0.013000000000047295,4587.024985714284,0.06,False,0.0,0.0,0,2026-03-31 09:00:00,4564.682992857142,sl,False,-0.7737609285715189,-1.0170881541254468
1,2026-03-31 09:04:00,2026-03-31 09:05:00,4570.255,4566.494207142858,4577.776585714285,0.2,0.2,0.7521585714284811,0.0,0.032,0.02000000000007276,4585.29817142857,0.1,False,0.0,0.0,0,2026-03-31 09:09:00,4566.394207142857,sl,False,-0.7721585714285539,-1.0265901377180204
1,2026-03-31 10:23:00,2026-03-31 10:24:00,4559.175,4555.1801642857135,4567.1646714285735,0.19,0.19,0.759018785714461,0.0,0.0304,0.01900000000006912,4575.154342857147,0.09,False,0.0,0.0,0,2026-03-31 10:34:00,4555.080164285713,sl,False,-0.7780187857145302,-1.0250323185113062
1,2026-04-01 11:17:00,2026-04-01 11:22:00,4740.225,4733.792214285715,4747.212214285714,0.11,0.11,0.7076064285713801,0.0,0.0176,0.0,4754.199428571428,0.05,True,0.3493607142856945,0.0,0,2026-04-01 11:39:00,4754.199428571428,tp2,False,1.1878264285713613,1.6786540944371011
1,2026-04-06 09:31:00,2026-04-06 09:32:00,4702.775,4696.719071428572,4711.942071428572,0.12,0.12,0.7267114285713614,0.0,0.0192,0.012000000000043655,4721.1091428571435,0.06,False,0.0,0.0,0,2026-04-06 09:50:00,4696.619071428571,sl,False,-0.7387114285714051,-1.0165127443002162
1,2026-04-08 07:24:00,2026-04-08 07:32:00,4815.405,4808.797350000001,4828.620299999998,0.11,0.11,0.7268414999998913,0.0,0.0176,0.011000000000040018,4841.835599999996,0.05,False,0.0,0.0,0,2026-04-08 07:34:00,4808.69735,sl,False,-0.7378414999999313,-1.0151339735004696
1,2026-04-08 07:51:00,2026-04-08 07:58:00,4814.635,4804.645142857143,4834.614714285715,0.07,0.07,0.6992900000000283,0.0,0.011200000000000002,0.007000000000025467,4854.59442857143,0.03,False,0.0,0.0,0,2026-04-08 08:25:00,4804.545142857142,sl,False,-0.7062900000000537,-1.0100101531553793
1,2026-04-08 09:23:00,2026-04-08 09:25:00,4800.825,4794.7635,4809.193499999999,0.12,0.12,0.7273799999999755,0.0,0.0192,0.012000000000043655,4817.561999999999,0.06,False,0.0,0.0,0,2026-04-08 09:39:00,4794.6635,sl,False,-0.7393800000000191,-1.0164975666089857
-1,2026-04-08 15:10:00,2026-04-08 15:11:00,4740.415,4749.709164285714,4722.612164285714,0.08,0.08,0.7435331428571226,0.0,0.0128,0.008000000000029104,4704.8093285714285,0.04,False,0.0,0.0,0,2026-04-08 15:16:00,4749.809164285714,sl,False,-0.7515331428571517,-1.0107594396791622
1,2026-04-09 10:47:00,2026-04-09 10:57:00,4741.155,4735.866614285715,4747.363614285714,0.14,0.14,0.7403739999999198,0.0,0.022400000000000003,0.0,4753.572228571428,0.07,True,0.43460299999999735,0.0,0,2026-04-09 11:45:00,4753.572228571428,tp2,False,1.303808999999992,1.7610140280454651
1,2026-04-13 09:55:00,2026-04-13 09:56:00,4716.205,4710.487164285714,4723.757164285715,0.13,0.13,0.7433186428571389,0.0,0.020800000000000003,0.013000000000047295,4731.309328571429,0.06,False,0.0,0.0,0,2026-04-13 10:25:00,4710.387164285714,sl,False,-0.7563186428571862,-1.0174891348750226
1,2026-04-14 08:26:00,2026-04-14 08:43:00,4782.865,4777.466257142857,4792.886257142857,0.13,0.13,0.7018365714285483,0.0,0.020800000000000003,0.013000000000047295,4802.907514285715,0.06,False,0.0,0.0,0,2026-04-14 09:30:00,4777.366257142857,sl,False,-0.7148365714285956,-1.0185228307119798
1,2026-04-14 10:19:00,2026-04-14 10:23:00,4784.815,4779.903428571429,4792.923428571429,0.15,0.15,0.7367357142856236,0.0,0.024,0.015000000000054569,4801.031857142859,0.07,False,0.0,0.0,0,2026-04-14 10:35:00,4779.803428571428,sl,False,-0.7517357142856781,-1.0203600826038401
-1,2026-04-15 11:00:00,2026-04-15 11:05:00,4799.565,4804.52615,4790.15615,0.14,0.14,0.6945610000000125,0.0,0.022400000000000003,0.014000000000050934,4780.7473,0.07,False,0.0,0.0,0,2026-04-15 11:12:00,4804.62615,sl,False,-0.7085610000000634,-1.0201566169134901
-1,2026-04-15 12:03:00,2026-04-15 12:08:00,4810.245,4815.053414285715,4804.093414285715,0.15,0.15,0.7212621428572674,0.0,0.024,0.015000000000054569,4797.94182857143,0.07,False,0.0,0.0,0,2026-04-15 12:16:00,4815.153414285715,sl,False,-0.736262142857322,-1.0207968769033577
-1,2026-04-15 12:46:00,2026-04-15 12:48:00,4810.188,4814.530914285714,4804.040914285714,0.16,0.16,0.6948662857142336,0.0,0.0256,0.016000000000058207,4797.8938285714285,0.08,False,0.0,0.0,0,2026-04-15 12:55:00,4814.630914285714,sl,False,-0.7108662857142918,-1.0230260128157063
1,2026-04-15 13:38:00,2026-04-15 13:39:00,4822.075,4815.2614,4830.0014,0.1,0.1,0.6813599999999497,0.0,0.016,0.002,4837.9278,0.05,False,0.0,0.0,0,2026-04-15 14:00:00,4828.535,news_close,False,0.6460000000000037,0.9481037924152451
-1,2026-04-16 08:31:00,2026-04-16 08:33:00,4809.088,4812.813964285715,4804.063964285715,0.19,0.19,0.7079332142858948,0.0,0.0304,0.01900000000006912,4799.03992857143,0.09,False,0.0,0.0,0,2026-04-16 08:42:00,4812.913964285715,sl,False,-0.7269332142859639,-1.0268386898886144
1,2026-04-17 07:04:00,2026-04-17 07:14:00,4787.015,4783.890785714286,4792.970785714286,0.22,0.22,0.6873271428571934,0.0,0.0352,0.011000000000040018,4798.926571428571,0.11,True,0.6551364285713953,0.0,0,2026-04-17 07:42:00,4783.790785714285,sl,False,0.3004728571427586,0.4371613434233138
1,2026-04-27 07:24:00,2026-04-27 07:25:00,4717.405,4711.939071428572,4723.809071428572,0.13,0.13,0.7105707142856227,0.0,0.020800000000000003,0.013000000000047295,4730.213142857144,0.06,False,0.0,0.0,0,2026-04-27 07:53:00,4711.8390714285715,sl,False,-0.72357071428567,-1.0182951530912965
1,2026-04-30 11:09:00,2026-04-30 11:11:00,4642.985,4638.2185500000005,4648.56855,0.14,0.14,0.6673029999998835,0.0,0.022400000000000003,0.014000000000050934,4654.1521,0.07,False,0.0,0.0,0,2026-04-30 11:14:00,4638.11855,sl,False,-0.6813029999999345,-1.0209799746143107
