side,signal_time,entry_time,entry_price,sl,tp,lots,oz,risk_usd,commission_usd,spread_cost_usd,slippage_cost_usd,tp2,tp1_oz,tp1_filled,partial_pnl_usd,swap_usd,rollovers,exit_time,exit_price,exit_reason,ambiguous,pnl_usd,r_multiple
1,2017-01-05 07:00:00,2017-01-05 07:05:00,1178.609,1174.2832785714286,1187.2604428571426,0.11,0.11,0.4758293571428476,0.0,0.0176,0.010999999999989995,1195.9118857142853,0.05,False,0.0,0.0,0,2017-01-05 08:35:00,1174.1832785714287,sl,False,-0.4868293571428376,-1.0231175311797496
1,2017-01-17 11:15:00,2017-01-17 11:35:00,1217.239,1214.0837142857144,1223.5495714285712,0.15,0.15,0.4732928571428374,0.0,0.024,0.014999999999986358,1229.8601428571424,0.07,False,0.0,0.0,0,2017-01-17 12:00:00,1213.9837142857145,sl,False,-0.4882928571428238,-1.0316928509982972
1,2017-01-17 13:45:00,2017-01-17 13:50:00,1214.711,1211.2236714285716,1221.6856571428568,0.14,0.14,0.48822599999997696,0.0,0.022400000000000003,0.01399999999998727,1228.6603142857136,0.07,False,0.0,-0.07546000000000001,1,2017-01-18 05:45:00,1211.1236714285717,sl,False,-0.5776859999999642,-1.1832348133855868
-1,2017-01-26 15:30:00,2017-01-26 15:55:00,1186.991,1191.545957142857,1181.1589571428572,0.1,0.1,0.455495714285712,0.0,0.016,0.002,1175.3269142857143,0.05,False,0.0,0.0,1,2017-01-27 13:00:00,1182.462,news_close,False,0.45289999999999964,0.9943013420229807
1,2017-02-06 11:40:00,2017-02-06 11:45:00,1226.601,1222.2092285714286,1235.384542857143,0.11,0.11,0.4830948571428621,0.0,0.0176,0.0012,1244.168085714286,0.05,True,0.4391771428571474,-0.03234,1,2017-02-07 14:30:00,1231.159,news_close,False,0.6803171428571468,1.408247537307071
1,2017-02-24 07:20:00,2017-02-24 07:40:00,1253.439,1249.3635142857142,1261.5899714285717,0.12,0.12,0.48905828571429993,0.0,0.0192,0.0024,1269.7409428571434,0.06,False,0.0,0.0,0,2017-02-24 14:30:00,1257.188,news_close,False,0.44988000000000283,0.91989035487442
-1,2017-06-07 15:50:00,2017-06-07 16:25:00,1290.392,1293.8691928571427,1285.7471928571426,0.14,0.14,0.4868069999999716,0.0,0.022400000000000003,0.0014000000000000002,1281.1023857142852,0.07,True,0.3251365000000192,0.0,1,2017-06-08 12:00:00,1283.428,news_close,False,0.8126165000000152,1.6692785847369955
-1,2017-09-05 08:20:00,2017-09-05 08:25:00,1330.469,1336.0080142857141,1319.390971428572,0.09,0.09,0.49851128571426667,0.0,0.0144,0.008999999999991815,1308.3129428571438,0.04,False,0.0,0.0,0,2017-09-05 14:00:00,1336.108014285714,sl,False,-0.5075112857142585,-1.0180537537622576
1,2017-09-08 10:50:00,2017-09-08 11:00:00,1354.692,1350.7337714285713,1362.6084571428573,0.12,0.12,0.4749874285714395,0.0,0.0192,0.011999999999989085,1370.5249142857147,0.06,False,0.0,0.0,0,2017-09-08 12:25:00,1350.6337714285714,sl,False,-0.48698742857142857,-1.0252638265313252
1,2017-09-08 15:40:00,2017-09-08 15:45:00,1346.952,1342.5665428571428,1355.7229142857143,0.11,0.11,0.4824002857142864,0.0,0.0176,0.747509714285693,1364.4938285714286,0.05,False,0.0,-0.05929,1,2017-09-10 22:00:00,1335.7710000000002,sl_gap,False,-1.2891999999999795,-2.6724693955996957
1,2017-09-20 09:35:00,2017-09-20 09:45:00,1315.381,1311.9399,1322.2632,0.14,0.14,0.48175400000000085,0.0,0.022400000000000003,0.01399999999998727,1329.1454,0.07,False,0.0,0.0,0,2017-09-20 12:35:00,1311.8399000000002,sl,False,-0.49575399999998815,-1.0290604748481327
-1,2017-09-21 10:25:00,2017-09-21 10:30:00,1294.468,1297.7095928571428,1290.922592857143,0.14,0.14,0.4538229999999749,0.0,0.022400000000000003,0.0028000000000000004,1287.3771857142858,0.07,False,0.0,0.0,0,2017-09-21 12:00:00,1293.0220000000002,news_close,False,0.2024399999999878,0.44607699477549395
-1,2017-09-21 14:35:00,2017-09-21 14:40:00,1290.078,1293.3704142857143,1286.0504142857144,0.14,0.14,0.4609380000000102,0.0,0.022400000000000003,0.01399999999998727,1282.0228285714288,0.07,False,0.0,0.0,0,2017-09-21 15:15:00,1293.4704142857142,sl,False,-0.4749379999999974,-1.0303728484090853
1,2018-01-24 08:45:00,2018-01-24 08:55:00,1347.162,1343.0633571428573,1355.3592857142855,0.11,0.11,0.45085071428570245,0.0,0.0176,0.0022,1363.556571428571,0.05,False,0.0,0.0,0,2018-01-24 14:15:00,1352.5910000000001,news_close,False,0.5971900000000097,1.3245847928757468
-1,2018-01-26 14:05:00,2018-01-26 14:15:00,1349.888,1353.96635,1342.85835,0.11,0.11,0.44861850000000003,0.0,0.0176,0.010999999999989995,1335.8287,0.05,False,0.0,0.0,0,2018-01-26 15:00:00,1354.0663499999998,sl,False,-0.45961849999999005,-1.0245197199847755
1,2019-06-20 09:30:00,2019-06-20 09:35:00,1380.985,1377.6715428571429,1387.611914285714,0.14,0.14,0.4638839999999846,0.0,0.022400000000000003,0.0028000000000000004,1394.238828571428,0.07,False,0.0,0.0,0,2019-06-20 12:00:00,1381.118,news_close,False,0.01862000000000535,0.04013934518113574
1,2019-06-20 14:45:00,2019-06-20 14:50:00,1383.538,1380.5010785714285,1389.611842857143,0.15,0.15,0.4555382142857297,0.0,0.024,0.0,1395.6856857142861,0.07,True,0.42516900000001445,-0.04312,1,2019-06-21 01:35:00,1395.6856857142861,tp2,False,1.3538638571429042,2.9720094048876278
1,2019-06-21 13:00:00,2019-06-21 13:05:00,1397.968,1392.7923071428572,1408.3193857142858,0.09,0.09,0.4658123571428564,0.0,0.0144,0.0018,1418.6707714285715,0.04,False,0.0,0.0,0,2019-06-21 13:15:00,1396.458,news_close,False,-0.1358999999999992,-0.29174837875398196
1,2019-06-21 15:45:00,2019-06-21 15:50:00,1397.228,1389.6841,1411.6541,0.06,0.06,0.45263400000000725,0.0,0.0096,0.0,1426.0801999999999,0.03,True,0.43278299999999714,-0.04851,3,2019-06-25 00:05:00,1426.0801999999999,tp2,False,1.2498389999999915,2.7612574397857244
1,2019-06-25 07:05:00,2019-06-25 07:10:00,1430.495,1420.0478357142858,1451.389328571428,0.04,0.04,0.4178865714285621,0.0,0.0064,0.0008,1472.283657142856,0.02,False,0.0,0.0,0,2019-06-25 13:30:00,1429.355,news_close,False,-0.04559999999999491,-0.10912052005909036
-1,2019-07-02 12:25:00,2019-07-02 12:30:00,1391.118,1394.471257142857,1384.4114857142858,0.15,0.15,0.5029885714285569,0.0,0.024,0.014999999999986358,1377.7049714285718,0.07,False,0.0,0.0,0,2019-07-02 13:50:00,1394.571257142857,sl,False,-0.5179885714285433,-1.0298217511332002
1,2019-07-03 09:35:00,2019-07-03 09:55:00,1425.518,1422.2360357142857,1432.0819285714288,0.15,0.15,0.4922946428571549,0.0,0.024,0.014999999999986358,1438.6458571428575,0.07,False,0.0,0.0,0,2019-07-03 11:35:00,1422.1360357142858,sl,False,-0.5072946428571413,-1.0304695576472864
1,2019-07-08 07:00:00,2019-07-08 07:05:00,1405.898,1402.5670714285716,1411.0440714285714,0.14,0.14,0.4663299999999663,0.0,0.022400000000000003,0.01399999999998727,1416.190142857143,0.07,False,0.0,0.0,0,2019-07-08 13:05:00,1402.4670714285717,sl,False,-0.48032999999995357,-1.0300216584821655
1,2019-07-19 10:00:00,2019-07-19 10:05:00,1440.508,1436.4612428571427,1448.6015142857148,0.12,0.12,0.4856108571428831,0.0,0.0192,0.011999999999989085,1456.6950285714295,0.06,False,0.0,0.0,0,2019-07-19 11:15:00,1436.3612428571428,sl,False,-0.4976108571428722,-1.024711144373072
-1,2019-07-24 12:35:00,2019-07-24 12:40:00,1425.488,1428.6825142857142,1422.2425142857142,0.15,0.15,0.4791771428571223,0.0,0.024,0.003,1418.9970285714282,0.07,False,0.0,0.0,0,2019-07-24 13:15:00,1426.798,news_close,False,-0.19649999999999182,-0.410077990841443
1,2019-08-05 12:15:00,2019-08-05 12:20:00,1461.165,1457.6080499999998,1468.2789000000002,0.13,0.13,0.46240350000001856,0.0,0.020800000000000003,0.0026000000000000003,1475.3928000000005,0.06,False,0.0,0.0,0,2019-08-05 13:15:00,1462.775,news_close,False,0.20930000000001656,0.452634982217929
1,2019-08-06 08:15:00,2019-08-06 08:20:00,1461.715,1458.2324285714285,1468.6801428571428,0.13,0.13,0.4527342857142844,0.0,0.020800000000000003,0.0026000000000000003,1475.6452857142856,0.06,False,0.0,0.0,0,2019-08-06 13:30:00,1466.425,news_close,False,0.6123000000000047,1.3524489293625543
1,2019-08-07 11:05:00,2019-08-07 11:10:00,1489.768,1485.8392428571428,1497.6255142857144,0.12,0.12,0.4714508571428632,0.0,0.0192,0.0,1505.4830285714288,0.06,True,0.4714508571428632,0.0,0,2019-08-07 13:50:00,1505.4830285714288,tp2,False,1.4143525714285896,3.0
1,2019-08-08 15:25:00,2019-08-08 15:30:00,1497.598,1492.4429571428573,1507.9080857142853,0.09,0.09,0.463953857142842,0.0,0.0144,0.0018,1518.2181714285707,0.04,False,0.0,0.0,0,2019-08-08 16:30:00,1497.285,news_close,False,-0.028169999999988704,-0.06071724497230709
-1,2019-08-12 07:20:00,2019-08-12 07:30:00,1489.618,1497.3386357142856,1474.1767285714286,0.06,0.06,0.46323814285713977,0.0,0.0096,0.005999999999994543,1458.7354571428573,0.03,False,0.0,0.0,0,2019-08-12 08:20:00,1497.4386357142855,sl,False,-0.46923814285713433,-1.0129523013001218
1,2019-08-13 07:45:00,2019-08-13 08:15:00,1524.618,1521.3003214285714,1531.253357142857,0.15,0.15,0.49765178571428803,0.0,0.024,0.0015999999999999999,1537.8887142857143,0.07,True,0.46447500000000225,0.0,0,2019-08-13 12:00:00,1525.685,news_close,False,0.5498350000000028,1.104858890862444
-1,2019-08-15 11:25:00,2019-08-15 11:30:00,1517.775,1522.921557142857,1509.294557142857,0.09,0.09,0.46319014285711774,0.0,0.0144,0.0018,1500.814114285714,0.04,False,0.0,0.0,0,2019-08-15 12:00:00,1515.325,news_close,False,0.22050000000000408,0.47604639995118087
1,2019-08-26 09:50:00,2019-08-26 10:15:00,1529.415,1525.3884214285713,1534.7484214285714,0.12,0.12,0.48318942857144065,0.0,0.0192,0.0024,1540.0818428571429,0.06,False,0.0,0.0,0,2019-08-26 12:00:00,1531.4080000000001,news_close,False,0.23916000000001986,0.4949611598645716
1,2019-08-28 12:00:00,2019-08-28 12:05:00,1545.898,1542.0266285714285,1553.6407428571426,0.13,0.13,0.5032782857142775,0.0,0.020800000000000003,0.012999999999988177,1561.3834857142854,0.06,False,0.0,0.0,0,2019-08-28 12:20:00,1541.9266285714286,sl,False,-0.5162782857142656,-1.0258306395666126
1,2019-09-04 12:20:00,2019-09-04 12:30:00,1537.995,1533.7161285714287,1544.4791285714286,0.11,0.11,0.4706758571428281,0.0,0.0176,0.0,1550.9632571428574,0.05,True,0.3242064285714378,0.0,0,2019-09-04 17:15:00,1550.9632571428574,tp2,False,1.1023018571428884,2.34195538270065
-1,2019-10-01 07:30:00,2019-10-01 07:35:00,1460.725,1464.9852285714287,1456.4552285714287,0.12,0.12,0.5112274285714556,0.0,0.0192,0.011999999999989085,1452.1854571428576,0.06,False,0.0,0.0,0,2019-10-01 09:25:00,1465.0852285714286,sl,False,-0.5232274285714448,-1.0234729189580483
-1,2019-11-11 15:50:00,2019-11-11 16:00:00,1450.975,1462.8339142857142,1436.826914285714,0.04,0.04,0.4743565714285705,0.0,0.0064,0.003999999999996362,1422.6788285714283,0.02,False,0.0,0.0,2,2019-11-13 06:05:00,1462.933914285714,sl,False,-0.4783565714285669,-1.0084324751482836
1,2019-11-20 07:40:00,2019-11-20 09:30:00,1475.665,1472.5734499999999,1481.8481000000002,0.16,0.16,0.49464800000001563,0.0,0.0256,0.01599999999998545,1488.0312000000004,0.08,False,0.0,0.0,0,2019-11-20 12:10:00,1472.47345,sl,False,-0.5106480000000011,-1.0323462340896656
-1,2019-12-13 09:20:00,2019-12-13 09:25:00,1470.008,1473.378107142857,1465.928107142857,0.14,0.14,0.4718149999999833,0.0,0.022400000000000003,0.01399999999998727,1461.848214285714,0.07,False,0.0,0.0,0,2019-12-13 12:55:00,1473.478107142857,sl,False,-0.4858149999999705,-1.0296726471180182
-1,2020-01-09 09:10:00,2020-01-09 09:15:00,1545.298,1548.7665,1540.9965,0.14,0.14,0.4855899999999929,0.0,0.022400000000000003,0.01399999999998727,1536.695,0.07,False,0.0,0.0,0,2020-01-09 11:50:00,1548.8664999999999,sl,False,-0.49958999999998016,-1.028830906731991
-1,2020-01-09 15:20:00,2020-01-09 15:25:00,1548.528,1552.7345785714285,1541.0245785714285,0.11,0.11,0.4627236428571359,0.0,0.0176,0.0022,1533.521157142857,0.05,False,0.0,0.0,0,2020-01-09 17:30:00,1550.875,news_close,False,-0.2581699999999978,-0.5579356144542343
1,2020-01-27 08:55:00,2020-01-27 09:00:00,1579.425,1575.6879714285715,1585.5149714285715,0.13,0.13,0.48581371428570264,0.0,0.020800000000000003,0.0014000000000000002,1591.604942857143,0.06,True,0.36539828571429095,0.0,0,2020-01-27 14:30:00,1584.708,news_close,False,0.7352082857143001,1.5133543251146895
-1,2020-01-29 14:25:00,2020-01-29 14:30:00,1569.085,1572.3635214285714,1563.4505214285714,0.15,0.15,0.49177821428570495,0.0,0.024,0.014999999999986358,1557.8160428571427,0.07,False,0.0,0.0,0,2020-01-29 14:55:00,1572.4635214285713,sl,False,-0.5067782142856913,-1.0305015544899105
1,2020-02-19 15:15:00,2020-02-19 16:00:00,1605.598,1602.2245714285714,1611.1745714285714,0.14,0.14,0.4722800000000007,0.0,0.022400000000000003,0.0,1616.751142857143,0.07,True,0.39036000000000287,-0.11319000000000001,1,2020-02-20 11:55:00,1616.751142857143,tp2,False,1.0578900000000084,2.2399635809265837
1,2020-02-20 12:25:00,2020-02-20 12:30:00,1617.745,1609.5088142857144,1634.217371428571,0.06,0.06,0.49417114285713065,0.0,0.0096,0.0012,1650.689742857142,0.03,False,0.0,0.0,0,2020-02-20 13:00:00,1616.725,news_close,False,-0.06119999999999891,-0.12384373487727587
1,2020-02-20 14:45:00,2020-02-20 14:50:00,1616.725,1613.4798071428572,1623.2153857142853,0.15,0.15,0.4867789285714025,0.0,0.024,0.003,1629.7057714285706,0.07,False,0.0,0.0,0,2020-02-20 15:30:00,1620.595,news_close,False,0.5805000000000177,1.192533131423062
1,2020-02-21 07:00:00,2020-02-21 07:05:00,1631.795,1625.4697857142858,1644.4454285714287,0.07,0.07,0.44276500000000174,0.0,0.011200000000000002,0.0008000000000000001,1657.0958571428573,0.03,True,0.3795128571428586,0.0,0,2020-02-21 14:15:00,1639.328,news_close,False,0.6808328571428548,1.5376844537008394
1,2020-02-24 09:25:00,2020-02-24 09:45:00,1686.165,1666.377264285714,1725.7404714285717,0.02,0.02,0.39575471428571746,0.0,0.0032,0.001999999999998181,1765.3159428571435,0.01,False,0.0,0.0,0,2020-02-24 19:20:00,1666.2772642857142,sl,False,-0.3977547142857156,-1.00505363531451
-1,2020-02-27 08:50:00,2020-02-27 09:20:00,1647.098,1650.4134714285715,1642.9604714285715,0.15,0.15,0.49732071428572905,0.0,0.024,0.014999999999986358,1638.822942857143,0.07,False,0.0,0.0,0,2020-02-27 11:35:00,1650.5134714285714,sl,False,-0.5123207142857155,-1.030161623212357
-1,2020-03-02 07:50:00,2020-03-02 07:55:00,1597.615,1604.128614285714,1586.5856142857142,0.07,0.07,0.4559529999999859,0.0,0.011200000000000002,0.006999999999993635,1575.5562285714284,0.03,False,0.0,0.0,0,2020-03-02 08:20:00,1604.228614285714,sl,False,-0.4629529999999796,-1.0153524595736707
1,2020-03-03 07:35:00,2020-03-03 07:40:00,1597.548,1593.2780714285716,1604.8580714285715,0.11,0.11,0.46969214285712496,0.0,0.0176,0.0012,1612.168142857143,0.05,True,0.3655035714285759,0.0,0,2020-03-03 14:30:00,1602.778,news_close,False,0.679303571428577,1.4462740792221713
1,2020-03-04 08:05:00,2020-03-04 08:10:00,1637.498,1633.8550928571428,1644.7838142857145,0.13,0.13,0.4735779285714375,0.0,0.020800000000000003,0.0014000000000000002,1652.069628571429,0.06,True,0.4371488571428654,0.0,0,2020-03-04 12:45:00,1646.738,news_close,False,1.0839488571428662,2.2888500323750973
1,2020-03-06 08:10:00,2020-03-06 08:20:00,1672.938,1667.5542285714287,1680.3912285714287,0.09,0.09,0.4845394285714292,0.0,0.0144,0.0,1687.8444571428572,0.04,True,0.29812914285714215,0.0,0,2020-03-06 10:05:00,1687.8444571428572,tp2,False,1.0434519999999974,2.153492447614457
-1,2020-03-10 10:25:00,2020-03-10 10:30:00,1657.185,1665.4599999999998,1642.98,0.06,0.06,0.4964999999999918,0.0,0.0096,0.005999999999994543,1628.775,0.03,False,0.0,0.0,0,2020-03-10 12:05:00,1665.5599999999997,sl,False,-0.5024999999999863,-1.0120845921450043
-1,2020-04-01 11:00:00,2020-04-01 11:30:00,1592.208,1595.2239285714286,1586.4909285714286,0.17,0.17,0.5127078571428456,0.0,0.027200000000000002,0.0034000000000000002,1580.7738571428572,0.08,False,0.0,0.0,0,2020-04-01 11:45:00,1592.958,news_close,False,-0.1275,-0.24867962958577638
1,2020-04-06 07:35:00,2020-04-06 07:40:00,1628.588,1622.4578285714285,1638.8698285714286,0.08,0.08,0.4904137142857144,0.0,0.0128,0.0,1649.1516571428572,0.04,True,0.4112731428571442,0.0,0,2020-04-06 13:55:00,1649.1516571428572,tp2,False,1.2338194285714326,2.5158746434497363
1,2020-04-13 14:05:00,2020-04-13 14:10:00,1692.648,1685.8417714285715,1702.9817714285714,0.07,0.07,0.4764359999999875,0.0,0.011200000000000002,0.0,1713.3155428571429,0.03,True,0.31001314285714443,0.0,0,2020-04-13 16:30:00,1713.3155428571429,tp2,False,1.136714857142863,2.38587104488933
1,2020-04-14 07:30:00,2020-04-14 07:35:00,1713.458,1709.1912000000002,1721.9915999999998,0.12,0.12,0.512015999999985,0.0,0.0192,0.0,1730.5251999999996,0.06,True,0.512015999999985,0.0,0,2020-04-14 12:30:00,1730.5251999999996,tp2,False,1.5360479999999552,3.0
1,2020-04-14 13:20:00,2020-04-14 13:25:00,1730.498,1724.437692857143,1742.618614285714,0.09,0.09,0.5454276428571324,0.0,0.0144,0.0049999999999954525,1754.7392285714282,0.04,True,0.4848245714285622,0.0,0,2020-04-14 19:05:00,1724.337692857143,sl,False,0.17680921428571544,0.3241662145312798
1,2020-04-16 14:05:00,2020-04-16 14:25:00,1730.195,1716.8655857142855,1747.2455857142857,0.04,0.04,0.5331765714285757,0.0,0.0064,0.003999999999996362,1764.2961714285714,0.02,False,0.0,0.0,0,2020-04-16 16:20:00,1716.7655857142856,sl,False,-0.5371765714285721,-1.0075022051124245
-1,2020-04-17 09:30:00,2020-04-17 09:35:00,1691.365,1697.3473785714286,1679.4002428571428,0.09,0.09,0.5384140714285763,0.0,0.0144,0.008999999999991815,1667.4354857142855,0.04,False,0.0,0.0,0,2020-04-17 12:20:00,1697.4473785714285,sl,False,-0.5474140714285681,-1.0167157592596197
-1,2020-04-20 09:55:00,2020-04-20 10:35:00,1680.338,1684.1499285714287,1672.7141428571424,0.14,0.14,0.5336700000000292,0.0,0.022400000000000003,0.01399999999998727,1665.0902857142848,0.07,False,0.0,0.0,0,2020-04-20 10:55:00,1684.2499285714287,sl,False,-0.5476700000000165,-1.026233440140886
-1,2020-04-21 08:00:00,2020-04-21 08:05:00,1693.285,1698.0343857142857,1683.7862285714289,0.11,0.11,0.5224324285714169,0.0,0.017599999999999998,0.0,1674.2874571428576,0.05,True,0.4749385714285609,0.0,0,2020-04-21 09:20:00,1674.2874571428576,tp2,False,1.614791142857107,3.090909090909091
1,2020-04-22 12:50:00,2020-04-22 13:05:00,1703.388,1693.0452785714285,1724.0734428571427,0.05,0.05,0.5171360714285698,0.0,0.008,0.001,1744.7588857142855,0.02,False,0.0,0.0,0,2020-04-22 14:00:00,1708.505,news_close,False,0.25585000000000946,0.49474406086822187
1,2020-04-23 11:00:00,2020-04-23 11:25:00,1728.161,1725.1262642857143,1734.2304714285715,0.18,0.18,0.5462524285714289,0.0,0.0288,0.0036,1740.299942857143,0.09,False,0.0,0.0,0,2020-04-23 12:00:00,1727.545,news_close,False,-0.11087999999999738,-0.2029830792514244
1,2020-04-24 09:15:00,2020-04-24 09:20:00,1730.458,1726.8818285714285,1737.6103428571432,0.15,0.15,0.5364257142857355,0.0,0.024,0.003,1744.7626857142864,0.07,False,0.0,0.0,0,2020-04-24 12:00:00,1730.448,news_close,False,-0.0014999999999986357,-0.0027962865314835324
-1,2020-04-27 09:30:00,2020-04-27 09:40:00,1718.198,1723.8889857142856,1712.1089857142856,0.09,0.09,0.512188714285694,0.0,0.0144,0.0,1706.0199714285711,0.04,True,0.24356057142857937,0.0,1,2020-04-28 00:20:00,1706.0199714285711,tp2,False,0.8524620000000277,1.664351392804279
-1,2020-05-01 12:10:00,2020-05-01 12:15:00,1677.095,1680.7981857142856,1673.3681857142856,0.15,0.15,0.5554778571428415,0.0,0.024,0.014999999999986358,1669.6413714285711,0.07,False,0.0,0.0,0,2020-05-01 12:30:00,1680.8981857142855,sl,False,-0.5704778571428278,-1.0270037766710278
1,2020-05-04 10:00:00,2020-05-04 10:10:00,1707.295,1704.1638357142856,1711.9858357142857,0.18,0.18,0.5636095714286057,0.0,0.0288,0.008999999999991815,1716.6766714285714,0.09,True,0.4221752142857076,0.0,0,2020-05-04 10:55:00,1704.0638357142857,sl,False,0.13137042857141296,0.2330876465394699
1,2020-05-04 11:50:00,2020-05-04 11:55:00,1707.345,1703.5273285714286,1711.9593285714286,0.14,0.14,0.5344740000000002,0.0,0.022400000000000003,0.01399999999998727,1716.5736571428572,0.07,False,0.0,0.0,0,2020-05-04 12:25:00,1703.4273285714287,sl,False,-0.5484739999999875,-1.0261939776303193
1,2020-05-18 10:05:00,2020-05-18 10:30:00,1763.138,1758.2598785714285,1772.8942428571427,0.11,0.11,0.5365933571428514,0.0,0.0176,0.010999999999989995,1782.6504857142854,0.05,False,0.0,0.0,0,2020-05-18 12:05:00,1758.1598785714286,sl,False,-0.5475933571428413,-1.0204996947009568
-1,2020-05-19 10:00:00,2020-05-19 10:10:00,1734.708,1738.906814285714,1730.1298142857142,0.13,0.13,0.5458458571428173,0.0,0.020800000000000003,0.012999999999988177,1725.5516285714284,0.06,False,0.0,0.0,0,2020-05-19 13:25:00,1739.006814285714,sl,False,-0.5588458571428054,-1.0238162474439862
1,2020-05-20 12:00:00,2020-05-20 12:05:00,1751.482,1748.3026285714286,1757.8407428571427,0.17,0.17,0.5404931428571308,0.0,0.027200000000000002,0.01699999999998454,1764.1994857142854,0.08,False,0.0,0.0,0,2020-05-20 12:35:00,1748.2026285714287,sl,False,-0.5574931428571154,-1.03145275795752
-1,2020-06-03 08:40:00,2020-06-03 08:45:00,1716.705,1719.9543857142858,1712.6273857142858,0.16,0.16,0.5199017142857337,0.0,0.0256,0.01599999999998545,1708.5497714285716,0.08,False,0.0,0.0,0,2020-06-03 09:25:00,1720.0543857142857,sl,False,-0.5359017142857192,-1.0307750475913837
1,2020-06-24 08:45:00,2020-06-24 11:20:00,1773.538,1770.3261785714287,1779.9616428571426,0.16,0.16,0.5138914285714055,0.0,0.0256,0.01599999999998545,1786.3852857142851,0.08,False,0.0,0.0,0,2020-06-24 12:30:00,1770.2261785714288,sl,False,-0.5298914285713908,-1.0311349812633859
-1,2020-06-25 08:20:00,2020-06-25 08:25:00,1764.715,1768.6804285714286,1756.7841428571426,0.13,0.13,0.5155057142857277,0.0,0.020800000000000003,0.0026000000000000003,1748.8532857142852,0.06,False,0.0,0.0,0,2020-06-25 12:00:00,1759.325,news_close,False,0.7006999999999834,1.3592477844224415
1,2020-06-29 10:05:00,2020-06-29 10:25:00,1770.165,1767.0411499999998,1773.38115,0.17,0.17,0.5310545000000297,0.0,0.027200000000000002,0.01699999999998454,1776.5973,0.08,False,0.0,0.0,0,2020-06-29 12:35:00,1766.9411499999999,sl,False,-0.5480545000000143,-1.0320117803351325
1,2020-07-07 14:50:00,2020-07-07 14:55:00,1795.318,1791.4219785714286,1803.1100428571428,0.13,0.13,0.506482785714286,0.0,0.020800000000000003,0.0,1810.9020857142857,0.06,True,0.46752257142857157,-0.07007000000000001,1,2020-07-08 13:20:00,1810.9020857142857,tp2,False,1.488338571428572,2.938576815260538
1,2020-07-09 13:15:00,2020-07-09 13:20:00,1812.585,1808.6122785714285,1817.6322785714285,0.13,0.13,0.5164537857142955,0.0,0.020800000000000003,0.012999999999988177,1822.679557142857,0.06,False,0.0,0.0,0,2020-07-09 14:45:00,1808.5122785714286,sl,False,-0.5294537857142837,-1.0251716617431863
-1,2020-07-10 15:00:00,2020-07-10 15:05:00,1801.378,1806.7712142857142,1795.8942142857143,0.1,0.1,0.5393214285714294,0.0,0.016,0.0049999999999954525,1790.4104285714286,0.05,True,0.27418928571428297,0.0,2,2020-07-13 05:35:00,1806.8712142857141,sl,False,-0.0004714285714271793,-0.0008741142970638369
1,2020-07-14 07:55:00,2020-07-14 08:00:00,1800.298,1796.5175142857142,1807.8589714285715,0.14,0.14,0.5292680000000064,0.0,0.022400000000000003,0.01399999999998727,1815.419942857143,0.07,False,0.0,0.0,0,2020-07-14 10:15:00,1796.4175142857143,sl,False,-0.5432679999999938,-1.0264516275308297
1,2020-07-21 08:35:00,2020-07-21 08:40:00,1824.005,1820.9720642857144,1830.0708714285715,0.17,0.17,0.5155990714285713,0.0,0.027200000000000002,0.0,1836.136742857143,0.08,True,0.48526971428571414,0.0,0,2020-07-21 12:20:00,1836.136742857143,tp2,False,1.577126571428571,3.0588235294117645
1,2020-07-22 15:20:00,2020-07-22 15:25:00,1858.998,1853.2769142857144,1865.5269142857144,0.09,0.09,0.5148977142857097,0.0,0.0144,0.0,1872.0558285714287,0.04,True,0.26115657142857346,0.0,0,2020-07-22 22:00:00,1872.0558285714287,tp2,False,0.9140480000000071,1.7752030639095326
1,2020-07-23 15:15:00,2020-07-23 17:30:00,1889.588,1869.4587714285713,1929.8464571428574,0.02,0.02,0.40258457142857423,0.0,0.0032,0.0004,1970.1049142857148,0.01,False,0.0,-0.010780000000000001,1,2020-07-24 13:15:00,1902.328,news_close,False,0.24402000000000018,0.6061335116099792
1,2020-07-27 08:10:00,2020-07-27 08:15:00,1936.595,1931.6223785714287,1946.5402428571426,0.11,0.11,0.5469883571428431,0.0,0.0176,0.0022,1956.4854857142852,0.05,False,0.0,0.0,0,2020-07-27 12:00:00,1940.115,news_close,False,0.387199999999998,0.7078761274234632
-1,2020-07-28 10:45:00,2020-07-28 11:00:00,1928.598,1932.7517357142858,1920.2905285714282,0.13,0.13,0.5399856428571616,0.0,0.020800000000000003,0.012999999999988177,1911.9830571428565,0.06,False,0.0,0.0,0,2020-07-28 11:30:00,1932.8517357142857,sl,False,-0.5529856428571498,-1.0240747141557374
-1,2020-07-29 10:10:00,2020-07-29 10:15:00,1954.215,1959.5388857142857,1947.9188857142858,0.1,0.1,0.532388571428578,0.0,0.016,0.009999999999990905,1941.6227714285717,0.05,False,0.0,0.0,0,2020-07-29 12:45:00,1959.6388857142856,sl,False,-0.5423885714285689,-1.0187832732268416
1,2020-07-31 14:55:00,2020-07-31 15:00:00,1970.845,1963.5999428571427,1980.4899428571428,0.07,0.07,0.5071540000000164,0.0,0.011200000000000002,0.0008000000000000001,1990.1348857142855,0.03,True,0.28934828571428167,-0.03773000000000001,2,2020-08-03 13:15:00,1967.338,news_close,False,0.11133828571427914,0.21953545809414013
1,2020-08-04 15:25:00,2020-08-04 15:30:00,1994.198,1989.5647428571428,2003.4645142857146,0.12,0.12,0.5559908571428696,0.0,0.0192,0.0,2012.731028571429,0.06,True,0.5559908571428696,0.0,0,2020-08-04 19:35:00,2012.731028571429,tp2,False,1.6679725714286087,3.0
1,2020-08-05 07:40:00,2020-08-05 07:45:00,2036.728,2027.2319642857142,2055.720071428572,0.06,0.06,0.5697621428571529,0.0,0.0096,0.0012,2074.7121428571436,0.03,False,0.0,0.0,0,2020-08-05 11:45:00,2039.965,news_close,False,0.19421999999999115,0.34087908864223143
1,2020-08-06 13:40:00,2020-08-06 14:15:00,2062.068,2053.306135714286,2079.5917285714286,0.06,0.06,0.525711857142851,0.0,0.0096,0.005999999999994543,2097.115457142857,0.03,False,0.0,0.0,0,2020-08-06 15:10:00,2053.206135714286,sl,False,-0.5317118571428454,-1.0114130962017926
1,2020-08-07 07:45:00,2020-08-07 08:00:00,2061.695,2056.463514285714,2069.340514285714,0.1,0.1,0.5231485714286009,0.0,0.016,0.009999999999990905,2076.986028571428,0.05,False,0.0,0.0,0,2020-08-07 10:25:00,2056.3635142857142,sl,False,-0.5331485714285918,-1.0191150287817534
-1,2020-08-10 11:10:00,2020-08-10 11:15:00,2028.088,2031.8061928571428,2020.6516142857142,0.15,0.15,0.5577289285714301,0.0,0.024,0.014999999999986358,2013.2152285714285,0.07,False,0.0,0.0,0,2020-08-10 11:55:00,2031.9061928571427,sl,False,-0.5727289285714164,-1.0268947856773494
-1,2020-08-11 08:05:00,2020-08-11 09:00:00,1993.898,2006.9392928571428,1969.9592928571428,0.04,0.04,0.5216517142857174,0.0,0.0064,0.0008,1946.0205857142857,0.02,False,0.0,0.0,0,2020-08-11 12:00:00,1978.1950000000002,news_close,False,0.6281199999999899,1.2040984104884165
-1,2020-08-12 11:45:00,2020-08-12 11:50:00,1926.058,1944.6857285714286,1907.1127285714285,0.03,0.03,0.558831857142859,0.0,0.0048,0.0006,1888.167457142857,0.01,False,0.0,0.0,0,2020-08-12 12:00:00,1929.238,news_close,False,-0.0954000000000019,-0.1707132454612622
1,2020-08-14 09:20:00,2020-08-14 09:25:00,1949.555,1945.0183785714285,1958.6282428571433,0.12,0.12,0.5443945714285928,0.0,0.0192,0.011999999999989085,1967.7014857142865,0.06,False,0.0,0.0,0,2020-08-14 09:45:00,1944.9183785714285,sl,False,-0.5563945714285818,-1.0220428355273616
1,2020-08-14 13:20:00,2020-08-14 13:35:00,1950.008,1943.8111000000001,1960.6111,0.09,0.09,0.5577209999999923,0.0,0.0144,0.008999999999991815,1971.2142000000001,0.04,False,0.0,0.0,0,2020-08-14 14:10:00,1943.7111000000002,sl,False,-0.566720999999984,-1.0161371008084543
1,2020-08-18 07:40:00,2020-08-18 07:50:00,2007.398,1996.766957142857,2028.6600857142855,0.05,0.05,0.5315521428571401,0.0,0.008,0.0049999999999954525,2049.9221714285713,0.02,False,0.0,0.0,0,2020-08-18 14:05:00,1996.6669571428572,sl,False,-0.5365521428571356,-1.0094064149062028
1,2020-08-18 15:25:00,2020-08-18 15:35:00,1998.208,1987.8270928571428,2018.9698142857146,0.05,0.05,0.5190453571428634,0.0,0.008,0.0049999999999954525,2039.7316285714292,0.02,False,0.0,-0.02695,1,2020-08-19 05:40:00,1987.727092857143,sl,False,-0.5509953571428589,-1.0615553141171852
1,2020-08-19 13:35:00,2020-08-19 13:40:00,1994.398,1988.56375,2006.0664999999997,0.09,0.09,0.5250824999999895,0.0,0.0144,0.008999999999991815,2017.7349999999994,0.04,False,0.0,0.0,0,2020-08-19 13:40:00,1988.4637500000001,sl,False,-0.5340824999999814,-1.0171401636885482
-1,2020-08-28 09:50:00,2020-08-28 09:55:00,1955.975,1960.154,1948.047,0.12,0.12,0.5014800000000105,0.0,0.0192,0.011999999999989085,1940.1190000000001,0.06,False,0.0,0.0,0,2020-08-28 11:25:00,1960.254,sl,False,-0.5134799999999995,-1.0239291696577906
-1,2020-08-31 12:00:00,2020-08-31 12:05:00,1965.688,1969.0482357142855,1960.5182357142855,0.15,0.15,0.5040353571428113,0.0,0.024,0.007999999999992723,1955.348471428571,0.07,True,0.3618835000000195,0.0,0,2020-08-31 13:05:00,1969.1482357142854,sl,False,0.08506464285719412,0.16876721375141993
1,2020-09-01 12:40:00,2020-09-01 12:45:00,1990.608,1987.3653571428572,1997.0932857142855,0.16,0.16,0.5188228571428408,0.0,0.0256,0.01599999999998545,2003.578571428571,0.08,False,0.0,0.0,0,2020-09-01 13:00:00,1987.2653571428573,sl,False,-0.5348228571428263,-1.030839042227433
-1,2020-09-22 07:40:00,2020-09-22 07:45:00,1898.398,1909.885592857143,1882.692592857143,0.04,0.04,0.45950371428572,0.0,0.0064,0.003999999999996362,1866.987185714286,0.02,False,0.0,0.0,0,2020-09-22 12:35:00,1909.9855928571428,sl,False,-0.46350371428571635,-1.0087050438889578
-1,2020-09-23 07:35:00,2020-09-23 07:40:00,1877.885,1883.4494285714284,1870.0064285714284,0.09,0.09,0.5007985714285541,0.0,0.0144,0.008999999999991815,1862.1278571428568,0.04,False,0.0,0.0,0,2020-09-23 09:00:00,1883.5494285714283,sl,False,-0.509798571428546,-1.0179712972709145
1,2020-10-09 13:55:00,2020-10-09 14:00:00,1923.068,1916.2880071428572,1931.638007142857,0.07,0.07,0.4745994999999971,0.0,0.011200000000000002,0.003999999999996362,1940.2080142857142,0.03,True,0.2571002142857128,-0.05929000000000001,3,2020-10-13 02:00:00,1916.1880071428573,sl,False,-0.07738949999999628,-0.16306275080356541
-1,2020-10-14 13:30:00,2020-10-14 13:35:00,1906.365,1909.8189499999999,1902.87895,0.15,0.15,0.5180924999999774,0.0,0.024,0.014999999999986358,1899.3929,0.07,False,0.0,0.0,0,2020-10-14 13:50:00,1909.9189499999998,sl,False,-0.5330924999999638,-1.0289523588934157
-1,2020-10-19 15:20:00,2020-10-19 15:25:00,1906.338,1909.7249785714287,1902.8649785714288,0.15,0.15,0.5080467857143048,0.0,0.024,0.014999999999986358,1899.3919571428576,0.07,False,0.0,0.0,0,2020-10-19 16:30:00,1909.8249785714286,sl,False,-0.5230467857142912,-1.0295248398804386
-1,2020-11-24 07:55:00,2020-11-24 08:00:00,1827.435,1833.0055785714285,1816.2938428571429,0.09,0.09,0.5013520714285686,0.0,0.0144,0.0,1805.1526857142858,0.04,True,0.44564628571428333,0.0,0,2020-11-24 13:15:00,1805.1526857142858,tp2,False,1.5597619999999914,3.111111111111111
1,2020-12-03 10:45:00,2020-12-03 11:00:00,1838.428,1834.519857142857,1846.2442857142862,0.13,0.13,0.5080585714285962,0.0,0.020800000000000003,0.0026000000000000003,1854.0605714285723,0.06,False,0.0,0.0,0,2020-12-03 13:00:00,1841.195,news_close,False,0.3597099999999773,0.708008919106548
-1,2021-01-18 07:40:00,2021-01-18 07:45:00,1835.948,1840.8265785714286,1830.9295785714287,0.1,0.1,0.4878578571428534,0.0,0.016,0.0049999999999954525,1825.9111571428573,0.05,True,0.25092107142857006,0.0,1,2021-01-19 01:00:00,1840.9265785714285,sl,False,0.0019921428571479105,0.004083449365384672
-1,2021-02-04 15:55:00,2021-02-04 16:00:00,1786.586,1792.9195071428571,1774.5525071428572,0.08,0.08,0.5066805714285693,0.0,0.0128,0.007999999999992725,1762.5190142857143,0.04,False,0.0,0.0,0,2021-02-04 16:50:00,1793.019507142857,sl,False,-0.5146805714285619,-1.0157890403759453
1,2021-02-15 12:15:00,2021-02-15 12:55:00,1821.385,1817.8509714285715,1826.8239714285714,0.14,0.14,0.4947639999999911,0.0,0.022400000000000003,0.01399999999998727,1832.262942857143,0.07,False,0.0,0.0,0,2021-02-15 13:55:00,1817.7509714285716,sl,False,-0.5087639999999783,-1.0282963190530992
-1,2021-02-17 09:45:00,2021-02-17 09:50:00,1784.785,1789.4536142857144,1775.4477714285715,0.11,0.11,0.5135475714285712,0.0,0.0176,0.010999999999989995,1766.110542857143,0.05,False,0.0,0.0,0,2021-02-17 10:55:00,1789.5536142857143,sl,False,-0.5245475714285612,-1.0214196320107025
-1,2021-02-18 08:05:00,2021-02-18 08:10:00,1779.471,1783.8865357142856,1774.3895357142858,0.11,0.11,0.48570892857141873,0.0,0.0176,0.010999999999989995,1769.3080714285716,0.05,False,0.0,0.0,0,2021-02-18 08:45:00,1783.9865357142855,sl,False,-0.4967089285714087,-1.0226473086100012
-1,2021-02-18 12:15:00,2021-02-18 12:30:00,1781.185,1786.876357142857,1774.3493571428571,0.08,0.08,0.45530857142855896,0.0,0.0128,0.0016,1767.5137142857143,0.04,False,0.0,0.0,0,2021-02-18 13:00:00,1784.2450000000001,news_close,False,-0.24480000000001384,-0.537657350117391
1,2021-02-22 13:00:00,2021-02-22 13:25:00,1797.505,1793.2191142857143,1802.0721142857144,0.11,0.11,0.47144742857143457,0.0,0.0176,0.0,1806.6392285714287,0.05,True,0.22835571428571486,0.0,0,2021-02-22 14:45:00,1806.6392285714287,tp2,False,0.7764094285714305,1.6468632163804189
-1,2021-03-01 12:30:00,2021-03-01 12:35:00,1741.725,1747.2275785714287,1735.0405785714286,0.09,0.09,0.4952320714285906,0.0,0.0144,0.001,1728.3561571428572,0.04,True,0.26737685714285364,0.0,0,2021-03-01 14:15:00,1740.0,news_close,False,0.3536268571428491,0.7140629162460046
1,2022-03-07 10:35:00,2022-03-07 10:40:00,2001.457,1995.3445142857142,2013.6819714285718,0.08,0.08,0.4889988571428694,0.0,0.0128,0.007999999999992725,2025.9069428571436,0.04,False,0.0,0.0,0,2022-03-07 11:25:00,1995.2445142857143,sl,False,-0.4969988571428621,-1.016359956435758
1,2022-04-18 09:00:00,2022-04-18 09:05:00,1993.028,1989.6890214285713,1997.8960214285714,0.15,0.15,0.5008467857143045,0.0,0.024,0.014999999999986358,2002.7640428571428,0.07,False,0.0,0.0,0,2022-04-18 10:25:00,1989.5890214285714,sl,False,-0.5158467857142909,-1.0299492787571622
1,2022-09-26 12:00:00,2022-09-26 12:05:00,1641.206,1637.7155214285713,1644.9095214285712,0.14,0.14,0.4886670000000095,0.0,0.022400000000000003,0.006999999999993635,1648.6130428571425,0.07,True,0.2592464999999925,0.0,0,2022-09-26 15:30:00,1637.6155214285714,sl,False,0.00791299999999412,0.016193031246214632
-1,2022-10-18 07:10:00,2022-10-18 07:15:00,1653.198,1656.7435071428572,1649.3835071428573,0.14,0.14,0.4963709999999947,0.0,0.022400000000000003,0.01399999999998727,1645.5690142857145,0.07,False,0.0,0.0,0,2022-10-18 07:55:00,1656.843507142857,sl,False,-0.5103709999999819,-1.028204709783584
-1,2022-10-18 13:50:00,2022-10-18 14:00:00,1653.388,1656.6402857142857,1649.4102857142857,0.15,0.15,0.4878428571428685,0.0,0.024,0.0,1645.4325714285715,0.07,True,0.27843999999999597,0.0,1,2022-10-19 05:00:00,1645.4325714285715,tp2,False,0.9148742857142724,1.87534627661125
-1,2022-10-21 07:05:00,2022-10-21 07:10:00,1619.678,1622.8474785714286,1616.1294785714285,0.16,0.16,0.5071165714285598,0.0,0.0256,0.01599999999998545,1612.580957142857,0.08,False,0.0,0.0,0,2022-10-21 07:20:00,1622.9474785714285,sl,False,-0.5231165714285453,-1.031550931090485
1,2023-04-05 07:10:00,2023-04-05 07:15:00,2026.265,2022.5339857142856,2030.6839857142857,0.13,0.13,0.48503185714288977,0.0,0.020800000000000003,0.012999999999988177,2035.1029714285712,0.06,False,0.0,0.0,0,2023-04-05 09:05:00,2022.4339857142857,sl,False,-0.49803185714287795,-1.0268023632026264
1,2023-04-05 15:45:00,2023-04-05 15:50:00,2021.455,2015.4422071428571,2030.4992071428571,0.08,0.08,0.48102342857142505,0.0,0.0128,0.007999999999992725,2039.5434142857143,0.04,False,0.0,-0.12936000000000003,1,2023-04-06 01:00:00,2015.3422071428572,sl,False,-0.6183834285714178,-1.2855578166076724
-1,2023-04-10 12:05:00,2023-04-10 12:30:00,1999.848,2002.9982785714285,1993.5474428571429,0.15,0.15,0.4725417857142815,0.0,0.024,0.0,1987.2468857142858,0.07,True,0.4410389999999962,0.0,0,2023-04-10 13:05:00,1987.2468857142858,tp2,False,1.44912814285713,3.066666666666667
-1,2023-05-08 13:25:00,2023-05-08 13:30:00,2022.114,2026.984342857143,2015.545342857143,0.1,0.1,0.4870342857142987,0.0,0.016,0.009999999999990905,2008.9766857142858,0.05,False,0.0,0.0,0,2023-05-08 15:25:00,2027.084342857143,sl,False,-0.4970342857142896,-1.0205324353814735
-1,2023-12-06 14:45:00,2023-12-06 14:50:00,2027.955,2033.1562142857142,2021.6552142857142,0.09,0.09,0.4681092857142857,0.0,0.0144,0.0018,2015.3554285714285,0.04,False,0.0,0.0,0,2023-12-06 15:00:00,2025.2450000000001,news_close,False,0.2438999999999828,0.521032176552142
1,2023-12-22 12:25:00,2023-12-22 12:45:00,2062.375,2057.5846928571427,2069.3646928571425,0.1,0.1,0.4790307142857273,0.0,0.016,0.002,2076.354385714285,0.05,False,0.0,0.0,0,2023-12-22 13:00:00,2060.015,news_close,False,-0.23600000000001276,-0.49266152036181526
1,2024-03-05 09:20:00,2024-03-05 09:45:00,2123.275,2118.771642857143,2132.2817142857143,0.11,0.11,0.49536928571428235,0.0,0.0176,0.0,2141.2884285714285,0.05,True,0.45033571428571123,0.0,0,2024-03-05 13:35:00,2141.2884285714285,tp2,False,1.531141428571418,3.0909090909090904
1,2024-03-06 07:35:00,2024-03-06 07:45:00,2129.895,2125.3406285714286,2139.0037428571427,0.11,0.11,0.5009808571428493,0.0,0.0176,0.010999999999989995,2148.1124857142854,0.05,False,0.0,0.0,0,2024-03-06 08:40:00,2125.2406285714287,sl,False,-0.5119808571428394,-1.0219569267830397
1,2024-03-06 11:15:00,2024-03-06 11:20:00,2127.575,2124.484857142857,2133.7552857142855,0.16,0.16,0.4944228571428539,0.0,0.0256,0.0032,2139.935571428571,0.08,False,0.0,0.0,0,2024-03-06 12:45:00,2132.305,news_close,False,0.7568000000000029,1.5306735703388814
1,2024-03-07 07:30:00,2024-03-07 07:40:00,2156.505,2152.491714285714,2164.5315714285725,0.13,0.13,0.5217271428572076,0.0,0.020800000000000003,0.012999999999988177,2172.558142857145,0.06,False,0.0,0.0,0,2024-03-07 07:45:00,2152.391714285714,sl,False,-0.5347271428571958,-1.0249172391698744
1,2024-03-07 08:30:00,2024-03-07 08:35:00,2158.185,2151.9769928571427,2170.6010142857144,0.08,0.08,0.4966405714285793,0.0,0.0128,0.0016,2183.017028571429,0.04,False,0.0,0.0,0,2024-03-07 13:00:00,2158.275,news_close,False,0.0072000000000116415,0.014497405999878237
1,2024-03-08 09:50:00,2024-03-08 10:00:00,2168.615,2164.4019357142856,2177.041128571428,0.12,0.12,0.5055677142856985,0.0,0.0192,0.0024,2185.4672571428564,0.06,False,0.0,0.0,0,2024-03-08 13:00:00,2165.885,news_close,False,-0.3275999999999476,-0.6479844158221295
1,2024-03-08 15:30:00,2024-03-08 15:40:00,2173.278,2164.195007142857,2191.4439857142856,0.05,0.05,0.4541496428571463,0.0,0.008,0.0006000000000000001,2209.6099714285715,0.02,True,0.3633197142857171,-0.03234000000000001,3,2024-03-12 12:00:00,2171.795,news_close,False,0.28648971428572545,0.6308266862952072
1,2024-03-13 13:30:00,2024-03-13 13:45:00,2164.805,2161.1881357142856,2172.0387285714282,0.14,0.14,0.5063609999999881,0.0,0.022400000000000003,0.0028000000000000004,2179.2724571428566,0.07,False,0.0,0.0,0,2024-03-13 14:00:00,2165.895,news_close,False,0.15260000000002039,0.301366021474845
1,2024-03-15 08:50:00,2024-03-15 08:55:00,2168.865,2165.0721714285714,2176.4506571428565,0.13,0.13,0.49306771428568485,0.0,0.020800000000000003,0.012999999999988177,2184.036314285713,0.06,False,0.0,0.0,0,2024-03-15 12:00:00,2164.9721714285715,sl,False,-0.506067714285673,-1.026365547009748
1,2024-03-21 07:25:00,2024-03-21 07:30:00,2209.445,2204.72045,2218.894100000001,0.1,0.1,0.4724550000000363,0.0,0.016,0.009999999999990905,2228.3432000000016,0.05,False,0.0,0.0,0,2024-03-21 08:05:00,2204.62045,sl,False,-0.4824550000000272,-1.0211660369770457
1,2024-04-01 12:40:00,2024-04-01 12:45:00,2250.915,2243.302021428571,2265.3720214285713,0.06,0.06,0.4567787142857287,0.0,0.0096,0.0012,2279.8290428571427,0.03,False,0.0,0.0,0,2024-04-01 13:15:00,2255.285,news_close,False,0.26219999999999344,0.5740197426011833
1,2024-04-01 15:25:00,2024-04-01 15:30:00,2238.745,2233.293407142857,2249.6481857142853,0.09,0.09,0.49064335714284424,0.0,0.0144,0.0,2260.5513714285707,0.04,True,0.4361274285714171,-0.026949999999999998,1,2024-04-02 08:05:00,2260.5513714285707,tp2,False,1.4994959999999597,3.056183229977781
1,2024-04-03 12:55:00,2024-04-03 13:00:00,2274.324,2265.128442857143,2287.9084428571427,0.05,0.05,0.45977785714285346,0.0,0.008,0.001,2301.4928857142854,0.02,False,0.0,0.0,0,2024-04-03 13:15:00,2275.008,news_close,False,0.03419999999998709,0.07438374743079702
1,2024-04-04 07:30:00,2024-04-04 07:35:00,2297.235,2292.7295714285715,2304.6495714285716,0.11,0.11,0.4955971428571502,0.0,0.0176,0.010999999999989995,2312.064142857143,0.05,False,0.0,0.0,0,2024-04-04 07:50:00,2292.6295714285716,sl,False,-0.5065971428571402,-1.022195446762615
1,2024-04-04 10:05:00,2024-04-04 10:10:00,2293.965,2290.7269428571426,2300.4411142857152,0.16,0.16,0.5180891428572068,0.0,0.0256,0.01599999999998545,2306.9172285714303,0.08,False,0.0,0.0,0,2024-04-04 11:50:00,2290.6269428571427,sl,False,-0.5340891428571922,-1.0308827162672183
1,2024-04-04 13:20:00,2024-04-04 13:30:00,2289.015,2282.341114285714,2302.3627714285717,0.07,0.07,0.4671720000000142,0.0,0.011200000000000002,0.003999999999996362,2315.7105428571435,0.03,True,0.4004331428571549,0.0,0,2024-04-04 19:45:00,2282.241114285714,sl,False,0.12947771428572186,0.27715212873570744
-1,2024-04-05 11:10:00,2024-04-05 11:15:00,2292.915,2296.1309071428573,2286.4831857142854,0.16,0.16,0.5145451428571687,0.0,0.0256,0.0032,2280.0513714285707,0.08,False,0.0,0.0,0,2024-04-05 12:00:00,2291.085,news_close,False,0.29279999999998835,0.5690462810981504
1,2024-04-05 15:15:00,2024-04-05 15:20:00,2324.588,2314.590221428571,2344.5835571428584,0.05,0.05,0.49988892857145406,0.0,0.008,0.0049999999999954525,2364.5791142857165,0.02,False,0.0,-0.02695,1,2024-04-07 22:15:00,2314.490221428571,sl,False,-0.5318389285714495,-1.0639141980825617
1,2024-04-08 08:00:00,2024-04-08 08:10:00,2338.835,2333.656471428572,2349.1920571428564,0.09,0.09,0.4660675714285344,0.0,0.0144,0.008999999999991815,2359.5491142857127,0.04,False,0.0,0.0,0,2024-04-08 08:40:00,2333.556471428572,sl,False,-0.4750675714285262,-1.019310504638643
1,2024-04-08 13:30:00,2024-04-08 13:35:00,2334.965,2325.0453357142856,2353.4053357142857,0.05,0.05,0.49598321428572945,0.0,0.008,0.0049999999999954525,2371.845671428571,0.02,False,0.0,0.0,0,2024-04-08 14:00:00,2324.9453357142856,sl,False,-0.5009832142857249,-1.0100809863236924
1,2024-04-09 08:30:00,2024-04-09 10:45:00,2356.115,2351.039264285714,2366.266471428571,0.09,0.09,0.45681621428570907,0.0,0.0144,0.008999999999991815,2376.4179428571424,0.04,False,0.0,0.0,0,2024-04-09 11:35:00,2350.939264285714,sl,False,-0.46581621428570086,-1.0197015773927036
1,2024-04-09 12:05:00,2024-04-09 12:10:00,2355.585,2349.248192857143,2368.2586142857144,0.07,0.07,0.4435765000000038,0.0,0.011200000000000002,0.006999999999993635,2380.932228571429,0.03,False,0.0,0.0,0,2024-04-09 12:25:00,2349.148192857143,sl,False,-0.45057649999999744,-1.0157808179648686
1,2024-04-09 13:45:00,2024-04-09 13:50:00,2357.285,2347.6888785714286,2376.4772428571423,0.05,0.05,0.4798060714285612,0.0,0.008,0.0049999999999954525,2395.6694857142847,0.02,False,0.0,0.0,0,2024-04-09 14:40:00,2347.5888785714287,sl,False,-0.48480607142855664,-1.0104208768870069
1,2024-04-12 07:55:00,2024-04-12 08:00:00,2398.775,2392.429407142857,2411.466185714286,0.07,0.07,0.4441915000000063,0.0,0.011200000000000002,0.006999999999993635,2424.157371428572,0.03,False,0.0,0.0,0,2024-04-12 11:15:00,2392.3294071428572,sl,False,-0.45119149999999997,-1.015758968823117
1,2024-04-12 13:00:00,2024-04-12 13:05:00,2397.435,2391.2279285714285,2409.849142857143,0.07,0.07,0.43449500000000174,0.0,0.011200000000000002,0.0,2422.2632857142858,0.03,True,0.37242428571428715,0.0,0,2024-04-12 14:50:00,2422.2632857142858,tp2,False,1.3655557142857198,3.142857142857143
1,2024-04-12 14:50:00,2024-04-12 15:10:00,2420.078,2392.7902785714286,2474.6534428571426,0.01,0.01,0.2728772142857133,0.0,0.0016,0.0009999999999990906,,0.0,False,0.0,0.0,0,2024-04-12 15:30:00,2392.6902785714287,sl,False,-0.2738772142857124,-1.0036646518934045
1,2024-04-15 10:00:00,2024-04-15 10:30:00,2349.605,2346.000642857143,2353.650642857143,0.13,0.13,0.46856642857143926,0.0,0.020800000000000003,0.0,2357.6962857142858,0.06,True,0.24273857142857194,0.0,0,2024-04-15 11:00:00,2357.6962857142858,tp2,False,0.8091285714285732,1.7268172068908916
1,2024-04-16 09:55:00,2024-04-16 10:00:00,2371.735,2367.2492714285713,2380.7064571428577,0.11,0.11,0.4934301428571689,0.0,0.0176,0.010999999999989995,2389.6779142857154,0.05,False,0.0,0.0,0,2024-04-16 13:55:00,2367.1492714285714,sl,False,-0.5044301428571589,-1.022292922633983
-1,2024-04-18 10:10:00,2024-04-18 10:15:00,2377.675,2380.7578285714285,2372.6878285714283,0.16,0.16,0.49325257142852935,0.0,0.0256,0.01599999999998545,2367.7006571428565,0.08,False,0.0,0.0,0,2024-04-18 10:20:00,2380.8578285714284,sl,False,-0.5092525714285148,-1.032437742703798
1,2024-04-19 12:25:00,2024-04-19 12:35:00,2380.875,2374.185357142857,2391.785357142857,0.07,0.07,0.468275000000017,0.0,0.011200000000000002,0.006999999999993635,2402.6957142857136,0.03,False,0.0,0.0,0,2024-04-19 13:15:00,2374.085357142857,sl,False,-0.4752750000000106,-1.0149484811275284
-1,2024-04-30 12:20:00,2024-04-30 12:25:00,2309.435,2313.68745,2305.09045,0.11,0.11,0.4677694999999949,0.0,0.017599999999999998,0.0012,2300.7459000000003,0.05,True,0.21722749999998997,0.0,0,2024-04-30 13:15:00,2306.145,news_close,False,0.41462749999998777,0.8863927639574455
-1,2024-05-03 10:10:00,2024-05-03 10:15:00,2300.025,2303.1768785714285,2295.5298785714285,0.15,0.15,0.4727817857142554,0.0,0.024,0.003,2291.034757142857,0.07,False,0.0,0.0,0,2024-05-03 12:00:00,2298.375,news_close,False,0.24750000000001363,0.5234973247247731
1,2024-05-07 07:40:00,2024-05-07 07:45:00,2321.255,2317.4896642857143,2328.079664285714,0.13,0.13,0.48949364285715546,0.0,0.020800000000000003,0.012999999999988177,2334.904328571428,0.06,False,0.0,0.0,0,2024-05-07 08:05:00,2317.3896642857144,sl,False,-0.5024936428571437,-1.026558056860775
1,2024-05-07 10:50:00,2024-05-07 10:55:00,2315.115,2311.9637357142856,2320.4367357142855,0.15,0.15,0.4726896428571308,0.0,0.024,0.014999999999986358,2325.7584714285713,0.07,False,0.0,0.0,0,2024-05-07 12:00:00,2311.8637357142857,sl,False,-0.48768964285711713,-1.031733295253351
1,2024-05-07 14:15:00,2024-05-07 14:20:00,2321.665,2317.1625357142857,2327.9625357142854,0.1,0.1,0.4502464285714268,0.0,0.016,0.009999999999990905,2334.260071428571,0.05,False,0.0,0.0,0,2024-05-07 14:55:00,2317.062535714286,sl,False,-0.46024642857141773,-1.0222100595705326
1,2024-05-10 10:20:00,2024-05-10 10:25:00,2375.285,2369.6058857142857,2386.643228571428,0.08,0.08,0.45432914285713194,0.0,0.0128,0.007999999999992725,2398.0014571428565,0.04,False,0.0,0.0,0,2024-05-10 12:20:00,2369.505885714286,sl,False,-0.4623291428571247,-1.0176083795762765
1,2024-05-10 13:20:00,2024-05-10 13:25:00,2369.745,2359.6889857142855,2389.8570285714286,0.04,0.04,0.40224057142857417,0.0,0.0064,0.003999999999996362,2409.9690571428573,0.02,False,0.0,0.0,0,2024-05-10 14:55:00,2359.5889857142856,sl,False,-0.40624057142857056,-1.0099442977265825
-1,2024-05-14 15:55:00,2024-05-14 16:15:00,2349.455,2353.9276571428572,2344.8676571428573,0.1,0.1,0.44726571428573153,0.0,0.016,0.009999999999990905,2340.2803142857147,0.05,False,0.0,0.0,0,2024-05-14 16:50:00,2354.027657142857,sl,False,-0.45726571428572244,-1.0223580741393528
1,2024-05-17 09:00:00,2024-05-17 09:10:00,2384.695,2381.0313928571427,2391.8813928571426,0.12,0.12,0.4396328571428967,0.0,0.0192,0.0,2399.067785714285,0.06,True,0.4311835714285462,0.0,0,2024-05-17 13:10:00,2399.067785714285,tp2,False,1.2935507142856386,2.942343123969889
1,2024-05-17 14:25:00,2024-05-17 14:30:00,2403.435,2395.45415,2417.41415,0.06,0.06,0.4788509999999951,0.0,0.0096,0.0,2431.3933,0.03,True,0.41937450000000354,-0.01617,2,2024-05-20 01:00:00,2431.3933,tp2,False,1.2419535000000106,2.5936115827261994
1,2024-05-20 09:00:00,2024-05-20 09:40:00,2441.735,2436.6078785714285,2451.9892428571434,0.09,0.09,0.4614409285714464,0.0,0.0144,0.008999999999991815,2462.2434857142866,0.04,False,0.0,0.0,0,2024-05-20 10:35:00,2436.5078785714286,sl,False,-0.4704409285714382,-1.0195041216388292
1,2024-05-20 14:55:00,2024-05-20 15:35:00,2421.595,2414.2930214285716,2431.0430214285716,0.06,0.06,0.43811871428569243,0.0,0.0096,0.0029999999999972713,2440.4910428571434,0.03,True,0.28344064285715376,-0.01617,1,2024-05-21 02:40:00,2414.1930214285717,sl,False,0.045211285714310254,0.10319414405299397
1,2024-05-21 11:55:00,2024-05-21 12:00:00,2422.895,2417.040285714286,2431.220285714286,0.08,0.08,0.46837714285713444,0.0,0.0128,0.003999999999996362,2439.545571428572,0.04,True,0.33301142857144445,-0.021560000000000003,1,2024-05-22 02:50:00,2416.940285714286,sl,False,0.07326285714288086,0.15641851499407536
-1,2024-05-23 07:30:00,2024-05-23 07:35:00,2361.185,2364.8992428571432,2356.699242857143,0.13,0.13,0.4828515714286277,0.0,0.0208,0.006999999999993635,2352.213485714286,0.06,True,0.26914542857141893,0.0,0,2024-05-23 10:00:00,2364.999242857143,sl,False,0.002148428571394967,0.004449459623872292
1,2024-07-11 08:05:00,2024-07-11 08:15:00,2381.895,2378.8286428571428,2386.4086428571427,0.16,0.16,0.49061714285715424,0.0,0.0256,0.0032,2390.9222857142854,0.08,False,0.0,0.0,0,2024-07-11 12:00:00,2380.675,news_close,False,-0.19519999999996798,-0.3978662442637099
1,2024-07-11 13:20:00,2024-07-11 13:25:00,2409.588,2402.264257142857,2417.204257142857,0.06,0.06,0.4394245714285989,0.0,0.0096,0.005999999999994543,2424.8205142857137,0.03,False,0.0,0.0,0,2024-07-11 13:40:00,2402.164257142857,sl,False,-0.4454245714285935,-1.0136542205195493
1,2024-07-12 08:00:00,2024-07-12 08:05:00,2404.908,2400.009285714286,2414.705428571428,0.09,0.09,0.44088428571426447,0.0,0.0144,0.008999999999991815,2424.502857142856,0.04,False,0.0,0.0,0,2024-07-12 10:25:00,2399.909285714286,sl,False,-0.44988428571425626,-1.02041351958238
1,2024-07-15 10:15:00,2024-07-15 10:25:00,2412.488,2407.452385714286,2417.6123857142857,0.09,0.09,0.45320528571426166,0.0,0.0144,0.0,2422.7367714285715,0.04,True,0.20497542857143344,0.0,0,2024-07-15 14:05:00,2422.7367714285715,tp2,False,0.717414000000017,1.5829780071283954
1,2024-07-17 11:35:00,2024-07-17 11:55:00,2470.565,2466.3809,2478.9332,0.11,0.11,0.46025099999999386,0.0,0.0176,0.005999999999994543,2487.3014,0.05,True,0.4184099999999944,0.0,0,2024-07-17 14:10:00,2466.2809,sl,False,0.16136400000000323,0.3505999986963752
-1,2024-07-19 07:40:00,2024-07-19 07:50:00,2416.575,2422.518285714286,2407.3882857142858,0.08,0.08,0.4754628571428839,0.0,0.0128,0.0,2398.2015714285717,0.04,True,0.36746857142856243,0.0,0,2024-07-19 13:05:00,2398.2015714285717,tp2,False,1.1024057142856873,2.3185948128738847
-1,2024-07-19 14:50:00,2024-07-19 15:00:00,2399.355,2403.6107142857145,2391.6077142857143,0.11,0.11,0.4681285714285923,0.0,0.0176,0.010999999999989995,2383.8604285714287,0.05,False,0.0,0.0,0,2024-07-19 15:05:00,2403.7107142857144,sl,False,-0.4791285714285823,-1.0234978180597292
-1,2024-07-22 08:10:00,2024-07-22 08:15:00,2401.205,2404.6005928571426,2394.4138142857146,0.14,0.14,0.4753829999999744,0.0,0.022400000000000003,0.01399999999998727,2387.6226285714292,0.07,False,0.0,0.0,0,2024-07-22 08:35:00,2404.7005928571425,sl,False,-0.48938299999996165,-1.0294499382602829
-1,2024-07-22 14:20:00,2024-07-22 16:30:00,2391.235,2399.141842857143,2377.974842857143,0.06,0.06,0.4744105714285615,0.0,0.0096,0.005999999999994543,2364.7146857142857,0.03,False,0.0,0.0,0,2024-07-22 19:50:00,2399.2418428571427,sl,False,-0.48041057142855603,-1.0126472729769218
1,2024-07-24 09:45:00,2024-07-24 09:55:00,2413.038,2409.52015,2417.6001499999998,0.13,0.13,0.4573205000000235,0.0,0.020800000000000003,0.0,2422.1622999999995,0.06,True,0.2737289999999848,0.0,0,2024-07-24 13:00:00,2422.1622999999995,tp2,False,0.9124299999999494,1.995165316227684
1,2024-08-02 08:25:00,2024-08-02 08:30:00,2464.395,2459.9007,2469.5907,0.11,0.11,0.4943729999999823,0.0,0.0176,0.010999999999989995,2474.7864000000004,0.05,False,0.0,0.0,0,2024-08-02 11:15:00,2459.8007000000002,sl,False,-0.5053729999999723,-1.0222504060698914
-1,2024-08-05 09:15:00,2024-08-05 09:20:00,2423.235,2428.8126428571427,2417.5356428571426,0.08,0.08,0.4462114285714051,0.0,0.0128,0.0,2411.836285714285,0.04,True,0.2279742857142992,0.0,0,2024-08-05 10:55:00,2411.836285714285,tp2,False,0.6839228571428976,1.5327327211957607
1,2024-08-12 08:50:00,2024-08-12 08:55:00,2442.745,2439.3753071428573,2449.484385714285,0.14,0.14,0.47175699999996146,0.0,0.022400000000000003,0.0,2456.22377142857,0.07,True,0.47175699999996146,0.0,0,2024-08-12 13:50:00,2456.22377142857,tp2,False,1.4152709999998843,2.9999999999999996
1,2024-08-16 10:10:00,2024-08-16 10:50:00,2464.215,2460.9301642857145,2468.1501642857143,0.15,0.15,0.49272535714285365,0.0,0.024,0.0,2472.0853285714284,0.07,True,0.27546149999998765,0.0,0,2024-08-16 11:55:00,2472.0853285714284,tp2,False,0.905087785714245,1.8369011714001091
1,2024-08-16 13:35:00,2024-08-16 13:40:00,2492.485,2483.0403285714287,2511.374342857143,0.05,0.05,0.47223357142856914,0.0,0.008,0.0049999999999954525,2530.2636857142857,0.02,False,0.0,0.0,0,2024-08-16 14:20:00,2482.940328571429,sl,False,-0.4772335714285646,-1.0105879808266698
-1,2024-08-19 12:30:00,2024-08-19 12:35:00,2492.045,2495.5648071428573,2485.0053857142857,0.14,0.14,0.49277300000000657,0.0,0.022400000000000003,0.01399999999998727,2477.9657714285713,0.07,False,0.0,0.0,0,2024-08-19 13:55:00,2495.664807142857,sl,False,-0.5067729999999938,-1.0284106474989236
1,2024-08-20 08:45:00,2024-08-20 08:50:00,2521.405,2514.3378214285717,2535.539357142857,0.07,0.07,0.494702499999994,0.0,0.011200000000000002,0.006999999999993635,2549.673714285714,0.03,False,0.0,0.0,0,2024-08-20 15:00:00,2514.237821428572,sl,False,-0.5017024999999876,-1.0141499183852793
-1,2024-08-21 08:55:00,2024-08-21 09:00:00,2507.345,2512.4679357142854,2500.8479357142855,0.09,0.09,0.4610642142857068,0.0,0.0144,0.008999999999991815,2494.3508714285713,0.04,False,0.0,0.0,0,2024-08-21 11:45:00,2512.5679357142853,sl,False,-0.4700642142856986,-1.0195200575562664
-1,2024-08-21 12:35:00,2024-08-21 12:40:00,2509.518,2513.7540642857143,2501.0458714285714,0.11,0.11,0.46596707142857213,0.0,0.017599999999999998,0.0012,2492.573742857143,0.05,True,0.4236064285714292,0.0,0,2024-08-21 14:00:00,2503.044,news_close,False,0.8120464285714388,1.7427120463294734
1,2024-08-26 08:40:00,2024-08-26 08:45:00,2525.025,2518.8085571428574,2531.3685571428573,0.08,0.08,0.497315428571419,0.0,0.0128,0.0016,2537.7121142857145,0.04,False,0.0,0.0,0,2024-08-26 12:00:00,2526.405,news_close,False,0.11040000000000873,0.22199190625784956
-1,2024-08-27 13:10:00,2024-08-27 13:15:00,2507.615,2512.13175,2500.88175,0.11,0.11,0.4968425000000252,0.0,0.0176,0.0022,2494.1485000000002,0.05,False,0.0,0.0,0,2024-08-27 13:30:00,2506.7549999999997,news_close,False,0.094600000000014,0.19040239109981374
1,2024-09-12 13:35:00,2024-09-12 14:15:00,2542.308,2521.3860642857144,2584.151871428571,0.02,0.02,0.4184387142857122,0.0,0.0032,0.0004,2625.9957428571424,0.01,False,0.0,0.0,0,2024-09-12 16:30:00,2545.465,news_close,False,0.06314000000000305,0.15089425964752085
1,2024-09-13 07:45:00,2024-09-13 07:55:00,2568.835,2563.5553714285716,2579.394257142857,0.09,0.09,0.4751665714285627,0.0,0.0144,0.001,2589.953514285714,0.04,True,0.422370285714278,-0.053899999999999997,3,2024-09-17 12:00:00,2579.755,news_close,False,0.9144702857142816,1.924525715192834
-1,2024-09-17 14:40:00,2024-09-17 14:45:00,2572.955,2582.4168571428568,2554.0312857142862,0.05,0.05,0.47309285714284216,0.0,0.008,0.001,2535.1075714285726,0.02,False,0.0,0.0,1,2024-09-18 14:00:00,2571.825,news_close,False,0.05650000000000546,0.11942687180108126
-1,2024-09-19 11:15:00,2024-09-19 11:20:00,2585.795,2589.4684500000003,2578.4480999999996,0.14,0.14,0.5142830000000322,0.0,0.022400000000000003,0.01399999999998727,2571.101199999999,0.07,False,0.0,0.0,0,2024-09-19 11:45:00,2589.56845,sl,False,-0.5282830000000195,-1.0272223658957935
1,2024-09-20 08:20:00,2024-09-20 08:25:00,2607.965,2604.4387214285716,2615.017557142857,0.14,0.14,0.4936789999999929,0.0,0.022400000000000003,0.01399999999998727,2622.070114285714,0.07,False,0.0,0.0,0,2024-09-20 09:50:00,2604.3387214285717,sl,False,-0.5076789999999801,-1.0283585082614157
1,2024-09-20 10:30:00,2024-09-20 10:35:00,2608.748,2602.2221357142857,2621.7997285714287,0.07,0.07,0.45681050000000145,0.0,0.011200000000000002,0.0,2634.8514571428573,0.03,True,0.39155185714285834,-0.04312000000000001,3,2024-09-24 03:40:00,2634.8514571428573,tp2,False,1.3925701428571475,3.0484635157404285
1,2024-09-26 10:40:00,2024-09-26 10:55:00,2673.515,2667.1115285714286,2686.3219428571424,0.08,0.08,0.5122777142857012,0.0,0.0128,0.0016,2699.128885714285,0.04,False,0.0,0.0,0,2024-09-26 12:00:00,2682.635,news_close,False,0.7296000000000277,1.4242274837533224
-1,2024-10-01 11:25:00,2024-10-01 11:30:00,2648.155,2651.732157142857,2643.228157142857,0.14,0.14,0.5008019999999488,0.0,0.022400000000000003,0.01399999999998727,2638.301314285714,0.07,False,0.0,0.0,0,2024-10-01 11:50:00,2651.832157142857,sl,False,-0.514801999999936,-1.0279551599234602
1,2024-10-02 07:55:00,2024-10-02 08:00:00,2655.035,2651.7444857142855,2660.3444857142854,0.16,0.16,0.5264822857143008,0.0,0.0256,0.01599999999998545,2665.653971428571,0.08,False,0.0,0.0,0,2024-10-02 08:10:00,2651.6444857142856,sl,False,-0.5424822857142862,-1.0303903862183654
1,2024-10-03 09:40:00,2024-10-03 09:50:00,2645.965,2640.71435,2656.4663,0.09,0.09,0.47255849999999555,0.0,0.0144,0.0018,2666.9676,0.04,False,0.0,0.0,0,2024-10-03 12:00:00,2647.928,news_close,False,0.17666999999997643,0.3738584746649951
1,2024-10-15 10:25:00,2024-10-15 10:35:00,2655.425,2652.4021714285714,2659.3221714285714,0.17,0.17,0.513880857142899,0.0,0.027200000000000002,0.01699999999998454,2663.2193428571427,0.08,False,0.0,0.0,0,2024-10-15 11:10:00,2652.3021714285715,sl,False,-0.5308808571428836,-1.0330815981247132
1,2024-10-17 13:40:00,2024-10-17 13:45:00,2686.125,2672.583821428572,2713.2073571428564,0.03,0.03,0.4062353571428457,0.0,0.0048,0.0006,2740.2897142857128,0.01,False,0.0,0.0,0,2024-10-17 14:30:00,2689.525,news_close,False,0.10200000000000273,0.25108597320871845
1,2024-10-18 14:20:00,2024-10-18 14:25:00,2716.945,2704.5263285714286,2741.7823428571432,0.04,0.04,0.4967468571428617,0.0,0.0064,0.0004,2766.6196857142863,0.02,True,0.4967468571428617,-0.0539,4,2024-10-23 13:30:00,2739.265,news_close,False,0.8892468571428558,1.7901408823349902
-1,2024-10-24 07:45:00,2024-10-24 07:50:00,2733.495,2737.116485714286,2729.606485714286,0.14,0.14,0.5070080000000236,0.0,0.022400000000000003,0.01399999999998727,2725.717971428572,0.07,False,0.0,0.0,0,2024-10-24 08:20:00,2737.2164857142857,sl,False,-0.5210080000000108,-1.027612976521054
1,2024-10-28 10:40:00,2024-10-28 10:45:00,2732.398,2727.5509571428574,2740.2539571428574,0.1,0.1,0.48470428571426966,0.0,0.016,0.0,2748.1099142857147,0.05,True,0.3927978571428639,-0.02695,1,2024-10-29 01:05:00,2748.1099142857147,tp2,False,1.1514435714285918,2.3755588827356915
1,2024-10-29 11:50:00,2024-10-29 12:00:00,2751.265,2746.2934571428573,2757.463457142857,0.1,0.1,0.49715428571425946,0.0,0.016,0.002,2763.661914285714,0.05,False,0.0,0.0,0,2024-10-29 13:30:00,2755.005,news_close,False,0.37400000000002365,0.7522815567459092
1,2024-10-31 10:40:00,2024-10-31 11:10:00,2779.695,2773.0257428571426,2789.495742857143,0.08,0.08,0.5335405714286026,0.0,0.0128,0.0016,2799.2964857142856,0.04,False,0.0,0.0,0,2024-10-31 12:00:00,2779.345,news_close,False,-0.028000000000029106,-0.05247960792382968
-1,2024-11-01 09:30:00,2024-11-01 09:45:00,2751.295,2755.524621428571,2746.4046214285713,0.12,0.12,0.5075545714285363,0.0,0.0192,0.0012,2741.5142428571426,0.06,True,0.2934227142857253,0.0,0,2024-11-01 12:00:00,2752.995,news_close,False,0.1914227142857362,0.377147059767323
-1,2024-11-06 12:30:00,2024-11-06 12:35:00,2695.935,2708.4068,2673.4358,0.04,0.04,0.4988720000000103,0.0,0.0064,0.0004,2650.9366000000005,0.02,True,0.44998399999999494,0.0,0,2024-11-06 15:00:00,2659.9449999999997,news_close,False,1.1697839999999997,2.344857999647155
-1,2024-11-08 07:00:00,2024-11-08 07:05:00,2685.845,2689.2216214285713,2679.0917571428567,0.16,0.16,0.540259428571444,0.0,0.0256,0.01599999999998545,2672.3385142857137,0.08,False,0.0,0.0,0,2024-11-08 08:30:00,2689.3216214285712,sl,False,-0.5562594285714295,-1.0296154017011656
-1,2024-11-12 10:15:00,2024-11-12 10:20:00,2591.475,2596.512707142857,2584.941707142857,0.1,0.1,0.5037707142857016,0.0,0.016,0.009999999999990905,2578.408414285714,0.05,False,0.0,0.0,0,2024-11-12 10:45:00,2596.612707142857,sl,False,-0.5137707142856925,-1.0198503003775634
-1,2024-11-15 09:20:00,2024-11-15 09:25:00,2565.635,2569.0223142857144,2561.1783142857144,0.15,0.15,0.5080971428571274,0.0,0.024,0.014999999999986358,2556.7216285714285,0.07,False,0.0,0.0,0,2024-11-15 10:25:00,2569.1223142857143,sl,False,-0.5230971428571137,-1.029521913694768
1,2024-12-04 09:25:00,2024-12-04 09:30:00,2642.015,2638.2588571428573,2646.868857142857,0.14,0.14,0.525859999999957,0.0,0.022400000000000003,0.0014000000000000002,2651.722714285714,0.07,True,0.33976999999999863,0.0,0,2024-12-04 12:45:00,2643.018,news_close,False,0.40998000000000956,0.7796371657856522
1,2025-01-10 08:05:00,2025-01-10 08:10:00,2678.575,2673.092678571428,2685.105678571428,0.09,0.09,0.49340892857144353,0.0,0.0144,0.0018,2691.6363571428565,0.04,False,0.0,0.0,0,2025-01-10 13:00:00,2678.065,news_close,False,-0.045899999999978715,-0.09302628578869056
1,2025-01-21 07:25:00,2025-01-21 07:30:00,2727.145,2722.2572142857143,2736.9205714285713,0.11,0.11,0.5376564285714222,0.0,0.0176,0.010999999999989995,2746.6961428571426,0.05,False,0.0,0.0,0,2025-01-21 08:40:00,2722.1572142857144,sl,False,-0.5486564285714121,-1.0204591620511585
1,2025-01-22 10:30:00,2025-01-22 10:40:00,2762.195,2757.435578571429,2771.713842857143,0.11,0.11,0.5235363571428525,0.0,0.0176,0.010999999999989995,2781.2326857142857,0.05,False,0.0,0.0,0,2025-01-22 11:05:00,2757.335578571429,sl,False,-0.5345363571428424,-1.0210109572141681
1,2025-01-24 09:15:00,2025-01-24 09:30:00,2775.248,2769.7079071428575,2786.328185714285,0.09,0.09,0.4986083571428298,0.0,0.0144,0.0018,2797.4083714285703,0.04,False,0.0,0.0,0,2025-01-24 14:30:00,2774.198,news_close,False,-0.09450000000001636,-0.18952750920888833
1,2025-01-30 08:50:00,2025-01-30 09:10:00,2773.475,2764.860457142857,2785.670457142857,0.06,0.06,0.5168725714285847,0.0,0.0096,0.0012,2797.8659142857136,0.03,False,0.0,0.0,0,2025-01-30 13:00:00,2779.965,news_close,False,0.3894000000000142,0.7533771794540212
1,2025-02-04 15:30:00,2025-02-04 15:35:00,2844.108,2836.8184071428573,2858.687185714286,0.07,0.07,0.5102715000000035,0.0,0.011200000000000002,0.006999999999993635,2873.266371428572,0.03,False,0.0,0.0,0,2025-02-04 15:35:00,2836.7184071428574,sl,False,-0.5172714999999971,-1.0137181872787202
1,2025-02-05 10:30:00,2025-02-05 10:40:00,2871.865,2865.0767142857144,2885.4415714285706,0.07,0.07,0.4751799999999776,0.0,0.011200000000000002,0.006999999999993635,2899.0181428571414,0.03,False,0.0,0.0,0,2025-02-05 11:10:00,2864.9767142857145,sl,False,-0.48217999999997124,-1.014731259733141
-1,2025-02-06 10:05:00,2025-02-06 10:10:00,2855.655,2860.0328357142857,2846.899328571429,0.11,0.11,0.4815619285714092,0.0,0.0176,0.010999999999989995,2838.143657142858,0.05,False,0.0,0.0,0,2025-02-06 10:20:00,2860.1328357142856,sl,False,-0.49256192857139924,-1.0228423372931958
-1,2025-02-06 12:50:00,2025-02-06 12:55:00,2865.095,2868.8159785714283,2860.0259785714284,0.13,0.13,0.48372721428570914,0.0,0.020800000000000003,0.0026000000000000003,2854.956957142857,0.06,False,0.0,0.0,0,2025-02-06 13:00:00,2864.415,news_close,False,0.08839999999997872,0.18274762591249633
-1,2025-02-07 12:15:00,2025-02-07 12:20:00,2864.885,2868.2472857142857,2859.9572857142857,0.15,0.15,0.5043428571428193,0.0,0.024,0.003,2855.029571428571,0.07,False,0.0,0.0,0,2025-02-07 13:00:00,2863.705,news_close,False,0.17700000000004365,0.35095173351472875
1,2025-02-10 07:25:00,2025-02-10 07:45:00,2892.125,2875.6983785714287,2924.9782428571425,0.03,0.03,0.49279864285713754,0.0,0.0048,0.00039999999999999996,2957.831485714285,0.01,True,0.32853242857142506,-0.01617,1,2025-02-11 14:30:00,2900.465,news_close,False,0.47916242857142793,0.9723290344172828
1,2025-02-11 15:40:00,2025-02-11 17:00:00,2901.835,2896.027242857143,2911.237242857143,0.09,0.09,0.5226981428571389,0.0,0.0144,0.008999999999991815,2920.639485714286,0.04,False,0.0,0.0,0,2025-02-11 20:20:00,2895.927242857143,sl,False,-0.5316981428571307,-1.0172183508263424
1,2025-02-12 07:15:00,2025-02-12 07:20:00,2894.395,2886.2929285714285,2908.2029285714284,0.06,0.06,0.48612428571428606,0.0,0.0096,0.005999999999994543,2922.010857142857,0.03,False,0.0,0.0,0,2025-02-12 09:55:00,2886.1929285714286,sl,False,-0.49212428571428063,-1.0123425226352938
-1,2025-02-12 11:55:00,2025-02-12 12:00:00,2879.425,2886.0301642857144,2866.214671428572,0.07,0.07,0.46236149999999276,0.0,0.011200000000000002,0.0014000000000000002,2853.0043428571435,0.03,False,0.0,0.0,0,2025-02-12 13:00:00,2885.069,news_close,False,-0.3950799999999845,-0.854482910017358
1,2025-02-13 09:45:00,2025-02-13 09:50:00,2914.545,2909.4273357142856,2924.780328571429,0.09,0.09,0.46058978571430087,0.0,0.0144,0.0018,2935.015657142858,0.04,False,0.0,0.0,0,2025-02-13 13:00:00,2917.435,news_close,False,0.2600999999999885,0.564710742763466
1,2025-02-13 14:35:00,2025-02-13 14:40:00,2913.475,2905.156214285714,2922.1832142857143,0.06,0.06,0.4991271428571417,0.0,0.0096,0.0012,2930.8914285714286,0.03,False,0.0,0.0,0,2025-02-13 17:30:00,2916.225,news_close,False,0.16499999999999998,0.33057709315404965
1,2025-02-14 08:10:00,2025-02-14 08:30:00,2935.005,2930.1151,2942.4451,0.1,0.1,0.4889900000000125,0.0,0.016,0.009999999999990905,2949.8851999999997,0.05,False,0.0,0.0,0,2025-02-14 11:45:00,2930.0151,sl,False,-0.49899000000000343,-1.0204503159573624
-1,2025-02-17 08:30:00,2025-02-17 08:45:00,2898.715,2903.6556499999997,2888.833700000001,0.1,0.1,0.49406499999995507,0.0,0.016,0.009999999999990905,2878.952400000002,0.05,False,0.0,0.0,0,2025-02-17 09:00:00,2903.7556499999996,sl,False,-0.5040649999999459,-1.0202402517887155
-1,2025-02-17 10:20:00,2025-02-17 10:50:00,2901.375,2906.368885714286,2891.387228571428,0.1,0.1,0.499388571428608,0.0,0.016,0.009999999999990905,2881.3994571428557,0.05,False,0.0,0.0,1,2025-02-18 03:00:00,2906.468885714286,sl,False,-0.509388571428599,-1.020024487087047
1,2025-02-18 07:00:00,2025-02-18 07:05:00,2914.245,2910.547,2920.937,0.13,0.13,0.4807399999999825,0.0,0.020800000000000003,0.012999999999988177,2927.629,0.06,False,0.0,0.0,0,2025-02-18 07:45:00,2910.447,sl,False,-0.4937399999999707,-1.0270416441319397
1,2025-02-20 08:15:00,2025-02-20 08:20:00,2954.125,2946.6917857142857,2968.9914285714285,0.06,0.06,0.4459928571428554,0.0,0.0096,0.005999999999994543,2983.857857142857,0.03,False,0.0,0.0,0,2025-02-20 12:10:00,2946.591785714286,sl,False,-0.45199285714285,-1.0134531302551169
1,2025-02-21 07:05:00,2025-02-21 07:20:00,2931.365,2925.1785142857143,2939.2455142857143,0.07,0.07,0.4330539999999838,0.0,0.011200000000000002,0.006999999999993635,2947.126028571429,0.03,False,0.0,0.0,0,2025-02-21 08:05:00,2925.0785142857144,sl,False,-0.4400539999999774,-1.0161642658883046
-1,2025-02-26 10:45:00,2025-02-26 10:50:00,2912.885,2916.8555071428573,2907.075507142857,0.12,0.12,0.4764608571428471,0.0,0.0192,0.0,2901.266014285714,0.06,True,0.34856957142858846,0.0,0,2025-02-26 14:05:00,2901.266014285714,tp2,False,1.0457087142857655,2.1947421254213397
-1,2025-03-03 13:00:00,2025-03-03 13:05:00,2874.158,2877.643,2867.73,0.14,0.14,0.4879000000000179,0.0,0.022400000000000003,0.0028000000000000004,2861.302,0.07,False,0.0,0.0,0,2025-03-03 14:15:00,2873.285,news_close,False,0.12222000000000663,0.25050215208034876
1,2025-03-13 15:55:00,2025-03-13 16:00:00,2977.548,2938.2988357142854,3056.0463285714286,0.01,0.01,0.39249164285714416,0.0,0.0016,0.0002,,0.0,False,0.0,0.0,0,2025-03-13 16:30:00,2979.065,news_close,False,0.015170000000002801,0.03865050447844631
1,2025-03-14 07:55:00,2025-03-14 08:00:00,2985.435,2980.8129714285715,2994.679057142857,0.1,0.1,0.4622028571428473,0.0,0.016,0.0,3003.923114285714,0.05,True,0.4622028571428473,0.0,0,2025-03-14 10:15:00,3003.923114285714,tp2,False,1.3866085714285419,3.0
1,2025-03-17 08:35:00,2025-03-17 08:50:00,2986.555,2982.786071428571,2993.7560714285714,0.13,0.13,0.4899607142857258,0.0,0.020800000000000003,0.0,3000.957142857143,0.06,True,0.43206428571429567,0.0,0,2025-03-17 11:45:00,3000.957142857143,tp2,False,1.440214285714319,2.9394484980574234
1,2025-03-18 07:10:00,2025-03-18 07:15:00,3017.439,3010.141757142857,3032.0334857142857,0.07,0.07,0.5108070000000043,0.0,0.011200000000000002,0.0008000000000000001,3046.6279714285715,0.03,True,0.4378345714285751,-0.021560000000000006,1,2025-03-19 14:00:00,3032.955,news_close,False,1.0369145714285783,2.0299537230863507
1,2025-03-21 10:05:00,2025-03-21 10:30:00,3031.285,3028.029285714286,3037.6692857142857,0.16,0.16,0.5209142857142434,0.0,0.0256,0.007999999999992725,3044.0535714285716,0.08,True,0.5107428571428682,0.0,0,2025-03-21 13:30:00,3027.929285714286,sl,False,0.2422857142857538,0.4651162790698811
-1,2025-03-25 07:40:00,2025-03-25 07:45:00,3013.008,3018.4641785714284,3002.3041785714286,0.09,0.09,0.49105607142857477,0.0,0.0144,0.008999999999991815,2991.6003571428573,0.04,False,0.0,0.0,0,2025-03-25 08:30:00,3018.5641785714283,sl,False,-0.5000560714285666,-1.018327845888982
-1,2025-03-25 11:55:00,2025-03-25 12:00:00,3020.438,3026.4583357142856,3013.6283357142856,0.08,0.08,0.48162685714283726,0.0,0.0128,0.0016,3006.818671428571,0.04,False,0.0,0.0,0,2025-03-25 13:30:00,3023.2549999999997,news_close,False,-0.2253599999999642,-0.46791410540697614
1,2025-03-28 09:40:00,2025-03-28 09:45:00,3073.875,3069.277042857143,3083.070914285714,0.11,0.11,0.5057752857142713,0.0,0.0176,0.010999999999989995,3092.266828571428,0.05,False,0.0,0.0,0,2025-03-28 10:20:00,3069.177042857143,sl,False,-0.5167752857142613,-1.0217487890584758
1,2025-03-31 08:05:00,2025-03-31 08:10:00,3125.215,3118.0309285714284,3139.5831428571437,0.07,0.07,0.5028850000000239,0.0,0.011200000000000002,0.006999999999993635,3153.951285714287,0.03,False,0.0,0.0,0,2025-03-31 09:30:00,3117.9309285714285,sl,False,-0.5098850000000176,-1.013919683426615
1,2025-03-31 12:00:00,2025-03-31 12:05:00,3119.585,3112.864442857143,3127.5914428571427,0.07,0.07,0.4704390000000013,0.0,0.011200000000000002,0.0014000000000000002,3135.5978857142854,0.03,False,0.0,0.0,0,2025-03-31 13:15:00,3118.635,news_close,False,-0.06649999999998728,-0.14135732794259637
1,2025-04-01 10:10:00,2025-04-01 10:35:00,3133.975,3129.931428571429,3142.0621428571417,0.12,0.12,0.48522857142850623,0.0,0.0192,0.011999999999989085,3150.1492857142835,0.06,False,0.0,0.0,0,2025-04-01 11:20:00,3129.831428571429,sl,False,-0.4972285714284953,-1.024730612965888
1,2025-04-01 13:00:00,2025-04-01 13:05:00,3134.445,3127.318928571429,3148.588928571429,0.07,0.07,0.4988249999999926,0.0,0.011200000000000002,0.0014000000000000002,3162.7328571428575,0.03,False,0.0,0.0,0,2025-04-01 13:15:00,3134.445,news_close,False,0.0,0.0
-1,2025-04-02 07:00:00,2025-04-02 07:05:00,3114.398,3119.891135714286,3103.4117285714283,0.09,0.09,0.4943822142857334,0.0,0.0144,0.008999999999991815,3092.4254571428564,0.04,False,0.0,0.0,0,2025-04-02 07:45:00,3119.991135714286,sl,False,-0.5033822142857253,-1.0182045383914038
-1,2025-04-02 13:45:00,2025-04-02 13:55:00,3120.515,3127.3616714285718,3108.3816714285717,0.07,0.07,0.4792670000000317,0.0,0.011200000000000002,0.0014000000000000002,3096.2483428571436,0.03,False,0.0,0.0,0,2025-04-02 14:00:00,3122.178,news_close,False,-0.11641000000000078,-0.24289174927544163
-1,2025-04-04 08:00:00,2025-04-04 08:05:00,3092.605,3103.5625,3076.9025,0.04,0.04,0.4382999999999993,0.0,0.0064,0.003999999999996362,3061.2000000000003,0.02,False,0.0,0.0,0,2025-04-04 10:25:00,3103.6625,sl,False,-0.44229999999999564,-1.009126169290432
1,2025-04-10 09:55:00,2025-04-10 10:00:00,3115.525,3104.5594,3126.7094,0.04,0.04,0.4386239999999998,0.0,0.0064,0.0008,3137.8938000000003,0.02,False,0.0,0.0,0,2025-04-10 12:00:00,3124.555,news_close,False,0.3611999999999898,0.8234843510614785
1,2025-04-11 07:10:00,2025-04-11 07:15:00,3209.365,3185.968642857143,3256.157714285713,0.02,0.02,0.4679271428571337,0.0,0.0032,0.0004,3302.9504285714265,0.01,False,0.0,0.0,0,2025-04-11 12:00:00,3213.465,news_close,False,0.08200000000000728,0.175240956314952
1,2025-04-11 12:55:00,2025-04-11 13:00:00,3229.975,3210.3364285714283,3269.252142857143,0.02,0.02,0.3927714285714319,0.0,0.0032,0.001999999999998181,3308.5292857142863,0.01,False,0.0,-0.010780000000000001,1,2025-04-13 22:00:00,3210.2364285714284,sl,False,-0.4055514285714301,-1.0325380082927136
1,2025-04-14 08:55:00,2025-04-14 09:00:00,3226.215,3215.6727142857144,3244.5727142857145,0.04,0.04,0.42169142857143016,0.0,0.0064,0.003999999999996362,3262.930428571429,0.02,False,0.0,0.0,0,2025-04-14 10:20:00,3215.5727142857145,sl,False,-0.4256914285714265,-1.0094856089760875
1,2025-04-14 12:00:00,2025-04-14 12:05:00,3225.045,3205.7140714285715,3244.7140714285715,0.02,0.02,0.38661857142857114,0.0,0.0032,0.001999999999998181,3264.383142857143,0.01,False,0.0,0.0,0,2025-04-14 12:40:00,3205.6140714285716,sl,False,-0.38861857142856937,-1.0051730572398738
-1,2025-04-14 13:10:00,2025-04-14 13:15:00,3200.235,3228.0918571428574,3144.5212857142856,0.01,0.01,0.2785685714285728,0.0,0.0016,0.0009999999999990906,,0.0,False,0.0,0.0,1,2025-04-15 03:55:00,3228.1918571428573,sl,False,-0.2795685714285719,-1.003589780408001
-1,2025-04-15 07:25:00,2025-04-15 07:40:00,3220.585,3228.745857142857,3209.435857142857,0.06,0.06,0.4896514285714147,0.0,0.0096,0.005999999999994543,3198.286714285714,0.03,False,0.0,0.0,0,2025-04-15 08:10:00,3228.845857142857,sl,False,-0.49565142857140926,-1.0122536148163601
-1,2025-04-15 09:35:00,2025-04-15 10:10:00,3226.235,3230.1154714285713,3218.474057142858,0.12,0.12,0.4656565714285352,0.0,0.0192,0.005999999999994543,3210.7131142857156,0.06,True,0.4656565714285352,0.0,0,2025-04-15 17:45:00,3230.215471428571,sl,False,0.22682828571427308,0.4871149676217651
1,2025-04-16 07:10:00,2025-04-16 07:15:00,3294.825,3286.1199285714283,3312.235142857143,0.05,0.05,0.435253571428575,0.0,0.008,0.0006000000000000001,3329.645285714286,0.02,True,0.34820285714286003,0.0,0,2025-04-16 12:00:00,3306.435,news_close,False,0.6965028571428639,1.6002231868122874
1,2025-04-17 09:20:00,2025-04-17 09:25:00,3324.525,3312.183,3349.2090000000003,0.04,0.04,0.49368000000000395,0.0,0.0064,0.0008,3373.8930000000005,0.02,False,0.0,0.0,0,2025-04-17 12:00:00,3327.185,news_close,False,0.10639999999999418,0.21552422621939987
-1,2025-04-17 14:25:00,2025-04-17 16:15:00,3304.825,3332.534285714286,3249.4064285714276,0.01,0.01,0.27709285714286125,0.0,0.0016,0.0009999999999990906,,0.0,False,0.0,0.0,1,2025-04-20 22:00:00,3332.634285714286,sl,False,-0.27809285714286036,-1.003608898512615
1,2025-04-21 09:10:00,2025-04-21 09:15:00,3394.055,3383.1560714285715,3415.8528571428565,0.04,0.04,0.43595714285713255,0.0,0.0064,0.0,3437.650714285713,0.02,True,0.43595714285713255,0.0,0,2025-04-21 23:15:00,3437.650714285713,tp2,False,1.3078714285713977,3.0
1,2025-04-22 10:00:00,2025-04-22 10:20:00,3458.565,3450.201857142857,3475.291285714286,0.06,0.06,0.5017885714285785,0.0,0.0096,0.005999999999994543,3492.017571428572,0.03,False,0.0,0.0,0,2025-04-22 11:00:00,3450.101857142857,sl,False,-0.507788571428573,-1.011957227289798
1,2025-04-22 14:30:00,2025-04-22 14:35:00,3434.985,3407.0344285714286,3490.886142857143,0.01,0.01,0.2795057142857149,0.0,0.0016,0.0009999999999990906,,0.0,False,0.0,0.0,0,2025-04-22 16:00:00,3406.9344285714287,sl,False,-0.280505714285714,-1.0035777443854936
-1,2025-04-24 09:25:00,2025-04-24 09:30:00,3335.135,3342.9160714285713,3320.886071428571,0.06,0.06,0.466864285714264,0.0,0.0096,0.005999999999994543,3306.637142857142,0.03,False,0.0,0.0,0,2025-04-24 11:30:00,3343.016071428571,sl,False,-0.4728642857142586,-1.012851700555366
-1,2025-04-24 13:00:00,2025-04-24 13:05:00,3335.545,3344.8675714285714,3320.957571428571,0.05,0.05,0.46612857142856684,0.0,0.008,0.001,3306.370142857142,0.02,False,0.0,0.0,0,2025-04-24 13:30:00,3330.4649999999997,news_close,False,0.2540000000000191,0.5449140335285027
-1,2025-04-25 15:05:00,2025-04-25 15:15:00,3275.015,3287.452142857143,3259.992142857143,0.04,0.04,0.4974857142857218,0.0,0.0064,0.003999999999996362,3244.969285714286,0.02,False,0.0,0.0,0,2025-04-25 16:55:00,3287.552142857143,sl,False,-0.5014857142857181,-1.008040431886048
-1,2025-04-28 09:25:00,2025-04-28 09:30:00,3278.925,3287.519357142857,3268.069357142857,0.05,0.05,0.4297178571428504,0.0,0.008,0.0049999999999954525,3257.2137142857136,0.02,False,0.0,0.0,0,2025-04-28 10:35:00,3287.619357142857,sl,False,-0.43471785714284583,-1.0116355415928953
1,2025-04-29 07:45:00,2025-04-29 08:00:00,3320.575,3314.2311,3333.2627999999995,0.07,0.07,0.44407299999998945,0.0,0.011200000000000002,0.006999999999993635,3345.950599999999,0.03,False,0.0,0.0,0,2025-04-29 08:45:00,3314.1311,sl,False,-0.45107299999998307,-1.0157631740727173
1,2025-04-30 07:20:00,2025-04-30 07:30:00,3309.245,3302.482571428571,3317.312571428571,0.07,0.07,0.473370000000009,0.0,0.011200000000000002,0.006999999999993635,3325.3801428571423,0.03,False,0.0,0.0,0,2025-04-30 08:05:00,3302.3825714285713,sl,False,-0.4803700000000027,-1.0147875868770593
-1,2025-05-01 07:00:00,2025-05-01 07:05:00,3233.575,3240.5970714285713,3219.530857142857,0.06,0.06,0.4213242857142904,0.0,0.0096,0.0,3205.486714285714,0.03,True,0.4213242857142904,0.0,0,2025-05-01 11:50:00,3205.486714285714,tp2,False,1.2639728571428712,3.0
-1,2025-05-02 13:00:00,2025-05-02 13:20:00,3249.115,3263.1287857142856,3221.087428571428,0.03,0.03,0.42041357142857577,0.0,0.0048,0.0029999999999972713,3193.0598571428563,0.01,False,0.0,0.0,0,2025-05-02 14:55:00,3263.2287857142856,sl,False,-0.42341357142857305,-1.0071358305342124
1,2025-05-06 13:10:00,2025-05-06 13:35:00,3392.145,3372.4177142857143,3431.5995714285714,0.02,0.02,0.394545714285714,0.0,0.0032,0.0004,3471.054142857143,0.01,False,0.0,0.0,0,2025-05-06 16:30:00,3403.915,news_close,False,0.23539999999999964,0.5966355519186618
1,2025-05-07 07:10:00,2025-05-07 07:15:00,3395.645,3386.6675,3413.6,0.05,0.05,0.4488749999999982,0.0,0.008,0.0049999999999954525,3431.555,0.02,False,0.0,0.0,0,2025-05-07 07:30:00,3386.5675,sl,False,-0.45387499999999364,-1.0111389585073696
1,2025-05-07 12:10:00,2025-05-07 12:15:00,3389.745,3383.053142857143,3403.1287142857136,0.07,0.07,0.4684299999999803,0.0,0.011200000000000002,0.006999999999993635,3416.5124285714273,0.03,False,0.0,0.0,0,2025-05-07 13:20:00,3382.953142857143,sl,False,-0.475429999999974,-1.0149435347864013
-1,2025-05-08 09:30:00,2025-05-08 09:35:00,3337.405,3344.3647857142855,3323.4854285714296,0.06,0.06,0.417587142857119,0.0,0.0096,0.005999999999994543,3309.565857142859,0.03,False,0.0,0.0,0,2025-05-08 10:20:00,3344.4647857142854,sl,False,-0.4235871428571136,-1.0143682584644316
-1,2025-05-08 13:55:00,2025-05-08 14:00:00,3356.135,3369.723657142857,3328.9576857142865,0.03,0.03,0.40765971428570535,0.0,0.0048,0.00039999999999999996,3301.780371428573,0.01,True,0.27177314285713694,0.0,0,2025-05-08 16:30:00,3311.4849999999997,news_close,False,1.1647731428571477,2.8572191512669924
1,2025-05-13 11:20:00,2025-05-13 11:25:00,3256.055,3250.652,3266.8609999999994,0.09,0.09,0.48626999999998133,0.0,0.0144,0.008999999999991815,3277.666999999999,0.04,False,0.0,0.0,0,2025-05-13 11:55:00,3250.552,sl,False,-0.4952699999999731,-1.0185082361650772
1,2025-05-13 15:30:00,2025-05-13 17:10:00,3248.465,3241.3545,3262.6860000000006,0.06,0.06,0.4266300000000137,0.0,0.0096,0.005999999999994543,3276.907000000001,0.03,False,0.0,-0.03234,1,2025-05-14 00:25:00,3241.2545,sl,False,-0.46497000000000827,-1.0898670979537146
1,2025-05-16 09:25:00,2025-05-16 09:30:00,3209.015,3203.1355000000003,3220.773999999999,0.08,0.08,0.4703599999999642,0.0,0.0128,0.007999999999992725,3232.532999999998,0.04,False,0.0,0.0,0,2025-05-16 10:10:00,3203.0355000000004,sl,False,-0.47835999999995693,-1.0170082490007513
1,2025-05-19 08:10:00,2025-05-19 08:25:00,3234.315,3225.786757142857,3243.166757142857,0.05,0.05,0.42641214285715706,0.0,0.008,0.0029999999999972718,3252.018514285714,0.02,True,0.17703514285713937,0.0,0,2025-05-19 13:35:00,3225.686757142857,sl,False,-0.08181214285715213,-0.1918616630121582
-1,2025-05-20 12:10:00,2025-05-20 12:20:00,3236.835,3240.7062857142855,3229.092428571429,0.12,0.12,0.4645542857142573,0.0,0.0192,0.011999999999989085,3221.349857142858,0.06,False,0.0,0.0,0,2025-05-20 12:25:00,3240.8062857142854,sl,False,-0.47655428571424635,-1.0258312114837966
1,2025-05-21 15:05:00,2025-05-21 15:10:00,3307.655,3301.1077857142855,3317.1277857142854,0.07,0.07,0.45830500000003216,0.0,0.011200000000000002,0.0,3326.6005714285707,0.03,True,0.2841835714285571,-0.06468000000000002,1,2025-05-22 01:05:00,3326.6005714285707,tp2,False,0.9773264285713763,2.1324803974892435
-1,2025-05-23 08:00:00,2025-05-23 08:05:00,3328.668,3334.40855,3320.7885499999998,0.08,0.08,0.45924399999999876,0.0,0.0128,0.007999999999992725,3312.9090999999994,0.04,False,0.0,0.0,0,2025-05-23 11:40:00,3334.50855,sl,False,-0.4672439999999915,-1.0174199336300371
-1,2025-05-26 12:20:00,2025-05-26 12:25:00,3328.935,3332.9038285714287,3320.9973428571425,0.11,0.11,0.43657114285716037,0.0,0.0176,0.010999999999989995,3313.059685714285,0.05,False,0.0,0.0,0,2025-05-26 12:40:00,3333.0038285714286,sl,False,-0.44757114285715033,-1.025196351568269
1,2025-06-03 11:30:00,2025-06-03 11:35:00,3358.508,3352.904292857143,3365.6172928571427,0.08,0.08,0.44829657142854556,0.0,0.0128,0.007999999999992725,3372.7265857142856,0.04,False,0.0,0.0,0,2025-06-03 12:05:00,3352.804292857143,sl,False,-0.4562965714285383,-1.0178453294311394
-1,2025-06-04 07:50:00,2025-06-04 08:40:00,3358.275,3365.218614285714,3351.2086142857142,0.06,0.06,0.4166168571428352,0.0,0.0096,0.0,3344.1422285714284,0.03,True,0.2119915714285753,0.0,0,2025-06-04 11:25:00,3344.1422285714284,tp2,False,0.6359747142857259,1.5265217990631734
1,2025-06-13 08:05:00,2025-06-13 08:10:00,3418.835,3407.3648285714285,3437.2648285714286,0.04,0.04,0.458806857142863,0.0,0.0064,0.001999999999998181,3455.694657142857,0.02,True,0.36859657142857033,-0.010780000000000001,2,2025-06-16 13:15:00,3407.2648285714286,sl,False,0.12641314285714061,0.27552583595710767
-1,2025-06-18 09:15:00,2025-06-18 09:20:00,3382.355,3388.406,3373.436,0.07,0.07,0.42356999999999523,0.0,0.011200000000000002,0.0014000000000000002,3364.5170000000003,0.03,False,0.0,0.0,0,2025-06-18 12:00:00,3382.065,news_close,False,0.020299999999997455,0.04792596265079605
1,2025-06-30 07:20:00,2025-06-30 07:25:00,3295.305,3290.4540285714284,3305.006942857143,0.09,0.09,0.4365874285714335,0.0,0.0144,0.008999999999991815,3314.7088857142858,0.04,False,0.0,0.0,0,2025-06-30 08:35:00,3290.3540285714284,sl,False,-0.4455874285714253,-1.0206144277434668
1,2025-06-30 09:45:00,2025-06-30 09:50:00,3286.705,3276.9190285714285,3306.276942857143,0.04,0.04,0.39143885714285714,0.0,0.0064,0.003999999999996362,3325.8488857142856,0.02,False,0.0,0.0,0,2025-06-30 11:20:00,3276.8190285714286,sl,False,-0.39543885714285354,-1.0102187095813449
-1,2025-07-16 07:40:00,2025-07-16 07:45:00,3336.825,3340.1358142857143,3332.7358142857142,0.14,0.14,0.463514000000032,0.0,0.022400000000000003,0.01399999999998727,3328.6466285714287,0.07,False,0.0,0.0,0,2025-07-16 08:00:00,3340.2358142857142,sl,False,-0.47751400000001926,-1.0302040499315799
1,2025-09-01 13:05:00,2025-09-01 16:00:00,3473.315,3468.4147857142857,3483.1154285714288,0.09,0.09,0.44101928571429194,0.0,0.0144,0.0,3492.9158571428575,0.04,True,0.39201714285714845,-0.048510000000000005,1,2025-09-02 01:15:00,3492.9158571428575,tp2,False,1.3235500000000193,3.001115921396377
1,2025-09-02 15:05:00,2025-09-02 15:10:00,3513.608,3494.6613428571427,3551.501314285715,0.02,0.02,0.3789331428571495,0.0,0.0032,0.0002,3589.39462857143,0.01,True,0.3789331428571495,-0.010780000000000001,1,2025-09-03 13:30:00,3560.199,news_close,False,0.8340631428571484,2.2010825882590432
1,2025-09-03 15:30:00,2025-09-03 15:35:00,3565.335,3553.7645428571427,3588.4759142857147,0.04,0.04,0.4628182857142929,0.0,0.0064,0.003999999999996362,3611.6168285714293,0.02,False,0.0,-0.06468000000000002,1,2025-09-04 00:05:00,3553.664542857143,sl,False,-0.5314982857142893,-1.1483951739158247
1,2025-09-04 07:55:00,2025-09-04 08:20:00,3539.925,3534.8023785714286,3546.1353785714286,0.09,0.09,0.46103592857144576,0.0,0.0144,0.001,3552.345757142857,0.04,True,0.24841514285713856,0.0,0,2025-09-04 11:45:00,3544.455,news_close,False,0.47491514285712577,1.030104409278222
1,2025-09-05 09:15:00,2025-09-05 09:20:00,3550.615,3544.392,3558.252,0.07,0.07,0.435609999999997,0.0,0.011200000000000002,0.0014000000000000002,3565.889,0.03,False,0.0,0.0,0,2025-09-05 12:00:00,3553.155,news_close,False,0.1778000000000293,0.4081632653061925
1,2025-09-05 13:45:00,2025-09-05 14:25:00,3584.815,3572.2977857142855,3609.849428571429,0.03,0.03,0.3755164285714363,0.0,0.0048,0.0,3634.8838571428582,0.01,True,0.2503442857142909,-0.01617,2,2025-09-08 13:45:00,3634.8838571428582,tp2,False,1.2355514285714542,3.290272634067751
1,2025-09-08 13:45:00,2025-09-08 13:55:00,3631.785,3619.5341,3656.2868,0.04,0.04,0.4900360000000001,0.0,0.0064,0.001999999999998181,3680.7886,0.02,True,0.4900360000000001,-0.021560000000000003,1,2025-09-09 22:00:00,3619.4341,sl,False,0.22145800000000188,0.4519218996155422
-1,2025-09-10 11:00:00,2025-09-10 11:05:00,3651.315,3656.127821428571,3641.6893571428577,0.1,0.1,0.48128214285711696,0.0,0.016,0.009999999999990905,3632.0637142857154,0.05,False,0.0,0.0,0,2025-09-10 11:15:00,3656.227821428571,sl,False,-0.49128214285710786,-1.0207778330204114
-1,2025-09-10 11:40:00,2025-09-10 11:45:00,3649.775,3656.418778571429,3636.4874428571425,0.07,0.07,0.4650645000000168,0.0,0.011200000000000002,0.0014000000000000002,3623.199885714285,0.03,False,0.0,0.0,0,2025-09-10 12:00:00,3649.038,news_close,False,0.05159000000000561,0.11093084937681492
-1,2025-09-10 15:20:00,2025-09-10 15:25:00,3643.685,3655.5150642857143,3628.395064285714,0.04,0.04,0.47320257142857375,0.0,0.0064,0.0008,3613.105128571428,0.02,False,0.0,0.0,0,2025-09-10 16:30:00,3641.115,news_close,False,0.10280000000000655,0.21724311364086366
-1,2025-09-11 08:40:00,2025-09-11 08:45:00,3626.845,3631.7853571428573,3618.7053571428573,0.09,0.09,0.44463214285717184,0.0,0.0144,0.001,3610.565714285715,0.04,True,0.3255857142856985,0.0,0,2025-09-11 12:00:00,3616.7749999999996,news_close,False,0.8290857142857067,1.864655373221706
1,2025-09-16 08:10:00,2025-09-16 08:15:00,3694.015,3689.1929999999998,3703.659,0.1,0.1,0.4822000000000117,0.0,0.016,0.002,3713.3030000000003,0.05,False,0.0,0.0,0,2025-09-16 12:00:00,3697.065,news_close,False,0.3050000000000182,0.632517627540462
1,2025-09-16 14:15:00,2025-09-16 14:20:00,3699.365,3684.588092857143,3728.918814285714,0.03,0.03,0.44330721428570996,0.0,0.0048,0.0029999999999972713,3758.472628571428,0.01,False,0.0,0.0,0,2025-09-16 15:05:00,3684.488092857143,sl,False,-0.44630721428570724,-1.0067673159906299
-1,2025-09-17 07:15:00,2025-09-17 07:20:00,3670.265,3677.4944285714287,3655.8061428571423,0.06,0.06,0.43376571428572785,0.0,0.0096,0.005999999999994543,3641.3472857142847,0.03,False,0.0,0.0,0,2025-09-17 12:50:00,3677.5944285714286,sl,False,-0.4397657142857224,-1.0138323518950192
-1,2025-09-17 15:50:00,2025-09-17 15:55:00,3684.085,3687.1431428571427,3678.813142857143,0.16,0.16,0.48930285714282945,0.0,0.0256,0.01599999999998545,3673.5412857142856,0.08,False,0.0,0.0,0,2025-09-17 16:20:00,3687.2431428571426,sl,False,-0.5053028571428149,-1.0326995842481153
-1,2025-09-18 11:30:00,2025-09-18 11:35:00,3665.445,3669.323214285714,3660.053214285714,0.12,0.12,0.46538571428567593,0.0,0.0192,0.011999999999989085,3654.661428571428,0.06,False,0.0,0.0,0,2025-09-18 11:35:00,3669.423214285714,sl,False,-0.477385714285665,-1.0257850630812937
-1,2025-09-19 11:00:00,2025-09-19 11:05:00,3655.305,3659.1392857142855,3647.6364285714285,0.12,0.12,0.46011428571428037,0.0,0.0192,0.005999999999994543,3639.967857142857,0.06,True,0.46011428571428037,0.0,0,2025-09-19 13:50:00,3659.2392857142854,sl,False,0.22405714285714562,0.48695976154993714
1,2025-09-22 08:00:00,2025-09-22 08:05:00,3716.175,3708.0975714285714,3732.3298571428577,0.06,0.06,0.4846457142857252,0.0,0.0096,0.0,3748.484714285715,0.03,True,0.4846457142857252,0.0,0,2025-09-22 19:00:00,3748.484714285715,tp2,False,1.4539371428571757,3.0
1,2025-09-23 11:25:00,2025-09-23 11:30:00,3787.648,3779.1632142857143,3804.617571428572,0.05,0.05,0.42423928571429315,0.0,0.008,0.0049999999999954525,3821.5871428571436,0.02,False,0.0,0.0,0,2025-09-23 12:10:00,3779.0632142857144,sl,False,-0.4292392857142886,-1.0117858014765817
1,2025-09-23 13:05:00,2025-09-23 13:10:00,3784.675,3776.9314357142857,3800.162128571429,0.06,0.06,0.46461385714286735,0.0,0.0096,0.0012,3815.649257142858,0.03,False,0.0,0.0,0,2025-09-23 13:30:00,3783.258,news_close,False,-0.08502000000002226,-0.18299066782650622
1,2025-09-24 07:35:00,2025-09-24 07:45:00,3776.795,3770.2566785714284,3789.8716428571433,0.07,0.07,0.4576825000000145,0.0,0.011200000000000002,0.006999999999993635,3802.9482857142866,0.03,False,0.0,0.0,0,2025-09-24 08:25:00,3770.1566785714285,sl,False,-0.4646825000000081,-1.0152944453851598
1,2025-09-24 11:55:00,2025-09-24 12:00:00,3768.685,3759.2703357142855,3787.514328571429,0.05,0.05,0.470733214285724,0.0,0.008,0.001,3806.343657142858,0.02,False,0.0,0.0,0,2025-09-24 13:30:00,3767.108,news_close,False,-0.07884999999998854,-0.1675046451090839
1,2025-09-25 14:20:00,2025-09-25 14:25:00,3734.595,3721.283907142857,3750.716907142857,0.03,0.03,0.39933278571428216,0.0,0.0048,0.00039999999999999996,3766.8388142857143,0.01,True,0.16121907142857253,-0.01078,1,2025-09-26 12:00:00,3748.495,news_close,False,0.4284390714285743,1.0728872928933948
1,2025-09-26 15:55:00,2025-09-26 16:00:00,3780.075,3772.459642857143,3790.529642857143,0.06,0.06,0.4569214285714042,0.0,0.0096,0.005999999999994543,3800.9842857142858,0.03,False,0.0,0.0,0,2025-09-26 16:20:00,3772.359642857143,sl,False,-0.4629214285713988,-1.0131313605027323
1,2025-09-29 08:45:00,2025-09-29 09:20:00,3816.275,3807.752157142857,3833.3206857142864,0.05,0.05,0.4261421428571566,0.0,0.008,0.0049999999999954525,3850.3663714285726,0.02,False,0.0,0.0,0,2025-09-29 09:45:00,3807.652157142857,sl,False,-0.4311421428571521,-1.0117331742091311
1,2025-09-29 11:10:00,2025-09-29 11:15:00,3818.375,3814.2660499999997,3826.5929000000006,0.11,0.11,0.4519845000000305,0.0,0.0176,0.005999999999994543,3834.810800000001,0.05,True,0.41089500000002777,0.0,0,2025-09-29 12:30:00,3814.16605,sl,False,0.1583580000000166,0.3503615721335708
1,2025-09-29 15:00:00,2025-09-29 15:05:00,3828.365,3822.600242857143,3839.8945142857137,0.08,0.08,0.46118057142855834,0.0,0.0128,0.007999999999992725,3851.4240285714277,0.04,False,0.0,0.0,0,2025-09-29 15:15:00,3822.500242857143,sl,False,-0.4691805714285511,-1.0173467845256616
1,2025-09-30 10:20:00,2025-09-30 10:25:00,3806.545,3792.35245,3834.9301000000005,0.03,0.03,0.4257765000000063,0.0,0.0048,0.0006,3863.315200000001,0.01,False,0.0,0.0,0,2025-09-30 13:15:00,3816.785,news_close,False,0.3071999999999934,0.7215052967930097
1,2025-09-30 14:50:00,2025-09-30 15:00:00,3852.285,3841.8493071428575,3870.8493071428575,0.04,0.04,0.4174277142856954,0.0,0.0064,0.003999999999996362,3889.413614285715,0.02,False,0.0,0.0,0,2025-09-30 15:05:00,3841.7493071428576,sl,False,-0.42142771428569176,-1.0095824974315402
1,2025-10-02 07:15:00,2025-10-02 07:20:00,3873.955,3861.3730214285715,3894.8500214285714,0.03,0.03,0.3774593571428522,0.0,0.0048,0.0019999999999981808,3915.745042857143,0.01,True,0.20895021428571453,0.0,0,2025-10-02 14:20:00,3861.2730214285716,sl,False,-0.04468935714285177,-0.11839514982784957
-1,2025-10-02 15:35:00,2025-10-02 15:40:00,3825.135,3845.5348357142857,3793.8048357142857,0.02,0.02,0.4079967142857095,0.0,0.0032,0.001999999999998181,3762.474671428571,0.01,False,0.0,0.0,0,2025-10-02 17:00:00,3845.6348357142856,sl,False,-0.40999671428570766,-1.0049020002612021
1,2025-10-03 08:55:00,2025-10-03 09:00:00,3863.545,3859.714342857143,3871.206314285714,0.12,0.12,0.4596788571428442,0.0,0.0192,0.011999999999989085,3878.867628571428,0.06,False,0.0,0.0,0,2025-10-03 09:05:00,3859.614342857143,sl,False,-0.47167885714283325,-1.0261051815055746
1,2025-10-03 10:50:00,2025-10-03 10:55:00,3866.035,3861.5784999999996,3871.2785,0.1,0.1,0.4456500000000233,0.0,0.016,0.009999999999990905,3876.522,0.05,False,0.0,0.0,0,2025-10-03 11:15:00,3861.4784999999997,sl,False,-0.4556500000000142,-1.0224391338494119
1,2025-10-06 07:45:00,2025-10-06 08:35:00,3936.225,3928.604478571429,3951.466042857142,0.06,0.06,0.4572312857142606,0.0,0.0096,0.005999999999994543,3966.707085714284,0.03,False,0.0,0.0,0,2025-10-06 12:30:00,3928.504478571429,sl,False,-0.4632312857142551,-1.0131224616238184
1,2025-10-06 15:50:00,2025-10-06 16:10:00,3958.655,3947.4694999999997,3981.026000000001,0.04,0.04,0.4474200000000201,0.0,0.0064,0.003999999999996362,4003.397000000002,0.02,False,0.0,0.0,0,2025-10-06 16:10:00,3947.3695,sl,False,-0.4514200000000165,-1.0089401457243667
1,2025-10-07 10:35:00,2025-10-07 10:40:00,3959.665,3953.5881642857144,3971.818671428571,0.07,0.07,0.42537849999999255,0.0,0.011200000000000002,0.0,3983.9723428571424,0.03,True,0.36461014285713644,0.0,0,2025-10-07 13:05:00,3983.9723428571424,tp2,False,1.336903857142834,3.1428571428571432
1,2025-10-07 15:10:00,2025-10-07 15:15:00,3986.348,3968.3187214285717,4022.4065571428564,0.02,0.02,0.36058557142856446,0.0,0.0032,0.001999999999998181,4058.465114285713,0.01,False,0.0,0.0,0,2025-10-07 15:45:00,3968.218721428572,sl,False,-0.3625855714285626,-1.0055465336343732
1,2025-10-08 07:05:00,2025-10-08 07:15:00,4032.735,4020.631521428571,4056.9419571428584,0.03,0.03,0.3631043571428745,0.0,0.0048,0.0006,4081.1489142857167,0.01,False,0.0,0.0,0,2025-10-08 14:00:00,4037.728,news_close,False,0.14978999999999815,0.4125260329527214
1,2025-10-08 14:55:00,2025-10-08 15:00:00,4046.045,4025.522407142857,4087.0901857142862,0.02,0.02,0.41045185714286164,0.0,0.0032,0.0004,4128.135371428572,0.01,False,0.0,0.0,0,2025-10-08 16:30:00,4055.495,news_close,False,0.18899999999999637,0.46046813215956073
-1,2025-10-09 15:25:00,2025-10-09 15:30:00,4017.998,4029.3882714285714,4001.8582714285717,0.04,0.04,0.4556108571428558,0.0,0.0064,0.0008,3985.7185428571433,0.02,False,0.0,0.0,0,2025-10-09 16:30:00,4012.1349999999998,news_close,False,0.23452000000001136,0.5147375140941343
1,2025-10-13 07:10:00,2025-10-13 07:15:00,4070.325,4059.0308,4092.9133999999995,0.04,0.04,0.4517679999999928,0.0,0.0064,0.0,4115.501799999999,0.02,True,0.4517679999999928,0.0,0,2025-10-13 16:10:00,4115.501799999999,tp2,False,1.3553039999999783,3.0
1,2025-10-14 08:00:00,2025-10-14 09:50:00,4127.585,4089.0786,4204.5978000000005,0.01,0.01,0.3850640000000021,0.0,0.0016,0.0002,,0.0,False,0.0,0.0,0,2025-10-14 15:50:00,4136.628,news_close,False,0.09042999999999665,0.23484407786756528
1,2025-10-15 08:00:00,2025-10-15 08:55:00,4207.775,4186.950078571428,4249.424842857143,0.02,0.02,0.4164984285714309,0.0,0.0032,0.002000000000007276,4291.074685714286,0.01,False,0.0,0.0,0,2025-10-15 09:20:00,4186.850078571428,sl,False,-0.41849842857143815,-1.0048019388857412
1,2025-10-15 10:10:00,2025-10-15 10:20:00,4196.475,4162.340550000001,4264.7438999999995,0.01,0.01,0.3413444999999956,0.0,0.0016,0.0002,,0.0,False,0.0,-0.016170000000000004,1,2025-10-16 12:00:00,4240.245,news_close,False,0.42152999999999524,1.234910771962052
1,2025-10-16 13:20:00,2025-10-16 13:25:00,4250.775,4226.420550000001,4299.483899999997,0.02,0.02,0.4870889999999781,0.0,0.0032,0.0004,4348.192799999995,0.01,False,0.0,0.0,0,2025-10-16 15:30:00,4271.504999999999,news_close,False,0.41459999999999125,0.8511791479586069
1,2025-10-17 12:45:00,2025-10-17 12:50:00,4316.295,4289.7276,4369.4298,0.01,0.01,0.2656739999999991,0.0,0.0016,0.001000000000003638,,0.0,False,0.0,0.0,0,2025-10-17 13:30:00,4289.6276,sl,False,-0.2666740000000027,-1.003764011532945
-1,2025-10-20 08:45:00,2025-10-20 08:55:00,4256.795,4263.2661,4243.852800000001,0.07,0.07,0.45297699999998264,0.0,0.011200000000000002,0.007000000000025467,4230.910600000001,0.03,False,0.0,0.0,0,2025-10-20 09:45:00,4263.3661,sl,False,-0.4599770000000081,-1.015453323237219
-1,2025-10-20 10:05:00,2025-10-20 10:10:00,4250.175,4263.909092857143,4222.706814285714,0.03,0.03,0.412022785714289,0.0,0.0048,0.0030000000000109136,4195.238628571428,0.01,False,0.0,0.0,0,2025-10-20 11:30:00,4264.0090928571435,sl,False,-0.41502278571429996,-1.0072811507130852
1,2025-10-20 14:15:00,2025-10-20 14:35:00,4317.148,4291.6968,4368.050400000001,0.01,0.01,0.2545120000000043,0.0,0.0016,0.0,,0.0,False,0.0,0.0,0,2025-10-20 19:40:00,4368.050400000001,tp,False,0.5090240000000086,2.0
-1,2025-10-22 07:55:00,2025-10-22 08:00:00,4135.169,4162.021442857143,4098.454442857143,0.01,0.01,0.26852442857142705,0.0,0.0016,0.0,,0.0,False,0.0,0.0,0,2025-10-22 08:10:00,4098.454442857143,tp,False,0.367145571428573,1.3672706553434222
-1,2025-10-22 09:20:00,2025-10-22 09:25:00,4068.948,4103.054664285714,4027.8246642857143,0.01,0.01,0.3410666428571449,0.0,0.0016,0.0,,0.0,False,0.0,0.0,0,2025-10-22 10:55:00,4027.8246642857143,tp,False,0.4112333571428553,1.2057272845503675
1,2025-10-23 09:15:00,2025-10-23 09:20:00,4118.735,4107.615542857143,4140.973914285713,0.04,0.04,0.4447782857142738,0.0,0.0064,0.004000000000014552,4163.212828571427,0.02,False,0.0,0.0,0,2025-10-23 10:30:00,4107.5155428571425,sl,False,-0.44877828571428835,-1.0089932447884475
-1,2025-10-24 11:00:00,2025-10-24 11:05:00,4054.105,4073.9628071428574,4026.632807142857,0.02,0.02,0.3971561428571477,0.0,0.0032,0.0004,3999.160614285714,0.01,False,0.0,0.0,0,2025-10-24 12:00:00,4061.3849999999998,news_close,False,-0.1455999999999949,-0.3666064408636517
-1,2025-10-27 07:00:00,2025-10-27 07:05:00,4076.098,4084.1005285714286,4065.860528571429,0.06,0.06,0.480151714285721,0.0,0.0096,0.0,4055.6230571428578,0.03,True,0.3071241428571329,0.0,0,2025-10-27 08:45:00,4055.6230571428578,tp2,False,0.9213724285713987,1.9189193772681672
-1,2025-10-28 12:35:00,2025-10-28 13:00:00,3921.525,3930.1501857142857,3904.274628571429,0.05,0.05,0.4312592857142818,0.0,0.008,0.0049999999999954525,3887.0242571428576,0.02,False,0.0,0.0,0,2025-10-28 13:15:00,3930.2501857142856,sl,False,-0.43625928571427725,-1.0115939532564826
1,2025-10-29 12:10:00,2025-10-29 12:15:00,4028.135,4012.6036785714286,4057.2336785714283,0.03,0.03,0.4659396428571472,0.0,0.0048,0.0029999999999972713,4086.3323571428564,0.01,False,0.0,0.0,0,2025-10-29 13:10:00,4012.5036785714287,sl,False,-0.46893964285714446,-1.006438602179461
1,2025-10-31 09:55:00,2025-10-31 10:45:00,4006.648,3997.9893428571427,4018.879342857143,0.05,0.05,0.4329328571428732,0.0,0.008,0.0,4031.110685714286,0.02,True,0.24462685714285726,0.0,0,2025-10-31 12:40:00,4031.110685714286,tp2,False,0.9785074285714291,2.260182872302782
-1,2025-11-05 11:20:00,2025-11-05 11:35:00,3960.155,3970.260257142857,3947.040257142857,0.04,0.04,0.40421028571427087,0.0,0.0064,0.0008,3933.925514285714,0.02,False,0.0,0.0,0,2025-11-05 12:45:00,3964.565,news_close,False,-0.17639999999999417,-0.4364065097657812
1,2025-11-07 08:55:00,2025-11-07 09:00:00,4008.675,4003.1420857142857,4018.9720857142856,0.09,0.09,0.4979622857143022,0.0,0.0144,0.008999999999991815,4029.269171428571,0.04,False,0.0,0.0,0,2025-11-07 10:15:00,4003.042085714286,sl,False,-0.506962285714294,-1.0180736579017862
1,2025-11-07 11:00:00,2025-11-07 11:05:00,4009.385,4002.7427857142857,4018.9927857142857,0.07,0.07,0.46495500000001816,0.0,0.011200000000000002,0.006999999999993635,4028.600571428571,0.03,False,0.0,0.0,0,2025-11-07 11:10:00,4002.6427857142858,sl,False,-0.4719550000000118,-1.0150552203976586
1,2025-11-10 07:10:00,2025-11-10 07:15:00,4078.315,4069.3340714285714,4096.276857142857,0.05,0.05,0.44904642857143245,0.0,0.008,0.0,4114.238714285713,0.02,True,0.35923714285713687,0.0,0,2025-11-10 18:25:00,4114.238714285713,tp2,False,1.436948571428534,3.1999999999998887
1,2025-11-12 07:05:00,2025-11-12 07:35:00,4118.885,4112.391635714285,4131.87172857143,0.07,0.07,0.4545355000000473,0.0,0.011200000000000002,0.007000000000025467,4144.85845714286,0.03,False,0.0,0.0,0,2025-11-12 08:05:00,4112.291635714285,sl,False,-0.46153550000007276,-1.0154003372674407
-1,2025-11-14 10:30:00,2025-11-14 10:35:00,4162.445,4171.905621428572,4145.355621428572,0.05,0.05,0.4730310714286134,0.0,0.008,0.0,4128.266242857144,0.02,True,0.3417875714285583,0.0,0,2025-11-14 12:10:00,4128.266242857144,tp2,False,1.3671502857142332,2.8901912967054515
1,2025-11-24 09:05:00,2025-11-24 09:50:00,4066.775,4059.045142857143,4081.895142857143,0.06,0.06,0.4637914285714123,0.0,0.0096,0.0,4097.015285714286,0.03,True,0.45360428571429107,0.0,0,2025-11-24 16:30:00,4097.015285714286,tp2,False,1.3608128571428597,2.9341052320317482
1,2025-11-27 08:10:00,2025-11-27 08:15:00,4162.235,4156.99755,4168.98755,0.1,0.1,0.5237449999999626,0.0,0.016,0.01000000000003638,4175.7401,0.05,False,0.0,0.0,0,2025-11-27 09:00:00,4156.89755,sl,False,-0.533744999999999,-1.0190932610335892
1,2025-12-01 11:40:00,2025-12-01 11:45:00,4257.635,4247.605257142857,4273.345257142858,0.05,0.05,0.5014871428571496,0.0,0.008,0.00500000000001819,4289.055514285716,0.02,False,0.0,0.0,0,2025-12-01 12:10:00,4247.505257142857,sl,False,-0.5064871428571678,-1.0099703453443123
1,2025-12-08 12:35:00,2025-12-08 12:40:00,4212.645,4209.148235714286,4216.438235714286,0.14,0.14,0.4895470000000387,0.0,0.022400000000000003,0.014000000000050934,4220.231471428571,0.07,False,0.0,0.0,0,2025-12-08 13:00:00,4209.0482357142855,sl,False,-0.5035470000000897,-1.028597867007764
1,2025-12-10 13:40:00,2025-12-10 13:55:00,4200.175,4192.513071428571,4210.673071428571,0.06,0.06,0.4597157142857759,0.0,0.0096,0.006000000000021827,4221.1711428571425,0.03,False,0.0,0.0,0,2025-12-10 14:35:00,4192.41307142857,sl,False,-0.4657157142857977,-1.0130515442774097
1,2025-12-12 07:30:00,2025-12-12 07:35:00,4288.578,4275.941428571429,4313.851142857143,0.04,0.04,0.5054628571428476,0.0,0.0064,0.0,4339.124285714285,0.02,True,0.5054628571428476,0.0,0,2025-12-12 13:25:00,4339.124285714285,tp2,False,1.5163885714285428,3.0
1,2025-12-12 13:30:00,2025-12-12 13:45:00,4339.045,4320.694178571429,4375.746642857142,0.02,0.02,0.36701642857142364,0.0,0.0032,0.002000000000007276,4412.448285714285,0.01,False,0.0,0.0,0,2025-12-12 15:20:00,4320.5941785714285,sl,False,-0.3690164285714309,-1.0054493473433657
1,2025-12-15 08:25:00,2025-12-15 08:30:00,4344.175,4338.137735714286,4352.997735714285,0.08,0.08,0.4829811428571702,0.0,0.0128,0.008000000000029104,4361.82047142857,0.04,False,0.0,0.0,0,2025-12-15 10:30:00,4338.037735714285,sl,False,-0.4909811428571993,-1.0165637936767127
1,2025-12-15 11:50:00,2025-12-15 13:00:00,4342.035,4334.767414285714,4353.084414285714,0.07,0.07,0.508731000000007,0.0,0.011200000000000002,0.007000000000025467,4364.133828571428,0.03,False,0.0,0.0,0,2025-12-15 13:10:00,4334.667414285714,sl,False,-0.5157310000000326,-1.01375972763607
-1,2025-12-16 10:30:00,2025-12-16 10:35:00,4276.465,4284.5043,4260.386400000001,0.06,0.06,0.4823579999999674,0.0,0.0096,0.006000000000021827,4244.307800000002,0.03,False,0.0,0.0,0,2025-12-16 12:05:00,4284.6043,sl,False,-0.48835799999998925,-1.0124388939335975
1,2025-12-16 15:05:00,2025-12-16 15:10:00,4331.745,4320.824214285714,4349.304214285714,0.04,0.04,0.4368314285714223,0.0,0.0064,0.004000000000014552,4366.863428571428,0.02,False,0.0,0.0,0,2025-12-16 15:15:00,4320.724214285714,sl,False,-0.44083142857143687,-1.0091568503051527
1,2025-12-17 09:05:00,2025-12-17 09:10:00,4320.748,4312.4706,4334.5006,0.06,0.06,0.4966439999999966,0.0,0.0096,0.006000000000021827,4348.253200000001,0.03,False,0.0,0.0,0,2025-12-17 10:35:00,4312.370599999999,sl,False,-0.5026440000000184,-1.0120810882644748
1,2025-12-17 12:15:00,2025-12-17 12:35:00,4318.625,4314.670357142857,4326.534285714286,0.12,0.12,0.47455714285715656,0.0,0.0192,0.0,4334.443571428572,0.06,True,0.47455714285715656,0.0,0,2025-12-17 13:30:00,4334.443571428572,tp2,False,1.4236714285714696,2.9999999999999996
-1,2025-12-18 12:00:00,2025-12-18 12:05:00,4323.805,4328.736428571429,4313.942142857142,0.1,0.1,0.4931428571429024,0.0,0.016,0.002,4304.079285714284,0.05,False,0.0,0.0,0,2025-12-18 13:00:00,4320.705,news_close,False,0.3100000000000364,0.6286210892236546
1,2025-12-22 10:05:00,2025-12-22 10:10:00,4413.835,4405.658978571429,4430.187042857143,0.06,0.06,0.49056128571428415,0.0,0.0096,0.0,4446.539085714286,0.03,True,0.49056128571428415,0.0,0,2025-12-22 21:25:00,4446.539085714286,tp2,False,1.4716838571428523,2.9999999999999996
1,2025-12-23 07:35:00,2025-12-23 07:40:00,4485.375,4469.015764285715,4518.09347142857,0.03,0.03,0.49077707142855614,0.0,0.0048,0.0006,4550.811942857141,0.01,False,0.0,0.0,0,2025-12-23 13:00:00,4486.004999999999,news_close,False,0.018899999999975988,0.03851035653512048
-1,2025-12-26 09:40:00,2025-12-26 09:45:00,4514.665,4518.767721428571,4506.459557142857,0.12,0.12,0.49232657142856623,0.0,0.0192,0.012000000000043655,4498.254114285714,0.06,False,0.0,0.0,0,2025-12-26 10:10:00,4518.867721428572,sl,False,-0.5043265714286099,-1.0243740652982098
-1,2025-12-26 11:00:00,2025-12-26 11:15:00,4511.518,4523.521714285715,4487.510571428571,0.04,0.04,0.4801485714285809,0.0,0.0064,0.004000000000014552,4463.503142857142,0.02,False,0.0,0.0,0,2025-12-26 13:35:00,4523.621714285715,sl,False,-0.48414857142859546,-1.008330754766412
1,2025-12-26 15:55:00,2025-12-26 16:00:00,4545.285,4511.759535714286,4612.335928571427,0.01,0.01,0.33525464285713497,0.0,0.0016,0.001000000000003638,,0.0,False,0.0,0.0,0,2025-12-26 17:30:00,4511.659535714286,sl,False,-0.33625464285713863,-1.002982807311724
-1,2025-12-30 08:20:00,2025-12-30 08:55:00,4363.115,4383.597664285714,4336.837664285714,0.02,0.02,0.4096532857142847,0.0,0.0032,0.002000000000007276,4310.560328571428,0.01,False,0.0,0.0,0,2025-12-30 10:30:00,4383.697664285714,sl,False,-0.411653285714292,-1.0048821773674292
-1,2025-12-30 13:40:00,2025-12-30 13:45:00,4380.875,4404.625985714285,4336.902985714285,0.02,0.02,0.4750197142856996,0.0,0.0032,0.0004,4292.93097142857,0.01,False,0.0,0.0,0,2025-12-30 14:15:00,4386.155000000001,news_close,False,-0.1056000000000131,-0.2223065629156187
1,2026-01-02 08:30:00,2026-01-02 09:00:00,4386.155,4371.2724285714285,4403.635428571428,0.03,0.03,0.44647714285713846,0.0,0.0048,0.0030000000000109136,4421.115857142856,0.01,False,0.0,0.0,0,2026-01-02 13:30:00,4371.172428571428,sl,False,-0.44947714285714935,-1.0067192689435633
1,2026-01-05 07:40:00,2026-01-05 07:45:00,4423.685,4416.077135714286,4438.90072857143,0.06,0.06,0.4564718571428784,0.0,0.0096,0.0030000000000109136,4454.116457142859,0.03,True,0.4564718571428784,0.0,0,2026-01-05 11:25:00,4415.977135714285,sl,False,0.2252359285714283,0.4934278533209291
1,2026-01-06 08:20:00,2026-01-06 08:30:00,4466.135,4456.3321857142855,4485.74062857143,0.05,0.05,0.4901407142857352,0.0,0.008,0.00500000000001819,4505.346257142859,0.02,False,0.0,0.0,0,2026-01-06 09:10:00,4456.232185714285,sl,False,-0.49514071428575335,-1.0102011521473062
1,2026-01-06 12:20:00,2026-01-06 12:25:00,4464.375,4447.957557142857,4496.847557142857,0.03,0.03,0.49252328571429643,0.0,0.0048,0.0006,4529.320114285714,0.01,False,0.0,0.0,0,2026-01-06 14:15:00,4471.285,news_close,False,0.20729999999999563,0.42089380545602567
1,2026-01-08 12:40:00,2026-01-08 12:45:00,4427.985,4406.961042857142,4454.901042857143,0.02,0.02,0.420479142857148,0.0,0.0032,0.0004,4481.817085714286,0.01,False,0.0,0.0,0,2026-01-08 13:00:00,4427.355,news_close,False,-0.012600000000002182,-0.02996581450957452
1,2026-01-08 14:45:00,2026-01-08 14:50:00,4435.605,4418.179642857142,4454.689642857143,0.02,0.02,0.34850714285714274,0.0,0.0032,0.0,4473.774285714286,0.01,True,0.1908464285714308,0.0,0,2026-01-08 20:30:00,4473.774285714286,tp2,False,0.5725392857142924,1.6428337193335032
1,2026-01-12 07:15:00,2026-01-12 07:20:00,4584.695,4571.50395,4600.67695,0.03,0.03,0.39573149999998347,0.0,0.0048,0.0,4616.6589,0.01,True,0.15981950000000325,0.0,0,2026-01-12 13:50:00,4616.6589,tp2,False,0.7990975000000161,2.019292121046845
1,2026-01-12 15:05:00,2026-01-12 15:20:00,4611.165,4583.541171428571,4666.412657142858,0.01,0.01,0.2762382857142893,0.0,0.0016,0.0002,,0.0,False,0.0,0.0,0,2026-01-12 17:30:00,4615.958,news_close,False,0.047929999999996656,0.1735096200588582
1,2026-01-13 08:05:00,2026-01-13 08:10:00,4586.945,4578.330764285714,4600.673764285714,0.05,0.05,0.4307117857142657,0.0,0.008,0.00500000000001819,4614.402528571429,0.02,False,0.0,0.0,0,2026-01-13 12:25:00,4578.230764285714,sl,False,-0.43571178571428393,-1.0116086909294264
1,2026-01-14 09:05:00,2026-01-14 09:10:00,4637.685,4620.842978571429,4671.3690428571435,0.03,0.03,0.5052606428571471,0.0,0.0048,0.0006,4705.053085714287,0.01,False,0.0,0.0,0,2026-01-14 13:00:00,4638.464999999999,news_close,False,0.023399999999965074,0.046312730529816826
-1,2026-01-15 11:45:00,2026-01-15 11:50:00,4617.075,4621.635835714285,4607.953328571429,0.11,0.11,0.5016919285714084,0.0,0.0176,0.0022,4598.831657142858,0.05,False,0.0,0.0,0,2026-01-15 13:00:00,4613.965,news_close,False,0.342099999999964,0.6818925729463298
1,2026-01-19 12:15:00,2026-01-19 13:40:00,4667.335,4659.0865,4678.5165,0.06,0.06,0.49490999999998164,0.0,0.0096,0.0,4689.697999999999,0.03,True,0.3354449999999906,-0.01617,1,2026-01-20 04:35:00,4689.697999999999,tp2,False,0.9901649999999718,2.0006970964417943
1,2026-01-20 07:20:00,2026-01-20 07:25:00,4716.925,4704.919221428571,4740.936557142858,0.04,0.04,0.4802311428571557,0.0,0.0064,0.0,4764.948114285716,0.02,True,0.4802311428571557,0.0,0,2026-01-20 18:10:00,4764.948114285716,tp2,False,1.440693428571467,3.0
1,2026-01-21 11:15:00,2026-01-21 11:30:00,4866.498,4860.292278571429,4878.909442857141,0.08,0.08,0.49645771428564334,0.0,0.0128,0.008000000000029104,4891.320885714282,0.04,False,0.0,0.0,0,2026-01-21 11:45:00,4860.192278571429,sl,False,-0.5044577142856724,-1.0161141619312741
1,2026-01-21 13:30:00,2026-01-21 13:50:00,4870.715,4856.076257142858,4887.516257142857,0.03,0.03,0.4391622857142738,0.0,0.0048,0.0030000000000109136,4904.317514285714,0.01,False,0.0,0.0,0,2026-01-21 14:00:00,4855.976257142857,sl,False,-0.44216228571428473,-1.0068311876898346
1,2026-01-22 07:00:00,2026-01-22 08:05:00,4829.195,4794.459785714286,4880.169785714286,0.01,0.01,0.34735214285713484,0.0,0.0016,0.0002,,0.0,False,0.0,0.0,0,2026-01-22 13:00:00,4819.344999999999,news_close,False,-0.09850000000000364,-0.2835738947507126
1,2026-01-23 10:25:00,2026-01-23 10:30:00,4926.065,4914.8920499999995,4948.4109,0.04,0.04,0.44691800000000514,0.0,0.0064,0.004000000000014552,4970.7568,0.02,False,0.0,0.0,0,2026-01-23 11:15:00,4914.792049999999,sl,False,-0.4509180000000197,-1.00895018773022
1,2026-01-23 12:05:00,2026-01-23 12:15:00,4930.495,4911.084785714285,4966.694785714285,0.02,0.02,0.3882042857142915,0.0,0.0032,0.0,5002.89457142857,0.01,True,0.361997857142851,-0.005390000000000001,1,2026-01-25 23:00:00,5002.89457142857,tp2,False,1.080603571428553,2.7835951616048096
1,2026-01-26 08:10:00,2026-01-26 08:15:00,5095.585,5085.169328571428,5116.416342857144,0.05,0.05,0.5207835714285921,0.0,0.008,0.00500000000001819,5137.247685714287,0.02,False,0.0,0.0,0,2026-01-26 08:50:00,5085.069328571428,sl,False,-0.5257835714286102,-1.0096009172991043
1,2026-01-26 14:20:00,2026-01-26 14:25:00,5075.915,5057.285285714286,5110.045285714286,0.02,0.02,0.37259428571427633,0.0,0.0032,0.002000000000007276,5144.175571428573,0.01,False,0.0,0.0,0,2026-01-26 19:00:00,5057.185285714286,sl,False,-0.3745942857142836,-1.0053677688485565
-1,2026-01-27 08:25:00,2026-01-27 08:30:00,5079.025,5101.244921428572,5055.034921428572,0.02,0.02,0.4443984285714396,0.0,0.0032,0.0002,5031.0448428571435,0.01,True,0.23990078571428058,0.0,0,2026-01-27 14:30:00,5059.455,news_close,False,0.4356007857142777,0.9802032539011384
1,2026-01-28 08:30:00,2026-01-28 08:35:00,5299.675,5270.996978571428,5357.031042857144,0.01,0.01,0.2867802142857181,0.0,0.0016,0.001000000000003638,,0.0,False,0.0,0.0,0,2026-01-28 09:20:00,5270.896978571428,sl,False,-0.28778021428572176,-1.0034869909086803
1,2026-01-28 10:05:00,2026-01-28 10:15:00,5280.115,5262.036521428571,5316.271957142857,0.02,0.02,0.3615695714285721,0.0,0.0032,0.002000000000007276,5352.428914285714,0.01,False,0.0,0.0,0,2026-01-28 11:00:00,5261.936521428571,sl,False,-0.3635695714285794,-1.0055314389208838
1,2026-01-28 12:35:00,2026-01-28 12:40:00,5267.505,5250.849571428572,5300.815857142857,0.03,0.03,0.4996628571428482,0.0,0.0048,0.0030000000000109136,5334.126714285713,0.01,False,0.0,0.0,0,2026-01-28 14:05:00,5250.7495714285715,sl,False,-0.5026628571428591,-1.0060040484441157
1,2026-01-28 14:35:00,2026-01-28 14:50:00,5270.085,5247.48145,5310.19145,0.02,0.02,0.4520709999999963,0.0,0.0032,0.0004,5350.2979000000005,0.01,False,0.0,0.0,0,2026-01-28 15:00:00,5285.438999999999,news_close,False,0.3070799999999872,0.6792738308805248
1,2026-01-29 12:10:00,2026-01-29 12:20:00,5528.695,5507.308307142857,5571.4683857142845,0.02,0.02,0.4277338571428482,0.0,0.0032,0.0004,5614.241771428569,0.01,False,0.0,0.0,0,2026-01-29 13:00:00,5533.9349999999995,news_close,False,0.10479999999999563,0.24501216878185095
1,2026-01-29 14:05:00,2026-01-29 14:10:00,5530.615,5498.239885714285,5593.889885714285,0.01,0.01,0.3237511428571452,0.0,0.0016,0.001000000000003638,,0.0,False,0.0,0.0,0,2026-01-29 14:45:00,5498.139885714285,sl,False,-0.3247511428571488,-1.0030887921851903
1,2026-02-03 07:25:00,2026-02-03 09:25:00,4893.535,4863.150978571428,4954.303042857144,0.01,0.01,0.30384021428571945,0.0,0.0016,0.0,,0.0,False,0.0,0.0,0,2026-02-03 16:15:00,4954.303042857144,tp,False,0.6076804285714389,2.0
1,2026-02-04 12:30:00,2026-02-04 12:35:00,5055.115,5036.1811,5092.9828,0.02,0.02,0.3786779999999999,0.0,0.0032,0.0004,5130.8506,0.01,False,0.0,0.0,0,2026-02-04 12:45:00,5055.584999999999,news_close,False,0.009399999999986903,0.024823200714028555
1,2026-02-04 13:50:00,2026-02-04 13:55:00,5058.725,5021.710264285714,5099.320264285714,0.01,0.01,0.3701473571428596,0.0,0.0016,0.0002,,0.0,False,0.0,0.0,0,2026-02-04 14:30:00,5031.075,news_close,False,-0.27650000000000546,-0.746999795255297
1,2026-02-10 10:35:00,2026-02-10 10:50:00,5052.455,5036.138328571428,5085.088342857143,0.03,0.03,0.4895001428571504,0.0,0.0048,0.0030000000000109136,5117.721685714287,0.01,False,0.0,0.0,0,2026-02-10 12:40:00,5036.038328571428,sl,False,-0.4925001428571613,-1.00612870096932
1,2026-02-10 14:15:00,2026-02-10 14:35:00,5058.725,5045.633707142857,5084.907585714287,0.03,0.03,0.3927387857143003,0.0,0.0048,0.0030000000000109136,5111.090171428574,0.01,False,0.0,0.0,0,2026-02-10 14:45:00,5045.533707142857,sl,False,-0.3957387857143112,-1.0076386649578155
1,2026-02-12 08:00:00,2026-02-12 08:15:00,5065.938,5055.844235714286,5077.994235714285,0.05,0.05,0.5046882142857158,0.0,0.008,0.00500000000001819,5090.050471428571,0.02,False,0.0,0.0,0,2026-02-12 08:30:00,5055.744235714285,sl,False,-0.509688214285734,-1.0099071067215126
1,2026-02-12 11:50:00,2026-02-12 11:55:00,5065.425,5055.488714285714,5078.138714285714,0.05,0.05,0.49681428571429936,0.0,0.008,0.00500000000001819,5090.8524285714275,0.02,False,0.0,0.0,0,2026-02-12 12:40:00,5055.388714285714,sl,False,-0.5018142857143175,-1.0100641228398441
-1,2026-02-13 09:25:00,2026-02-13 09:30:00,4971.318,4987.363471428572,4941.583471428572,0.03,0.03,0.48136414285714635,0.0,0.0048,0.00039999999999999996,4911.848942857144,0.01,True,0.297345285714282,0.0,0,2026-02-13 13:00:00,4969.455,news_close,False,0.33460528571428766,0.6951188423139111
1,2026-02-16 07:45:00,2026-02-16 08:10:00,5002.775,4988.302428571428,5022.962428571428,0.03,0.03,0.4341771428571428,0.0,0.0048,0.0030000000000109136,5043.1498571428565,0.01,False,0.0,0.0,0,2026-02-16 14:35:00,4988.202428571428,sl,False,-0.4371771428571537,-1.0069096221424028
-1,2026-02-18 10:35:00,2026-02-18 10:55:00,4915.975,4924.816971428571,4900.026971428571,0.05,0.05,0.44209857142855075,0.0,0.008,0.00500000000001819,4884.0789428571425,0.02,False,0.0,0.0,0,2026-02-18 12:10:00,4924.916971428572,sl,False,-0.4470985714285689,-1.0113096949937244
1,2026-02-20 12:40:00,2026-02-20 12:45:00,5023.555,5012.7425,5044.9225,0.04,0.04,0.4325,0.0,0.0064,0.0008,5066.289999999999,0.02,False,0.0,0.0,0,2026-02-20 13:00:00,5024.9349999999995,news_close,False,0.05519999999996799,0.1276300578033942
1,2026-02-23 12:35:00,2026-02-23 13:10:00,5154.415,5146.307357142857,5170.630285714286,0.06,0.06,0.4864585714285931,0.0,0.0096,0.006000000000021827,5186.845571428573,0.03,False,0.0,0.0,0,2026-02-23 13:25:00,5146.207357142856,sl,False,-0.49245857142861493,-1.012334041072401
1,2026-02-24 10:20:00,2026-02-24 10:25:00,5179.958,5165.794107142858,5208.2857857142835,0.03,0.03,0.42491678571425834,0.0,0.0048,0.0030000000000109136,5236.613571428567,0.01,False,0.0,0.0,0,2026-02-24 10:35:00,5165.694107142857,sl,False,-0.4279167857142693,-1.0070602059058884
1,2026-02-24 11:40:00,2026-02-24 11:45:00,5177.205,5170.258635714285,5191.097728571429,0.07,0.07,0.4862455000000137,0.0,0.011200000000000002,0.007000000000025467,5204.990457142858,0.03,False,0.0,0.0,0,2026-02-24 12:00:00,5170.158635714285,sl,False,-0.49324550000003914,-1.0143960201174618
-1,2026-02-25 07:00:00,2026-02-25 07:05:00,5188.408,5195.4758142857145,5174.272371428572,0.06,0.06,0.42406885714284726,0.0,0.0096,0.006000000000021827,5160.136742857144,0.03,False,0.0,0.0,0,2026-02-25 08:30:00,5195.575814285715,sl,False,-0.4300688571428691,-1.0141486456714757
-1,2026-02-25 10:20:00,2026-02-25 10:25:00,5176.325,5195.489057142857,5145.1620571428575,0.02,0.02,0.3832811428571404,0.0,0.0032,0.0004,5113.999114285715,0.01,False,0.0,0.0,0,2026-02-25 15:00:00,5191.1050000000005,news_close,False,-0.29560000000001313,-0.7712354377689579
-1,2026-02-26 07:45:00,2026-02-26 07:50:00,5181.855,5198.672764285715,5155.422764285715,0.02,0.02,0.3363552857143077,0.0,0.0032,0.0004,5128.99052857143,0.01,False,0.0,0.0,0,2026-02-26 13:00:00,5183.675,news_close,False,-0.03640000000001237,-0.10821890288630599
-1,2026-02-27 09:50:00,2026-02-27 09:55:00,5174.815,5182.360785714286,5166.920785714286,0.06,0.06,0.452747142857188,0.0,0.0096,0.006000000000021827,5159.0265714285715,0.03,False,0.0,0.0,0,2026-02-27 11:50:00,5182.460785714286,sl,False,-0.4587471428572098,-1.0132524304011221
1,2026-03-02 08:25:00,2026-03-02 08:30:00,5414.305,5401.075114285714,5440.764771428572,0.03,0.03,0.39689657142857865,0.0,0.0048,0.0030000000000109136,5467.224542857144,0.01,False,0.0,0.0,0,2026-03-02 08:40:00,5400.975114285714,sl,False,-0.3998965714285896,-1.0075586442815891
1,2026-03-02 15:35:00,2026-03-02 15:40:00,5346.588,5308.616792857142,5390.956792857142,0.01,0.01,0.37971207142857566,0.0,0.0016,0.001000000000003638,,0.0,False,0.0,0.0,0,2026-03-02 15:55:00,5308.516792857142,sl,False,-0.3807120714285793,-1.0026335744245407
1,2026-03-03 07:30:00,2026-03-03 07:35:00,5319.245,5289.523135714286,5378.688728571428,0.01,0.01,0.29721864285714217,0.0,0.0016,0.001000000000003638,,0.0,False,0.0,0.0,0,2026-03-03 09:00:00,5289.423135714285,sl,False,-0.29821864285714583,-1.0033645264993836
-1,2026-03-06 11:50:00,2026-03-06 11:55:00,5079.995,5100.121764285715,5055.081764285715,0.02,0.02,0.4025352857142934,0.0,0.0032,0.0004,5030.168528571429,0.01,False,0.0,0.0,0,2026-03-06 13:00:00,5082.895,news_close,False,-0.05800000000001092,-0.1440867473197802
-1,2026-03-12 09:10:00,2026-03-12 09:15:00,5176.845,5183.110814285715,5168.580814285714,0.07,0.07,0.4386070000000109,0.0,0.011200000000000002,0.007000000000025467,5160.316628571428,0.03,False,0.0,0.0,0,2026-03-12 09:30:00,5183.210814285715,sl,False,-0.4456070000000364,-1.0159596176076198
-1,2026-03-12 10:25:00,2026-03-12 10:30:00,5182.465,5191.821428571428,5168.588428571428,0.04,0.04,0.37425714285713185,0.0,0.0064,0.0008,5154.711857142856,0.02,False,0.0,0.0,0,2026-03-12 12:00:00,5179.035,news_close,False,0.13720000000001165,0.36659286968475063
-1,2026-03-13 10:30:00,2026-03-13 10:35:00,5082.945,5096.981721428571,5062.641721428571,0.03,0.03,0.42110164285714746,0.0,0.0048,0.0030000000000109136,5042.338442857143,0.01,False,0.0,0.0,0,2026-03-13 10:50:00,5097.081721428572,sl,False,-0.42410164285715835,-1.0071241707338305
-1,2026-03-17 09:55:00,2026-03-17 10:00:00,5012.598,5019.942478571429,4999.122478571429,0.06,0.06,0.4406687142857481,0.0,0.0096,0.0030000000000109136,4985.646957142859,0.03,True,0.4042656428571172,0.0,0,2026-03-17 12:25:00,5020.0424785714295,sl,False,0.18093128571423223,0.41058346065590845
-1,2026-03-18 07:15:00,2026-03-18 07:25:00,5008.318,5016.448028571428,4999.068028571429,0.05,0.05,0.4065014285713915,0.0,0.008,0.0,4989.8180571428575,0.02,True,0.18499942857142743,0.0,0,2026-03-18 07:55:00,4989.8180571428575,tp2,False,0.7399977142857097,1.820406183777404
-1,2026-03-19 07:40:00,2026-03-19 07:45:00,4747.505,4785.941557142857,4681.391557142858,0.01,0.01,0.38436557142857053,0.0,0.0016,0.0,,0.0,False,0.0,0.0,0,2026-03-19 10:20:00,4681.391557142858,tp,False,0.6611344285714222,1.7200667221941486
-1,2026-03-20 10:55:00,2026-03-20 11:00:00,4645.785,4671.170571428572,4600.4105714285715,0.01,0.01,0.25385571428571896,0.0,0.0016,0.001000000000003638,,0.0,False,0.0,0.0,0,2026-03-20 11:40:00,4671.270571428572,sl,False,-0.25485571428572257,-1.003939245578211
-1,2026-03-20 13:30:00,2026-03-20 13:35:00,4653.555,4682.594835714286,4600.244835714286,0.01,0.01,0.290398357142858,0.0,0.0016,0.0,,0.0,False,0.0,0.0,0,2026-03-20 14:10:00,4600.244835714286,tp,False,0.5331016428571457,1.835759844174644
-1,2026-03-24 12:30:00,2026-03-24 12:50:00,4390.175,4428.72505,4351.47505,0.01,0.01,0.3855004999999983,0.0,0.0016,0.0,,0.0,False,0.0,0.0,0,2026-03-24 13:40:00,4351.47505,tp,False,0.3869995000000017,1.003888451506557
1,2026-03-25 07:15:00,2026-03-25 07:20:00,4556.505,4542.347521428571,4584.819957142859,0.03,0.03,0.4247243571428771,0.0,0.0048,0.0030000000000109136,4613.134914285717,0.01,False,0.0,0.0,0,2026-03-25 07:35:00,4542.2475214285705,sl,False,-0.42772435714288803,-1.0070634046518827
1,2026-03-25 08:15:00,2026-03-25 08:20:00,4562.915,4534.5656285714285,4600.185628571428,0.01,0.01,0.2834937142857143,0.0,0.0016,0.001000000000003638,,0.0,False,0.0,0.0,0,2026-03-25 09:45:00,4534.465628571428,sl,False,-0.28449371428571796,-1.0035274150699365
1,2026-03-25 10:50:00,2026-03-25 10:55:00,4560.745,4550.189207142857,4581.856585714285,0.04,0.04,0.4222317142856991,0.0,0.0064,0.002000000000007276,4602.96817142857,0.02,True,0.4222317142856991,0.0,0,2026-03-25 12:25:00,4550.089207142857,sl,False,0.20911585714284225,0.4952632643822344
1,2026-04-01 09:45:00,2026-04-01 09:50:00,4723.615,4712.174592857143,4735.234592857143,0.04,0.04,0.4576162857142845,0.0,0.0064,0.0,4746.854185714286,0.02,True,0.23239185714286578,0.0,0,2026-04-01 11:30:00,4746.854185714286,tp2,False,0.6971755714285973,1.5234937942394016
-1,2026-04-02 08:45:00,2026-04-02 08:50:00,4628.685,4651.9175,4600.0975,0.02,0.02,0.4646499999999833,0.0,0.0032,0.0002,4571.509999999999,0.01,True,0.2858750000000055,0.0,0,2026-04-02 12:00:00,4600.055,news_close,False,0.5721750000000065,1.2314107392661726
-1,2026-04-06 07:15:00,2026-04-06 07:30:00,4651.478,4668.1221214285715,4618.189757142857,0.02,0.02,0.3328824285714291,0.0,0.0032,0.002000000000007276,4584.901514285714,0.01,False,0.0,0.0,0,2026-04-06 07:45:00,4668.222121428572,sl,False,-0.33488242857143635,-1.0060081272796233
-1,2026-04-07 13:40:00,2026-04-07 13:45:00,4646.398,4671.698528571429,4616.958528571428,0.01,0.01,0.25300528571428915,0.0,0.0016,0.0,,0.0,False,0.0,0.0,0,2026-04-07 14:05:00,4616.958528571428,tp,False,0.2943947142857178,1.1635911615624046
1,2026-04-10 09:15:00,2026-04-10 09:25:00,4752.145,4729.551685714286,4797.33162857143,0.02,0.02,0.4518662857142954,0.0,0.0032,0.0004,4842.5182571428595,0.01,False,0.0,0.0,0,2026-04-10 12:00:00,4768.094999999999,news_close,False,0.3189999999999782,0.7059610554828482
1,2026-04-10 14:10:00,2026-04-10 14:15:00,4779.875,4763.776071428571,4799.346071428572,0.03,0.03,0.4829678571428576,0.0,0.0048,0.0030000000000109136,4818.817142857144,0.01,False,0.0,0.0,0,2026-04-10 15:35:00,4763.676071428571,sl,False,-0.4859678571428685,-1.0062115934955969
1,2026-04-14 08:25:00,2026-04-14 09:05:00,4780.475,4773.014071428571,4794.174071428572,0.06,0.06,0.44765571428577455,0.0,0.0096,0.006000000000021827,4807.873142857143,0.03,False,0.0,0.0,0,2026-04-14 09:30:00,4772.91407142857,sl,False,-0.45365571428579643,-1.0134031574009834
1,2026-04-14 13:00:00,2026-04-14 13:05:00,4776.015,4761.721928571428,4794.031928571429,0.03,0.03,0.42879214285716444,0.0,0.0048,0.0,4812.048857142857,0.01,True,0.18016928571428253,0.0,0,2026-04-14 14:30:00,4812.048857142857,tp2,False,0.9008464285714126,2.1008930400842134
1,2026-04-15 08:50:00,2026-04-15 09:00:00,4813.968,4804.724185714285,4832.455628571429,0.05,0.05,0.46219071428572533,0.0,0.008,0.00500000000001819,4850.943257142858,0.02,False,0.0,0.0,0,2026-04-15 09:10:00,4804.624185714285,sl,False,-0.46719071428574355,-1.010818045117469
1,2026-04-15 13:20:00,2026-04-15 13:35:00,4816.138,4807.673564285714,4833.066871428572,0.05,0.05,0.42322178571430413,0.0,0.008,0.001,4849.995742857144,0.02,False,0.0,0.0,0,2026-04-15 14:00:00,4828.535,news_close,False,0.6198499999999968,1.4645985176633287
1,2026-04-16 10:55:00,2026-04-16 11:25:00,4815.485,4804.485264285714,4830.065264285715,0.04,0.04,0.43998942857142537,0.0,0.0064,0.0008,4844.64552857143,0.02,False,0.0,0.0,0,2026-04-16 12:00:00,4821.995,news_close,False,0.26040000000000874,0.5918324011681042
-1,2026-04-22 15:35:00,2026-04-22 15:40:00,4729.595,4740.66655,4707.451900000001,0.04,0.04,0.44286199999998643,0.0,0.0064,0.004000000000014552,4685.308800000002,0.02,False,0.0,0.0,0,2026-04-22 18:45:00,4740.76655,sl,False,-0.446862000000001,-1.0090321590021603
-1,2026-04-23 10:05:00,2026-04-23 10:40:00,4694.575,4703.499142857143,4680.249142857143,0.05,0.05,0.44620714285715624,0.0,0.008,0.00500000000001819,4665.923285714286,0.02,False,0.0,0.0,0,2026-04-23 11:35:00,4703.599142857143,sl,False,-0.45120714285717445,-1.0112055579567871
-1,2026-04-24 10:30:00,2026-04-24 10:40:00,4679.115,4688.822285714286,4668.702285714286,0.04,0.04,0.3882914285714651,0.0,0.0064,0.004000000000014552,4658.289571428571,0.02,False,0.0,0.0,0,2026-04-24 11:00:00,4688.922285714287,sl,False,-0.39229142857147964,-1.0103015408162128
1,2026-04-27 07:00:00,2026-04-27 07:05:00,4715.565,4708.568928571428,4729.557142857143,0.06,0.06,0.4197642857143,0.0,0.0096,0.006000000000021827,4743.549285714286,0.03,False,0.0,0.0,0,2026-04-27 08:30:00,4708.468928571428,sl,False,-0.42576428571432184,-1.014293736280617
-1,2026-04-29 11:45:00,2026-04-29 11:50:00,4563.935,4572.341571428572,4555.131571428572,0.05,0.05,0.4203285714285812,0.0,0.008,0.001,4546.328142857144,0.02,False,0.0,0.0,0,2026-04-29 12:00:00,4561.675,news_close,False,0.11300000000001093,0.26883730414983453
