direction,break_time,asian_high,asian_low,sl,tp,outcome,break_time_thai
-1,2017-01-03 09:30:00,1158.722,1149.682,,,against_bias,2017-01-03 16:30:00
1,2017-01-04 08:10:00,1163.351,1156.138,1159.7445,1170.6149999999998,signal,2017-01-04 15:10:00
1,2017-01-09 08:20:00,1176.538,1172.641,,,against_bias,2017-01-09 15:20:00
1,2017-01-11 08:35:00,1190.709,1185.618,,,sl_too_tight,2017-01-11 15:35:00
1,2017-01-12 08:10:00,1200.892,1192.801,1196.8465,1212.8410000000001,signal,2017-01-12 15:10:00
1,2017-01-13 08:05:00,1196.658,1191.258,1193.958,1203.768,signal,2017-01-13 15:05:00
1,2017-01-17 08:05:00,1212.889,1203.022,1207.9555,1223.6830000000002,signal,2017-01-17 15:05:00
-1,2017-01-18 07:35:00,1217.509,1210.998,,,against_bias,2017-01-18 14:35:00
1,2017-01-19 09:20:00,1204.898,1197.558,,,against_bias,2017-01-19 16:20:00
1,2017-01-20 07:10:00,1208.369,1203.099,,,sl_too_tight,2017-01-20 14:10:00
-1,2017-01-23 07:45:00,1219.449,1213.768,,,against_bias,2017-01-23 14:45:00
-1,2017-01-24 07:50:00,1218.549,1214.212,,,against_bias,2017-01-24 14:50:00
-1,2017-01-25 08:50:00,1209.779,1202.688,1206.2335,1191.1270000000002,signal,2017-01-25 15:50:00
-1,2017-01-26 09:35:00,1202.622,1195.901,1199.2615,1189.1139999999996,signal,2017-01-26 16:35:00
-1,2017-01-27 07:45:00,1188.381,1181.771,1185.076,1174.492,signal,2017-01-27 14:45:00
-1,2017-01-30 07:40:00,1195.699,1191.779,,,sl_too_tight,2017-01-30 14:40:00
1,2017-01-31 11:55:00,1203.008,1196.078,1199.5430000000001,1213.3879999999995,signal,2017-01-31 18:55:00
1,2017-02-01 08:55:00,1211.699,1206.828,,,sl_too_tight,2017-02-01 15:55:00
1,2017-02-02 08:45:00,1217.229,1209.599,1213.414,1226.2360000000003,signal,2017-02-02 15:45:00
1,2017-02-06 11:20:00,1225.011,1220.088,,,sl_too_tight,2017-02-06 18:20:00
-1,2017-02-07 07:50:00,1235.508,1231.438,,,against_bias,2017-02-07 14:50:00
1,2017-02-08 08:45:00,1235.378,1229.979,1232.6785,1245.5500000000002,signal,2017-02-08 15:45:00
1,2017-02-09 08:35:00,1242.328,1238.751,,,sl_too_tight,2017-02-09 15:35:00
-1,2017-02-10 07:55:00,1226.798,1222.171,,,sl_too_tight,2017-02-10 14:55:00
1,2017-02-13 08:10:00,1231.709,1227.892,,,against_bias,2017-02-13 15:10:00
-1,2017-02-15 07:10:00,1228.459,1224.698,,,against_bias,2017-02-15 14:10:00
1,2017-02-16 08:45:00,1236.739,1232.081,,,sl_too_tight,2017-02-16 15:45:00
-1,2017-02-17 07:50:00,1238.799,1237.298,,,against_bias,2017-02-17 14:50:00
1,2017-02-20 10:00:00,1236.629,1232.711,,,against_bias,2017-02-20 17:00:00
-1,2017-02-21 09:00:00,1237.238,1232.439,,,sl_too_tight,2017-02-21 16:00:00
1,2017-02-22 09:20:00,1237.479,1233.498,,,against_bias,2017-02-22 16:20:00
1,2017-02-23 09:05:00,1237.979,1235.728,,,against_bias,2017-02-23 16:05:00
1,2017-02-24 07:25:00,1253.818,1247.888,1250.853,1260.4979999999998,signal,2017-02-24 14:25:00
-1,2017-02-27 08:05:00,1259.058,1255.429,,,against_bias,2017-02-27 15:05:00
-1,2017-02-28 08:35:00,1254.469,1251.712,,,sl_too_tight,2017-02-28 15:35:00
-1,2017-03-02 08:25:00,1247.949,1244.398,,,against_bias,2017-03-02 15:25:00
-1,2017-03-03 07:05:00,1235.408,1230.301,1232.8545,1223.1779999999999,signal,2017-03-03 14:05:00
-1,2017-03-06 07:25:00,1236.768,1231.932,,,against_bias,2017-03-06 14:25:00
-1,2017-03-07 09:15:00,1227.051,1223.972,,,against_bias,2017-03-07 16:15:00
-1,2017-03-08 07:25:00,1218.489,1215.751,,,sl_too_tight,2017-03-08 14:25:00
-1,2017-03-09 08:45:00,1208.949,1203.851,,,sl_too_tight,2017-03-09 15:45:00
-1,2017-03-10 07:20:00,1200.192,1196.965,,,sl_too_tight,2017-03-10 14:20:00
-1,2017-03-14 07:00:00,1204.918,1201.581,,,sl_too_tight,2017-03-14 14:00:00
1,2017-03-16 07:25:00,1227.158,1220.028,1223.5929999999998,1235.5510000000002,signal,2017-03-16 14:25:00
1,2017-03-17 08:15:00,1227.969,1224.422,,,sl_too_tight,2017-03-17 15:15:00
1,2017-03-22 08:00:00,1248.479,1243.949,,,sl_too_tight,2017-03-22 15:00:00
1,2017-03-23 07:00:00,1247.669,1244.258,,,sl_too_tight,2017-03-23 14:00:00
-1,2017-03-24 08:15:00,1246.649,1241.899,,,sl_too_tight,2017-03-24 15:15:00
1,2017-03-28 11:50:00,1255.418,1251.234,,,against_bias,2017-03-28 18:50:00
1,2017-03-29 08:45:00,1251.138,1247.288,,,against_bias,2017-03-29 15:45:00
-1,2017-04-03 07:00:00,1249.858,1246.321,,,against_bias,2017-04-03 14:00:00
1,2017-04-04 08:00:00,1257.989,1254.632,,,sl_too_tight,2017-04-04 15:00:00
1,2017-04-05 07:10:00,1256.259,1253.468,,,sl_too_tight,2017-04-05 14:10:00
-1,2017-04-06 10:40:00,1258.741,1252.878,,,against_bias,2017-04-06 17:40:00
-1,2017-04-10 11:10:00,1255.222,1251.852,,,against_bias,2017-04-10 18:10:00
1,2017-04-11 07:40:00,1257.522,1253.028,,,sl_too_tight,2017-04-11 14:40:00
-1,2017-04-12 07:30:00,1279.742,1273.768,,,against_bias,2017-04-12 14:30:00
1,2017-04-13 10:00:00,1287.948,1283.832,,,sl_too_tight,2017-04-13 17:00:00
-1,2017-04-17 11:55:00,1294.982,1286.678,,,against_bias,2017-04-17 18:55:00
1,2017-04-18 09:20:00,1285.598,1281.398,,,against_bias,2017-04-18 16:20:00
-1,2017-04-19 08:20:00,1289.288,1283.358,1286.3229999999999,1275.4510000000005,signal,2017-04-19 15:20:00
1,2017-04-20 07:00:00,1281.338,1277.351,,,against_bias,2017-04-20 14:00:00
-1,2017-04-21 07:00:00,1281.708,1279.279,,,against_bias,2017-04-21 14:00:00
-1,2017-04-25 07:10:00,1277.869,1271.728,1274.7984999999999,1265.2090000000005,signal,2017-04-25 14:10:00
1,2017-04-26 08:35:00,1265.392,1261.252,,,against_bias,2017-04-26 15:35:00
1,2017-04-28 08:30:00,1266.188,1263.308,,,against_bias,2017-04-28 15:30:00
-1,2017-05-01 07:05:00,1270.369,1261.871,1266.12,1253.016,signal,2017-05-01 14:05:00
-1,2017-05-02 07:45:00,1257.728,1254.939,,,sl_too_tight,2017-05-02 14:45:00
-1,2017-05-03 07:30:00,1256.921,1254.168,,,sl_too_tight,2017-05-03 14:30:00
1,2017-05-05 09:40:00,1234.969,1226.781,,,against_bias,2017-05-05 16:40:00
1,2017-05-08 10:10:00,1234.672,1228.838,,,against_bias,2017-05-08 17:10:00
-1,2017-05-09 11:45:00,1228.591,1223.848,,,sl_too_tight,2017-05-09 18:45:00
1,2017-05-10 08:05:00,1223.871,1220.661,,,against_bias,2017-05-10 15:05:00
1,2017-05-11 10:30:00,1222.632,1216.949,,,against_bias,2017-05-11 17:30:00
1,2017-05-12 07:35:00,1228.279,1224.428,,,sl_too_tight,2017-05-12 14:35:00
1,2017-05-17 09:35:00,1244.951,1241.038,,,sl_too_tight,2017-05-17 16:35:00
-1,2017-05-18 07:00:00,1262.978,1255.669,,,against_bias,2017-05-18 14:00:00
1,2017-05-19 09:35:00,1251.932,1247.321,,,against_bias,2017-05-19 16:35:00
1,2017-05-22 11:50:00,1257.242,1251.748,,,sl_too_tight,2017-05-22 18:50:00
-1,2017-05-23 07:45:00,1263.728,1260.439,,,against_bias,2017-05-23 14:45:00
-1,2017-05-25 10:30:00,1259.629,1256.338,,,against_bias,2017-05-25 17:30:00
1,2017-05-26 07:00:00,1261.421,1254.099,1257.76,1269.4030000000002,signal,2017-05-26 14:00:00
-1,2017-05-30 07:40:00,1270.439,1266.082,,,against_bias,2017-05-30 14:40:00
1,2017-05-31 07:20:00,1262.958,1259.529,,,against_bias,2017-05-31 14:20:00
-1,2017-06-01 10:00:00,1270.279,1265.781,,,against_bias,2017-06-01 17:00:00
1,2017-06-06 07:15:00,1289.479,1279.628,1284.5535,1299.39,signal,2017-06-06 14:15:00
-1,2017-06-07 10:30:00,1294.032,1290.851,,,against_bias,2017-06-07 17:30:00
-1,2017-06-08 11:40:00,1288.899,1283.618,1286.2585,1275.0700000000002,signal,2017-06-08 18:40:00
-1,2017-06-12 07:10:00,1270.041,1265.988,,,sl_too_tight,2017-06-12 14:10:00
-1,2017-06-13 08:30:00,1267.062,1262.658,1264.86,1255.3170000000005,signal,2017-06-13 15:30:00
-1,2017-06-14 11:10:00,1270.039,1266.668,,,against_bias,2017-06-14 18:10:00
-1,2017-06-15 09:30:00,1266.656,1260.898,,,sl_too_tight,2017-06-15 16:30:00
1,2017-06-16 08:00:00,1254.979,1251.769,,,against_bias,2017-06-16 15:00:00
-1,2017-06-19 07:05:00,1255.239,1251.068,,,sl_too_tight,2017-06-19 14:05:00
1,2017-06-20 07:30:00,1246.979,1242.851,,,against_bias,2017-06-20 14:30:00
1,2017-06-21 09:50:00,1246.882,1244.459,,,against_bias,2017-06-21 16:50:00
1,2017-06-23 07:40:00,1254.042,1250.0,,,against_bias,2017-06-23 14:40:00
-1,2017-06-26 08:00:00,1257.409,1253.492,1255.4505,1213.896,signal,2017-06-26 15:00:00
1,2017-06-27 08:05:00,1252.038,1241.341,1246.6895,1263.8240000000003,signal,2017-06-27 15:05:00
1,2017-06-28 08:10:00,1253.369,1248.269,,,sl_too_tight,2017-06-28 15:10:00
-1,2017-06-29 07:45:00,1253.148,1249.001,1251.0745,1237.4350000000002,signal,2017-06-29 14:45:00
-1,2017-06-30 07:15:00,1248.222,1243.06,,,sl_too_tight,2017-06-30 14:15:00
-1,2017-07-03 07:15:00,1241.992,1235.601,1238.7965,1228.3310000000001,signal,2017-07-03 14:15:00
-1,2017-07-05 07:35:00,1228.801,1224.329,,,against_bias,2017-07-05 14:35:00
-1,2017-07-06 07:15:00,1227.899,1223.861,,,sl_too_tight,2017-07-06 14:15:00
-1,2017-07-11 07:05:00,1216.001,1209.951,1212.976,1203.7839999999999,signal,2017-07-11 14:05:00
-1,2017-07-12 10:30:00,1220.509,1216.899,,,against_bias,2017-07-12 17:30:00
1,2017-07-14 09:10:00,1219.038,1214.761,,,against_bias,2017-07-14 16:10:00
1,2017-07-17 11:25:00,1232.271,1229.349,,,sl_too_tight,2017-07-17 18:25:00
-1,2017-07-19 07:55:00,1243.418,1238.581,,,against_bias,2017-07-19 14:55:00
-1,2017-07-20 07:35:00,1242.019,1237.511,,,against_bias,2017-07-20 14:35:00
1,2017-07-21 08:00:00,1247.888,1243.401,,,sl_too_tight,2017-07-21 15:00:00
1,2017-07-24 10:05:00,1257.129,1251.901,,,sl_too_tight,2017-07-24 17:05:00
-1,2017-07-25 08:05:00,1257.889,1252.852,,,against_bias,2017-07-25 15:05:00
-1,2017-07-31 07:05:00,1270.431,1267.1,,,against_bias,2017-07-31 14:05:00
-1,2017-08-01 10:20:00,1270.699,1267.002,,,against_bias,2017-08-01 17:20:00
-1,2017-08-03 07:20:00,1264.278,1261.591,,,sl_too_tight,2017-08-03 14:20:00
-1,2017-08-07 09:35:00,1259.039,1257.149,,,sl_too_tight,2017-08-07 16:35:00
1,2017-08-08 08:05:00,1260.891,1257.361,,,sl_too_tight,2017-08-08 15:05:00
1,2017-08-09 07:00:00,1267.148,1261.291,1264.2195,1276.8870000000002,signal,2017-08-09 14:00:00
1,2017-08-10 10:40:00,1279.752,1274.598,1277.175,1286.2740000000003,signal,2017-08-10 17:40:00
-1,2017-08-14 07:30:00,1289.531,1285.008,,,against_bias,2017-08-14 14:30:00
-1,2017-08-16 07:05:00,1273.962,1269.931,,,sl_too_tight,2017-08-16 14:05:00
1,2017-08-18 07:00:00,1288.922,1285.941,1287.4315000000001,1301.9439999999997,signal,2017-08-18 14:00:00
1,2017-08-21 07:00:00,1287.258,1281.821,,,against_bias,2017-08-21 14:00:00
-1,2017-08-22 07:00:00,1291.589,1285.051,1288.32,1275.336,signal,2017-08-22 14:00:00
1,2017-08-23 10:45:00,1287.141,1282.751,,,against_bias,2017-08-23 17:45:00
-1,2017-08-24 07:00:00,1290.772,1287.041,,,sl_too_tight,2017-08-24 14:00:00
1,2017-08-25 08:25:00,1287.328,1285.149,,,against_bias,2017-08-25 15:25:00
1,2017-08-28 11:40:00,1298.838,1291.779,1295.3085,1306.4159999999997,signal,2017-08-28 18:40:00
1,2017-08-29 07:10:00,1320.911,1313.921,1317.4160000000002,1329.2449999999994,signal,2017-08-29 14:10:00
-1,2017-09-01 07:00:00,1321.872,1318.389,,,against_bias,2017-09-01 14:00:00
1,2017-09-04 07:05:00,1337.959,1331.742,1334.8505,1345.9249999999997,signal,2017-09-04 14:05:00
-1,2017-09-05 07:45:00,1338.708,1332.608,,,against_bias,2017-09-05 14:45:00
-1,2017-09-06 07:45:00,1342.429,1337.359,,,against_bias,2017-09-06 14:45:00
1,2017-09-07 07:00:00,1336.559,1332.591,,,against_bias,2017-09-07 14:00:00
1,2017-09-11 09:30:00,1338.812,1334.351,,,against_bias,2017-09-11 16:30:00
1,2017-09-12 08:05:00,1327.652,1323.281,,,against_bias,2017-09-12 15:05:00
1,2017-09-13 08:20:00,1333.162,1329.398,,,sl_too_tight,2017-09-13 15:20:00
1,2017-09-14 07:25:00,1322.632,1319.128,,,against_bias,2017-09-14 14:25:00
-1,2017-09-15 07:05:00,1334.081,1328.641,1331.3609999999999,1322.352,signal,2017-09-15 14:05:00
-1,2017-09-18 07:55:00,1319.639,1314.661,1317.15,1307.7329999999997,signal,2017-09-18 14:55:00
1,2017-09-20 08:45:00,1314.148,1309.661,,,sl_too_tight,2017-09-20 15:45:00
-1,2017-09-21 07:05:00,1300.882,1293.839,1297.3605,1285.5630000000003,signal,2017-09-21 14:05:00
-1,2017-09-25 07:00:00,1294.659,1291.402,,,sl_too_tight,2017-09-25 14:00:00
-1,2017-09-26 07:15:00,1313.602,1307.991,,,against_bias,2017-09-26 14:15:00
-1,2017-09-27 08:30:00,1296.208,1290.618,,,against_bias,2017-09-27 15:30:00
1,2017-09-28 09:35:00,1284.822,1277.682,,,against_bias,2017-09-28 16:35:00
1,2017-09-29 07:30:00,1287.821,1283.572,,,against_bias,2017-09-29 14:30:00
-1,2017-10-02 07:30:00,1277.878,1272.628,1275.253,1265.5,signal,2017-10-02 14:30:00
1,2017-10-04 10:35:00,1278.482,1272.419,1275.4505,1285.6820000000005,signal,2017-10-04 17:35:00
1,2017-10-05 07:25:00,1275.592,1272.992,,,sl_too_tight,2017-10-05 14:25:00
1,2017-10-06 10:35:00,1269.649,1267.109,,,against_bias,2017-10-06 17:35:00
1,2017-10-10 08:25:00,1288.729,1282.081,1285.405,1296.394,signal,2017-10-10 15:25:00
1,2017-10-12 07:20:00,1296.422,1291.819,,,sl_too_tight,2017-10-12 14:20:00
-1,2017-10-13 09:05:00,1298.421,1293.448,,,against_bias,2017-10-13 16:05:00
1,2017-10-16 07:25:00,1304.971,1301.041,,,sl_too_tight,2017-10-16 14:25:00
-1,2017-10-17 10:00:00,1295.209,1287.918,1291.5635,1279.5859999999998,signal,2017-10-17 17:00:00
-1,2017-10-18 07:35:00,1288.851,1282.641,,,against_bias,2017-10-18 14:35:00
1,2017-10-19 07:25:00,1281.918,1276.639,,,against_bias,2017-10-19 14:25:00
-1,2017-10-20 07:20:00,1290.568,1282.149,,,against_bias,2017-10-20 14:20:00
-1,2017-10-24 07:00:00,1283.612,1280.239,,,sl_too_tight,2017-10-24 14:00:00
-1,2017-10-25 09:00:00,1276.609,1271.568,,,sl_too_tight,2017-10-25 16:00:00
-1,2017-10-26 07:50:00,1282.499,1278.381,,,against_bias,2017-10-26 14:50:00
1,2017-10-27 08:35:00,1268.591,1264.888,,,against_bias,2017-10-27 15:35:00
-1,2017-10-30 07:15:00,1272.831,1269.362,,,against_bias,2017-10-30 14:15:00
-1,2017-10-31 10:20:00,1278.108,1274.882,,,against_bias,2017-10-31 17:20:00
1,2017-11-01 09:15:00,1277.071,1267.941,1272.5059999999999,1294.1150000000005,signal,2017-11-01 16:15:00
-1,2017-11-02 11:55:00,1281.352,1275.121,,,against_bias,2017-11-02 18:55:00
-1,2017-11-03 07:00:00,1278.719,1275.411,,,against_bias,2017-11-03 14:00:00
1,2017-11-06 08:55:00,1270.649,1266.042,,,sl_too_tight,2017-11-06 15:55:00
-1,2017-11-07 08:20:00,1280.669,1277.961,,,against_bias,2017-11-07 15:20:00
1,2017-11-08 08:25:00,1279.162,1275.901,,,against_bias,2017-11-08 15:25:00
1,2017-11-09 11:05:00,1285.001,1279.931,,,sl_too_tight,2017-11-09 18:05:00
-1,2017-11-10 07:30:00,1287.031,1284.181,,,against_bias,2017-11-10 14:30:00
1,2017-11-13 09:25:00,1277.642,1274.801,,,against_bias,2017-11-13 16:25:00
-1,2017-11-14 08:00:00,1278.042,1275.482,1276.762,1267.012,signal,2017-11-14 15:00:00
1,2017-11-15 08:00:00,1283.231,1280.211,,,sl_too_tight,2017-11-15 15:00:00
-1,2017-11-16 07:15:00,1279.532,1275.751,,,sl_too_tight,2017-11-16 14:15:00
-1,2017-11-21 11:25:00,1280.869,1278.518,,,sl_too_tight,2017-11-21 18:25:00
1,2017-11-22 07:45:00,1283.429,1279.05,,,sl_too_tight,2017-11-22 14:45:00
-1,2017-11-23 09:35:00,1291.529,1288.581,,,against_bias,2017-11-23 16:35:00
-1,2017-11-24 09:55:00,1293.202,1289.612,,,against_bias,2017-11-24 16:55:00
1,2017-11-27 08:00:00,1291.322,1286.721,,,sl_too_tight,2017-11-27 15:00:00
-1,2017-11-28 07:40:00,1296.772,1292.981,,,against_bias,2017-11-28 14:40:00
1,2017-11-29 07:20:00,1296.032,1292.881,,,sl_too_tight,2017-11-29 14:20:00
-1,2017-11-30 08:30:00,1285.232,1281.568,,,sl_too_tight,2017-11-30 15:30:00
1,2017-12-01 08:30:00,1276.731,1273.908,,,against_bias,2017-12-01 15:30:00
-1,2017-12-04 07:20:00,1275.852,1273.741,,,against_bias,2017-12-04 14:20:00
1,2017-12-06 07:20:00,1268.448,1264.171,,,against_bias,2017-12-06 14:20:00
-1,2017-12-07 10:30:00,1264.081,1256.151,1260.116,1247.594,signal,2017-12-07 17:30:00
-1,2017-12-08 08:40:00,1249.559,1246.981,,,sl_too_tight,2017-12-08 15:40:00
1,2017-12-11 07:15:00,1250.528,1246.891,,,sl_too_tight,2017-12-11 14:15:00
1,2017-12-12 07:00:00,1245.722,1242.561,,,against_bias,2017-12-12 14:00:00
-1,2017-12-13 07:15:00,1245.202,1242.401,,,sl_too_tight,2017-12-13 14:15:00
1,2017-12-15 07:10:00,1255.789,1253.058,,,sl_too_tight,2017-12-15 14:10:00
1,2017-12-18 07:55:00,1256.712,1252.742,,,sl_too_tight,2017-12-18 14:55:00
1,2017-12-19 08:20:00,1264.631,1260.211,,,sl_too_tight,2017-12-19 15:20:00
1,2017-12-20 10:10:00,1264.852,1261.341,,,against_bias,2017-12-20 17:10:00
-1,2017-12-21 07:35:00,1268.238,1265.158,,,against_bias,2017-12-21 14:35:00
1,2017-12-22 07:25:00,1267.502,1264.941,,,sl_too_tight,2017-12-22 14:25:00
1,2017-12-27 07:05:00,1282.909,1281.311,,,sl_too_tight,2017-12-27 14:05:00
1,2017-12-28 07:50:00,1292.661,1287.109,,,sl_too_tight,2017-12-28 14:50:00
1,2017-12-29 08:10:00,1296.212,1293.941,,,sl_too_tight,2017-12-29 15:10:00
1,2018-01-02 07:05:00,1309.979,1304.171,,,sl_too_tight,2018-01-02 14:05:00
1,2018-01-04 08:15:00,1311.122,1305.869,,,sl_too_tight,2018-01-04 15:15:00
-1,2018-01-05 08:15:00,1323.362,1317.651,,,against_bias,2018-01-05 15:15:00
-1,2018-01-08 07:45:00,1322.101,1317.362,,,against_bias,2018-01-08 14:45:00
-1,2018-01-09 08:30:00,1320.142,1315.682,,,against_bias,2018-01-09 15:30:00
1,2018-01-10 08:00:00,1312.482,1308.168,,,against_bias,2018-01-10 15:00:00
-1,2018-01-11 07:40:00,1320.777,1316.542,,,against_bias,2018-01-11 14:40:00
1,2018-01-12 09:00:00,1330.322,1322.741,1326.5315,1339.2799999999997,signal,2018-01-12 16:00:00
-1,2018-01-16 08:40:00,1341.941,1338.138,,,against_bias,2018-01-16 15:40:00
1,2018-01-18 10:50:00,1329.902,1324.251,,,against_bias,2018-01-18 17:50:00
1,2018-01-19 07:55:00,1333.091,1326.741,1329.916,1344.8619999999999,signal,2018-01-19 14:55:00
1,2018-01-24 07:35:00,1343.581,1339.451,,,sl_too_tight,2018-01-24 14:35:00
1,2018-01-26 07:05:00,1354.569,1345.841,,,against_bias,2018-01-26 14:05:00
-1,2018-01-29 08:05:00,1352.358,1346.391,,,sl_too_tight,2018-01-29 15:05:00
1,2018-01-30 09:50:00,1341.518,1334.421,,,against_bias,2018-01-30 16:50:00
-1,2018-02-01 07:05:00,1347.041,1341.492,,,against_bias,2018-02-01 14:05:00
-1,2018-02-02 09:30:00,1350.049,1346.391,,,against_bias,2018-02-02 16:30:00
1,2018-02-05 08:00:00,1333.591,1328.971,,,against_bias,2018-02-05 15:00:00
1,2018-02-07 07:10:00,1331.092,1324.331,,,against_bias,2018-02-07 14:10:00
-1,2018-02-09 08:05:00,1321.992,1316.058,,,against_bias,2018-02-09 15:05:00
1,2018-02-13 08:25:00,1328.708,1321.558,1325.133,1337.2379999999996,signal,2018-02-13 15:25:00
-1,2018-02-14 09:25:00,1336.942,1330.889,,,against_bias,2018-02-14 16:25:00
1,2018-02-15 08:15:00,1355.202,1350.678,,,sl_too_tight,2018-02-15 15:15:00
1,2018-02-16 08:10:00,1359.949,1352.369,1356.159,1368.1559999999995,signal,2018-02-16 15:10:00
-1,2018-02-20 07:35:00,1346.529,1339.029,1342.779,1330.4250000000002,signal,2018-02-20 14:35:00
-1,2018-02-22 08:15:00,1326.828,1321.222,,,sl_too_tight,2018-02-22 15:15:00
-1,2018-02-23 07:30:00,1331.111,1326.189,,,sl_too_tight,2018-02-23 14:30:00
1,2018-02-26 07:40:00,1340.128,1326.998,1333.563,1353.7799999999995,signal,2018-02-26 14:40:00
1,2018-02-28 07:35:00,1319.191,1315.581,,,against_bias,2018-02-28 14:35:00
-1,2018-03-01 08:00:00,1317.968,1312.461,,,sl_too_tight,2018-03-01 15:00:00
1,2018-03-02 11:00:00,1319.089,1315.178,,,against_bias,2018-03-02 18:00:00
1,2018-03-05 07:50:00,1327.064,1322.411,,,sl_too_tight,2018-03-05 14:50:00
-1,2018-03-06 07:55:00,1324.242,1320.798,,,against_bias,2018-03-06 14:55:00
-1,2018-03-07 08:00:00,1340.352,1332.068,,,against_bias,2018-03-07 15:00:00
-1,2018-03-12 08:25:00,1324.122,1321.181,,,against_bias,2018-03-12 15:25:00
-1,2018-03-13 07:40:00,1325.292,1318.278,,,against_bias,2018-03-13 14:40:00
-1,2018-03-14 08:15:00,1329.989,1323.961,,,against_bias,2018-03-14 15:15:00
-1,2018-03-15 07:05:00,1327.892,1324.961,,,sl_too_tight,2018-03-15 14:05:00
1,2018-03-16 07:45:00,1318.342,1313.631,,,against_bias,2018-03-16 14:45:00
-1,2018-03-20 08:00:00,1317.392,1314.611,,,sl_too_tight,2018-03-20 15:00:00
1,2018-03-21 07:05:00,1315.242,1309.808,,,against_bias,2018-03-21 14:05:00
-1,2018-03-27 09:05:00,1356.788,1350.821,,,against_bias,2018-03-27 16:05:00
-1,2018-03-28 07:20:00,1346.972,1339.818,1343.395,1331.137,signal,2018-03-28 14:20:00
1,2018-04-02 07:00:00,1330.561,1325.732,,,sl_too_tight,2018-04-02 14:00:00
-1,2018-04-03 08:05:00,1342.491,1337.219,,,against_bias,2018-04-03 15:05:00
1,2018-04-04 07:10:00,1335.859,1331.469,,,against_bias,2018-04-04 14:10:00
-1,2018-04-05 07:00:00,1333.842,1325.938,1329.89,1315.877,signal,2018-04-05 14:00:00
-1,2018-04-06 07:00:00,1333.289,1324.411,,,against_bias,2018-04-06 14:00:00
-1,2018-04-09 07:00:00,1333.489,1329.762,,,against_bias,2018-04-09 14:00:00
1,2018-04-10 11:30:00,1338.088,1331.049,1334.5684999999999,1346.7290000000005,signal,2018-04-10 18:30:00
1,2018-04-11 09:55:00,1345.301,1339.721,,,sl_too_tight,2018-04-11 16:55:00
-1,2018-04-12 08:50:00,1353.151,1348.572,,,against_bias,2018-04-12 15:50:00
1,2018-04-13 08:30:00,1340.998,1336.218,,,against_bias,2018-04-13 15:30:00
-1,2018-04-16 07:00:00,1348.661,1342.761,,,against_bias,2018-04-16 14:00:00
-1,2018-04-17 07:50:00,1349.341,1343.759,1346.55,1335.387,signal,2018-04-17 14:50:00
1,2018-04-18 09:40:00,1346.848,1342.251,,,against_bias,2018-04-18 16:40:00
1,2018-04-19 07:00:00,1353.939,1347.978,1350.9585000000002,1360.2389999999994,signal,2018-04-19 14:00:00
-1,2018-04-20 07:35:00,1345.679,1341.218,,,sl_too_tight,2018-04-20 14:35:00
-1,2018-04-23 07:30:00,1335.419,1332.258,,,sl_too_tight,2018-04-23 14:30:00
-1,2018-04-25 07:00:00,1331.638,1324.558,,,against_bias,2018-04-25 14:00:00
1,2018-04-26 07:00:00,1325.569,1321.969,,,against_bias,2018-04-26 14:00:00
1,2018-04-27 08:00:00,1318.178,1315.522,,,against_bias,2018-04-27 15:00:00
-1,2018-04-30 07:00:00,1324.891,1317.889,,,against_bias,2018-04-30 14:00:00
-1,2018-05-01 08:00:00,1315.232,1310.308,,,sl_too_tight,2018-05-01 15:00:00
1,2018-05-03 08:35:00,1310.459,1305.428,,,against_bias,2018-05-03 15:35:00
-1,2018-05-04 07:00:00,1314.389,1311.109,,,against_bias,2018-05-04 14:00:00
-1,2018-05-07 11:45:00,1318.889,1311.691,,,against_bias,2018-05-07 18:45:00
-1,2018-05-08 09:00:00,1317.008,1310.75,,,against_bias,2018-05-08 16:00:00
-1,2018-05-09 07:00:00,1316.538,1308.088,,,against_bias,2018-05-09 14:00:00
1,2018-05-10 10:25:00,1315.661,1311.028,,,sl_too_tight,2018-05-10 17:25:00
1,2018-05-11 08:05:00,1322.101,1318.429,,,sl_too_tight,2018-05-11 15:05:00
-1,2018-05-14 11:30:00,1322.311,1318.998,,,sl_too_tight,2018-05-14 18:30:00
-1,2018-05-15 08:00:00,1314.819,1310.661,,,sl_too_tight,2018-05-15 15:00:00
1,2018-05-16 07:20:00,1295.089,1291.278,,,against_bias,2018-05-16 14:20:00
-1,2018-05-17 08:05:00,1294.348,1288.458,1291.403,1281.7280000000003,signal,2018-05-17 15:05:00
1,2018-05-18 07:00:00,1290.589,1287.759,,,against_bias,2018-05-18 14:00:00
-1,2018-05-21 07:00:00,1291.148,1282.798,1286.973,1272.5579999999998,signal,2018-05-21 14:00:00
1,2018-05-22 08:00:00,1293.288,1288.359,,,against_bias,2018-05-22 15:00:00
1,2018-05-23 09:45:00,1295.508,1289.188,,,against_bias,2018-05-23 16:45:00
1,2018-05-24 07:05:00,1296.469,1292.718,,,sl_too_tight,2018-05-24 14:05:00
1,2018-05-25 08:30:00,1304.712,1301.578,,,sl_too_tight,2018-05-25 15:30:00
-1,2018-05-29 07:10:00,1301.262,1296.098,,,sl_too_tight,2018-05-29 14:10:00
-1,2018-05-30 07:15:00,1302.708,1296.579,1299.6435000000001,1289.7359999999994,signal,2018-05-30 14:15:00
-1,2018-06-01 11:15:00,1300.521,1297.689,,,against_bias,2018-06-01 18:15:00
1,2018-06-04 09:10:00,1294.021,1290.748,,,against_bias,2018-06-04 16:10:00
-1,2018-06-06 09:05:00,1299.381,1296.349,,,against_bias,2018-06-06 16:05:00
1,2018-06-07 07:10:00,1298.178,1295.508,,,sl_too_tight,2018-06-07 14:10:00
1,2018-06-08 07:55:00,1297.501,1293.252,,,sl_too_tight,2018-06-08 14:55:00
-1,2018-06-11 07:55:00,1301.238,1296.758,,,sl_too_tight,2018-06-11 14:55:00
-1,2018-06-13 07:35:00,1296.039,1294.319,,,sl_too_tight,2018-06-13 14:35:00
1,2018-06-14 07:00:00,1302.769,1297.488,,,sl_too_tight,2018-06-14 14:00:00
-1,2018-06-19 09:10:00,1284.028,1279.048,,,against_bias,2018-06-19 16:10:00
-1,2018-06-20 08:05:00,1276.288,1273.069,,,sl_too_tight,2018-06-20 15:05:00
-1,2018-06-26 07:30:00,1267.629,1262.588,,,sl_too_tight,2018-06-26 14:30:00
-1,2018-06-28 07:10:00,1254.078,1249.758,,,sl_too_tight,2018-06-28 14:10:00
1,2018-07-03 07:00:00,1242.529,1237.949,,,against_bias,2018-07-03 14:00:00
-1,2018-07-05 07:55:00,1258.139,1253.338,,,sl_too_tight,2018-07-05 14:55:00
1,2018-07-09 09:30:00,1262.168,1255.448,1258.808,1271.447,signal,2018-07-09 16:30:00
-1,2018-07-10 08:35:00,1260.309,1255.029,1257.6689999999999,1248.459,signal,2018-07-10 15:35:00
-1,2018-07-11 11:45:00,1256.048,1249.038,1252.5430000000001,1240.981,signal,2018-07-11 18:45:00
1,2018-07-12 07:15:00,1244.878,1241.258,,,against_bias,2018-07-12 14:15:00
-1,2018-07-13 07:10:00,1248.058,1244.118,,,against_bias,2018-07-13 14:10:00
1,2018-07-17 07:00:00,1243.011,1237.489,,,sl_too_tight,2018-07-17 14:00:00
-1,2018-07-18 08:10:00,1229.118,1222.299,1225.7085,1214.583,signal,2018-07-18 15:10:00
-1,2018-07-19 07:05:00,1228.479,1222.579,1225.529,1214.0690000000002,signal,2018-07-19 14:05:00
1,2018-07-20 08:05:00,1224.092,1215.659,,,against_bias,2018-07-20 15:05:00
-1,2018-07-23 07:05:00,1235.082,1229.382,,,against_bias,2018-07-23 14:05:00
1,2018-07-24 09:55:00,1224.839,1218.101,,,against_bias,2018-07-24 16:55:00
1,2018-07-25 08:30:00,1228.028,1223.208,,,against_bias,2018-07-25 15:30:00
-1,2018-07-26 07:30:00,1235.131,1228.669,,,against_bias,2018-07-26 14:30:00
1,2018-07-27 07:20:00,1224.678,1222.068,,,against_bias,2018-07-27 14:20:00
-1,2018-07-31 07:40:00,1223.298,1219.511,,,against_bias,2018-07-31 14:40:00
-1,2018-08-02 08:10:00,1221.268,1217.088,,,sl_too_tight,2018-08-02 15:10:00
-1,2018-08-03 07:55:00,1210.382,1205.352,1207.8670000000002,1197.8499999999997,signal,2018-08-03 14:55:00
-1,2018-08-06 07:05:00,1217.828,1212.468,,,against_bias,2018-08-06 14:05:00
1,2018-08-07 07:00:00,1213.079,1207.759,,,against_bias,2018-08-07 14:00:00
1,2018-08-08 07:10:00,1214.749,1210.829,,,against_bias,2018-08-08 14:10:00
-1,2018-08-09 07:25:00,1216.558,1212.268,,,sl_too_tight,2018-08-09 14:25:00
1,2018-08-10 11:50:00,1213.349,1205.668,,,against_bias,2018-08-10 18:50:00
-1,2018-08-13 07:15:00,1212.628,1207.168,,,against_bias,2018-08-13 14:15:00
-1,2018-08-15 08:55:00,1194.128,1186.438,1190.283,1177.9980000000005,signal,2018-08-15 15:55:00
1,2018-08-16 08:15:00,1178.638,1160.168,,,against_bias,2018-08-16 15:15:00
1,2018-08-17 08:05:00,1179.259,1171.838,,,against_bias,2018-08-17 15:05:00
1,2018-08-20 07:20:00,1187.189,1182.878,,,sl_too_tight,2018-08-20 14:20:00
-1,2018-08-22 07:10:00,1197.762,1193.001,,,against_bias,2018-08-22 14:10:00
-1,2018-08-23 07:00:00,1195.439,1189.858,1192.6485,1176.2400000000002,signal,2018-08-23 14:00:00
1,2018-08-24 07:50:00,1189.519,1183.118,,,against_bias,2018-08-24 14:50:00
-1,2018-08-27 10:35:00,1207.829,1203.458,,,against_bias,2018-08-27 17:35:00
1,2018-08-28 08:10:00,1212.409,1207.989,1210.199,1219.316,signal,2018-08-28 15:10:00
1,2018-08-29 07:20:00,1204.719,1201.408,,,against_bias,2018-08-29 14:20:00
1,2018-08-31 07:05:00,1205.669,1198.549,,,against_bias,2018-08-31 14:05:00
1,2018-09-03 07:30:00,1201.708,1195.648,,,against_bias,2018-09-03 14:30:00
-1,2018-09-04 07:35:00,1201.969,1194.779,1198.374,1187.499,signal,2018-09-04 14:35:00
1,2018-09-05 07:00:00,1194.579,1190.878,,,against_bias,2018-09-05 14:00:00
1,2018-09-06 08:00:00,1199.889,1195.778,,,sl_too_tight,2018-09-06 15:00:00
-1,2018-09-07 07:05:00,1203.481,1199.238,,,against_bias,2018-09-07 14:05:00
1,2018-09-11 07:15:00,1196.659,1193.018,,,sl_too_tight,2018-09-11 14:15:00
-1,2018-09-13 07:15:00,1207.191,1203.781,,,against_bias,2018-09-13 14:15:00
1,2018-09-14 07:25:00,1206.642,1202.018,,,against_bias,2018-09-14 14:25:00
1,2018-09-17 07:55:00,1196.479,1192.758,,,against_bias,2018-09-17 14:55:00
-1,2018-09-18 07:05:00,1200.739,1197.008,,,sl_too_tight,2018-09-18 14:05:00
1,2018-09-19 07:20:00,1204.059,1198.129,1201.094,1211.2579999999998,signal,2018-09-19 14:20:00
-1,2018-09-20 08:50:00,1206.552,1201.688,,,against_bias,2018-09-20 15:50:00
1,2018-09-21 07:00:00,1210.198,1207.058,,,sl_too_tight,2018-09-21 14:00:00
1,2018-09-24 08:10:00,1198.228,1194.399,,,against_bias,2018-09-24 15:10:00
1,2018-09-25 10:40:00,1200.459,1197.078,,,against_bias,2018-09-25 17:40:00
-1,2018-09-26 08:40:00,1202.428,1199.489,,,sl_too_tight,2018-09-26 15:40:00
-1,2018-09-27 11:25:00,1198.509,1194.388,,,sl_too_tight,2018-09-27 18:25:00
-1,2018-10-01 07:00:00,1191.168,1186.691,,,against_bias,2018-10-01 14:00:00
-1,2018-10-03 08:05:00,1208.278,1203.078,,,against_bias,2018-10-03 15:05:00
1,2018-10-04 07:25:00,1198.868,1195.968,,,sl_too_tight,2018-10-04 14:25:00
-1,2018-10-05 07:10:00,1200.109,1197.461,,,against_bias,2018-10-05 14:10:00
-1,2018-10-08 07:45:00,1204.039,1195.249,1199.644,1183.459,signal,2018-10-08 14:45:00
-1,2018-10-09 07:20:00,1191.838,1189.128,,,sl_too_tight,2018-10-09 14:20:00
-1,2018-10-10 07:30:00,1191.309,1188.688,,,sl_too_tight,2018-10-10 14:30:00
1,2018-10-11 07:05:00,1195.081,1191.229,,,sl_too_tight,2018-10-11 14:05:00
1,2018-10-15 07:00:00,1224.848,1219.199,,,sl_too_tight,2018-10-15 14:00:00
1,2018-10-16 07:40:00,1228.511,1225.008,,,sl_too_tight,2018-10-16 14:40:00
1,2018-10-17 08:40:00,1225.692,1220.549,,,against_bias,2018-10-17 15:40:00
1,2018-10-18 09:20:00,1224.101,1218.638,,,against_bias,2018-10-18 16:20:00
-1,2018-10-19 07:05:00,1229.461,1225.121,1227.2910000000002,1217.6039999999994,signal,2018-10-19 14:05:00
-1,2018-10-22 07:55:00,1229.551,1225.708,,,sl_too_tight,2018-10-22 14:55:00
1,2018-10-23 07:00:00,1229.672,1221.868,1225.77,1243.0829999999999,signal,2018-10-23 14:00:00
-1,2018-10-24 11:35:00,1233.559,1229.948,,,against_bias,2018-10-24 18:35:00
-1,2018-10-25 07:05:00,1239.171,1234.838,,,against_bias,2018-10-25 14:05:00
1,2018-10-26 07:10:00,1233.442,1230.008,,,against_bias,2018-10-26 14:10:00
-1,2018-10-29 08:40:00,1235.383,1230.0,1232.6915,1220.756,signal,2018-10-29 15:40:00
-1,2018-10-30 07:15:00,1230.494,1225.856,1228.175,1218.65,signal,2018-10-30 14:15:00
1,2018-11-01 07:00:00,1222.603,1215.79,1219.1965,1231.4259999999997,signal,2018-11-01 14:00:00
1,2018-11-02 07:30:00,1234.388,1230.828,,,sl_too_tight,2018-11-02 14:30:00
1,2018-11-06 07:55:00,1231.548,1228.598,,,sl_too_tight,2018-11-06 14:55:00
1,2018-11-07 08:10:00,1232.098,1222.945,,,against_bias,2018-11-07 15:10:00
-1,2018-11-08 07:05:00,1226.775,1222.718,,,against_bias,2018-11-08 14:05:00
-1,2018-11-12 07:40:00,1211.395,1205.788,,,sl_too_tight,2018-11-12 14:40:00
-1,2018-11-13 09:00:00,1205.115,1201.448,,,sl_too_tight,2018-11-13 16:00:00
-1,2018-11-14 08:00:00,1204.505,1201.445,,,sl_too_tight,2018-11-14 15:00:00
1,2018-11-15 08:05:00,1213.625,1208.205,1210.915,1221.034,signal,2018-11-15 15:05:00
1,2018-11-16 08:05:00,1216.718,1213.775,,,sl_too_tight,2018-11-16 15:05:00
1,2018-11-20 07:20:00,1224.128,1221.065,,,sl_too_tight,2018-11-20 14:20:00
1,2018-11-21 07:15:00,1222.658,1219.695,,,against_bias,2018-11-21 14:15:00
1,2018-11-22 10:10:00,1228.235,1224.795,,,against_bias,2018-11-22 17:10:00
-1,2018-11-23 07:05:00,1228.488,1225.675,,,sl_too_tight,2018-11-23 14:05:00
1,2018-11-26 07:00:00,1225.978,1222.175,,,sl_too_tight,2018-11-26 14:00:00
1,2018-11-27 10:25:00,1223.258,1219.865,,,against_bias,2018-11-27 17:25:00
1,2018-11-29 07:30:00,1225.895,1220.628,1223.2615,1233.4809999999995,signal,2018-11-29 14:30:00
-1,2018-11-30 08:05:00,1225.475,1223.485,,,sl_too_tight,2018-11-30 15:05:00
1,2018-12-03 07:05:00,1227.708,1221.205,1224.4565,1236.7520000000002,signal,2018-12-03 14:05:00
1,2018-12-04 08:20:00,1238.285,1230.418,1234.3515,1246.2720000000002,signal,2018-12-04 15:20:00
-1,2018-12-05 07:45:00,1238.775,1234.048,,,against_bias,2018-12-05 14:45:00
-1,2018-12-06 07:05:00,1240.748,1235.928,,,against_bias,2018-12-06 14:05:00
1,2018-12-07 08:05:00,1240.508,1237.245,,,sl_too_tight,2018-12-07 15:05:00
-1,2018-12-10 07:20:00,1250.258,1247.568,,,against_bias,2018-12-10 14:20:00
1,2018-12-11 07:30:00,1247.4,1243.528,,,against_bias,2018-12-11 14:30:00
-1,2018-12-12 07:10:00,1246.035,1242.695,,,sl_too_tight,2018-12-12 14:10:00
1,2018-12-13 07:00:00,1246.088,1244.0,,,sl_too_tight,2018-12-13 14:00:00
-1,2018-12-14 07:35:00,1242.948,1239.455,1241.2015000000001,1230.3819999999998,signal,2018-12-14 14:35:00
1,2018-12-17 07:15:00,1238.025,1235.725,,,against_bias,2018-12-17 14:15:00
1,2018-12-18 09:40:00,1248.898,1245.045,,,sl_too_tight,2018-12-18 16:40:00
-1,2018-12-19 09:50:00,1251.258,1248.455,,,against_bias,2018-12-19 16:50:00
1,2018-12-20 07:15:00,1247.305,1242.655,,,against_bias,2018-12-20 14:15:00
-1,2018-12-21 09:20:00,1262.555,1258.635,,,against_bias,2018-12-21 16:20:00
1,2018-12-24 08:10:00,1264.258,1258.738,,,sl_too_tight,2018-12-24 15:10:00
-1,2018-12-27 07:30:00,1272.208,1268.058,,,against_bias,2018-12-27 14:30:00
1,2018-12-28 08:00:00,1281.198,1274.205,1277.7015000000001,1289.3609999999996,signal,2018-12-28 15:00:00
1,2018-12-31 07:35:00,1280.548,1277.365,,,sl_too_tight,2018-12-31 14:35:00
1,2019-01-02 08:40:00,1287.315,1278.695,1283.005,1297.3839999999998,signal,2019-01-02 15:40:00
-1,2019-01-04 07:05:00,1298.538,1293.895,,,against_bias,2019-01-04 14:05:00
1,2019-01-07 08:05:00,1291.888,1282.555,,,against_bias,2019-01-07 15:05:00
-1,2019-01-09 09:35:00,1287.015,1281.195,1284.105,1273.545,signal,2019-01-09 16:35:00
1,2019-01-11 07:20:00,1294.375,1287.475,1290.925,1301.5540000000003,signal,2019-01-11 14:20:00
1,2019-01-14 07:50:00,1292.635,1287.888,,,sl_too_tight,2019-01-14 14:50:00
-1,2019-01-15 07:55:00,1293.325,1289.808,,,against_bias,2019-01-15 14:55:00
-1,2019-01-18 07:55:00,1292.368,1290.245,,,sl_too_tight,2019-01-18 14:55:00
-1,2019-01-21 08:35:00,1283.465,1280.998,,,sl_too_tight,2019-01-21 15:35:00
1,2019-01-22 07:15:00,1280.228,1277.365,,,against_bias,2019-01-22 14:15:00
1,2019-01-23 08:15:00,1285.615,1283.005,,,sl_too_tight,2019-01-23 15:15:00
-1,2019-01-24 07:00:00,1284.725,1280.905,,,sl_too_tight,2019-01-24 14:00:00
1,2019-01-25 07:05:00,1283.718,1280.0,,,against_bias,2019-01-25 14:05:00
1,2019-01-29 07:15:00,1306.355,1302.635,,,sl_too_tight,2019-01-29 14:15:00
1,2019-01-30 08:30:00,1315.438,1310.498,,,sl_too_tight,2019-01-30 15:30:00
1,2019-01-31 07:20:00,1321.045,1317.385,,,sl_too_tight,2019-01-31 14:20:00
-1,2019-02-01 07:20:00,1321.788,1317.355,,,against_bias,2019-02-01 14:20:00
-1,2019-02-04 08:20:00,1317.455,1311.828,1314.6415,1305.5620000000001,signal,2019-02-04 15:20:00
-1,2019-02-05 09:25:00,1315.255,1311.178,,,sl_too_tight,2019-02-05 16:25:00
-1,2019-02-06 11:05:00,1315.765,1312.685,,,sl_too_tight,2019-02-06 18:05:00
-1,2019-02-08 07:05:00,1310.588,1308.245,,,sl_too_tight,2019-02-08 14:05:00
-1,2019-02-11 08:30:00,1314.815,1310.475,,,against_bias,2019-02-11 15:30:00
1,2019-02-12 07:00:00,1311.415,1306.405,,,sl_too_tight,2019-02-12 14:00:00
-1,2019-02-14 08:30:00,1309.315,1306.918,,,sl_too_tight,2019-02-14 15:30:00
1,2019-02-15 07:35:00,1314.645,1311.328,,,sl_too_tight,2019-02-15 14:35:00
1,2019-02-19 08:20:00,1326.478,1322.778,,,sl_too_tight,2019-02-19 15:20:00
-1,2019-02-21 08:30:00,1341.425,1337.388,,,against_bias,2019-02-21 15:30:00
1,2019-02-22 08:10:00,1326.408,1324.038,,,against_bias,2019-02-22 15:10:00
-1,2019-02-26 07:25:00,1330.128,1326.595,,,sl_too_tight,2019-02-26 14:25:00
-1,2019-02-27 08:10:00,1329.808,1326.348,,,sl_too_tight,2019-02-27 15:10:00
1,2019-02-28 07:20:00,1321.205,1317.158,,,against_bias,2019-02-28 14:20:00
-1,2019-03-01 07:00:00,1315.138,1310.085,1312.6115,1302.8809999999999,signal,2019-03-01 14:00:00
-1,2019-03-04 07:25:00,1296.995,1292.895,,,sl_too_tight,2019-03-04 14:25:00
-1,2019-03-05 07:25:00,1289.535,1285.525,,,sl_too_tight,2019-03-05 14:25:00
1,2019-03-06 07:05:00,1290.565,1285.918,,,sl_too_tight,2019-03-06 14:05:00
-1,2019-03-07 08:00:00,1288.475,1283.858,1286.1664999999998,1273.7120000000007,signal,2019-03-07 15:00:00
1,2019-03-08 07:40:00,1293.348,1285.128,1289.2379999999998,1304.3790000000006,signal,2019-03-08 14:40:00
-1,2019-03-11 11:20:00,1299.045,1295.605,,,against_bias,2019-03-11 18:20:00
1,2019-03-12 10:10:00,1297.355,1292.395,,,against_bias,2019-03-12 17:10:00
1,2019-03-13 08:25:00,1305.718,1301.655,,,sl_too_tight,2019-03-13 15:25:00
-1,2019-03-14 07:00:00,1309.735,1302.478,,,against_bias,2019-03-14 14:00:00
1,2019-03-15 07:15:00,1302.055,1293.928,1297.9915,1311.9519999999998,signal,2019-03-15 14:15:00
1,2019-03-18 07:55:00,1303.948,1298.155,,,against_bias,2019-03-18 14:55:00
1,2019-03-19 10:30:00,1307.745,1303.365,,,sl_too_tight,2019-03-19 17:30:00
-1,2019-03-20 07:30:00,1306.835,1303.765,,,against_bias,2019-03-20 14:30:00
1,2019-03-21 07:00:00,1319.198,1314.385,,,sl_too_tight,2019-03-21 14:00:00
1,2019-03-22 07:00:00,1311.285,1306.778,1309.0315,1318.0720000000001,signal,2019-03-22 14:00:00
1,2019-03-25 07:20:00,1316.878,1310.958,1313.9180000000001,1322.978,signal,2019-03-25 14:20:00
-1,2019-03-26 07:00:00,1322.118,1317.345,,,against_bias,2019-03-26 14:00:00
-1,2019-03-27 07:40:00,1318.425,1314.438,,,against_bias,2019-03-27 14:40:00
-1,2019-03-28 10:25:00,1312.245,1307.218,1309.7314999999999,1300.7210000000005,signal,2019-03-28 17:25:00
1,2019-03-29 11:50:00,1292.595,1286.668,,,against_bias,2019-03-29 18:50:00
-1,2019-04-01 07:05:00,1293.855,1288.595,,,sl_too_tight,2019-04-01 14:05:00
1,2019-04-02 11:25:00,1289.475,1285.28,,,against_bias,2019-04-02 18:25:00
1,2019-04-03 11:15:00,1293.708,1290.125,,,against_bias,2019-04-03 18:15:00
-1,2019-04-04 11:20:00,1293.508,1290.248,,,sl_too_tight,2019-04-04 18:20:00
1,2019-04-08 11:55:00,1297.935,1291.575,1294.755,1305.255,signal,2019-04-08 18:55:00
1,2019-04-09 07:50:00,1299.988,1296.535,,,sl_too_tight,2019-04-09 14:50:00
-1,2019-04-11 07:15:00,1308.325,1305.988,,,against_bias,2019-04-11 14:15:00
1,2019-04-12 09:25:00,1294.265,1291.118,,,against_bias,2019-04-12 16:25:00
-1,2019-04-15 07:30:00,1290.338,1287.0,,,sl_too_tight,2019-04-15 14:30:00
-1,2019-04-16 09:00:00,1288.325,1283.655,,,sl_too_tight,2019-04-16 16:00:00
1,2019-04-18 07:55:00,1274.738,1271.105,,,sl_too_tight,2019-04-18 14:55:00
-1,2019-04-23 11:05:00,1276.428,1272.035,,,sl_too_tight,2019-04-23 18:05:00
1,2019-04-24 07:55:00,1272.035,1268.698,,,against_bias,2019-04-24 14:55:00
1,2019-04-25 07:05:00,1277.015,1273.308,,,sl_too_tight,2019-04-25 14:05:00
1,2019-04-26 07:10:00,1282.108,1277.438,,,sl_too_tight,2019-04-26 14:10:00
-1,2019-04-29 07:00:00,1286.568,1283.53,,,against_bias,2019-04-29 14:00:00
1,2019-04-30 08:20:00,1284.098,1280.318,,,sl_too_tight,2019-04-30 15:20:00
-1,2019-05-02 08:20:00,1277.368,1271.235,1274.3015,1264.397,signal,2019-05-02 15:20:00
-1,2019-05-03 07:10:00,1272.728,1270.5,,,sl_too_tight,2019-05-03 14:10:00
-1,2019-05-06 07:25:00,1285.118,1281.155,,,against_bias,2019-05-06 14:25:00
-1,2019-05-07 11:20:00,1283.605,1280.675,,,sl_too_tight,2019-05-07 18:20:00
1,2019-05-08 09:45:00,1287.908,1284.548,,,sl_too_tight,2019-05-08 16:45:00
1,2019-05-09 07:30:00,1283.705,1279.528,,,against_bias,2019-05-09 14:30:00
-1,2019-05-13 07:00:00,1288.468,1282.475,1285.4715,1276.401,signal,2019-05-13 14:00:00
-1,2019-05-14 07:00:00,1303.245,1297.295,,,against_bias,2019-05-14 14:00:00
1,2019-05-15 08:45:00,1298.085,1292.948,,,against_bias,2019-05-15 15:45:00
1,2019-05-16 07:05:00,1297.218,1295.075,,,sl_too_tight,2019-05-16 14:05:00
-1,2019-05-17 10:20:00,1288.868,1284.755,,,sl_too_tight,2019-05-17 17:20:00
-1,2019-05-20 08:45:00,1278.645,1274.685,,,sl_too_tight,2019-05-20 15:45:00
-1,2019-05-21 11:20:00,1277.328,1274.175,1275.7514999999999,1266.0420000000006,signal,2019-05-21 18:20:00
1,2019-05-22 11:40:00,1275.268,1272.488,,,against_bias,2019-05-22 18:40:00
1,2019-05-23 08:10:00,1275.095,1272.755,,,against_bias,2019-05-23 15:10:00
-1,2019-05-24 08:10:00,1285.168,1282.435,,,against_bias,2019-05-24 15:10:00
1,2019-05-29 07:10:00,1284.238,1279.015,,,sl_too_tight,2019-05-29 14:10:00
-1,2019-05-30 07:10:00,1280.268,1276.198,,,against_bias,2019-05-30 14:10:00
1,2019-05-31 07:10:00,1294.518,1290.328,1292.423,1301.798,signal,2019-05-31 14:10:00
1,2019-06-03 07:10:00,1312.755,1308.428,,,sl_too_tight,2019-06-03 14:10:00
1,2019-06-04 07:05:00,1327.248,1321.555,1324.4015,1335.0110000000004,signal,2019-06-04 14:05:00
1,2019-06-05 07:00:00,1334.018,1325.265,1329.6415000000002,1344.7209999999993,signal,2019-06-05 14:00:00
1,2019-06-06 07:20:00,1333.568,1327.158,1330.3629999999998,1340.1280000000002,signal,2019-06-06 14:20:00
1,2019-06-07 07:30:00,1334.235,1330.205,,,against_bias,2019-06-07 14:30:00
-1,2019-06-10 08:10:00,1337.658,1325.675,1331.6664999999998,1313.1010000000006,signal,2019-06-10 15:10:00
-1,2019-06-11 07:40:00,1329.808,1324.498,1327.153,1316.419,signal,2019-06-11 14:40:00
1,2019-06-12 07:55:00,1337.108,1325.938,1331.5230000000001,1348.899,signal,2019-06-12 14:55:00
1,2019-06-13 07:20:00,1337.765,1332.325,1335.045,1344.225,signal,2019-06-13 14:20:00
1,2019-06-14 07:00:00,1355.428,1341.808,1348.618,1373.218,signal,2019-06-14 14:00:00
-1,2019-06-17 07:50:00,1343.505,1336.095,,,against_bias,2019-06-17 14:50:00
1,2019-06-18 11:20:00,1347.968,1338.545,1343.2565,1357.4119999999998,signal,2019-06-18 18:20:00
-1,2019-06-19 08:50:00,1347.468,1342.125,,,against_bias,2019-06-19 15:50:00
-1,2019-06-21 07:30:00,1411.805,1390.298,,,against_bias,2019-06-21 14:30:00
-1,2019-06-26 11:10:00,1420.488,1403.308,1411.8980000000001,1384.1689999999996,signal,2019-06-26 18:10:00
1,2019-07-02 07:30:00,1393.158,1383.785,,,against_bias,2019-07-02 14:30:00
-1,2019-07-03 11:35:00,1437.688,1421.278,,,against_bias,2019-07-03 18:35:00
-1,2019-07-04 07:50:00,1421.595,1412.908,1417.2514999999999,1401.0710000000001,signal,2019-07-04 14:50:00
-1,2019-07-05 11:50:00,1421.268,1412.138,,,against_bias,2019-07-05 18:50:00
1,2019-07-08 07:00:00,1405.898,1395.185,1400.5414999999998,1416.902,signal,2019-07-08 14:00:00
-1,2019-07-09 08:25:00,1396.405,1390.668,1393.5365,1383.9620000000002,signal,2019-07-09 15:25:00
1,2019-07-10 09:25:00,1395.395,1389.838,,,sl_too_tight,2019-07-10 16:25:00
-1,2019-07-11 11:20:00,1427.078,1419.305,,,against_bias,2019-07-11 18:20:00
1,2019-07-12 07:20:00,1409.945,1403.568,1406.7565,1419.841,signal,2019-07-12 14:20:00
-1,2019-07-17 08:10:00,1406.838,1403.328,,,sl_too_tight,2019-07-17 15:10:00
-1,2019-07-18 10:50:00,1428.158,1418.788,,,against_bias,2019-07-18 17:50:00
-1,2019-07-19 11:30:00,1445.228,1436.455,,,against_bias,2019-07-19 18:30:00
1,2019-07-24 07:25:00,1422.645,1416.458,,,against_bias,2019-07-24 14:25:00
1,2019-07-25 07:20:00,1425.685,1421.638,,,against_bias,2019-07-25 14:20:00
1,2019-07-26 07:20:00,1418.575,1413.675,,,against_bias,2019-07-26 14:20:00
1,2019-07-30 08:20:00,1426.008,1422.258,,,sl_too_tight,2019-07-30 15:20:00
-1,2019-08-01 08:00:00,1412.125,1404.198,1408.1615000000002,1393.562,signal,2019-08-01 15:00:00
1,2019-08-05 10:40:00,1459.745,1438.685,1449.215,1484.2250000000001,signal,2019-08-05 17:40:00
1,2019-08-07 11:20:00,1491.235,1474.568,1482.9015,1511.0910000000001,signal,2019-08-07 18:20:00
-1,2019-08-12 07:20:00,1501.058,1489.618,1495.338,1474.2390000000003,signal,2019-08-12 14:20:00
1,2019-08-13 07:45:00,1524.618,1509.545,1517.0815,1544.2809999999997,signal,2019-08-13 14:45:00
1,2019-08-14 10:05:00,1503.895,1494.085,,,against_bias,2019-08-14 17:05:00
-1,2019-08-16 08:30:00,1527.945,1512.888,,,against_bias,2019-08-16 15:30:00
-1,2019-08-19 08:00:00,1512.685,1505.035,1508.8600000000001,1496.2239999999995,signal,2019-08-19 15:00:00
1,2019-08-20 07:25:00,1499.398,1494.325,,,against_bias,2019-08-20 14:25:00
-1,2019-08-21 07:00:00,1507.028,1499.148,,,against_bias,2019-08-21 14:00:00
-1,2019-08-22 07:25:00,1503.598,1498.935,,,against_bias,2019-08-22 14:25:00
-1,2019-08-26 07:00:00,1549.248,1536.358,,,against_bias,2019-08-26 14:00:00
1,2019-08-27 07:10:00,1534.208,1525.538,1529.873,1543.088,signal,2019-08-27 14:10:00
1,2019-08-28 11:25:00,1544.588,1531.848,1538.2179999999998,1558.1380000000001,signal,2019-08-28 18:25:00
-1,2019-08-29 09:20:00,1550.315,1537.895,,,against_bias,2019-08-29 16:20:00
-1,2019-09-02 07:20:00,1529.815,1520.858,1525.3365,1510.062,signal,2019-09-02 14:20:00
1,2019-09-03 07:10:00,1528.008,1521.455,,,against_bias,2019-09-03 14:10:00
-1,2019-09-04 07:35:00,1549.408,1535.848,,,against_bias,2019-09-04 14:35:00
-1,2019-09-05 08:10:00,1551.625,1541.698,,,against_bias,2019-09-05 15:10:00
-1,2019-09-06 09:30:00,1520.215,1505.215,1512.715,1483.4140000000004,signal,2019-09-06 16:30:00
-1,2019-09-09 07:55:00,1512.498,1505.375,1508.9365,1497.2620000000002,signal,2019-09-09 14:55:00
1,2019-09-12 07:15:00,1502.158,1489.208,1495.683,1515.3780000000002,signal,2019-09-12 14:15:00
1,2019-09-13 08:10:00,1505.935,1495.488,1500.7115,1517.5820000000003,signal,2019-09-13 15:10:00
-1,2019-09-16 08:40:00,1512.065,1501.158,1506.6115,1487.1909999999998,signal,2019-09-16 15:40:00
1,2019-09-17 11:30:00,1500.835,1493.408,,,against_bias,2019-09-17 18:30:00
1,2019-09-19 08:30:00,1497.298,1488.908,,,against_bias,2019-09-19 15:30:00
1,2019-09-23 08:15:00,1519.49,1511.575,1515.5325,1528.5389999999998,signal,2019-09-23 15:15:00
1,2019-09-24 07:35:00,1522.365,1519.305,,,sl_too_tight,2019-09-24 14:35:00
-1,2019-09-26 07:15:00,1511.068,1506.415,,,sl_too_tight,2019-09-26 14:15:00
-1,2019-09-27 09:50:00,1507.308,1496.095,1501.7015000000001,1482.1819999999996,signal,2019-09-27 16:50:00
-1,2019-09-30 08:05:00,1497.195,1487.965,1492.58,1478.0840000000003,signal,2019-09-30 15:05:00
-1,2019-10-01 07:30:00,1474.695,1460.725,1467.71,1444.805,signal,2019-10-01 14:30:00
1,2019-10-02 07:25:00,1481.855,1474.455,,,against_bias,2019-10-02 14:25:00
1,2019-10-03 09:30:00,1503.528,1495.725,1499.6264999999999,1512.2220000000004,signal,2019-10-03 16:30:00
1,2019-10-04 10:40:00,1509.975,1506.335,,,sl_too_tight,2019-10-04 17:40:00
-1,2019-10-07 07:20:00,1509.235,1504.088,1506.6615,1489.6619999999998,signal,2019-10-07 14:20:00
1,2019-10-08 07:40:00,1493.838,1486.845,,,against_bias,2019-10-08 14:40:00
1,2019-10-09 07:00:00,1508.705,1503.878,,,sl_too_tight,2019-10-09 14:00:00
1,2019-10-11 07:00:00,1500.118,1490.778,,,against_bias,2019-10-11 14:00:00
1,2019-10-14 07:05:00,1489.268,1483.705,,,against_bias,2019-10-14 14:05:00
1,2019-10-15 10:20:00,1495.395,1488.738,1492.0665,1503.9510000000002,signal,2019-10-15 17:20:00
1,2019-10-16 08:10:00,1484.895,1478.455,,,against_bias,2019-10-16 15:10:00
-1,2019-10-17 09:30:00,1493.048,1487.018,,,against_bias,2019-10-17 16:30:00
-1,2019-10-18 07:00:00,1492.975,1489.048,,,against_bias,2019-10-18 14:00:00
-1,2019-10-21 07:40:00,1493.838,1489.055,,,against_bias,2019-10-21 14:40:00
1,2019-10-22 07:00:00,1486.068,1480.768,,,against_bias,2019-10-22 14:00:00
1,2019-10-23 07:35:00,1491.518,1487.698,1489.6080000000002,1499.658,signal,2019-10-23 14:35:00
-1,2019-10-24 07:15:00,1493.525,1490.398,,,against_bias,2019-10-24 14:15:00
1,2019-10-25 07:55:00,1506.578,1500.715,1503.6464999999998,1513.0110000000004,signal,2019-10-25 14:55:00
1,2019-10-28 07:00:00,1507.018,1503.208,,,sl_too_tight,2019-10-28 14:00:00
1,2019-10-29 07:00:00,1492.958,1490.065,,,against_bias,2019-10-29 14:00:00
1,2019-10-30 07:25:00,1489.888,1486.948,,,against_bias,2019-10-30 14:25:00
1,2019-10-31 07:55:00,1499.458,1493.895,1496.6765,1507.3310000000001,signal,2019-10-31 14:55:00
1,2019-11-01 08:20:00,1513.615,1509.258,,,sl_too_tight,2019-11-01 15:20:00
-1,2019-11-04 08:10:00,1513.738,1510.385,,,against_bias,2019-11-04 15:10:00
1,2019-11-06 09:35:00,1487.288,1483.768,,,against_bias,2019-11-06 16:35:00
1,2019-11-07 07:00:00,1491.908,1489.755,,,against_bias,2019-11-07 14:00:00
1,2019-11-08 07:50:00,1470.965,1465.645,,,against_bias,2019-11-08 14:50:00
1,2019-11-11 07:15:00,1463.785,1460.108,,,against_bias,2019-11-11 14:15:00
1,2019-11-13 09:10:00,1463.035,1457.108,1460.0715,1470.1410000000003,signal,2019-11-13 16:10:00
1,2019-11-14 07:15:00,1466.545,1461.038,1463.7915,1474.221,signal,2019-11-14 14:15:00
-1,2019-11-15 09:15:00,1469.718,1463.075,1466.3965,1455.0909999999997,signal,2019-11-15 16:15:00
-1,2019-11-18 07:15:00,1469.428,1464.065,1466.7465000000002,1455.7019999999998,signal,2019-11-18 14:15:00
-1,2019-11-19 08:30:00,1475.328,1469.015,,,against_bias,2019-11-19 15:30:00
1,2019-11-20 07:40:00,1476.198,1471.878,,,sl_too_tight,2019-11-20 14:40:00
-1,2019-11-21 10:00:00,1475.575,1469.265,,,against_bias,2019-11-21 17:00:00
1,2019-11-22 07:00:00,1467.575,1463.445,,,against_bias,2019-11-22 14:00:00
-1,2019-11-25 08:10:00,1462.085,1457.618,,,sl_too_tight,2019-11-25 15:10:00
1,2019-11-26 08:45:00,1457.125,1451.575,,,against_bias,2019-11-26 15:45:00
-1,2019-11-27 11:35:00,1461.168,1457.855,,,against_bias,2019-11-27 18:35:00
-1,2019-11-28 07:10:00,1458.208,1455.568,,,sl_too_tight,2019-11-28 14:10:00
-1,2019-12-02 07:40:00,1461.765,1458.775,,,against_bias,2019-12-02 14:40:00
1,2019-12-03 09:15:00,1463.848,1459.768,,,sl_too_tight,2019-12-03 16:15:00
1,2019-12-04 07:00:00,1481.208,1476.075,1478.6415000000002,1487.7719999999995,signal,2019-12-04 14:00:00
-1,2019-12-05 09:50:00,1478.045,1473.688,,,sl_too_tight,2019-12-05 16:50:00
1,2019-12-09 07:15:00,1461.735,1459.015,,,against_bias,2019-12-09 14:15:00
1,2019-12-10 07:10:00,1462.705,1459.965,,,sl_too_tight,2019-12-10 14:10:00
1,2019-12-11 07:35:00,1464.995,1462.825,,,sl_too_tight,2019-12-11 14:35:00
-1,2019-12-12 07:35:00,1475.605,1473.265,,,against_bias,2019-12-12 14:35:00
1,2019-12-13 08:00:00,1469.935,1464.708,,,against_bias,2019-12-13 15:00:00
1,2019-12-16 07:25:00,1477.778,1473.108,,,against_bias,2019-12-16 14:25:00
1,2019-12-17 08:05:00,1477.768,1474.328,,,sl_too_tight,2019-12-17 15:05:00
1,2019-12-18 07:10:00,1477.568,1474.958,,,sl_too_tight,2019-12-18 14:10:00
-1,2019-12-19 09:00:00,1477.908,1474.735,,,sl_too_tight,2019-12-19 16:00:00
-1,2019-12-20 08:10:00,1479.615,1477.868,,,against_bias,2019-12-20 15:10:00
1,2019-12-23 07:00:00,1483.795,1478.308,1481.0515,1491.652,signal,2019-12-23 14:00:00
1,2019-12-24 09:10:00,1491.275,1484.298,1487.7865000000002,1499.6319999999994,signal,2019-12-24 16:10:00
-1,2019-12-27 07:35:00,1513.898,1507.738,,,against_bias,2019-12-27 14:35:00
-1,2019-12-30 08:35:00,1515.738,1512.935,,,against_bias,2019-12-30 15:35:00
1,2019-12-31 07:10:00,1524.068,1514.755,1519.4115000000002,1534.6709999999998,signal,2019-12-31 14:10:00
1,2020-01-02 09:40:00,1521.135,1517.115,,,sl_too_tight,2020-01-02 16:40:00
1,2020-01-03 08:00:00,1543.768,1528.728,1536.248,1559.0479999999998,signal,2020-01-03 15:00:00
1,2020-01-07 07:30:00,1569.218,1555.248,,,against_bias,2020-01-07 14:30:00
-1,2020-01-08 08:50:00,1611.325,1583.538,,,against_bias,2020-01-08 15:50:00
-1,2020-01-13 07:05:00,1559.955,1553.815,,,against_bias,2020-01-13 14:05:00
1,2020-01-14 08:40:00,1545.235,1535.828,,,against_bias,2020-01-14 15:40:00
-1,2020-01-21 07:55:00,1568.508,1559.938,,,against_bias,2020-01-21 14:55:00
1,2020-01-22 09:15:00,1557.495,1550.3,,,against_bias,2020-01-22 16:15:00
-1,2020-01-23 07:40:00,1563.498,1555.365,,,against_bias,2020-01-23 14:40:00
-1,2020-01-24 08:05:00,1562.665,1559.325,,,against_bias,2020-01-24 15:05:00
-1,2020-01-27 08:15:00,1583.035,1577.235,,,against_bias,2020-01-27 15:15:00
-1,2020-01-28 07:35:00,1582.965,1578.028,,,against_bias,2020-01-28 14:35:00
1,2020-01-29 08:40:00,1569.225,1563.335,,,against_bias,2020-01-29 15:40:00
1,2020-01-30 07:15:00,1580.765,1575.958,,,against_bias,2020-01-30 14:15:00
1,2020-01-31 07:40:00,1575.485,1570.905,,,against_bias,2020-01-31 14:40:00
-1,2020-02-03 07:00:00,1590.015,1578.945,,,against_bias,2020-02-03 14:00:00
-1,2020-02-04 08:20:00,1579.545,1570.505,,,against_bias,2020-02-04 15:20:00
1,2020-02-05 07:10:00,1560.675,1552.025,,,against_bias,2020-02-05 14:10:00
1,2020-02-06 07:00:00,1558.095,1552.385,,,against_bias,2020-02-06 14:00:00
1,2020-02-07 10:10:00,1569.065,1562.795,1565.93,1575.3739999999998,signal,2020-02-07 17:10:00
-1,2020-02-11 07:00:00,1572.245,1566.818,,,sl_too_tight,2020-02-11 14:00:00
-1,2020-02-12 07:15:00,1568.555,1564.278,,,sl_too_tight,2020-02-12 14:15:00
1,2020-02-13 09:50:00,1575.525,1569.018,1572.2715,1582.2209999999998,signal,2020-02-13 16:50:00
-1,2020-02-17 07:45:00,1583.698,1581.375,,,against_bias,2020-02-17 14:45:00
1,2020-02-18 07:30:00,1587.355,1584.155,,,sl_too_tight,2020-02-18 14:30:00
1,2020-02-19 08:05:00,1605.588,1599.455,1602.5214999999998,1612.6420000000003,signal,2020-02-19 15:05:00
-1,2020-02-20 07:15:00,1611.968,1605.938,,,against_bias,2020-02-20 14:15:00
1,2020-02-21 07:00:00,1631.795,1618.895,1625.345,1646.894,signal,2020-02-21 14:00:00
1,2020-02-24 07:05:00,1667.798,1658.428,1663.113,1684.719,signal,2020-02-24 14:05:00
1,2020-02-26 07:00:00,1646.175,1636.805,,,against_bias,2020-02-26 14:00:00
-1,2020-02-27 07:35:00,1652.558,1642.885,1647.7215,1629.0569999999998,signal,2020-02-27 14:35:00
-1,2020-02-28 07:20:00,1648.118,1626.598,1637.358,1594.4790000000003,signal,2020-02-28 14:20:00
1,2020-03-02 09:15:00,1606.518,1581.515,,,against_bias,2020-03-02 16:15:00
1,2020-03-03 11:10:00,1601.098,1589.658,1595.378,1616.8190000000004,signal,2020-03-03 18:10:00
-1,2020-03-04 07:00:00,1647.518,1639.538,,,against_bias,2020-03-04 14:00:00
1,2020-03-05 09:05:00,1641.778,1635.518,1638.6480000000001,1649.559,signal,2020-03-05 16:05:00
1,2020-03-06 09:35:00,1680.968,1667.498,1674.2330000000002,1699.7779999999998,signal,2020-03-06 16:35:00
1,2020-03-11 07:00:00,1665.275,1650.545,,,against_bias,2020-03-11 14:00:00
1,2020-03-13 07:35:00,1591.228,1551.265,,,against_bias,2020-03-13 14:35:00
-1,2020-03-16 09:35:00,1560.718,1523.845,1542.2815,1481.2419999999997,signal,2020-03-16 16:35:00
-1,2020-03-17 08:40:00,1519.238,1482.538,1500.888,1445.5980000000004,signal,2020-03-17 15:40:00
-1,2020-03-18 07:40:00,1539.828,1504.808,,,against_bias,2020-03-18 14:40:00
1,2020-03-20 07:25:00,1505.388,1470.668,1488.0279999999998,1544.9680000000005,signal,2020-03-20 14:25:00
1,2020-03-24 08:30:00,1584.328,1557.015,1570.6715,1618.9820000000004,signal,2020-03-24 15:30:00
-1,2020-03-25 07:35:00,1631.705,1603.778,,,against_bias,2020-03-25 14:35:00
1,2020-03-26 10:05:00,1612.308,1595.301,1603.8045,1629.7650000000003,signal,2020-03-26 17:05:00
-1,2020-03-27 07:45:00,1628.048,1619.748,,,against_bias,2020-03-27 14:45:00
-1,2020-03-31 08:45:00,1619.448,1611.388,,,against_bias,2020-03-31 15:45:00
1,2020-04-01 07:05:00,1590.128,1576.348,,,against_bias,2020-04-01 14:05:00
1,2020-04-02 07:00:00,1592.988,1582.818,,,against_bias,2020-04-02 14:00:00
1,2020-04-03 07:40:00,1614.035,1606.508,1610.2715,1623.962,signal,2020-04-03 14:40:00
1,2020-04-06 07:45:00,1629.598,1615.198,1622.3980000000001,1647.649,signal,2020-04-06 14:45:00
-1,2020-04-07 07:25:00,1665.778,1656.0,,,against_bias,2020-04-07 14:25:00
1,2020-04-08 07:15:00,1651.528,1640.398,1645.963,1665.718,signal,2020-04-08 14:15:00
1,2020-04-09 07:00:00,1655.195,1645.695,1650.445,1666.654,signal,2020-04-09 14:00:00
1,2020-04-13 07:10:00,1690.928,1678.848,1684.888,1704.0880000000002,signal,2020-04-13 14:10:00
1,2020-04-14 08:00:00,1725.548,1708.735,1717.1415,1742.8410000000003,signal,2020-04-14 15:00:00
-1,2020-04-15 07:25:00,1730.998,1710.488,1720.743,1688.6580000000001,signal,2020-04-15 14:25:00
1,2020-04-16 07:15:00,1723.365,1711.888,,,against_bias,2020-04-16 14:15:00
-1,2020-04-17 10:40:00,1718.528,1684.818,1701.673,1649.8479999999997,signal,2020-04-17 17:40:00
1,2020-04-20 11:40:00,1685.118,1671.598,,,against_bias,2020-04-20 18:40:00
1,2020-04-21 07:05:00,1695.048,1685.515,,,against_bias,2020-04-21 14:05:00
1,2020-04-22 07:40:00,1691.701,1679.908,,,against_bias,2020-04-22 14:40:00
1,2020-04-23 08:05:00,1719.648,1707.328,1713.4879999999998,1734.938,signal,2020-04-23 15:05:00
1,2020-04-24 09:15:00,1730.608,1720.768,1725.688,1741.438,signal,2020-04-24 16:15:00
1,2020-04-28 09:20:00,1710.388,1692.258,,,against_bias,2020-04-28 16:20:00
-1,2020-04-29 07:55:00,1713.138,1704.775,1708.9565,1695.671,signal,2020-04-29 14:55:00
1,2020-04-30 07:25:00,1719.808,1708.798,1714.3029999999999,1732.2580000000003,signal,2020-04-30 14:25:00
1,2020-05-04 09:10:00,1706.218,1695.145,1700.6815000000001,1717.7019999999998,signal,2020-05-04 16:10:00
-1,2020-05-05 07:05:00,1703.928,1696.488,,,against_bias,2020-05-05 14:05:00
-1,2020-05-06 09:30:00,1707.538,1701.0,,,against_bias,2020-05-06 16:30:00
1,2020-05-07 09:10:00,1693.788,1684.178,,,against_bias,2020-05-07 16:10:00
1,2020-05-08 09:10:00,1720.568,1711.128,1715.848,1732.7889999999998,signal,2020-05-08 16:10:00
-1,2020-05-11 09:30:00,1712.058,1701.988,1707.0230000000001,1688.8789999999995,signal,2020-05-11 16:30:00
1,2020-05-12 07:30:00,1702.838,1693.605,,,against_bias,2020-05-12 14:30:00
-1,2020-05-13 08:05:00,1706.558,1700.068,1703.313,1693.0379999999996,signal,2020-05-13 15:05:00
1,2020-05-18 11:25:00,1764.525,1753.608,1759.0665,1775.721,signal,2020-05-18 18:25:00
1,2020-05-20 07:25:00,1751.015,1744.168,1747.5915,1758.711,signal,2020-05-20 14:25:00
-1,2020-05-21 08:25:00,1747.415,1735.638,1741.5265,1720.021,signal,2020-05-21 15:25:00
1,2020-05-22 07:15:00,1735.505,1724.278,,,against_bias,2020-05-22 14:15:00
-1,2020-05-26 08:45:00,1735.325,1726.395,,,against_bias,2020-05-26 15:45:00
-1,2020-05-27 11:25:00,1715.895,1705.005,1710.45,1691.5139999999997,signal,2020-05-27 18:25:00
1,2020-05-28 07:10:00,1720.478,1708.925,1714.7015000000001,1734.251,signal,2020-05-28 14:10:00
1,2020-05-29 08:15:00,1722.888,1712.428,1717.658,1735.4690000000003,signal,2020-05-29 15:15:00
-1,2020-06-01 11:20:00,1744.525,1731.628,,,against_bias,2020-06-01 18:20:00
-1,2020-06-02 07:30:00,1742.388,1735.408,,,against_bias,2020-06-02 14:30:00
-1,2020-06-03 07:50:00,1729.458,1720.455,1724.9565,1710.6810000000003,signal,2020-06-03 14:50:00
1,2020-06-04 09:00:00,1705.198,1697.448,,,against_bias,2020-06-04 16:00:00
-1,2020-06-05 10:05:00,1715.988,1706.925,,,against_bias,2020-06-05 17:05:00
1,2020-06-08 07:05:00,1694.816,1680.498,,,against_bias,2020-06-08 14:05:00
1,2020-06-09 08:10:00,1704.626,1692.025,1698.3255,1717.233,signal,2020-06-09 15:10:00
1,2020-06-10 08:30:00,1719.935,1712.898,1716.4164999999998,1727.3110000000004,signal,2020-06-10 15:30:00
-1,2020-06-11 11:25:00,1737.235,1726.785,,,against_bias,2020-06-11 18:25:00
1,2020-06-12 07:20:00,1732.285,1722.135,1727.21,1742.9449999999997,signal,2020-06-12 14:20:00
-1,2020-06-15 07:20:00,1734.038,1719.038,,,against_bias,2020-06-15 14:20:00
-1,2020-06-17 08:15:00,1729.365,1722.538,,,against_bias,2020-06-17 15:15:00
1,2020-06-18 08:40:00,1730.258,1723.698,,,against_bias,2020-06-18 15:40:00
1,2020-06-19 11:45:00,1732.795,1722.175,1727.4850000000001,1743.4239999999998,signal,2020-06-19 18:45:00
-1,2020-06-22 07:15:00,1758.598,1746.198,,,against_bias,2020-06-22 14:15:00
1,2020-06-24 08:45:00,1773.498,1765.305,1769.4015,1782.5910000000001,signal,2020-06-24 15:45:00
-1,2020-06-29 09:25:00,1774.905,1767.478,,,against_bias,2020-06-29 16:25:00
-1,2020-06-30 11:35:00,1773.655,1768.668,,,against_bias,2020-06-30 18:35:00
1,2020-07-01 07:10:00,1785.098,1780.158,1782.628,1796.239,signal,2020-07-01 14:10:00
1,2020-07-02 08:10:00,1770.308,1764.168,1767.2379999999998,1776.5380000000002,signal,2020-07-02 15:10:00
1,2020-07-06 07:00:00,1776.785,1769.818,,,against_bias,2020-07-06 14:00:00
-1,2020-07-07 07:25:00,1787.038,1781.948,,,against_bias,2020-07-07 14:25:00
1,2020-07-08 08:00:00,1796.458,1791.448,1793.953,1803.3790000000001,signal,2020-07-08 15:00:00
1,2020-07-09 08:25:00,1814.648,1805.868,1810.2579999999998,1824.0880000000002,signal,2020-07-09 15:25:00
1,2020-07-10 08:35:00,1804.068,1795.708,,,against_bias,2020-07-10 15:35:00
1,2020-07-13 07:15:00,1807.668,1799.728,,,against_bias,2020-07-13 14:15:00
-1,2020-07-14 10:15:00,1802.418,1795.738,,,against_bias,2020-07-14 17:15:00
1,2020-07-15 07:55:00,1811.108,1805.598,1808.353,1818.3880000000001,signal,2020-07-15 14:55:00
-1,2020-07-16 08:05:00,1813.138,1805.358,1809.248,1796.2880000000002,signal,2020-07-16 15:05:00
1,2020-07-17 07:10:00,1800.108,1795.608,,,against_bias,2020-07-17 14:10:00
1,2020-07-20 08:45:00,1810.855,1805.565,,,sl_too_tight,2020-07-20 15:45:00
1,2020-07-21 08:35:00,1823.505,1815.668,1819.5865,1833.121,signal,2020-07-21 15:35:00
1,2020-07-23 08:00:00,1876.415,1863.909,1870.162,1894.3209999999997,signal,2020-07-23 15:00:00
1,2020-07-24 07:10:00,1890.068,1881.265,1885.6665,1907.661,signal,2020-07-24 14:10:00
1,2020-07-27 10:55:00,1944.428,1912.325,1928.3765,1977.1819999999998,signal,2020-07-27 17:55:00
-1,2020-07-28 07:30:00,1980.98,1932.808,,,against_bias,2020-07-28 14:30:00
-1,2020-07-30 07:20:00,1970.538,1951.5,,,against_bias,2020-07-30 14:20:00
-1,2020-08-03 10:10:00,1982.225,1969.555,,,against_bias,2020-08-03 17:10:00
-1,2020-08-04 11:25:00,1978.488,1971.5,1974.9940000000001,1963.7259999999999,signal,2020-08-04 18:25:00
1,2020-08-05 07:40:00,2036.728,2009.338,2023.033,2071.5580000000004,signal,2020-08-05 14:40:00
1,2020-08-06 11:30:00,2053.925,2034.385,2044.1550000000002,2075.955,signal,2020-08-06 18:30:00
-1,2020-08-11 08:05:00,2028.088,1990.008,2009.048,1947.9079999999997,signal,2020-08-11 15:05:00
1,2020-08-12 07:30:00,1925.585,1862.318,,,against_bias,2020-08-12 14:30:00
1,2020-08-17 07:00:00,1951.355,1929.348,,,against_bias,2020-08-17 14:00:00
1,2020-08-18 07:40:00,2007.398,1980.618,1994.0079999999998,2037.3880000000006,signal,2020-08-18 14:40:00
-1,2020-08-19 07:05:00,2005.875,1984.125,,,against_bias,2020-08-19 14:05:00
-1,2020-08-21 07:10:00,1955.765,1940.475,1948.12,1918.3240000000005,signal,2020-08-21 14:10:00
1,2020-08-24 07:05:00,1937.785,1930.148,,,against_bias,2020-08-24 14:05:00
-1,2020-08-25 08:20:00,1937.425,1926.365,1931.895,1914.9149999999997,signal,2020-08-25 15:20:00
-1,2020-08-26 07:00:00,1931.358,1915.225,1923.2914999999998,1898.5010000000004,signal,2020-08-26 14:00:00
1,2020-08-28 07:00:00,1948.665,1923.288,,,against_bias,2020-08-28 14:00:00
-1,2020-08-31 07:20:00,1976.368,1961.518,1968.943,1943.3679999999997,signal,2020-08-31 14:20:00
1,2020-09-01 07:15:00,1989.778,1967.188,1978.4830000000002,2012.5089999999998,signal,2020-09-01 14:15:00
-1,2020-09-02 07:30:00,1973.118,1958.678,1965.8980000000001,1939.6989999999996,signal,2020-09-02 14:30:00
-1,2020-09-07 10:15:00,1941.268,1927.698,,,against_bias,2020-09-07 17:15:00
-1,2020-09-08 09:30:00,1935.408,1922.698,1929.0529999999999,1904.3390000000004,signal,2020-09-08 16:30:00
-1,2020-09-09 10:50:00,1934.358,1923.008,,,against_bias,2020-09-09 17:50:00
1,2020-09-10 11:00:00,1950.758,1942.605,1946.6815000000001,1961.2809999999997,signal,2020-09-10 18:00:00
1,2020-09-15 10:50:00,1969.215,1954.988,1962.1015,1984.1410000000003,signal,2020-09-15 17:50:00
1,2020-09-16 07:10:00,1962.928,1949.798,,,against_bias,2020-09-16 14:10:00
1,2020-09-18 09:15:00,1955.435,1946.678,1951.0565000000001,1964.3809999999999,signal,2020-09-18 16:15:00
-1,2020-09-21 08:00:00,1955.458,1946.868,,,against_bias,2020-09-21 15:00:00
-1,2020-09-22 07:40:00,1919.888,1898.398,1909.143,1872.5880000000002,signal,2020-09-22 14:40:00
1,2020-09-25 07:25:00,1873.798,1861.665,1867.7314999999999,1888.652,signal,2020-09-25 14:25:00
-1,2020-09-28 08:20:00,1863.845,1855.758,,,against_bias,2020-09-28 15:20:00
1,2020-09-29 11:05:00,1887.158,1875.308,1881.233,1902.578,signal,2020-09-29 18:05:00
-1,2020-09-30 08:50:00,1897.428,1883.585,,,against_bias,2020-09-30 15:50:00
1,2020-10-01 11:45:00,1899.918,1884.555,1892.2365,1917.861,signal,2020-10-01 18:45:00
-1,2020-10-05 07:05:00,1903.015,1890.898,1896.9565,1877.4610000000002,signal,2020-10-05 14:05:00
-1,2020-10-06 08:25:00,1914.428,1908.088,1911.258,1900.758,signal,2020-10-06 15:25:00
1,2020-10-07 07:05:00,1894.288,1872.748,,,against_bias,2020-10-07 14:05:00
1,2020-10-09 07:50:00,1912.788,1894.908,1903.848,1931.5290000000002,signal,2020-10-09 14:50:00
-1,2020-10-12 09:15:00,1931.788,1921.355,,,against_bias,2020-10-12 16:15:00
1,2020-10-14 08:30:00,1897.908,1882.395,,,against_bias,2020-10-14 15:30:00
1,2020-10-15 07:40:00,1901.888,1891.778,,,against_bias,2020-10-15 14:40:00
1,2020-10-16 08:30:00,1910.588,1902.668,1906.628,1919.3090000000002,signal,2020-10-16 15:30:00
1,2020-10-19 07:40:00,1910.888,1896.878,,,against_bias,2020-10-19 14:40:00
1,2020-10-20 09:10:00,1904.068,1894.618,,,against_bias,2020-10-20 16:10:00
1,2020-10-21 07:55:00,1920.345,1910.065,1915.205,1930.7150000000001,signal,2020-10-21 14:55:00
1,2020-10-23 07:35:00,1907.648,1901.235,,,against_bias,2020-10-23 14:35:00
1,2020-10-26 09:55:00,1902.355,1894.785,,,against_bias,2020-10-26 16:55:00
-1,2020-10-27 08:10:00,1910.315,1901.818,,,against_bias,2020-10-27 15:10:00
-1,2020-10-28 09:10:00,1910.768,1902.365,,,against_bias,2020-10-28 16:10:00
-1,2020-10-29 11:45:00,1884.858,1875.675,1880.2665,1864.4910000000002,signal,2020-10-29 18:45:00
1,2020-10-30 11:55:00,1877.995,1864.258,1871.1264999999999,1895.161,signal,2020-10-30 18:55:00
1,2020-11-02 07:50:00,1885.528,1873.308,1879.4180000000001,1899.239,signal,2020-11-02 14:50:00
-1,2020-11-03 07:25:00,1898.508,1890.455,,,against_bias,2020-11-03 14:25:00
1,2020-11-05 07:20:00,1910.445,1902.358,1906.4015,1923.0710000000004,signal,2020-11-05 14:20:00
1,2020-11-06 07:45:00,1947.208,1935.468,1941.3380000000002,1960.7089999999998,signal,2020-11-06 14:45:00
-1,2020-11-09 11:45:00,1965.415,1952.498,,,against_bias,2020-11-09 18:45:00
1,2020-11-10 07:00:00,1889.338,1867.375,,,against_bias,2020-11-10 14:00:00
-1,2020-11-11 07:25:00,1884.378,1876.288,1880.333,1864.0879999999995,signal,2020-11-11 14:25:00
-1,2020-11-16 07:15:00,1898.928,1887.508,,,against_bias,2020-11-16 14:15:00
1,2020-11-17 09:10:00,1892.368,1884.198,,,against_bias,2020-11-17 16:10:00
1,2020-11-18 08:25:00,1883.058,1875.548,,,against_bias,2020-11-18 15:25:00
-1,2020-11-19 08:45:00,1872.778,1858.053,1865.4155,1839.9830000000002,signal,2020-11-19 15:45:00
-1,2020-11-23 08:55:00,1876.038,1870.385,,,against_bias,2020-11-23 15:55:00
-1,2020-11-24 10:25:00,1836.188,1821.188,1828.688,1796.1889999999999,signal,2020-11-24 17:25:00
1,2020-11-25 08:10:00,1812.058,1801.495,,,against_bias,2020-11-25 15:10:00
1,2020-11-26 07:30:00,1813.365,1806.688,1810.0265,1820.369,signal,2020-11-26 14:30:00
1,2020-12-01 07:25:00,1788.135,1776.75,1782.4425,1799.6399999999996,signal,2020-12-01 14:25:00
1,2020-12-02 07:45:00,1815.325,1807.405,1811.365,1823.485,signal,2020-12-02 14:45:00
1,2020-12-03 07:25:00,1837.158,1826.138,1831.648,1848.7990000000002,signal,2020-12-03 14:25:00
-1,2020-12-07 08:25:00,1842.308,1834.734,,,against_bias,2020-12-07 15:25:00
-1,2020-12-08 11:05:00,1871.718,1861.0,,,against_bias,2020-12-08 18:05:00
-1,2020-12-09 11:40:00,1870.428,1855.538,1862.9830000000002,1835.2479999999998,signal,2020-12-09 18:40:00
-1,2020-12-10 08:50:00,1842.355,1834.108,1838.2314999999999,1818.9010000000003,signal,2020-12-10 15:50:00
-1,2020-12-11 08:20:00,1840.555,1833.305,,,against_bias,2020-12-11 15:20:00
-1,2020-12-14 07:15:00,1838.008,1832.118,,,against_bias,2020-12-14 14:15:00
1,2020-12-15 07:05:00,1840.795,1825.348,1833.0715,1859.1520000000003,signal,2020-12-15 14:05:00
1,2020-12-16 08:30:00,1858.428,1850.848,1854.638,1868.888,signal,2020-12-16 15:30:00
1,2020-12-17 07:05:00,1871.195,1861.898,1866.5465,1882.2110000000002,signal,2020-12-17 14:05:00
-1,2020-12-18 08:10:00,1886.655,1878.408,,,against_bias,2020-12-18 15:10:00
-1,2020-12-21 10:00:00,1906.638,1882.808,,,against_bias,2020-12-21 17:00:00
-1,2020-12-22 07:10:00,1884.238,1867.858,1876.048,1849.1290000000001,signal,2020-12-22 14:10:00
1,2020-12-23 08:05:00,1867.945,1861.395,,,against_bias,2020-12-23 15:05:00
-1,2020-12-24 10:50:00,1879.888,1871.628,1875.7579999999998,1863.1490000000006,signal,2020-12-24 17:50:00
-1,2020-12-28 11:20:00,1900.098,1877.208,,,against_bias,2020-12-28 18:20:00
1,2020-12-29 08:10:00,1882.538,1874.975,1878.7565,1890.7219999999998,signal,2020-12-29 15:10:00
1,2021-01-04 08:00:00,1925.475,1909.858,1917.6664999999998,1947.0620000000001,signal,2021-01-04 15:00:00
1,2021-01-05 09:25:00,1943.915,1934.178,1939.0465,1954.6210000000003,signal,2021-01-05 16:25:00
1,2021-01-06 09:25:00,1955.178,1941.305,1948.2415,1969.6419999999998,signal,2021-01-06 16:25:00
-1,2021-01-07 10:20:00,1927.518,1914.595,,,against_bias,2021-01-07 17:20:00
-1,2021-01-08 07:55:00,1916.548,1905.818,1911.183,1891.8689999999997,signal,2021-01-08 14:55:00
1,2021-01-11 08:00:00,1849.288,1816.888,,,against_bias,2021-01-11 15:00:00
1,2021-01-12 07:30:00,1860.495,1841.162,1850.8285,1880.4070000000002,signal,2021-01-12 14:30:00
-1,2021-01-13 09:10:00,1862.892,1854.445,1858.6685,1832.3869999999997,signal,2021-01-13 16:10:00
1,2021-01-15 09:45:00,1855.498,1846.625,,,against_bias,2021-01-15 16:45:00
1,2021-01-19 08:15:00,1843.505,1836.038,,,against_bias,2021-01-19 15:15:00
1,2021-01-20 07:20:00,1854.365,1839.292,1846.8285,1870.3679999999997,signal,2021-01-20 14:20:00
-1,2021-01-21 07:30:00,1874.915,1866.792,,,against_bias,2021-01-21 14:30:00
-1,2021-01-22 10:15:00,1869.831,1857.101,1863.466,1842.433,signal,2021-01-22 17:15:00
1,2021-01-25 10:45:00,1859.895,1849.165,,,against_bias,2021-01-25 17:45:00
-1,2021-01-26 07:30:00,1861.635,1853.058,,,against_bias,2021-01-26 14:30:00
1,2021-01-27 08:00:00,1851.345,1843.268,,,against_bias,2021-01-27 15:00:00
1,2021-01-28 08:10:00,1840.378,1833.925,,,against_bias,2021-01-28 15:10:00
1,2021-01-29 09:10:00,1851.585,1839.418,1845.5014999999999,1865.3420000000003,signal,2021-01-29 16:10:00
1,2021-02-01 08:10:00,1867.035,1848.892,1857.9635,1893.374,signal,2021-02-01 15:10:00
-1,2021-02-02 07:10:00,1863.975,1852.625,1858.3,1836.6550000000002,signal,2021-02-02 14:10:00
-1,2021-02-03 07:45:00,1844.785,1836.405,1840.595,1824.6050000000002,signal,2021-02-03 14:45:00
-1,2021-02-04 09:05:00,1834.635,1815.838,1825.2365,1795.4120000000003,signal,2021-02-04 16:05:00
1,2021-02-05 07:10:00,1798.948,1791.905,,,against_bias,2021-02-05 14:10:00
-1,2021-02-08 08:50:00,1818.805,1808.313,,,against_bias,2021-02-08 15:50:00
1,2021-02-09 08:50:00,1843.138,1829.808,1836.473,1857.359,signal,2021-02-09 15:50:00
1,2021-02-10 07:20:00,1845.315,1833.915,1839.615,1858.6349999999998,signal,2021-02-10 14:20:00
1,2021-02-11 08:05:00,1843.765,1833.895,1838.83,1855.9750000000004,signal,2021-02-11 15:05:00
-1,2021-02-12 07:50:00,1827.848,1818.548,1823.1979999999999,1803.779,signal,2021-02-12 14:50:00
-1,2021-02-15 07:10:00,1826.915,1817.645,,,against_bias,2021-02-15 14:10:00
-1,2021-02-16 11:55:00,1826.375,1817.995,,,against_bias,2021-02-16 18:55:00
-1,2021-02-17 08:00:00,1795.015,1786.455,1790.7350000000001,1773.5149999999994,signal,2021-02-17 15:00:00
1,2021-02-18 08:45:00,1785.611,1776.915,,,against_bias,2021-02-18 15:45:00
1,2021-02-22 09:15:00,1794.935,1780.545,1787.74,1814.0049999999997,signal,2021-02-22 16:15:00
-1,2021-02-23 09:20:00,1815.875,1806.065,,,against_bias,2021-02-23 16:20:00
-1,2021-02-24 07:45:00,1813.745,1805.015,1809.38,1796.0749999999996,signal,2021-02-24 14:45:00
-1,2021-02-25 07:05:00,1804.105,1793.115,1798.6100000000001,1780.0339999999994,signal,2021-02-25 14:05:00
-1,2021-02-26 07:15:00,1775.605,1757.818,1766.7115,1739.3320000000003,signal,2021-02-26 14:15:00
1,2021-03-01 07:25:00,1756.125,1737.185,,,against_bias,2021-03-01 14:25:00
1,2021-03-02 10:40:00,1728.376,1707.066,,,against_bias,2021-03-02 17:40:00
-1,2021-03-03 08:10:00,1737.366,1729.895,,,against_bias,2021-03-03 15:10:00
1,2021-03-04 07:10:00,1719.959,1706.564,,,against_bias,2021-03-04 14:10:00
1,2021-03-05 07:10:00,1699.354,1687.194,,,against_bias,2021-03-05 14:10:00
-1,2021-03-08 07:00:00,1714.168,1703.788,,,against_bias,2021-03-08 14:00:00
1,2021-03-09 07:25:00,1694.33,1680.014,,,against_bias,2021-03-09 14:25:00
-1,2021-03-10 11:25:00,1719.475,1709.544,,,against_bias,2021-03-10 18:25:00
1,2021-03-11 07:25:00,1735.848,1723.134,1729.491,1750.1219999999998,signal,2021-03-11 14:25:00
-1,2021-03-12 07:10:00,1727.895,1709.584,1718.7395000000001,1689.2329999999997,signal,2021-03-12 14:10:00
-1,2021-03-16 07:05:00,1737.124,1729.404,,,against_bias,2021-03-16 14:05:00
-1,2021-03-17 11:15:00,1737.904,1729.535,,,against_bias,2021-03-17 18:15:00
-1,2021-03-18 07:20:00,1755.408,1747.405,,,against_bias,2021-03-18 14:20:00
1,2021-03-19 07:30:00,1743.425,1728.391,1735.908,1760.448,signal,2021-03-19 14:30:00
-1,2021-03-22 07:00:00,1742.988,1729.436,1736.212,1715.2000000000003,signal,2021-03-22 14:00:00
1,2021-03-23 10:05:00,1740.418,1730.918,,,against_bias,2021-03-23 17:05:00
1,2021-03-24 09:55:00,1734.309,1723.624,1728.9665,1745.771,signal,2021-03-24 16:55:00
-1,2021-03-25 07:10:00,1739.049,1731.838,,,against_bias,2021-03-25 14:10:00
1,2021-03-26 09:35:00,1729.745,1723.158,,,against_bias,2021-03-26 16:35:00
-1,2021-03-29 08:15:00,1732.788,1724.958,,,against_bias,2021-03-29 15:15:00
-1,2021-03-30 07:00:00,1714.318,1702.108,1708.213,1689.2440000000004,signal,2021-03-30 14:00:00
1,2021-03-31 10:30:00,1688.695,1677.788,1683.2415,1699.932,signal,2021-03-31 17:30:00
1,2021-04-01 07:10:00,1717.548,1705.638,1711.5929999999998,1731.459,signal,2021-04-01 14:10:00
-1,2021-04-07 11:10:00,1743.255,1735.748,,,against_bias,2021-04-07 18:10:00
1,2021-04-08 07:35:00,1745.298,1733.058,1739.1779999999999,1759.308,signal,2021-04-08 14:35:00
-1,2021-04-09 07:05:00,1757.238,1747.535,,,against_bias,2021-04-09 14:05:00
1,2021-04-12 11:25:00,1743.308,1735.068,1739.188,1752.5379999999996,signal,2021-04-12 18:25:00
1,2021-04-15 07:00:00,1745.915,1734.248,,,against_bias,2021-04-15 14:00:00
1,2021-04-16 08:15:00,1766.128,1759.618,1762.873,1773.4689999999998,signal,2021-04-16 15:15:00
1,2021-04-19 07:40:00,1783.455,1773.018,1778.2365,1795.4010000000003,signal,2021-04-19 14:40:00
-1,2021-04-20 09:30:00,1775.578,1765.488,1770.533,1753.511,signal,2021-04-20 16:30:00
-1,2021-04-22 09:25:00,1797.748,1788.118,,,against_bias,2021-04-22 16:25:00
-1,2021-04-23 07:20:00,1789.595,1782.568,,,against_bias,2021-04-23 14:20:00
-1,2021-04-28 09:25:00,1775.395,1766.325,1770.8600000000001,1751.045,signal,2021-04-28 16:25:00
-1,2021-04-29 08:30:00,1789.875,1776.955,,,against_bias,2021-04-29 15:30:00
1,2021-05-03 07:10:00,1779.935,1767.235,1773.585,1792.7549999999997,signal,2021-05-03 14:10:00
-1,2021-05-04 09:35:00,1793.078,1783.788,,,against_bias,2021-05-04 16:35:00
-1,2021-05-05 08:05:00,1783.238,1775.358,,,against_bias,2021-05-05 15:05:00
1,2021-05-06 07:10:00,1794.878,1781.878,1788.378,1808.3580000000002,signal,2021-05-06 14:10:00
1,2021-05-07 08:35:00,1822.158,1812.748,1817.453,1832.3479999999997,signal,2021-05-07 15:35:00
1,2021-05-10 10:50:00,1839.058,1830.0,1834.529,1850.336,signal,2021-05-10 17:50:00
1,2021-05-11 09:45:00,1838.338,1831.258,1834.798,1845.529,signal,2021-05-11 16:45:00
-1,2021-05-13 09:50:00,1822.915,1813.155,1818.0349999999999,1799.0840000000005,signal,2021-05-13 16:50:00
1,2021-05-14 09:00:00,1836.318,1819.566,1827.942,1853.1299999999999,signal,2021-05-14 16:00:00
-1,2021-05-18 11:25:00,1873.755,1866.635,,,against_bias,2021-05-18 18:25:00
-1,2021-05-19 08:40:00,1873.895,1864.398,,,against_bias,2021-05-19 15:40:00
1,2021-05-21 09:00:00,1876.958,1870.245,1873.6015,1884.091,signal,2021-05-21 16:00:00
-1,2021-05-24 08:35:00,1886.878,1879.678,,,against_bias,2021-05-24 15:35:00
1,2021-05-25 07:00:00,1886.348,1872.614,,,against_bias,2021-05-25 14:00:00
1,2021-05-26 07:40:00,1907.638,1896.848,1902.243,1919.838,signal,2021-05-26 14:40:00
-1,2021-05-31 11:05:00,1910.545,1902.568,,,against_bias,2021-05-31 18:05:00
-1,2021-06-01 09:55:00,1916.485,1906.058,,,against_bias,2021-06-01 16:55:00
-1,2021-06-02 11:10:00,1902.145,1895.013,1898.579,1887.1070000000004,signal,2021-06-02 18:10:00
-1,2021-06-03 07:45:00,1909.498,1895.385,,,against_bias,2021-06-03 14:45:00
1,2021-06-04 07:30:00,1873.628,1855.315,,,against_bias,2021-06-04 14:30:00
-1,2021-06-07 07:15:00,1891.768,1882.058,1886.913,1870.9979999999998,signal,2021-06-07 14:15:00
-1,2021-06-08 07:20:00,1903.238,1894.358,,,against_bias,2021-06-08 14:20:00
-1,2021-06-09 07:05:00,1896.238,1890.425,,,against_bias,2021-06-09 14:05:00
-1,2021-06-10 07:20:00,1889.238,1882.608,1885.923,1873.0079999999998,signal,2021-06-10 14:20:00
1,2021-06-11 07:10:00,1902.018,1897.228,,,sl_too_tight,2021-06-11 14:10:00
-1,2021-06-14 07:15:00,1873.778,1858.708,1866.243,1840.8780000000002,signal,2021-06-14 14:15:00
-1,2021-06-17 07:15:00,1825.228,1809.678,1817.453,1793.1979999999999,signal,2021-06-17 14:15:00
1,2021-06-18 07:25:00,1787.098,1775.888,,,against_bias,2021-06-18 14:25:00
1,2021-06-21 08:05:00,1779.988,1766.378,,,against_bias,2021-06-21 15:05:00
-1,2021-06-22 07:45:00,1789.995,1779.208,,,against_bias,2021-06-22 14:45:00
1,2021-06-23 08:15:00,1783.778,1777.078,1780.4279999999999,1791.6780000000006,signal,2021-06-23 15:15:00
1,2021-06-24 08:20:00,1779.908,1772.778,1776.3429999999998,1787.5180000000003,signal,2021-06-24 15:20:00
1,2021-06-25 07:15:00,1781.128,1773.588,1777.358,1790.4680000000003,signal,2021-06-25 14:15:00
-1,2021-06-29 07:30:00,1778.818,1773.718,,,against_bias,2021-06-29 14:30:00
-1,2021-06-30 07:55:00,1764.538,1755.775,1760.1565,1746.0310000000002,signal,2021-06-30 14:55:00
1,2021-07-01 11:15:00,1778.878,1765.528,1772.203,1792.708,signal,2021-07-01 18:15:00
-1,2021-07-02 07:10:00,1779.668,1774.868,,,against_bias,2021-07-02 14:10:00
1,2021-07-05 07:20:00,1791.048,1784.338,1787.693,1798.8379999999997,signal,2021-07-05 14:20:00
1,2021-07-06 07:40:00,1806.598,1790.838,1798.7179999999998,1824.6080000000002,signal,2021-07-06 14:40:00
1,2021-07-07 07:35:00,1804.538,1793.746,1799.142,1816.1699999999998,signal,2021-07-07 14:35:00
1,2021-07-08 07:25:00,1804.848,1796.128,1800.4879999999998,1816.4180000000003,signal,2021-07-08 14:25:00
-1,2021-07-12 11:45:00,1810.708,1798.808,,,against_bias,2021-07-12 18:45:00
1,2021-07-14 10:05:00,1814.918,1804.448,1809.683,1825.4180000000003,signal,2021-07-14 17:05:00
1,2021-07-15 07:05:00,1832.488,1823.558,1828.0230000000001,1844.6879999999996,signal,2021-07-15 14:05:00
-1,2021-07-16 07:30:00,1831.428,1823.458,1827.4430000000002,1810.8379999999993,signal,2021-07-16 14:30:00
-1,2021-07-19 08:15:00,1817.178,1803.278,1810.228,1788.079,signal,2021-07-19 15:15:00
-1,2021-07-21 08:10:00,1813.658,1805.008,1809.333,1794.768,signal,2021-07-21 15:10:00
1,2021-07-22 07:00:00,1802.958,1797.098,,,against_bias,2021-07-22 14:00:00
1,2021-07-23 07:45:00,1808.448,1801.218,,,against_bias,2021-07-23 14:45:00
1,2021-07-26 07:20:00,1809.108,1798.278,1803.693,1820.9880000000003,signal,2021-07-26 14:20:00
1,2021-07-27 07:40:00,1799.768,1793.488,,,against_bias,2021-07-27 14:40:00
-1,2021-07-28 11:30:00,1807.308,1797.898,,,against_bias,2021-07-28 18:30:00
1,2021-07-29 07:25:00,1819.058,1808.498,1813.778,1830.218,signal,2021-07-29 14:25:00
1,2021-07-30 07:20:00,1830.345,1825.748,,,sl_too_tight,2021-07-30 14:20:00
-1,2021-08-02 07:20:00,1816.758,1806.955,1811.8564999999999,1796.201,signal,2021-08-02 14:20:00
1,2021-08-04 08:05:00,1814.698,1808.845,1811.7715,1821.0819999999999,signal,2021-08-04 15:05:00
1,2021-08-05 07:40:00,1811.838,1808.298,,,sl_too_tight,2021-08-05 14:40:00
-1,2021-08-06 07:15:00,1803.615,1798.788,,,sl_too_tight,2021-08-06 14:15:00
1,2021-08-09 07:30:00,1747.828,1706.485,,,against_bias,2021-08-09 14:30:00
-1,2021-08-10 08:35:00,1738.158,1730.098,1734.128,1719.3380000000004,signal,2021-08-10 15:35:00
1,2021-08-11 10:25:00,1735.058,1723.988,,,against_bias,2021-08-11 17:25:00
1,2021-08-12 07:30:00,1755.778,1748.798,1752.288,1763.4180000000001,signal,2021-08-12 14:30:00
1,2021-08-13 07:20:00,1759.348,1751.568,1755.458,1768.0279999999996,signal,2021-08-13 14:20:00
-1,2021-08-16 11:45:00,1782.448,1771.788,,,against_bias,2021-08-16 18:45:00
1,2021-08-17 07:05:00,1792.948,1784.308,1788.6280000000002,1803.4479999999996,signal,2021-08-17 14:05:00
1,2021-08-18 07:30:00,1793.178,1784.978,,,against_bias,2021-08-18 14:30:00
1,2021-08-19 09:15:00,1787.458,1774.358,,,against_bias,2021-08-19 16:15:00
1,2021-08-23 10:25:00,1788.555,1776.388,1782.4715,1801.271,signal,2021-08-23 17:25:00
1,2021-08-24 11:05:00,1804.978,1800.648,,,sl_too_tight,2021-08-24 18:05:00
-1,2021-08-25 11:25:00,1802.558,1791.698,,,against_bias,2021-08-25 18:25:00
-1,2021-08-27 11:10:00,1805.005,1792.798,,,against_bias,2021-08-27 18:10:00
-1,2021-09-01 08:05:00,1816.918,1810.248,1813.583,1801.7389999999998,signal,2021-09-01 15:05:00
1,2021-09-02 09:40:00,1815.918,1810.528,1813.223,1822.3580000000002,signal,2021-09-02 16:40:00
1,2021-09-03 11:05:00,1814.708,1808.848,,,against_bias,2021-09-03 18:05:00
-1,2021-09-06 08:30:00,1828.378,1825.048,,,against_bias,2021-09-06 15:30:00
-1,2021-09-07 08:05:00,1827.128,1815.518,1821.3229999999999,1803.6680000000006,signal,2021-09-07 15:05:00
1,2021-09-08 07:30:00,1800.948,1794.145,,,against_bias,2021-09-08 14:30:00
1,2021-09-09 07:25:00,1790.658,1786.518,,,against_bias,2021-09-09 14:25:00
1,2021-09-14 07:15:00,1793.318,1789.645,,,sl_too_tight,2021-09-14 14:15:00
-1,2021-09-15 08:30:00,1804.528,1799.564,,,against_bias,2021-09-15 15:30:00
-1,2021-09-16 07:10:00,1796.074,1783.952,1790.013,1770.768,signal,2021-09-16 14:10:00
1,2021-09-17 08:55:00,1765.334,1753.728,,,against_bias,2021-09-17 15:55:00
1,2021-09-20 08:25:00,1754.458,1741.978,,,against_bias,2021-09-20 15:25:00
-1,2021-09-21 07:10:00,1766.018,1760.294,,,against_bias,2021-09-21 14:10:00
-1,2021-09-23 07:10:00,1767.584,1760.668,1764.126,1752.8400000000001,signal,2021-09-23 14:10:00
1,2021-09-24 11:00:00,1756.518,1745.704,,,against_bias,2021-09-24 18:00:00
-1,2021-09-27 09:50:00,1760.738,1749.084,,,against_bias,2021-09-27 16:50:00
-1,2021-09-28 07:00:00,1754.344,1740.488,1747.4160000000002,1713.9299999999994,signal,2021-09-28 14:00:00
1,2021-09-29 08:50:00,1741.258,1733.198,,,against_bias,2021-09-29 15:50:00
-1,2021-09-30 07:00:00,1734.746,1727.986,1731.366,1720.116,signal,2021-09-30 14:00:00
-1,2021-10-04 07:15:00,1765.558,1756.448,,,against_bias,2021-10-04 14:15:00
-1,2021-10-05 10:50:00,1768.265,1755.148,,,against_bias,2021-10-05 17:50:00
-1,2021-10-06 07:05:00,1759.318,1750.398,,,against_bias,2021-10-06 14:05:00
1,2021-10-07 07:15:00,1764.098,1755.928,1760.013,1773.309,signal,2021-10-07 14:15:00
1,2021-10-08 11:00:00,1760.448,1753.238,,,against_bias,2021-10-08 18:00:00
-1,2021-10-11 08:50:00,1760.878,1753.758,1757.318,1745.8280000000002,signal,2021-10-11 15:50:00
1,2021-10-12 10:50:00,1762.288,1750.658,1756.473,1774.3380000000004,signal,2021-10-12 17:50:00
1,2021-10-13 07:30:00,1763.628,1759.395,,,sl_too_tight,2021-10-13 14:30:00
1,2021-10-14 07:00:00,1794.158,1786.598,1790.378,1803.128,signal,2021-10-14 14:00:00
-1,2021-10-15 07:20:00,1796.378,1790.298,,,against_bias,2021-10-15 14:20:00
-1,2021-10-18 09:45:00,1772.008,1761.808,1766.908,1751.5059999999999,signal,2021-10-18 16:45:00
1,2021-10-19 07:00:00,1779.074,1763.188,1771.131,1796.8799999999997,signal,2021-10-19 14:00:00
1,2021-10-20 08:35:00,1777.928,1766.744,1772.336,1792.0819999999997,signal,2021-10-20 15:35:00
-1,2021-10-21 07:05:00,1789.368,1781.118,,,against_bias,2021-10-21 14:05:00
1,2021-10-22 07:00:00,1793.608,1783.424,1788.516,1804.59,signal,2021-10-22 14:00:00
1,2021-10-25 08:20:00,1800.974,1792.164,1796.569,1811.3560000000002,signal,2021-10-25 15:20:00
-1,2021-10-26 07:25:00,1807.868,1801.724,,,against_bias,2021-10-26 14:25:00
-1,2021-10-27 08:30:00,1794.288,1785.388,,,against_bias,2021-10-27 15:30:00
-1,2021-10-29 08:25:00,1799.864,1792.988,,,against_bias,2021-10-29 15:25:00
1,2021-11-02 07:15:00,1795.764,1789.158,1792.4609999999998,1802.9520000000007,signal,2021-11-02 14:15:00
1,2021-11-04 10:45:00,1778.178,1770.664,,,against_bias,2021-11-04 17:45:00
1,2021-11-05 07:00:00,1796.944,1789.974,1793.4589999999998,1804.3640000000005,signal,2021-11-05 14:00:00
-1,2021-11-09 07:35:00,1827.088,1821.758,,,against_bias,2021-11-09 14:35:00
-1,2021-11-10 07:35:00,1830.948,1824.003,,,against_bias,2021-11-10 14:35:00
1,2021-11-11 07:40:00,1855.538,1842.748,1849.143,1868.7480000000003,signal,2021-11-11 14:40:00
-1,2021-11-12 08:15:00,1862.248,1855.008,,,against_bias,2021-11-12 15:15:00
1,2021-11-16 08:50:00,1868.798,1861.784,1865.2910000000002,1878.6799999999994,signal,2021-11-16 15:50:00
1,2021-11-17 07:20:00,1856.024,1849.434,,,against_bias,2021-11-17 14:20:00
-1,2021-11-18 10:15:00,1870.814,1862.478,1866.6460000000002,1854.052,signal,2021-11-18 17:15:00
-1,2021-11-19 07:00:00,1863.634,1858.478,1861.056,1849.5120000000002,signal,2021-11-19 14:00:00
-1,2021-11-22 10:30:00,1848.984,1840.958,1844.971,1832.2299999999998,signal,2021-11-22 17:30:00
-1,2021-11-23 08:50:00,1812.318,1803.258,1807.788,1788.348,signal,2021-11-23 15:50:00
1,2021-11-24 07:15:00,1795.958,1788.855,,,against_bias,2021-11-24 14:15:00
1,2021-11-25 08:15:00,1794.155,1789.065,,,sl_too_tight,2021-11-25 15:15:00
1,2021-11-26 07:40:00,1803.348,1789.888,1796.618,1817.0780000000004,signal,2021-11-26 14:40:00
1,2021-11-29 08:35:00,1796.598,1789.738,,,against_bias,2021-11-29 15:35:00
1,2021-11-30 09:30:00,1795.838,1782.908,,,against_bias,2021-11-30 16:30:00
-1,2021-12-02 07:40:00,1781.875,1775.058,1778.4665,1767.6769999999997,signal,2021-12-02 14:40:00
-1,2021-12-03 09:10:00,1776.358,1767.365,1771.8615,1755.4409999999998,signal,2021-12-03 16:10:00
-1,2021-12-06 08:20:00,1787.635,1780.975,,,against_bias,2021-12-06 15:20:00
1,2021-12-07 07:15:00,1783.258,1776.725,1779.9915,1790.451,signal,2021-12-07 14:15:00
1,2021-12-08 10:35:00,1791.518,1784.368,1787.943,1798.908,signal,2021-12-08 17:35:00
-1,2021-12-09 10:05:00,1787.028,1782.065,,,against_bias,2021-12-09 17:05:00
-1,2021-12-10 08:15:00,1779.545,1771.268,1775.4065,1761.032,signal,2021-12-10 15:15:00
-1,2021-12-14 07:55:00,1789.415,1784.955,,,sl_too_tight,2021-12-14 14:55:00
-1,2021-12-15 07:00:00,1773.755,1767.428,1770.5915,1760.9509999999998,signal,2021-12-15 14:00:00
1,2021-12-16 07:05:00,1784.918,1775.418,1780.168,1795.168,signal,2021-12-16 14:05:00
1,2021-12-17 07:00:00,1807.128,1797.148,1802.138,1817.2310000000004,signal,2021-12-17 14:00:00
-1,2021-12-20 07:55:00,1804.058,1798.918,,,against_bias,2021-12-20 14:55:00
1,2021-12-21 07:50:00,1793.308,1788.728,,,against_bias,2021-12-21 14:50:00
-1,2021-12-22 07:10:00,1791.078,1786.935,,,sl_too_tight,2021-12-22 14:10:00
-1,2021-12-27 08:35:00,1811.764,1806.514,,,against_bias,2021-12-27 15:35:00
1,2021-12-28 07:10:00,1815.328,1808.398,1811.8629999999998,1823.5180000000005,signal,2021-12-28 14:10:00
-1,2021-12-29 08:00:00,1807.578,1803.918,,,sl_too_tight,2021-12-29 15:00:00
-1,2021-12-30 07:20:00,1805.458,1797.075,1801.2665000000002,1786.5109999999995,signal,2021-12-30 14:20:00
1,2021-12-31 07:00:00,1819.164,1814.598,,,sl_too_tight,2021-12-31 14:00:00
-1,2022-01-03 07:00:00,1831.458,1823.578,,,against_bias,2022-01-03 14:00:00
-1,2022-01-04 09:00:00,1806.994,1802.808,,,sl_too_tight,2022-01-04 16:00:00
1,2022-01-05 08:35:00,1816.924,1812.538,,,against_bias,2022-01-05 15:35:00
-1,2022-01-06 08:25:00,1811.438,1799.428,1805.433,1781.9279999999999,signal,2022-01-06 15:25:00
-1,2022-01-07 07:45:00,1793.168,1788.705,,,sl_too_tight,2022-01-07 14:45:00
1,2022-01-10 09:00:00,1796.698,1791.325,,,sl_too_tight,2022-01-10 16:00:00
1,2022-01-11 08:30:00,1809.695,1801.055,1805.375,1818.4040000000002,signal,2022-01-11 15:30:00
-1,2022-01-12 07:30:00,1822.395,1817.608,,,against_bias,2022-01-12 14:30:00
-1,2022-01-13 08:30:00,1828.058,1823.928,,,against_bias,2022-01-13 15:30:00
1,2022-01-14 08:15:00,1827.998,1819.468,,,against_bias,2022-01-14 15:15:00
1,2022-01-17 07:20:00,1820.438,1813.0,,,against_bias,2022-01-17 14:20:00
-1,2022-01-18 07:10:00,1822.644,1815.157,1818.9005,1804.7330000000004,signal,2022-01-18 14:10:00
1,2022-01-19 07:05:00,1814.658,1810.143,,,against_bias,2022-01-19 14:05:00
-1,2022-01-20 09:50:00,1843.978,1837.838,,,against_bias,2022-01-20 16:50:00
1,2022-01-21 07:15:00,1842.038,1836.168,1839.103,1849.0780000000002,signal,2022-01-21 14:15:00
1,2022-01-24 08:05:00,1839.514,1832.418,,,against_bias,2022-01-24 15:05:00
-1,2022-01-25 08:55:00,1843.538,1839.321,,,sl_too_tight,2022-01-25 15:55:00
-1,2022-01-26 07:15:00,1849.448,1846.118,,,against_bias,2022-01-26 14:15:00
-1,2022-01-27 11:20:00,1821.858,1809.819,1815.8384999999998,1797.7470000000003,signal,2022-01-27 18:20:00
-1,2022-01-28 08:00:00,1799.308,1794.925,1797.1165,1787.1009999999999,signal,2022-01-28 15:00:00
1,2022-01-31 08:25:00,1790.145,1785.458,,,against_bias,2022-01-31 15:25:00
1,2022-02-01 07:20:00,1803.395,1795.625,1799.51,1811.594,signal,2022-02-01 14:20:00
-1,2022-02-02 07:35:00,1801.518,1796.458,1798.988,1789.298,signal,2022-02-02 14:35:00
-1,2022-02-03 07:10:00,1808.875,1804.858,,,against_bias,2022-02-03 14:10:00
1,2022-02-04 07:05:00,1807.895,1804.858,,,against_bias,2022-02-04 14:05:00
-1,2022-02-08 07:10:00,1823.198,1818.818,,,against_bias,2022-02-08 14:10:00
1,2022-02-10 07:30:00,1834.898,1831.404,,,sl_too_tight,2022-02-10 14:30:00
1,2022-02-11 10:35:00,1827.058,1821.848,1824.453,1833.8460000000002,signal,2022-02-11 17:35:00
-1,2022-02-15 08:20:00,1879.378,1870.008,,,against_bias,2022-02-15 15:20:00
1,2022-02-16 07:05:00,1855.934,1850.188,,,against_bias,2022-02-16 14:05:00
1,2022-02-17 08:25:00,1877.068,1867.698,1872.383,1908.098,signal,2022-02-17 15:25:00
-1,2022-02-18 10:35:00,1902.358,1888.238,,,against_bias,2022-02-18 17:35:00
-1,2022-02-22 08:25:00,1913.798,1905.188,,,against_bias,2022-02-22 15:25:00
-1,2022-02-23 08:50:00,1901.198,1893.243,,,against_bias,2022-02-23 15:50:00
1,2022-02-24 09:45:00,1949.003,1909.998,1929.5005,1990.243,signal,2022-02-24 16:45:00
-1,2022-02-25 11:25:00,1921.478,1904.201,1912.8395,1885.0849999999998,signal,2022-02-25 18:25:00
-1,2022-02-28 07:25:00,1919.288,1904.408,1911.848,1878.158,signal,2022-02-28 14:25:00
1,2022-03-01 08:00:00,1908.688,1901.268,,,against_bias,2022-03-01 15:00:00
1,2022-03-02 07:45:00,1943.688,1930.888,1937.288,1959.9379999999999,signal,2022-03-02 14:45:00
1,2022-03-03 07:50:00,1930.736,1921.906,,,against_bias,2022-03-03 14:50:00
1,2022-03-07 10:35:00,2000.94,1976.102,1988.5210000000002,2028.0639999999996,signal,2022-03-07 17:35:00
-1,2022-03-09 09:00:00,2059.068,2034.958,,,against_bias,2022-03-09 16:00:00
1,2022-03-10 10:10:00,1989.888,1970.508,,,against_bias,2022-03-10 17:10:00
-1,2022-03-11 11:25:00,1997.142,1980.848,1988.995,1964.4340000000002,signal,2022-03-11 18:25:00
-1,2022-03-14 08:10:00,1978.662,1969.918,1974.29,1960.2260000000003,signal,2022-03-14 15:10:00
-1,2022-03-15 10:55:00,1952.088,1924.828,1938.458,1888.0819999999997,signal,2022-03-15 17:55:00
1,2022-03-16 11:40:00,1924.668,1912.508,,,against_bias,2022-03-16 18:40:00
1,2022-03-17 08:25:00,1938.138,1925.363,1931.7505,1954.093,signal,2022-03-17 15:25:00
-1,2022-03-22 08:10:00,1938.268,1929.178,,,against_bias,2022-03-22 15:10:00
1,2022-03-23 08:40:00,1924.248,1915.453,,,against_bias,2022-03-23 15:40:00
1,2022-03-24 11:40:00,1948.479,1937.278,1942.8785,1970.0870000000002,signal,2022-03-24 18:40:00
-1,2022-03-25 07:00:00,1964.153,1955.353,1959.7530000000002,1946.4299999999994,signal,2022-03-25 14:00:00
-1,2022-03-28 07:25:00,1958.258,1932.978,1945.618,1905.778,signal,2022-03-28 14:25:00
-1,2022-03-29 07:25:00,1929.168,1921.118,1925.143,1909.918,signal,2022-03-29 14:25:00
-1,2022-04-01 07:00:00,1939.358,1931.478,1935.4180000000001,1923.454,signal,2022-04-01 14:00:00
1,2022-04-04 07:00:00,1928.758,1915.328,1922.0430000000001,1943.6729999999995,signal,2022-04-04 14:00:00
-1,2022-04-05 08:05:00,1933.458,1926.408,,,against_bias,2022-04-05 15:05:00
1,2022-04-06 08:45:00,1925.163,1916.543,,,against_bias,2022-04-06 15:45:00
1,2022-04-07 07:20:00,1927.224,1920.378,1923.801,1935.5490000000004,signal,2022-04-07 14:20:00
1,2022-04-11 08:05:00,1947.668,1939.882,1943.775,1956.294,signal,2022-04-11 15:05:00
1,2022-04-13 08:15:00,1973.448,1962.718,1968.083,1988.078,signal,2022-04-13 15:15:00
-1,2022-04-14 09:00:00,1980.248,1970.588,,,against_bias,2022-04-14 16:00:00
1,2022-04-18 07:40:00,1990.652,1982.484,1986.568,2000.158,signal,2022-04-18 14:40:00
1,2022-04-19 07:25:00,1978.818,1972.612,1975.7150000000001,1987.5559999999998,signal,2022-04-19 14:25:00
1,2022-04-20 10:00:00,1950.028,1939.16,,,against_bias,2022-04-20 17:00:00
-1,2022-04-21 07:55:00,1957.278,1949.708,,,against_bias,2022-04-21 14:55:00
-1,2022-04-22 08:50:00,1955.482,1945.792,,,against_bias,2022-04-22 15:50:00
-1,2022-04-25 10:40:00,1932.663,1912.128,1922.3955,1888.638,signal,2022-04-25 17:40:00
-1,2022-04-26 07:45:00,1907.398,1897.228,1902.313,1883.0679999999995,signal,2022-04-26 14:45:00
-1,2022-04-27 08:00:00,1906.723,1895.891,1901.307,1879.155,signal,2022-04-27 15:00:00
1,2022-04-28 08:40:00,1886.658,1871.938,,,against_bias,2022-04-28 15:40:00
1,2022-04-29 07:35:00,1912.753,1894.888,1903.8204999999998,1931.6380000000006,signal,2022-04-29 14:35:00
-1,2022-05-02 08:20:00,1898.373,1882.623,1890.498,1866.6630000000002,signal,2022-05-02 15:20:00
-1,2022-05-03 07:05:00,1866.998,1856.508,1861.7530000000002,1842.6579999999994,signal,2022-05-03 14:05:00
1,2022-05-04 07:10:00,1868.298,1861.298,1864.798,1876.6929999999998,signal,2022-05-04 14:10:00
-1,2022-05-05 07:25:00,1903.263,1892.888,,,against_bias,2022-05-05 14:25:00
1,2022-05-06 08:30:00,1877.788,1866.001,,,against_bias,2022-05-06 15:30:00
-1,2022-05-09 07:15:00,1881.988,1869.288,1875.638,1856.2580000000005,signal,2022-05-09 14:15:00
1,2022-05-11 07:10:00,1845.668,1831.838,,,against_bias,2022-05-11 14:10:00
-1,2022-05-12 07:10:00,1858.708,1847.368,1853.038,1834.603,signal,2022-05-12 14:10:00
1,2022-05-13 07:30:00,1828.418,1820.713,,,against_bias,2022-05-13 14:30:00
-1,2022-05-16 07:35:00,1817.488,1804.628,1811.058,1784.2439999999997,signal,2022-05-16 14:35:00
1,2022-05-17 11:30:00,1830.178,1821.728,1825.953,1845.7920000000001,signal,2022-05-17 18:30:00
1,2022-05-18 09:30:00,1817.148,1807.578,,,against_bias,2022-05-18 16:30:00
-1,2022-05-19 07:35:00,1817.613,1812.708,1815.1605,1806.0629999999999,signal,2022-05-19 14:35:00
1,2022-05-23 08:15:00,1858.128,1845.648,1851.888,1870.746,signal,2022-05-23 15:15:00
1,2022-05-24 07:55:00,1857.108,1849.208,1853.158,1873.4710000000005,signal,2022-05-24 14:55:00
-1,2022-05-25 08:25:00,1867.878,1855.754,,,against_bias,2022-05-25 15:25:00
-1,2022-05-26 11:25:00,1854.218,1842.753,1848.4855,1831.0329999999997,signal,2022-05-26 18:25:00
1,2022-05-27 07:15:00,1856.313,1847.828,,,against_bias,2022-05-27 14:15:00
1,2022-05-31 08:15:00,1856.263,1845.838,,,against_bias,2022-05-31 15:15:00
-1,2022-06-01 09:10:00,1837.948,1829.538,1833.743,1820.498,signal,2022-06-01 16:10:00
1,2022-06-02 07:00:00,1852.756,1843.908,1848.3319999999999,1861.9910000000002,signal,2022-06-02 14:00:00
-1,2022-06-03 07:00:00,1873.963,1865.444,,,against_bias,2022-06-03 14:00:00
1,2022-06-07 07:20:00,1844.373,1836.923,,,against_bias,2022-06-07 14:20:00
-1,2022-06-09 07:45:00,1855.268,1849.363,,,against_bias,2022-06-09 14:45:00
-1,2022-06-10 09:25:00,1848.134,1843.058,,,sl_too_tight,2022-06-10 16:25:00
-1,2022-06-13 07:25:00,1877.363,1860.033,,,against_bias,2022-06-13 14:25:00
1,2022-06-14 07:00:00,1830.458,1819.148,,,against_bias,2022-06-14 14:00:00
1,2022-06-15 07:30:00,1822.718,1808.528,,,against_bias,2022-06-15 14:30:00
-1,2022-06-16 07:10:00,1836.314,1828.128,1832.221,1818.292,signal,2022-06-16 14:10:00
1,2022-06-17 09:05:00,1851.278,1841.508,1846.393,1862.1579999999997,signal,2022-06-17 16:05:00
-1,2022-06-21 11:05:00,1842.328,1832.528,1837.4279999999999,1822.4430000000002,signal,2022-06-21 18:05:00
-1,2022-06-22 08:10:00,1831.548,1824.084,1827.816,1816.2420000000002,signal,2022-06-22 15:10:00
-1,2022-06-23 09:30:00,1838.538,1830.958,,,against_bias,2022-06-23 16:30:00
1,2022-06-24 07:40:00,1826.988,1821.258,,,against_bias,2022-06-24 14:40:00
1,2022-06-27 07:20:00,1838.763,1828.058,1833.4105,1849.6570000000002,signal,2022-06-27 14:20:00
-1,2022-06-28 11:15:00,1829.198,1822.228,,,against_bias,2022-06-28 18:15:00
-1,2022-06-29 08:40:00,1822.968,1815.898,1819.433,1808.588,signal,2022-06-29 15:40:00
-1,2022-06-30 07:40:00,1821.923,1814.878,,,against_bias,2022-06-30 14:40:00
-1,2022-07-01 07:10:00,1807.064,1795.088,1801.076,1779.7459999999996,signal,2022-07-01 14:10:00
-1,2022-07-04 10:00:00,1814.198,1805.378,1809.788,1796.318,signal,2022-07-04 17:00:00
-1,2022-07-05 07:20:00,1812.058,1806.438,,,against_bias,2022-07-05 14:20:00
-1,2022-07-06 10:05:00,1772.784,1763.0,1767.892,1749.4179999999997,signal,2022-07-06 17:05:00
-1,2022-07-08 07:30:00,1746.508,1739.424,1742.966,1731.5149999999999,signal,2022-07-08 14:30:00
-1,2022-07-11 07:30:00,1743.374,1738.358,,,against_bias,2022-07-11 14:30:00
1,2022-07-13 09:10:00,1728.654,1722.348,,,against_bias,2022-07-13 16:10:00
-1,2022-07-14 07:00:00,1733.464,1720.714,1727.089,1696.858,signal,2022-07-14 14:00:00
1,2022-07-18 07:20:00,1718.308,1707.368,1712.838,1733.778,signal,2022-07-18 14:20:00
1,2022-07-19 07:55:00,1711.028,1705.224,1708.126,1718.422,signal,2022-07-19 14:55:00
-1,2022-07-21 07:05:00,1695.388,1688.7,1692.0439999999999,1679.8190000000004,signal,2022-07-21 14:05:00
1,2022-07-22 07:25:00,1719.278,1712.724,1716.001,1726.5669999999998,signal,2022-07-22 14:25:00
1,2022-07-25 08:30:00,1728.764,1719.768,1724.266,1738.0629999999999,signal,2022-07-25 15:30:00
-1,2022-07-26 10:15:00,1728.074,1718.578,1723.326,1704.5400000000002,signal,2022-07-26 17:15:00
1,2022-07-27 07:05:00,1720.064,1713.578,,,against_bias,2022-07-27 14:05:00
1,2022-07-28 07:05:00,1741.692,1733.828,1737.76,1753.681,signal,2022-07-28 14:05:00
1,2022-08-01 07:10:00,1765.734,1758.208,1761.971,1775.063,signal,2022-08-01 14:10:00
-1,2022-08-02 07:35:00,1780.388,1770.718,,,against_bias,2022-08-02 14:35:00
1,2022-08-04 08:10:00,1774.514,1763.258,1768.886,1785.8239999999998,signal,2022-08-04 15:10:00
-1,2022-08-05 08:05:00,1794.764,1788.504,,,against_bias,2022-08-05 15:05:00
1,2022-08-08 07:20:00,1776.358,1771.01,1773.684,1784.616,signal,2022-08-08 14:20:00
1,2022-08-09 08:10:00,1790.078,1783.038,1786.558,1798.3899999999999,signal,2022-08-09 15:10:00
1,2022-08-10 10:05:00,1794.498,1787.478,1790.988,1802.0159999999998,signal,2022-08-10 17:05:00
1,2022-08-11 11:30:00,1792.274,1783.378,,,against_bias,2022-08-11 18:30:00
1,2022-08-12 07:10:00,1793.304,1786.038,,,against_bias,2022-08-12 14:10:00
-1,2022-08-15 07:05:00,1801.588,1791.356,,,against_bias,2022-08-15 14:05:00
-1,2022-08-16 07:55:00,1783.038,1776.668,1779.853,1767.886,signal,2022-08-16 14:55:00
-1,2022-08-17 07:50:00,1782.194,1773.678,1777.9360000000001,1764.9219999999996,signal,2022-08-17 14:50:00
1,2022-08-18 09:50:00,1767.394,1760.728,,,against_bias,2022-08-18 16:50:00
-1,2022-08-19 10:00:00,1758.458,1751.654,1755.056,1741.2320000000002,signal,2022-08-19 17:00:00
-1,2022-08-22 07:00:00,1748.958,1741.688,1745.323,1732.4979999999998,signal,2022-08-22 14:00:00
1,2022-08-23 08:15:00,1740.424,1734.045,1737.2345,1750.3249999999998,signal,2022-08-23 15:15:00
1,2022-08-24 08:00:00,1747.988,1743.898,,,sl_too_tight,2022-08-24 15:00:00
1,2022-08-25 07:05:00,1761.548,1749.828,1755.688,1773.466,signal,2022-08-25 14:05:00
-1,2022-08-26 08:05:00,1758.684,1752.194,,,against_bias,2022-08-26 15:05:00
-1,2022-08-29 07:40:00,1736.058,1721.028,1728.5430000000001,1704.4679999999998,signal,2022-08-29 14:40:00
-1,2022-08-30 07:05:00,1740.334,1732.264,1736.299,1724.125,signal,2022-08-30 14:05:00
-1,2022-08-31 07:10:00,1726.428,1720.484,1723.4560000000001,1713.3309999999994,signal,2022-08-31 14:10:00
-1,2022-09-01 08:15:00,1708.794,1702.174,1705.484,1693.6039999999998,signal,2022-09-01 15:15:00
1,2022-09-02 07:35:00,1703.258,1696.178,,,against_bias,2022-09-02 14:35:00
1,2022-09-05 09:50:00,1713.948,1707.574,1710.761,1720.6400000000003,signal,2022-09-05 16:50:00
-1,2022-09-06 08:45:00,1726.566,1713.478,,,against_bias,2022-09-06 15:45:00
1,2022-09-07 08:00:00,1703.678,1691.218,,,against_bias,2022-09-07 15:00:00
1,2022-09-08 07:00:00,1719.614,1713.408,1716.511,1733.5720000000003,signal,2022-09-08 14:00:00
1,2022-09-09 07:00:00,1722.764,1709.698,,,against_bias,2022-09-09 14:00:00
1,2022-09-12 07:10:00,1720.728,1711.808,1716.268,1736.5059999999996,signal,2022-09-12 14:10:00
1,2022-09-13 09:40:00,1727.464,1719.888,1723.676,1735.6219999999998,signal,2022-09-13 16:40:00
1,2022-09-14 08:05:00,1704.988,1697.118,,,against_bias,2022-09-14 15:05:00
-1,2022-09-15 07:05:00,1697.735,1685.938,1691.8365,1673.8890000000004,signal,2022-09-15 14:05:00
-1,2022-09-16 07:45:00,1667.564,1659.388,1663.476,1644.3719999999996,signal,2022-09-16 14:45:00
-1,2022-09-19 07:05:00,1678.628,1664.705,,,against_bias,2022-09-19 14:05:00
-1,2022-09-20 08:10:00,1679.288,1670.088,,,against_bias,2022-09-20 15:10:00
-1,2022-09-22 07:00:00,1667.018,1656.585,,,against_bias,2022-09-22 14:00:00
-1,2022-09-23 07:40:00,1675.838,1668.135,,,against_bias,2022-09-23 14:40:00
1,2022-09-26 07:25:00,1645.768,1626.518,,,against_bias,2022-09-26 14:25:00
1,2022-09-27 07:00:00,1637.934,1627.438,,,against_bias,2022-09-27 14:00:00
-1,2022-09-28 07:10:00,1630.445,1619.915,1625.1799999999998,1604.084,signal,2022-09-28 14:10:00
1,2022-09-30 07:05:00,1669.708,1659.158,1664.433,1688.7390000000003,signal,2022-09-30 14:05:00
-1,2022-10-03 07:35:00,1669.385,1661.815,,,against_bias,2022-10-03 14:35:00
1,2022-10-04 07:05:00,1706.728,1695.068,1700.8980000000001,1724.358,signal,2022-10-04 14:05:00
-1,2022-10-05 07:45:00,1727.664,1717.408,,,against_bias,2022-10-05 14:45:00
-1,2022-10-06 08:20:00,1724.964,1717.874,,,against_bias,2022-10-06 15:20:00
1,2022-10-07 09:00:00,1713.954,1708.294,,,sl_too_tight,2022-10-07 16:00:00
-1,2022-10-10 07:40:00,1697.128,1684.578,1690.853,1670.378,signal,2022-10-10 14:40:00
-1,2022-10-11 10:10:00,1673.538,1661.308,1667.423,1648.8680000000002,signal,2022-10-11 17:10:00
1,2022-10-13 09:00:00,1675.325,1667.268,1671.2965,1685.092,signal,2022-10-13 16:00:00
-1,2022-10-14 09:00:00,1671.655,1658.868,1665.2615,1645.5110000000002,signal,2022-10-14 16:00:00
1,2022-10-17 07:45:00,1653.998,1646.198,,,against_bias,2022-10-17 14:45:00
-1,2022-10-19 07:00:00,1653.248,1639.707,1646.4775,1621.5189999999998,signal,2022-10-19 14:00:00
1,2022-10-20 09:45:00,1634.837,1622.257,,,against_bias,2022-10-20 16:45:00
-1,2022-10-21 07:05:00,1628.107,1619.668,1623.8874999999998,1610.2390000000003,signal,2022-10-21 14:05:00
-1,2022-10-24 07:15:00,1663.248,1651.728,,,against_bias,2022-10-24 14:15:00
-1,2022-10-25 07:25:00,1654.778,1647.037,,,against_bias,2022-10-25 14:25:00
1,2022-10-26 07:00:00,1665.127,1649.558,1657.3425,1685.709,signal,2022-10-26 14:00:00
-1,2022-10-27 07:25:00,1670.648,1660.248,,,against_bias,2022-10-27 14:25:00
-1,2022-10-28 07:00:00,1666.858,1656.117,,,against_bias,2022-10-28 14:00:00
-1,2022-10-31 08:00:00,1645.488,1640.367,,,sl_too_tight,2022-10-31 15:00:00
1,2022-11-01 07:00:00,1647.178,1630.477,1638.8275,1666.0689999999995,signal,2022-11-01 14:00:00
1,2022-11-02 08:15:00,1653.208,1646.488,1649.848,1662.7479999999998,signal,2022-11-02 15:15:00
-1,2022-11-03 07:05:00,1640.858,1632.608,1636.733,1620.3650000000002,signal,2022-11-03 14:05:00
1,2022-11-04 09:15:00,1649.567,1629.198,,,against_bias,2022-11-04 16:15:00
-1,2022-11-07 07:00:00,1675.158,1670.218,,,against_bias,2022-11-07 14:00:00
-1,2022-11-08 08:45:00,1676.578,1667.997,,,against_bias,2022-11-08 15:45:00
1,2022-11-09 08:00:00,1712.338,1706.818,1709.578,1724.3980000000001,signal,2022-11-09 15:00:00
-1,2022-11-10 10:20:00,1712.468,1704.908,,,against_bias,2022-11-10 17:20:00
1,2022-11-11 08:55:00,1764.228,1747.108,1755.6680000000001,1784.408,signal,2022-11-11 15:55:00
-1,2022-11-14 09:55:00,1766.188,1757.828,,,against_bias,2022-11-14 16:55:00
1,2022-11-15 07:20:00,1773.598,1766.948,1770.2730000000001,1787.328,signal,2022-11-15 14:20:00
1,2022-11-16 09:40:00,1781.318,1770.167,1775.7424999999998,1792.6190000000001,signal,2022-11-16 16:40:00
1,2022-11-18 07:10:00,1765.588,1759.757,,,against_bias,2022-11-18 14:10:00
-1,2022-11-21 07:40:00,1752.807,1743.657,1748.232,1731.8700000000001,signal,2022-11-21 14:40:00
1,2022-11-22 08:25:00,1745.548,1737.828,,,against_bias,2022-11-22 15:25:00
1,2022-11-23 07:35:00,1742.738,1732.857,,,against_bias,2022-11-23 14:35:00
1,2022-11-24 07:05:00,1756.618,1752.088,,,sl_too_tight,2022-11-24 14:05:00
-1,2022-11-25 07:55:00,1760.958,1752.147,1756.5525,1741.2990000000002,signal,2022-11-25 14:55:00
1,2022-11-28 08:15:00,1753.757,1745.887,,,against_bias,2022-11-28 15:15:00
1,2022-11-29 08:25:00,1754.908,1740.057,,,against_bias,2022-11-29 15:25:00
1,2022-11-30 07:25:00,1755.628,1747.558,,,against_bias,2022-11-30 14:25:00
-1,2022-12-05 07:10:00,1809.758,1798.477,,,against_bias,2022-12-05 14:10:00
1,2022-12-06 11:30:00,1776.088,1767.118,,,against_bias,2022-12-06 18:30:00
1,2022-12-07 08:50:00,1775.048,1768.588,1771.818,1782.8280000000002,signal,2022-12-07 15:50:00
1,2022-12-09 11:25:00,1797.628,1788.298,1792.963,1808.7280000000003,signal,2022-12-09 18:25:00
1,2022-12-12 11:40:00,1794.868,1785.308,,,against_bias,2022-12-12 18:40:00
1,2022-12-13 07:00:00,1786.595,1780.875,,,against_bias,2022-12-13 14:00:00
-1,2022-12-14 07:40:00,1813.135,1808.058,,,against_bias,2022-12-14 14:40:00
-1,2022-12-15 07:45:00,1807.725,1789.505,1798.615,1771.2249999999997,signal,2022-12-15 14:45:00
1,2022-12-16 07:10:00,1784.055,1775.848,,,against_bias,2022-12-16 14:10:00
1,2022-12-19 08:20:00,1796.785,1790.215,1793.5,1806.565,signal,2022-12-19 15:20:00
1,2022-12-20 08:00:00,1796.065,1784.505,,,against_bias,2022-12-20 15:00:00
-1,2022-12-21 07:00:00,1819.645,1812.398,,,against_bias,2022-12-21 14:00:00
-1,2022-12-22 07:10:00,1820.325,1814.045,,,against_bias,2022-12-22 14:10:00
1,2022-12-23 07:00:00,1796.165,1791.098,,,against_bias,2022-12-23 14:00:00
1,2022-12-27 08:25:00,1807.375,1800.565,1803.97,1815.3850000000002,signal,2022-12-27 15:25:00
-1,2022-12-28 07:00:00,1814.415,1809.385,,,against_bias,2022-12-28 14:00:00
1,2022-12-29 08:50:00,1810.008,1804.985,,,sl_too_tight,2022-12-29 15:50:00
1,2022-12-30 07:00:00,1820.125,1814.558,1817.3415,1831.5420000000001,signal,2022-12-30 14:00:00
1,2023-01-03 07:20:00,1844.067,1826.685,1835.376,1866.9419999999998,signal,2023-01-03 14:20:00
1,2023-01-04 07:05:00,1848.888,1836.048,1842.4679999999998,1862.535,signal,2023-01-04 14:05:00
-1,2023-01-05 07:50:00,1858.875,1850.097,,,against_bias,2023-01-05 14:50:00
1,2023-01-09 07:15:00,1879.885,1866.975,1873.4299999999998,1894.7750000000005,signal,2023-01-09 14:15:00
1,2023-01-10 09:25:00,1875.915,1867.745,1871.83,1884.724,signal,2023-01-10 16:25:00
1,2023-01-11 08:45:00,1884.505,1871.848,1878.1765,1898.7220000000002,signal,2023-01-11 15:45:00
1,2023-01-12 11:10:00,1884.915,1875.685,,,against_bias,2023-01-12 18:10:00
1,2023-01-13 08:05:00,1900.855,1892.205,1896.53,1911.785,signal,2023-01-13 15:05:00
-1,2023-01-16 08:25:00,1928.885,1913.195,,,against_bias,2023-01-16 15:25:00
-1,2023-01-17 09:50:00,1918.925,1906.808,1912.8665,1892.9119999999996,signal,2023-01-17 16:50:00
1,2023-01-18 08:00:00,1910.235,1896.495,,,against_bias,2023-01-18 15:00:00
1,2023-01-19 07:45:00,1911.038,1900.855,1905.9465,1922.7720000000002,signal,2023-01-19 14:45:00
1,2023-01-20 08:05:00,1934.708,1923.038,1928.873,1954.0190000000002,signal,2023-01-20 15:05:00
-1,2023-01-23 07:25:00,1935.445,1921.005,,,against_bias,2023-01-23 14:25:00
1,2023-01-24 07:00:00,1939.925,1930.675,1935.3,1949.8439999999998,signal,2023-01-24 14:00:00
-1,2023-01-25 10:10:00,1939.528,1925.705,,,against_bias,2023-01-25 17:10:00
-1,2023-01-26 07:10:00,1949.085,1942.415,,,against_bias,2023-01-26 14:10:00
-1,2023-01-30 07:50:00,1934.425,1924.227,,,against_bias,2023-01-30 14:50:00
-1,2023-01-31 08:05:00,1927.268,1911.925,1919.5965,1895.1119999999996,signal,2023-01-31 15:05:00
-1,2023-02-01 07:40:00,1928.665,1924.418,,,against_bias,2023-02-01 14:40:00
1,2023-02-02 07:10:00,1957.138,1950.697,1953.9175,1970.5299999999997,signal,2023-02-02 14:10:00
-1,2023-02-03 07:30:00,1918.485,1913.677,1916.081,1906.7690000000005,signal,2023-02-03 14:30:00
1,2023-02-06 08:10:00,1878.645,1863.548,,,against_bias,2023-02-06 15:10:00
1,2023-02-07 08:00:00,1876.815,1868.265,,,against_bias,2023-02-07 15:00:00
1,2023-02-08 07:25:00,1878.405,1872.425,1875.415,1887.8950000000002,signal,2023-02-08 14:25:00
1,2023-02-09 07:35:00,1881.445,1871.908,1876.6765,1891.4409999999998,signal,2023-02-09 14:35:00
1,2023-02-10 07:55:00,1865.395,1852.588,,,against_bias,2023-02-10 14:55:00
-1,2023-02-13 09:35:00,1866.395,1856.848,1861.6215,1844.8320000000003,signal,2023-02-13 16:35:00
-1,2023-02-15 07:30:00,1859.998,1841.995,1850.9965,1814.9919999999997,signal,2023-02-15 14:30:00
1,2023-02-16 08:05:00,1842.505,1834.225,1838.365,1851.6550000000002,signal,2023-02-16 15:05:00
-1,2023-02-17 07:00:00,1834.255,1823.095,1828.6750000000002,1810.3749999999998,signal,2023-02-17 14:00:00
1,2023-02-20 07:25:00,1845.498,1837.145,1841.3215,1854.112,signal,2023-02-20 14:25:00
-1,2023-02-21 07:15:00,1843.725,1837.015,1840.37,1827.995,signal,2023-02-21 14:15:00
1,2023-02-22 07:50:00,1838.335,1834.458,,,against_bias,2023-02-22 14:50:00
-1,2023-02-24 07:40:00,1827.715,1822.915,1825.315,1816.2220000000002,signal,2023-02-24 14:40:00
-1,2023-02-28 07:20:00,1819.278,1812.064,,,against_bias,2023-02-28 14:20:00
1,2023-03-01 09:00:00,1836.565,1822.938,1829.7515,1851.782,signal,2023-03-01 16:00:00
-1,2023-03-02 07:15:00,1838.195,1830.945,,,against_bias,2023-03-02 14:15:00
1,2023-03-03 08:35:00,1844.325,1837.675,1841.0,1851.674,signal,2023-03-03 15:35:00
1,2023-03-06 07:35:00,1856.375,1850.668,1853.5214999999998,1863.5520000000004,signal,2023-03-06 14:35:00
1,2023-03-07 07:25:00,1850.395,1844.045,,,against_bias,2023-03-07 14:25:00
1,2023-03-08 07:35:00,1814.045,1809.248,,,against_bias,2023-03-08 14:35:00
1,2023-03-09 08:35:00,1816.345,1811.805,,,against_bias,2023-03-09 15:35:00
1,2023-03-10 08:00:00,1834.765,1827.675,1831.22,1847.114,signal,2023-03-10 15:00:00
1,2023-03-13 09:25:00,1888.775,1872.058,1880.4165,1906.8119999999997,signal,2023-03-13 16:25:00
-1,2023-03-14 09:40:00,1913.984,1901.395,,,against_bias,2023-03-14 16:40:00
-1,2023-03-15 07:30:00,1905.508,1898.545,,,against_bias,2023-03-15 14:30:00
1,2023-03-16 11:10:00,1924.285,1907.455,1915.87,1941.565,signal,2023-03-16 18:10:00
1,2023-03-17 11:20:00,1934.265,1918.135,1926.2,1954.0549999999996,signal,2023-03-17 18:20:00
1,2023-03-20 07:05:00,1993.165,1968.015,1980.5900000000001,2030.1919999999998,signal,2023-03-20 14:05:00
-1,2023-03-21 07:55:00,1985.025,1971.664,1978.3445000000002,1953.9259999999995,signal,2023-03-21 14:55:00
-1,2023-03-22 07:20:00,1946.145,1937.825,1941.9850000000001,1928.545,signal,2023-03-22 14:20:00
-1,2023-03-24 08:35:00,1994.825,1985.124,,,against_bias,2023-03-24 15:35:00
-1,2023-03-27 09:15:00,1978.615,1966.525,1972.5700000000002,1954.3419999999994,signal,2023-03-27 16:15:00
-1,2023-03-28 07:40:00,1963.935,1953.058,,,against_bias,2023-03-28 14:40:00
-1,2023-03-29 07:05:00,1972.735,1960.085,,,against_bias,2023-03-29 14:05:00
1,2023-03-30 07:00:00,1969.375,1955.204,,,against_bias,2023-03-30 14:00:00
-1,2023-03-31 07:30:00,1984.965,1977.565,,,against_bias,2023-03-31 14:30:00
1,2023-04-03 08:45:00,1964.435,1949.595,,,against_bias,2023-04-03 15:45:00
1,2023-04-05 07:10:00,2026.265,2019.198,2022.7315,2033.6919999999998,signal,2023-04-05 14:10:00
1,2023-04-06 10:35:00,2020.375,2007.915,2014.145,2033.2040000000002,signal,2023-04-06 17:35:00
1,2023-04-11 07:30:00,2001.825,1988.615,,,against_bias,2023-04-11 14:30:00
1,2023-04-13 07:30:00,2023.235,2015.158,2019.1965,2034.4020000000003,signal,2023-04-13 14:30:00
-1,2023-04-14 07:25:00,2047.335,2038.545,,,against_bias,2023-04-14 14:25:00
1,2023-04-17 07:05:00,2013.455,1995.295,,,against_bias,2023-04-17 14:05:00
1,2023-04-18 07:25:00,2001.695,1993.198,,,against_bias,2023-04-18 14:25:00
-1,2023-04-19 08:05:00,2008.045,1986.875,1997.46,1961.112,signal,2023-04-19 15:05:00
1,2023-04-20 10:25:00,2001.105,1990.385,,,against_bias,2023-04-20 17:25:00
1,2023-04-24 08:55:00,1984.545,1976.355,,,against_bias,2023-04-24 15:55:00
-1,2023-04-25 07:40:00,2000.865,1990.785,,,against_bias,2023-04-25 14:40:00
-1,2023-04-28 07:15:00,1991.465,1983.195,1987.33,1974.6850000000002,signal,2023-04-28 14:15:00
-1,2023-05-01 07:00:00,1987.248,1979.435,,,against_bias,2023-05-01 14:00:00
-1,2023-05-02 08:00:00,1985.545,1981.114,,,against_bias,2023-05-02 15:00:00
-1,2023-05-03 07:40:00,2019.465,2014.115,,,against_bias,2023-05-03 14:40:00
-1,2023-05-04 07:05:00,2057.025,2036.555,,,against_bias,2023-05-04 14:05:00
-1,2023-05-05 07:20:00,2052.925,2044.575,,,against_bias,2023-05-05 14:20:00
1,2023-05-08 11:25:00,2024.665,2015.064,,,against_bias,2023-05-08 18:25:00
1,2023-05-09 10:00:00,2028.644,2019.344,,,against_bias,2023-05-09 17:00:00
-1,2023-05-10 08:30:00,2038.144,2027.375,,,against_bias,2023-05-10 15:30:00
-1,2023-05-11 07:05:00,2036.325,2027.205,,,against_bias,2023-05-11 14:05:00
-1,2023-05-12 09:30:00,2017.435,2005.595,2011.5149999999999,1990.8120000000004,signal,2023-05-12 16:30:00
1,2023-05-15 07:40:00,2019.135,2008.595,2013.865,2031.5319999999997,signal,2023-05-15 14:40:00
-1,2023-05-17 08:15:00,1992.985,1986.654,1989.8195,1979.6059999999998,signal,2023-05-17 15:15:00
-1,2023-05-18 07:00:00,1985.944,1977.134,1981.539,1968.2640000000001,signal,2023-05-18 14:00:00
-1,2023-05-22 11:40:00,1982.225,1971.145,,,against_bias,2023-05-22 18:40:00
-1,2023-05-23 07:10:00,1971.685,1959.418,1965.5515,1943.6319999999996,signal,2023-05-23 14:10:00
1,2023-05-24 11:35:00,1980.458,1971.045,1975.7515,1993.5519999999997,signal,2023-05-24 18:35:00
1,2023-05-25 07:25:00,1960.435,1954.835,,,against_bias,2023-05-25 14:25:00
1,2023-05-26 07:30:00,1952.405,1936.655,,,against_bias,2023-05-26 14:30:00
1,2023-05-30 09:20:00,1946.505,1931.905,,,against_bias,2023-05-30 16:20:00
-1,2023-06-01 07:00:00,1967.395,1960.415,1963.905,1952.9340000000002,signal,2023-06-01 14:00:00
-1,2023-06-05 07:40:00,1949.405,1941.805,1945.605,1928.0850000000003,signal,2023-06-05 14:40:00
-1,2023-06-06 07:25:00,1964.495,1957.635,1961.065,1949.4519999999998,signal,2023-06-06 14:25:00
-1,2023-06-07 07:00:00,1966.688,1956.985,1961.8365,1946.1420000000003,signal,2023-06-07 14:00:00
1,2023-06-08 08:35:00,1947.745,1942.725,,,against_bias,2023-06-08 15:35:00
-1,2023-06-09 08:00:00,1965.965,1962.238,,,sl_too_tight,2023-06-09 15:00:00
1,2023-06-12 08:00:00,1961.925,1954.185,,,against_bias,2023-06-12 15:00:00
1,2023-06-13 07:05:00,1963.315,1955.885,,,against_bias,2023-06-13 14:05:00
1,2023-06-14 07:30:00,1949.355,1942.695,,,against_bias,2023-06-14 14:30:00
-1,2023-06-15 07:00:00,1945.175,1930.645,1937.9099999999999,1915.2750000000003,signal,2023-06-15 14:00:00
1,2023-06-16 08:45:00,1963.245,1954.545,1958.895,1972.134,signal,2023-06-16 15:45:00
-1,2023-06-19 07:40:00,1958.548,1953.024,,,against_bias,2023-06-19 14:40:00
1,2023-06-20 07:30:00,1953.685,1945.005,,,against_bias,2023-06-20 14:30:00
-1,2023-06-22 08:30:00,1934.165,1927.544,1930.8545,1917.7459999999999,signal,2023-06-22 15:30:00
1,2023-06-23 07:45:00,1917.905,1910.065,,,against_bias,2023-06-23 14:45:00
1,2023-06-26 07:45:00,1928.485,1922.065,,,against_bias,2023-06-26 14:45:00
-1,2023-06-27 11:00:00,1930.285,1921.615,,,against_bias,2023-06-27 18:00:00
-1,2023-06-28 08:05:00,1917.155,1909.454,1913.3045,1900.7749999999999,signal,2023-06-28 15:05:00
-1,2023-06-30 08:20:00,1909.855,1903.575,1906.7150000000001,1894.5649999999996,signal,2023-06-30 15:20:00
-1,2023-07-03 07:40:00,1920.438,1913.375,,,against_bias,2023-07-03 14:40:00
1,2023-07-04 07:35:00,1927.405,1919.955,1923.6799999999998,1935.5750000000003,signal,2023-07-04 14:35:00
1,2023-07-05 07:55:00,1927.045,1920.745,1923.895,1934.134,signal,2023-07-05 14:55:00
1,2023-07-06 10:25:00,1921.405,1916.025,,,against_bias,2023-07-06 17:25:00
1,2023-07-07 07:30:00,1915.345,1909.525,,,against_bias,2023-07-07 14:30:00
-1,2023-07-14 07:20:00,1963.585,1955.575,1959.58,1946.9050000000002,signal,2023-07-14 14:20:00
1,2023-07-17 08:30:00,1956.705,1950.835,,,against_bias,2023-07-17 15:30:00
1,2023-07-18 07:10:00,1961.828,1954.585,1958.2065,1970.592,signal,2023-07-18 14:10:00
1,2023-07-19 07:15:00,1979.745,1972.915,1976.33,1986.7550000000003,signal,2023-07-19 14:15:00
-1,2023-07-21 07:30:00,1973.705,1967.995,1970.85,1961.265,signal,2023-07-21 14:30:00
1,2023-07-24 07:00:00,1962.555,1957.735,,,against_bias,2023-07-24 14:00:00
1,2023-07-26 08:10:00,1970.818,1961.945,1966.3815,1980.5220000000002,signal,2023-07-26 15:10:00
1,2023-07-28 11:20:00,1956.695,1945.925,,,against_bias,2023-07-28 18:20:00
1,2023-07-31 11:10:00,1958.785,1953.035,1955.91,1966.155,signal,2023-07-31 18:10:00
-1,2023-08-01 07:05:00,1964.595,1955.725,,,against_bias,2023-08-01 14:05:00
1,2023-08-02 10:45:00,1952.295,1945.165,,,against_bias,2023-08-02 17:45:00
-1,2023-08-03 07:00:00,1938.815,1932.705,1935.76,1925.4850000000001,signal,2023-08-03 14:00:00
-1,2023-08-04 10:20:00,1937.925,1932.035,1934.98,1925.725,signal,2023-08-04 17:20:00
-1,2023-08-07 08:10:00,1945.215,1935.435,,,against_bias,2023-08-07 15:10:00
-1,2023-08-08 07:50:00,1937.255,1931.075,,,against_bias,2023-08-08 14:50:00
-1,2023-08-09 11:10:00,1932.255,1924.135,1928.1950000000002,1915.2649999999996,signal,2023-08-09 18:10:00
1,2023-08-10 07:05:00,1919.095,1915.188,,,against_bias,2023-08-10 14:05:00
1,2023-08-11 07:45:00,1917.515,1911.815,,,against_bias,2023-08-11 14:45:00
1,2023-08-14 07:35:00,1914.555,1909.944,,,against_bias,2023-08-14 14:35:00
-1,2023-08-15 09:15:00,1908.145,1903.595,,,sl_too_tight,2023-08-15 16:15:00
1,2023-08-16 09:05:00,1906.435,1900.385,1903.4099999999999,1913.1450000000002,signal,2023-08-16 16:05:00
1,2023-08-17 10:15:00,1897.285,1889.545,,,against_bias,2023-08-17 17:15:00
1,2023-08-18 10:20:00,1895.065,1890.625,,,against_bias,2023-08-18 17:20:00
1,2023-08-22 07:25:00,1900.185,1893.585,1896.885,1907.5649999999998,signal,2023-08-22 14:25:00
1,2023-08-23 08:15:00,1904.635,1898.385,,,against_bias,2023-08-23 15:15:00
-1,2023-08-24 11:50:00,1922.805,1917.265,,,against_bias,2023-08-24 18:50:00
1,2023-08-25 09:25:00,1917.485,1912.695,,,sl_too_tight,2023-08-25 16:25:00
-1,2023-08-28 07:55:00,1917.608,1914.458,,,sl_too_tight,2023-08-28 14:55:00
-1,2023-08-29 10:50:00,1925.745,1920.955,,,against_bias,2023-08-29 17:50:00
-1,2023-08-30 07:30:00,1937.425,1935.004,,,against_bias,2023-08-30 14:30:00
1,2023-09-01 09:25:00,1944.005,1938.105,,,against_bias,2023-09-01 16:25:00
-1,2023-09-04 11:30:00,1946.185,1939.958,1943.0715,1933.7219999999998,signal,2023-09-04 18:30:00
-1,2023-09-05 08:00:00,1938.905,1934.845,,,sl_too_tight,2023-09-05 15:00:00
-1,2023-09-06 07:25:00,1928.375,1924.098,,,sl_too_tight,2023-09-06 14:25:00
1,2023-09-07 10:00:00,1920.615,1916.188,,,against_bias,2023-09-07 17:00:00
1,2023-09-11 07:05:00,1928.575,1918.295,1923.435,1940.4750000000001,signal,2023-09-11 14:05:00
-1,2023-09-12 09:30:00,1924.395,1918.768,,,sl_too_tight,2023-09-12 16:30:00
-1,2023-09-14 07:05:00,1912.825,1906.858,1909.8415,1899.1420000000003,signal,2023-09-14 14:05:00
1,2023-09-19 07:50:00,1934.505,1929.684,,,sl_too_tight,2023-09-19 14:50:00
1,2023-09-20 10:15:00,1932.245,1928.395,,,against_bias,2023-09-20 17:15:00
-1,2023-09-21 08:50:00,1930.425,1924.085,1927.255,1915.465,signal,2023-09-21 15:50:00
1,2023-09-22 07:10:00,1925.945,1921.145,,,against_bias,2023-09-22 14:10:00
1,2023-09-25 07:00:00,1925.235,1920.765,,,against_bias,2023-09-25 14:00:00
-1,2023-09-27 08:20:00,1903.825,1895.535,1899.68,1886.525,signal,2023-09-27 15:20:00
1,2023-09-28 07:15:00,1877.825,1873.475,,,against_bias,2023-09-28 14:15:00
1,2023-09-29 07:05:00,1870.405,1862.875,,,against_bias,2023-09-29 14:05:00
-1,2023-10-02 09:00:00,1848.835,1839.145,1843.99,1826.485,signal,2023-10-02 16:00:00
1,2023-10-03 08:00:00,1825.155,1815.245,,,against_bias,2023-10-03 15:00:00
1,2023-10-04 11:10:00,1824.945,1816.635,,,against_bias,2023-10-04 18:10:00
-1,2023-10-05 07:10:00,1829.105,1821.625,1825.365,1813.9050000000002,signal,2023-10-05 14:10:00
1,2023-10-06 10:10:00,1824.475,1818.525,,,against_bias,2023-10-06 17:10:00
1,2023-10-11 07:20:00,1863.665,1858.535,,,sl_too_tight,2023-10-11 14:20:00
1,2023-10-12 11:35:00,1882.565,1874.355,1878.46,1891.8940000000002,signal,2023-10-12 18:35:00
1,2023-10-13 07:10:00,1877.935,1870.045,1873.99,1887.3849999999998,signal,2023-10-13 14:10:00
1,2023-10-17 07:15:00,1919.935,1912.315,1916.125,1927.7049999999997,signal,2023-10-17 14:15:00
1,2023-10-18 09:30:00,1942.645,1923.678,1933.1615000000002,1966.502,signal,2023-10-18 16:30:00
1,2023-10-19 08:05:00,1953.215,1945.125,1949.17,1961.9349999999997,signal,2023-10-19 15:05:00
1,2023-10-20 07:35:00,1981.828,1971.905,1976.8665,1991.9519999999998,signal,2023-10-20 14:35:00
1,2023-10-23 07:30:00,1977.428,1964.275,,,against_bias,2023-10-23 14:30:00
-1,2023-10-24 08:40:00,1980.735,1972.365,1976.55,1961.985,signal,2023-10-24 15:40:00
-1,2023-10-25 07:25:00,1976.905,1970.665,1973.7849999999999,1958.1340000000002,signal,2023-10-25 14:25:00
1,2023-10-26 07:45:00,1989.495,1982.315,1985.905,1997.815,signal,2023-10-26 14:45:00
-1,2023-10-27 10:50:00,1989.835,1982.795,,,against_bias,2023-10-27 17:50:00
-1,2023-10-30 07:00:00,2006.685,1994.918,,,against_bias,2023-10-30 14:00:00
1,2023-10-31 08:15:00,1997.205,1990.475,1993.84,2005.174,signal,2023-10-31 15:15:00
1,2023-11-01 11:40:00,1983.955,1975.058,,,against_bias,2023-11-01 18:40:00
1,2023-11-02 08:40:00,1988.048,1983.275,,,against_bias,2023-11-02 15:40:00
1,2023-11-03 07:15:00,1988.275,1983.155,,,sl_too_tight,2023-11-03 14:15:00
-1,2023-11-07 07:00:00,1976.985,1970.858,1973.9215,1963.372,signal,2023-11-07 14:00:00
-1,2023-11-08 10:00:00,1970.955,1964.885,1967.92,1956.445,signal,2023-11-08 17:00:00
-1,2023-11-09 08:10:00,1954.505,1947.735,1951.12,1937.3050000000005,signal,2023-11-09 15:10:00
-1,2023-11-10 07:05:00,1960.695,1955.518,,,against_bias,2023-11-10 14:05:00
1,2023-11-15 07:35:00,1970.445,1961.515,1965.98,1979.774,signal,2023-11-15 14:35:00
1,2023-11-16 08:55:00,1967.255,1956.365,,,against_bias,2023-11-16 15:55:00
1,2023-11-17 07:55:00,1986.955,1981.638,1984.2965,1994.1020000000003,signal,2023-11-17 14:55:00
-1,2023-11-20 11:40:00,1985.085,1973.265,1979.1750000000002,1960.3349999999996,signal,2023-11-20 18:40:00
1,2023-11-22 07:05:00,2001.205,1995.358,1998.2815,2007.8019999999997,signal,2023-11-22 14:05:00
1,2023-11-24 10:10:00,1994.855,1991.338,,,against_bias,2023-11-24 17:10:00
-1,2023-11-28 07:40:00,2017.975,2013.845,,,against_bias,2023-11-28 14:40:00
-1,2023-11-29 07:35:00,2051.865,2042.715,,,against_bias,2023-11-29 14:35:00
-1,2023-11-30 08:45:00,2047.118,2041.264,,,against_bias,2023-11-30 15:45:00
1,2023-12-01 08:45:00,2043.325,2038.628,,,against_bias,2023-12-01 15:45:00
-1,2023-12-04 07:40:00,2120.865,2073.705,,,against_bias,2023-12-04 14:40:00
-1,2023-12-05 09:10:00,2041.155,2030.354,2035.7545,2014.6059999999998,signal,2023-12-05 16:10:00
1,2023-12-06 07:05:00,2027.025,2018.665,,,against_bias,2023-12-06 14:05:00
1,2023-12-07 07:40:00,2029.945,2025.155,,,against_bias,2023-12-07 14:40:00
-1,2023-12-08 08:50:00,2033.874,2027.355,,,against_bias,2023-12-08 15:50:00
-1,2023-12-11 07:55:00,2007.705,1994.765,2001.2350000000001,1975.7049999999995,signal,2023-12-11 14:55:00
1,2023-12-13 10:00:00,1982.445,1972.935,,,against_bias,2023-12-13 17:00:00
1,2023-12-14 08:25:00,2039.175,2029.928,2034.5515,2051.062,signal,2023-12-14 15:25:00
1,2023-12-15 07:25:00,2037.375,2031.225,2034.3,2043.8549999999998,signal,2023-12-15 14:25:00
1,2023-12-18 09:00:00,2024.685,2015.925,,,against_bias,2023-12-18 16:00:00
1,2023-12-20 07:20:00,2042.285,2036.605,2039.4450000000002,2049.1649999999995,signal,2023-12-20 14:20:00
1,2023-12-22 10:05:00,2053.785,2046.715,2050.25,2061.5449999999996,signal,2023-12-22 17:05:00
1,2023-12-27 08:05:00,2067.755,2063.825,,,sl_too_tight,2023-12-27 15:05:00
-1,2023-12-28 08:25:00,2088.355,2079.098,,,against_bias,2023-12-28 15:25:00
1,2023-12-29 07:05:00,2073.035,2065.975,,,against_bias,2023-12-29 14:05:00
1,2024-01-02 09:35:00,2076.665,2062.275,,,against_bias,2024-01-02 16:35:00
-1,2024-01-03 09:05:00,2065.835,2059.094,,,against_bias,2024-01-03 16:05:00
1,2024-01-04 07:35:00,2048.585,2040.055,,,against_bias,2024-01-04 14:35:00
-1,2024-01-05 09:50:00,2048.155,2040.805,2044.48,2028.6849999999997,signal,2024-01-05 16:50:00
-1,2024-01-08 11:05:00,2046.525,2026.925,,,against_bias,2024-01-08 18:05:00
1,2024-01-09 07:25:00,2035.775,2030.245,,,against_bias,2024-01-09 14:25:00
1,2024-01-10 08:05:00,2032.785,2023.795,,,against_bias,2024-01-10 15:05:00
1,2024-01-12 07:25:00,2037.115,2029.975,,,against_bias,2024-01-12 14:25:00
1,2024-01-15 08:45:00,2057.985,2045.675,2051.83,2070.6849999999995,signal,2024-01-15 15:45:00
-1,2024-01-16 08:30:00,2054.435,2047.285,2050.86,2034.6449999999995,signal,2024-01-16 15:30:00
1,2024-01-18 07:05:00,2012.955,2005.705,,,against_bias,2024-01-18 14:05:00
1,2024-01-19 07:20:00,2025.475,2020.325,,,against_bias,2024-01-19 14:20:00
1,2024-01-24 07:40:00,2029.255,2022.725,2025.99,2041.395,signal,2024-01-24 14:40:00
-1,2024-01-25 07:05:00,2017.175,2014.325,,,sl_too_tight,2024-01-25 14:05:00
-1,2024-01-26 09:05:00,2024.125,2019.245,,,sl_too_tight,2024-01-26 16:05:00
1,2024-01-29 07:00:00,2028.935,2019.195,2024.065,2040.9549999999997,signal,2024-01-29 14:00:00
1,2024-01-30 07:30:00,2035.905,2029.745,2032.8249999999998,2046.3850000000004,signal,2024-01-30 14:30:00
1,2024-01-31 08:20:00,2038.528,2032.735,2035.6315,2045.3709999999999,signal,2024-01-31 15:20:00
-1,2024-02-01 10:05:00,2049.475,2039.045,2044.26,2028.3749999999998,signal,2024-02-01 17:05:00
-1,2024-02-05 08:00:00,2039.745,2026.735,2033.2399999999998,2012.4050000000007,signal,2024-02-05 15:00:00
-1,2024-02-06 11:00:00,2029.715,2023.395,2026.5549999999998,2016.4150000000002,signal,2024-02-06 18:00:00
-1,2024-02-07 08:30:00,2036.055,2032.298,,,against_bias,2024-02-07 15:30:00
-1,2024-02-08 08:25:00,2038.635,2031.014,,,against_bias,2024-02-08 15:25:00
-1,2024-02-09 08:10:00,2034.978,2031.785,,,sl_too_tight,2024-02-09 15:10:00
-1,2024-02-12 09:40:00,2026.505,2021.755,,,sl_too_tight,2024-02-12 16:40:00
1,2024-02-13 07:00:00,2023.995,2016.785,,,against_bias,2024-02-13 14:00:00
-1,2024-02-14 08:05:00,1993.515,1988.735,,,sl_too_tight,2024-02-14 15:05:00
1,2024-02-15 08:05:00,1994.195,1990.175,,,sl_too_tight,2024-02-15 15:05:00
1,2024-02-16 07:35:00,2005.555,2002.228,,,sl_too_tight,2024-02-16 14:35:00
1,2024-02-20 07:15:00,2020.795,2014.945,2017.87,2027.035,signal,2024-02-20 14:15:00
1,2024-02-22 07:30:00,2030.515,2024.975,,,against_bias,2024-02-22 14:30:00
-1,2024-02-23 09:15:00,2027.295,2018.025,2022.66,2008.4039999999995,signal,2024-02-23 16:15:00
1,2024-02-26 07:10:00,2034.128,2029.775,,,sl_too_tight,2024-02-26 14:10:00
1,2024-02-27 07:20:00,2034.905,2030.908,,,against_bias,2024-02-27 14:20:00
-1,2024-02-28 07:40:00,2033.625,2028.525,,,against_bias,2024-02-28 14:40:00
1,2024-02-29 07:05:00,2037.015,2033.855,,,sl_too_tight,2024-02-29 14:05:00
1,2024-03-01 07:10:00,2047.995,2042.765,,,sl_too_tight,2024-03-01 14:10:00
1,2024-03-04 07:00:00,2084.305,2079.308,,,sl_too_tight,2024-03-04 14:00:00
1,2024-03-05 08:25:00,2119.645,2110.375,2115.01,2132.245,signal,2024-03-05 15:25:00
1,2024-03-06 07:00:00,2127.995,2123.615,,,sl_too_tight,2024-03-06 14:00:00
1,2024-03-08 08:10:00,2163.475,2153.895,2158.685,2173.2949999999996,signal,2024-03-08 15:10:00
-1,2024-03-12 11:15:00,2184.425,2173.485,,,against_bias,2024-03-12 18:15:00
1,2024-03-13 10:35:00,2161.495,2156.555,,,against_bias,2024-03-13 17:35:00
1,2024-03-15 09:50:00,2169.975,2160.485,2165.23,2180.035,signal,2024-03-15 16:50:00
1,2024-03-18 10:50:00,2157.435,2145.985,,,against_bias,2024-03-18 17:50:00
-1,2024-03-19 08:05:00,2162.745,2153.925,2158.335,2143.8749999999995,signal,2024-03-19 15:05:00
-1,2024-03-20 08:10:00,2160.135,2155.125,,,against_bias,2024-03-20 15:10:00
-1,2024-03-22 07:00:00,2185.965,2169.785,,,against_bias,2024-03-22 14:00:00
1,2024-03-26 08:15:00,2174.295,2167.458,,,against_bias,2024-03-26 15:15:00
1,2024-03-27 08:15:00,2181.615,2173.275,2177.4449999999997,2191.0350000000003,signal,2024-03-27 15:15:00
1,2024-03-28 10:20:00,2200.545,2187.225,2193.885,2230.815,signal,2024-03-28 17:20:00
1,2024-04-02 08:05:00,2259.798,2246.585,2253.1915,2279.9019999999996,signal,2024-04-02 15:05:00
-1,2024-04-03 07:15:00,2287.885,2276.564,,,against_bias,2024-04-03 14:15:00
-1,2024-04-04 07:10:00,2304.795,2294.735,,,against_bias,2024-04-04 14:10:00
1,2024-04-05 08:00:00,2290.255,2267.605,,,against_bias,2024-04-05 15:00:00
1,2024-04-09 07:10:00,2348.345,2337.725,2343.035,2379.0739999999996,signal,2024-04-09 14:10:00
-1,2024-04-11 08:10:00,2346.765,2333.195,2339.98,2316.5650000000005,signal,2024-04-11 15:10:00
1,2024-04-12 07:05:00,2395.265,2374.485,2384.875,2422.555,signal,2024-04-12 14:05:00
-1,2024-04-15 08:30:00,2365.755,2348.255,,,against_bias,2024-04-15 15:30:00
-1,2024-04-16 07:50:00,2389.198,2368.594,,,against_bias,2024-04-16 14:50:00
1,2024-04-17 08:20:00,2386.105,2372.575,2379.34,2400.354999999999,signal,2024-04-17 15:20:00
1,2024-04-18 10:25:00,2380.825,2363.965,,,against_bias,2024-04-18 17:25:00
-1,2024-04-22 11:05:00,2386.455,2351.265,2368.8599999999997,2315.7150000000006,signal,2024-04-22 18:05:00
-1,2024-04-23 09:15:00,2334.305,2295.408,2314.8565,2255.4820000000004,signal,2024-04-23 16:15:00
-1,2024-04-24 09:15:00,2331.215,2315.725,2323.4700000000003,2298.044999999999,signal,2024-04-24 16:15:00
1,2024-04-25 07:45:00,2323.455,2304.898,,,against_bias,2024-04-25 14:45:00
1,2024-04-26 07:20:00,2343.045,2326.165,,,against_bias,2024-04-26 14:20:00
1,2024-04-29 07:30:00,2336.425,2319.728,,,against_bias,2024-04-29 14:30:00
-1,2024-04-30 07:25:00,2336.055,2318.665,2327.3599999999997,2295.9650000000006,signal,2024-04-30 14:25:00
1,2024-05-01 10:50:00,2292.765,2281.515,,,against_bias,2024-05-01 17:50:00
-1,2024-05-02 07:05:00,2326.325,2312.378,2319.3514999999998,2294.0420000000004,signal,2024-05-02 14:05:00
-1,2024-05-03 07:00:00,2308.615,2298.225,2303.42,2286.3050000000003,signal,2024-05-03 14:00:00
1,2024-05-06 07:25:00,2315.215,2291.645,,,against_bias,2024-05-06 14:25:00
-1,2024-05-07 08:05:00,2329.788,2318.215,,,against_bias,2024-05-07 15:05:00
-1,2024-05-08 07:55:00,2321.345,2306.875,2314.1099999999997,2288.295000000001,signal,2024-05-08 14:55:00
-1,2024-05-09 09:45:00,2319.638,2307.738,2313.688,2294.9889999999996,signal,2024-05-09 16:45:00
1,2024-05-10 07:00:00,2369.065,2345.865,2357.465,2392.984999999999,signal,2024-05-10 14:00:00
-1,2024-05-13 07:40:00,2364.355,2347.265,2355.81,2328.7349999999997,signal,2024-05-13 14:40:00
1,2024-05-14 09:05:00,2345.798,2334.695,,,against_bias,2024-05-14 16:05:00
1,2024-05-15 07:05:00,2360.895,2354.774,2357.8345,2368.5460000000007,signal,2024-05-15 14:05:00
-1,2024-05-16 07:10:00,2397.275,2386.368,,,against_bias,2024-05-16 14:10:00
1,2024-05-17 07:10:00,2386.555,2373.788,2380.1715,2399.6220000000008,signal,2024-05-17 14:10:00
-1,2024-05-22 08:25:00,2426.344,2411.214,2418.779,2393.9840000000004,signal,2024-05-22 15:25:00
1,2024-05-24 07:10:00,2339.465,2325.265,,,against_bias,2024-05-24 14:10:00
-1,2024-05-28 08:10:00,2356.228,2341.235,,,against_bias,2024-05-28 15:10:00
-1,2024-05-29 07:50:00,2361.275,2350.975,,,against_bias,2024-05-29 14:50:00
1,2024-05-30 10:55:00,2339.758,2322.458,2331.108,2359.419,signal,2024-05-30 17:55:00
1,2024-06-03 10:45:00,2331.005,2314.635,,,against_bias,2024-06-03 17:45:00
-1,2024-06-04 07:35:00,2352.645,2343.068,,,against_bias,2024-06-04 14:35:00
-1,2024-06-07 08:00:00,2387.595,2369.278,,,against_bias,2024-06-07 15:00:00
1,2024-06-10 11:50:00,2301.128,2287.665,,,against_bias,2024-06-10 18:50:00
-1,2024-06-13 11:35:00,2322.815,2307.985,,,against_bias,2024-06-13 18:35:00
1,2024-06-14 07:35:00,2312.675,2301.415,,,against_bias,2024-06-14 14:35:00
-1,2024-06-18 07:00:00,2325.535,2318.655,2322.0950000000003,2310.8749999999995,signal,2024-06-18 14:00:00
1,2024-06-19 07:55:00,2331.635,2326.348,,,sl_too_tight,2024-06-19 14:55:00
-1,2024-06-21 07:00:00,2365.485,2356.998,,,against_bias,2024-06-21 14:00:00
1,2024-06-24 07:25:00,2327.125,2317.818,,,against_bias,2024-06-24 14:25:00
1,2024-06-25 09:15:00,2330.835,2322.608,,,against_bias,2024-06-25 16:15:00
-1,2024-06-26 10:20:00,2323.738,2309.608,2316.673,2292.739000000001,signal,2024-06-26 17:20:00
1,2024-06-27 08:00:00,2303.335,2296.425,,,against_bias,2024-06-27 15:00:00
1,2024-06-28 07:45:00,2328.185,2318.905,2323.545,2338.1549999999997,signal,2024-06-28 14:45:00
1,2024-07-01 09:15:00,2328.865,2318.395,,,against_bias,2024-07-01 16:15:00
-1,2024-07-02 07:20:00,2334.208,2324.785,2329.4965,2314.261,signal,2024-07-02 14:20:00
1,2024-07-03 07:10:00,2341.078,2326.685,2333.8815,2360.0819999999994,signal,2024-07-03 14:10:00
1,2024-07-05 07:40:00,2366.198,2355.908,2361.053,2378.2190000000005,signal,2024-07-05 14:40:00
-1,2024-07-08 08:30:00,2390.935,2376.615,,,against_bias,2024-07-08 15:30:00
-1,2024-07-09 07:20:00,2368.658,2360.378,2364.518,2351.909,signal,2024-07-09 14:20:00
1,2024-07-10 07:00:00,2372.685,2363.168,2367.9265,2382.3009999999995,signal,2024-07-10 14:00:00
1,2024-07-11 08:10:00,2383.125,2371.375,2377.25,2395.055,signal,2024-07-11 15:10:00
-1,2024-07-12 07:20:00,2416.165,2402.035,,,against_bias,2024-07-12 14:20:00
-1,2024-07-15 07:05:00,2413.815,2401.915,,,against_bias,2024-07-15 14:05:00
1,2024-07-16 07:10:00,2433.698,2419.835,2426.7664999999997,2448.872000000001,signal,2024-07-16 14:10:00
1,2024-07-18 07:00:00,2472.095,2457.225,,,against_bias,2024-07-18 14:00:00
-1,2024-07-19 10:05:00,2441.218,2414.215,2427.7165,2380.702,signal,2024-07-19 17:05:00
-1,2024-07-22 11:55:00,2412.035,2398.825,2405.43,2383.0140000000006,signal,2024-07-22 18:55:00
1,2024-07-23 08:45:00,2403.875,2388.135,,,against_bias,2024-07-23 15:45:00
-1,2024-07-29 08:25:00,2402.395,2388.528,,,against_bias,2024-07-29 15:25:00
1,2024-07-30 07:05:00,2390.885,2376.358,2383.6215,2406.0119999999997,signal,2024-07-30 14:05:00
-1,2024-08-01 08:25:00,2458.295,2437.218,,,against_bias,2024-08-01 15:25:00
-1,2024-08-05 10:55:00,2458.655,2413.908,2436.2815,2352.6910000000003,signal,2024-08-05 17:55:00
1,2024-08-07 11:20:00,2397.445,2378.868,,,against_bias,2024-08-07 18:20:00
1,2024-08-08 10:40:00,2400.645,2383.085,,,against_bias,2024-08-08 17:40:00
1,2024-08-09 10:40:00,2428.845,2416.815,2422.83,2444.145,signal,2024-08-09 17:40:00
1,2024-08-12 07:10:00,2437.055,2423.695,2430.375,2452.044,signal,2024-08-12 14:10:00
1,2024-08-14 08:35:00,2472.415,2455.225,,,against_bias,2024-08-14 15:35:00
1,2024-08-15 10:00:00,2458.665,2448.075,,,against_bias,2024-08-15 17:00:00
1,2024-08-16 07:50:00,2459.908,2450.565,,,against_bias,2024-08-16 14:50:00
-1,2024-08-19 10:20:00,2506.645,2494.845,,,against_bias,2024-08-19 17:20:00
1,2024-08-20 07:35:00,2508.065,2497.235,,,against_bias,2024-08-20 14:35:00
-1,2024-08-21 07:40:00,2519.795,2510.725,,,against_bias,2024-08-21 14:40:00
1,2024-08-23 08:05:00,2495.665,2486.355,,,against_bias,2024-08-23 15:05:00
1,2024-08-26 07:10:00,2516.845,2508.585,,,against_bias,2024-08-26 14:10:00
-1,2024-08-27 07:55:00,2517.365,2505.698,2511.5315,2491.5110000000004,signal,2024-08-27 14:55:00
-1,2024-08-28 11:20:00,2525.725,2503.338,,,against_bias,2024-08-28 18:20:00
1,2024-08-29 09:50:00,2521.065,2507.964,,,against_bias,2024-08-29 16:50:00
1,2024-08-30 08:20:00,2523.848,2512.035,2517.9415,2539.3120000000004,signal,2024-08-30 15:20:00
1,2024-09-02 08:40:00,2504.825,2489.915,,,against_bias,2024-09-02 15:40:00
1,2024-09-03 07:15:00,2498.718,2489.534,2494.126,2510.893,signal,2024-09-03 14:15:00
-1,2024-09-04 07:55:00,2496.835,2483.555,2490.1949999999997,2465.745000000001,signal,2024-09-04 14:55:00
1,2024-09-05 08:05:00,2506.815,2493.665,2500.24,2520.565,signal,2024-09-05 15:05:00
-1,2024-09-10 09:00:00,2507.358,2500.618,,,against_bias,2024-09-10 16:00:00
1,2024-09-13 07:45:00,2570.135,2556.625,2563.38,2583.885,signal,2024-09-13 14:45:00
-1,2024-09-16 10:45:00,2589.515,2578.715,,,against_bias,2024-09-16 17:45:00
-1,2024-09-17 09:40:00,2586.835,2574.395,,,against_bias,2024-09-17 16:40:00
1,2024-09-18 10:30:00,2576.314,2565.715,,,against_bias,2024-09-18 17:30:00
1,2024-09-19 07:15:00,2578.665,2551.005,,,against_bias,2024-09-19 14:15:00
1,2024-09-20 07:05:00,2606.978,2584.654,2595.816,2631.600000000001,signal,2024-09-20 14:05:00
-1,2024-09-23 07:35:00,2631.205,2615.945,,,against_bias,2024-09-23 14:35:00
-1,2024-09-25 07:00:00,2670.348,2653.455,,,against_bias,2024-09-25 14:00:00
1,2024-09-26 07:00:00,2663.355,2655.268,2659.3115,2671.862,signal,2024-09-26 14:00:00
-1,2024-09-27 07:25:00,2673.855,2662.195,,,against_bias,2024-09-27 14:25:00
-1,2024-09-30 10:15:00,2665.858,2647.285,2656.5715,2625.7119999999995,signal,2024-09-30 17:15:00
1,2024-10-01 07:50:00,2645.428,2633.815,,,against_bias,2024-10-01 14:50:00
-1,2024-10-03 07:20:00,2662.775,2651.165,,,against_bias,2024-10-03 14:20:00
1,2024-10-07 07:55:00,2651.778,2639.605,,,against_bias,2024-10-07 14:55:00
-1,2024-10-08 07:00:00,2648.095,2633.665,2640.88,2614.2249999999995,signal,2024-10-08 14:00:00
-1,2024-10-09 07:05:00,2624.165,2610.474,2617.3195,2596.542999999999,signal,2024-10-09 14:05:00
1,2024-10-10 09:30:00,2616.785,2605.785,,,against_bias,2024-10-10 16:30:00
1,2024-10-15 08:05:00,2652.608,2637.955,,,against_bias,2024-10-15 15:05:00
1,2024-10-16 08:50:00,2677.545,2658.558,2668.0515,2699.5409999999993,signal,2024-10-16 15:50:00
1,2024-10-17 10:25:00,2685.645,2673.955,2679.8,2700.605,signal,2024-10-17 17:25:00
1,2024-10-21 08:35:00,2732.675,2720.908,2726.7915000000003,2744.7419999999997,signal,2024-10-21 15:35:00
1,2024-10-22 10:30:00,2737.025,2720.505,2728.7650000000003,2756.0949999999993,signal,2024-10-22 17:30:00
1,2024-10-23 07:35:00,2753.085,2737.765,2745.425,2771.7649999999994,signal,2024-10-23 14:35:00
1,2024-10-24 07:05:00,2736.295,2717.704,,,against_bias,2024-10-24 14:05:00
-1,2024-10-25 08:15:00,2735.008,2723.805,2729.4065,2711.072,signal,2024-10-25 15:15:00
-1,2024-10-31 07:05:00,2790.005,2779.605,,,against_bias,2024-10-31 14:05:00
-1,2024-11-04 08:00:00,2743.585,2735.185,2739.385,2726.574999999999,signal,2024-11-04 15:00:00
1,2024-11-05 07:05:00,2738.705,2724.695,,,against_bias,2024-11-05 14:05:00
-1,2024-11-06 11:55:00,2749.605,2701.245,2725.425,2646.7649999999994,signal,2024-11-06 18:55:00
1,2024-11-07 07:20:00,2664.075,2643.134,,,against_bias,2024-11-07 14:20:00
-1,2024-11-08 07:00:00,2710.235,2685.845,2698.04,2658.7550000000006,signal,2024-11-08 14:00:00
-1,2024-11-11 09:20:00,2686.025,2666.375,2676.2,2646.5450000000005,signal,2024-11-11 16:20:00
-1,2024-11-12 07:20:00,2627.015,2603.295,2615.1549999999997,2570.035,signal,2024-11-12 14:20:00
-1,2024-11-14 07:10:00,2574.515,2551.765,2563.14,2526.1349999999998,signal,2024-11-14 14:10:00
1,2024-11-15 11:35:00,2571.585,2554.335,,,against_bias,2024-11-15 18:35:00
1,2024-11-19 09:00:00,2626.515,2610.905,2618.71,2643.8049999999994,signal,2024-11-19 16:00:00
-1,2024-11-20 07:00:00,2641.665,2628.465,,,against_bias,2024-11-20 14:00:00
1,2024-11-21 07:25:00,2662.085,2650.284,2656.1845000000003,2677.6959999999995,signal,2024-11-21 14:25:00
1,2024-11-22 07:30:00,2693.115,2668.718,2680.9165,2719.7320000000004,signal,2024-11-22 14:30:00
1,2024-11-26 11:30:00,2632.085,2608.498,,,against_bias,2024-11-26 18:30:00
1,2024-11-27 07:30:00,2647.865,2626.935,2637.3999999999996,2669.035000000001,signal,2024-11-27 14:30:00
1,2024-11-28 08:30:00,2639.458,2620.815,2630.1365,2659.5620000000004,signal,2024-11-28 15:30:00
-1,2024-12-05 08:45:00,2655.445,2644.595,,,against_bias,2024-12-05 15:45:00
1,2024-12-06 09:05:00,2644.405,2612.585,,,against_bias,2024-12-06 16:05:00
1,2024-12-09 09:00:00,2650.515,2627.455,2638.9849999999997,2674.115000000001,signal,2024-12-09 16:00:00
1,2024-12-10 10:40:00,2673.625,2657.805,2665.715,2689.5950000000003,signal,2024-12-10 17:40:00
-1,2024-12-13 08:50:00,2692.595,2678.675,2685.635,2663.945,signal,2024-12-13 15:50:00
1,2024-12-16 08:20:00,2655.448,2643.374,,,against_bias,2024-12-16 15:20:00
-1,2024-12-17 08:55:00,2658.465,2646.294,2652.3795,2627.496,signal,2024-12-17 15:55:00
-1,2024-12-18 08:00:00,2651.525,2642.555,2647.04,2633.345,signal,2024-12-18 15:00:00
1,2024-12-19 07:25:00,2617.948,2587.784,,,against_bias,2024-12-19 14:25:00
1,2024-12-20 07:00:00,2605.198,2589.475,,,against_bias,2024-12-20 14:00:00
1,2024-12-23 07:05:00,2632.795,2617.285,2625.04,2649.0849999999996,signal,2024-12-23 14:05:00
-1,2024-12-24 11:25:00,2621.195,2613.365,2617.2799999999997,2604.284,signal,2024-12-24 18:25:00
1,2024-12-26 11:05:00,2629.065,2618.205,2623.635,2641.104,signal,2024-12-26 18:05:00
1,2024-12-27 07:05:00,2636.825,2628.765,,,against_bias,2024-12-27 14:05:00
-1,2024-12-30 07:00:00,2627.985,2618.108,2623.0465000000004,2606.7519999999986,signal,2024-12-30 14:00:00
1,2024-12-31 07:45:00,2611.375,2602.475,,,against_bias,2024-12-31 14:45:00
1,2025-01-02 08:55:00,2636.298,2622.448,2629.3729999999996,2650.2980000000007,signal,2025-01-02 15:55:00
-1,2025-01-03 07:15:00,2665.185,2655.815,,,against_bias,2025-01-03 14:15:00
-1,2025-01-06 07:30:00,2647.275,2630.025,2638.65,2607.8940000000002,signal,2025-01-06 14:30:00
1,2025-01-07 11:45:00,2646.515,2632.775,,,against_bias,2025-01-07 18:45:00
1,2025-01-08 07:05:00,2652.845,2645.095,2648.97,2662.515000000001,signal,2025-01-08 14:05:00
1,2025-01-09 10:35:00,2666.775,2655.305,2661.04,2681.2749999999996,signal,2025-01-09 17:35:00
1,2025-01-10 07:25:00,2678.285,2668.728,2673.5065,2688.3220000000006,signal,2025-01-10 14:25:00
-1,2025-01-13 10:00:00,2693.245,2679.145,,,against_bias,2025-01-13 17:00:00
-1,2025-01-14 09:40:00,2675.155,2666.059,2670.607,2655.1210000000005,signal,2025-01-14 16:40:00
1,2025-01-15 08:05:00,2683.125,2669.315,2676.2200000000003,2698.854999999999,signal,2025-01-15 15:05:00
1,2025-01-16 08:20:00,2702.008,2689.725,2695.8665,2715.152,signal,2025-01-16 15:20:00
-1,2025-01-17 07:45:00,2717.375,2709.725,,,against_bias,2025-01-17 14:45:00
1,2025-01-21 07:35:00,2729.405,2702.745,2716.075,2761.1050000000005,signal,2025-01-21 14:35:00
1,2025-01-22 09:20:00,2758.475,2742.455,2750.465,2776.294999999999,signal,2025-01-22 16:20:00
-1,2025-01-23 09:20:00,2756.088,2749.385,2752.7365,2732.4220000000005,signal,2025-01-23 16:20:00
1,2025-01-24 11:30:00,2778.115,2754.075,2766.095,2804.345,signal,2025-01-24 18:30:00
-1,2025-01-27 07:25:00,2772.415,2750.565,2761.49,2722.6550000000007,signal,2025-01-27 14:25:00
-1,2025-01-28 08:20:00,2745.065,2737.675,2741.37,2728.3350000000005,signal,2025-01-28 15:20:00
-1,2025-01-29 07:00:00,2765.985,2759.025,,,against_bias,2025-01-29 14:00:00
1,2025-01-30 07:10:00,2766.248,2758.475,2762.3615,2774.1620000000003,signal,2025-01-30 14:10:00
1,2025-01-31 07:25:00,2799.375,2791.905,2795.6400000000003,2807.1749999999997,signal,2025-01-31 14:25:00
1,2025-02-03 08:20:00,2795.598,2771.885,,,against_bias,2025-02-03 15:20:00
-1,2025-02-04 07:20:00,2824.445,2810.648,,,against_bias,2025-02-04 14:20:00
1,2025-02-05 07:55:00,2861.685,2839.335,2850.51,2890.935,signal,2025-02-05 14:55:00
-1,2025-02-06 07:40:00,2873.085,2858.358,2865.7215,2842.9919999999997,signal,2025-02-06 14:40:00
1,2025-02-10 07:25:00,2892.125,2865.558,2878.8415,2918.7220000000007,signal,2025-02-10 14:25:00
-1,2025-02-11 09:40:00,2942.665,2905.015,,,against_bias,2025-02-11 16:40:00
-1,2025-02-12 10:35:00,2898.765,2883.345,,,against_bias,2025-02-12 17:35:00
1,2025-02-14 08:15:00,2936.635,2922.915,2929.775,2951.645,signal,2025-02-14 15:15:00
1,2025-02-19 08:35:00,2939.465,2924.0,2931.7325,2955.8,signal,2025-02-19 15:35:00
1,2025-02-20 07:25:00,2948.845,2933.615,2941.2299999999996,2964.3450000000007,signal,2025-02-20 14:25:00
-1,2025-02-21 08:10:00,2949.545,2923.955,,,against_bias,2025-02-21 15:10:00
1,2025-02-24 08:50:00,2944.575,2921.055,2932.8149999999996,2974.3050000000007,signal,2025-02-24 15:50:00
-1,2025-02-25 07:45:00,2952.405,2933.305,,,against_bias,2025-02-25 14:45:00
-1,2025-02-27 08:05:00,2918.975,2888.295,2903.635,2857.524999999999,signal,2025-02-27 15:05:00
-1,2025-02-28 08:15:00,2884.925,2856.785,2870.855,2821.2049999999995,signal,2025-02-28 15:15:00
1,2025-03-03 10:50:00,2871.848,2859.055,,,against_bias,2025-03-03 17:50:00
1,2025-03-04 07:25:00,2894.225,2881.648,2887.9365,2921.862,signal,2025-03-04 14:25:00
-1,2025-03-06 07:50:00,2926.425,2914.385,,,against_bias,2025-03-06 14:50:00
1,2025-03-07 07:40:00,2914.685,2895.698,,,against_bias,2025-03-07 14:40:00
-1,2025-03-10 08:10:00,2918.125,2906.689,,,against_bias,2025-03-10 15:10:00
1,2025-03-11 08:10:00,2902.605,2879.938,,,against_bias,2025-03-11 15:10:00
-1,2025-03-12 07:15:00,2921.035,2910.558,,,against_bias,2025-03-12 14:15:00
-1,2025-03-13 07:15:00,2946.975,2935.255,,,against_bias,2025-03-13 14:15:00
1,2025-03-14 09:05:00,2993.835,2981.0,2987.4175,3007.039,signal,2025-03-14 16:05:00
1,2025-03-17 09:30:00,2992.895,2981.975,2987.435,3004.0850000000005,signal,2025-03-17 16:30:00
1,2025-03-18 07:10:00,3017.439,2999.258,3008.3485,3037.498,signal,2025-03-18 14:10:00
-1,2025-03-19 08:50:00,3045.155,3027.175,,,against_bias,2025-03-19 15:50:00
-1,2025-03-20 07:45:00,3057.245,3044.668,,,against_bias,2025-03-20 14:45:00
1,2025-03-24 07:05:00,3025.545,3013.475,,,against_bias,2025-03-24 14:05:00
1,2025-03-25 08:50:00,3020.895,3007.315,,,against_bias,2025-03-25 15:50:00
1,2025-03-26 07:30:00,3026.955,3013.048,,,against_bias,2025-03-26 14:30:00
1,2025-03-27 09:55:00,3038.495,3021.355,3029.925,3059.595,signal,2025-03-27 16:55:00
-1,2025-04-03 10:05:00,3164.575,3116.175,,,against_bias,2025-04-03 17:05:00
-1,2025-04-04 08:15:00,3115.515,3086.838,3101.1765,3057.201,signal,2025-04-04 15:15:00
1,2025-04-08 11:55:00,3015.555,2980.125,,,against_bias,2025-04-08 18:55:00
1,2025-04-09 07:00:00,3040.615,2971.745,3006.18,3112.185,signal,2025-04-09 14:00:00
1,2025-04-11 08:20:00,3219.935,3184.665,3202.3,3264.475,signal,2025-04-11 15:20:00
-1,2025-04-14 10:20:00,3245.515,3215.265,,,against_bias,2025-04-14 17:20:00
1,2025-04-16 07:10:00,3294.825,3251.455,3273.14,3344.1949999999997,signal,2025-04-16 14:10:00
-1,2025-04-17 07:15:00,3356.065,3320.515,,,against_bias,2025-04-17 14:15:00
1,2025-04-21 07:00:00,3392.955,3347.285,3370.12,3441.805,signal,2025-04-21 14:00:00
-1,2025-04-30 08:10:00,3327.865,3301.025,,,against_bias,2025-04-30 15:10:00
-1,2025-05-01 09:50:00,3276.095,3220.605,3248.35,3164.3949999999995,signal,2025-05-01 16:50:00
1,2025-05-02 09:30:00,3262.105,3227.115,,,against_bias,2025-05-02 16:30:00
1,2025-05-05 08:35:00,3272.205,3240.885,3256.545,3304.8750000000005,signal,2025-05-05 15:35:00
1,2025-05-09 11:10:00,3329.915,3274.295,,,against_bias,2025-05-09 18:10:00
-1,2025-05-12 07:00:00,3289.675,3258.535,3274.105,3214.8249999999994,signal,2025-05-12 14:00:00
-1,2025-05-14 11:55:00,3254.305,3222.0,3238.1525,3183.6799999999994,signal,2025-05-14 18:55:00
-1,2025-05-16 08:05:00,3244.245,3206.255,,,against_bias,2025-05-16 15:05:00
1,2025-05-20 08:55:00,3232.445,3204.205,,,against_bias,2025-05-20 15:55:00
-1,2025-05-22 08:25:00,3345.198,3319.128,,,against_bias,2025-05-22 15:25:00
1,2025-05-23 07:45:00,3331.745,3286.765,,,against_bias,2025-05-23 14:45:00
-1,2025-05-26 09:25:00,3356.598,3331.198,,,against_bias,2025-05-26 16:25:00
-1,2025-05-27 07:25:00,3349.748,3304.748,3327.248,3259.7090000000003,signal,2025-05-27 14:25:00
1,2025-05-28 07:40:00,3315.525,3291.398,,,against_bias,2025-05-28 14:40:00
1,2025-05-29 07:20:00,3280.005,3245.198,,,against_bias,2025-05-29 14:20:00
1,2025-06-02 07:00:00,3345.198,3301.195,3323.1965,3390.401,signal,2025-06-02 14:00:00
1,2025-06-05 09:25:00,3383.975,3360.925,3372.45,3418.3650000000007,signal,2025-06-05 16:25:00
-1,2025-06-06 07:45:00,3375.348,3355.835,3365.5915,3335.872,signal,2025-06-06 14:45:00
1,2025-06-09 07:20:00,3324.795,3293.198,,,against_bias,2025-06-09 14:20:00
1,2025-06-10 08:10:00,3331.125,3301.698,,,against_bias,2025-06-10 15:10:00
1,2025-06-11 07:50:00,3342.895,3324.835,3333.865,3371.0140000000006,signal,2025-06-11 14:50:00
-1,2025-06-12 07:30:00,3377.548,3361.938,,,against_bias,2025-06-12 14:30:00
-1,2025-06-16 07:10:00,3451.085,3412.698,,,against_bias,2025-06-16 14:10:00
1,2025-06-23 11:10:00,3373.348,3346.675,3360.0115,3403.162,signal,2025-06-23 18:10:00
-1,2025-06-25 09:10:00,3335.048,3323.415,3329.2315,3307.6809999999996,signal,2025-06-25 16:10:00
1,2025-06-26 07:15:00,3342.985,3328.998,3335.9915,3360.011,signal,2025-06-26 14:15:00
-1,2025-06-27 07:15:00,3321.845,3286.628,3304.2365,3251.1319999999996,signal,2025-06-27 14:15:00
1,2025-06-30 07:20:00,3295.305,3259.195,3277.25,3333.2750000000005,signal,2025-06-30 14:20:00
1,2025-07-01 07:10:00,3334.348,3309.675,3322.0115,3364.2619999999993,signal,2025-07-01 14:10:00
1,2025-07-02 11:00:00,3344.765,3328.208,3336.4865,3366.7519999999995,signal,2025-07-02 18:00:00
-1,2025-07-07 07:45:00,3329.495,3305.005,3317.25,3277.4249999999997,signal,2025-07-07 14:45:00
1,2025-07-08 07:05:00,3337.835,3327.115,,,against_bias,2025-07-08 14:05:00
-1,2025-07-09 08:35:00,3307.725,3284.638,3296.1814999999997,3259.6820000000002,signal,2025-07-09 15:35:00
1,2025-07-10 07:05:00,3328.165,3314.655,,,against_bias,2025-07-10 14:05:00
1,2025-07-11 10:25:00,3343.475,3323.345,3333.41,3369.6740000000004,signal,2025-07-11 17:25:00
1,2025-07-14 07:25:00,3373.105,3353.435,3363.27,3396.6150000000007,signal,2025-07-14 14:25:00
1,2025-07-15 10:15:00,3364.955,3344.415,,,against_bias,2025-07-15 17:15:00
1,2025-07-16 08:50:00,3341.865,3324.865,,,against_bias,2025-07-16 15:50:00
-1,2025-07-17 07:40:00,3347.165,3327.988,,,against_bias,2025-07-17 14:40:00
1,2025-07-18 07:15:00,3344.048,3331.645,,,against_bias,2025-07-18 14:15:00
1,2025-07-21 11:20:00,3370.565,3347.418,3358.9915,3396.772,signal,2025-07-21 18:20:00
-1,2025-07-22 07:25:00,3397.475,3384.095,,,against_bias,2025-07-22 14:25:00
-1,2025-07-24 07:50:00,3393.165,3369.678,3381.4215,3342.222,signal,2025-07-24 14:50:00
-1,2025-07-25 07:35:00,3373.295,3354.415,3363.855,3333.225,signal,2025-07-25 14:35:00
1,2025-07-29 08:05:00,3322.198,3307.815,,,against_bias,2025-07-29 15:05:00
1,2025-07-31 07:45:00,3304.565,3282.535,,,against_bias,2025-07-31 14:45:00
1,2025-08-01 11:10:00,3300.148,3281.435,,,against_bias,2025-08-01 18:10:00
1,2025-08-04 11:10:00,3362.495,3344.748,3353.6215,3383.6319999999996,signal,2025-08-04 18:10:00
-1,2025-08-05 09:00:00,3382.198,3365.575,,,against_bias,2025-08-05 16:00:00
-1,2025-08-06 07:20:00,3385.098,3370.505,,,against_bias,2025-08-06 14:20:00
1,2025-08-07 07:05:00,3387.648,3364.895,3376.2715,3410.7010000000005,signal,2025-08-07 14:05:00
1,2025-08-08 07:50:00,3402.329,3380.839,3391.584,3425.817,signal,2025-08-08 14:50:00
-1,2025-08-11 07:00:00,3391.425,3363.535,3377.48,3332.105,signal,2025-08-11 14:00:00
-1,2025-08-12 11:30:00,3357.235,3341.885,3349.5600000000004,3321.614999999999,signal,2025-08-12 18:30:00
1,2025-08-13 07:10:00,3357.425,3342.439,,,against_bias,2025-08-13 14:10:00
-1,2025-08-14 07:40:00,3374.555,3355.265,,,against_bias,2025-08-14 14:40:00
1,2025-08-19 10:05:00,3341.395,3325.885,3333.6400000000003,3357.4749999999995,signal,2025-08-19 17:05:00
1,2025-08-20 07:15:00,3325.805,3311.255,,,against_bias,2025-08-20 14:15:00
-1,2025-08-21 10:35:00,3346.735,3334.008,,,against_bias,2025-08-21 17:35:00
1,2025-08-25 11:40:00,3369.415,3359.495,3364.455,3379.965,signal,2025-08-25 18:40:00
1,2025-08-28 08:35:00,3397.875,3384.445,3391.16,3415.895000000001,signal,2025-08-28 15:35:00
-1,2025-08-29 10:00:00,3417.645,3406.805,,,against_bias,2025-08-29 17:00:00
-1,2025-09-02 07:50:00,3508.228,3476.625,,,against_bias,2025-09-02 14:50:00
1,2025-09-03 11:30:00,3546.398,3526.508,3536.453,3572.8189999999995,signal,2025-09-03 18:30:00
1,2025-09-08 07:00:00,3598.635,3579.365,3589.0,3621.7750000000005,signal,2025-09-08 14:00:00
1,2025-09-10 09:35:00,3647.415,3619.965,,,against_bias,2025-09-10 16:35:00
-1,2025-09-11 09:05:00,3648.895,3622.395,3635.645,3592.3039999999996,signal,2025-09-11 16:05:00
1,2025-09-16 08:10:00,3694.015,3674.455,3684.2349999999997,3718.615000000001,signal,2025-09-16 15:10:00
-1,2025-09-17 07:15:00,3695.185,3670.265,3682.725,3642.5249999999996,signal,2025-09-17 14:15:00
1,2025-09-18 09:20:00,3669.635,3633.485,,,against_bias,2025-09-18 16:20:00
1,2025-09-22 08:40:00,3719.645,3685.235,3702.44,3760.685,signal,2025-09-22 15:40:00
1,2025-09-23 08:25:00,3759.035,3736.455,3747.745,3782.125,signal,2025-09-23 15:25:00
1,2025-09-24 07:35:00,3776.795,3750.329,3763.562,3806.6510000000007,signal,2025-09-24 14:35:00
1,2025-09-25 07:35:00,3751.348,3729.365,,,against_bias,2025-09-25 14:35:00
1,2025-09-26 09:00:00,3753.845,3734.275,3744.06,3773.865,signal,2025-09-26 16:00:00
1,2025-09-29 11:15:00,3819.575,3763.665,3791.62,3883.195,signal,2025-09-29 18:15:00
-1,2025-09-30 08:20:00,3871.505,3830.798,,,against_bias,2025-09-30 15:20:00
1,2025-10-01 07:50:00,3875.295,3853.055,3864.175,3905.1549999999997,signal,2025-10-01 14:50:00
1,2025-10-02 07:15:00,3873.965,3852.635,3863.3,3895.4449999999993,signal,2025-10-02 14:15:00
1,2025-10-03 07:25:00,3862.515,3837.785,,,against_bias,2025-10-03 14:25:00
1,2025-10-06 08:00:00,3944.955,3898.658,3921.8064999999997,3992.0620000000004,signal,2025-10-06 15:00:00
-1,2025-10-07 07:05:00,3977.125,3953.548,,,against_bias,2025-10-07 14:05:00
1,2025-10-08 08:05:00,4036.785,3984.045,4010.415,4094.6250000000005,signal,2025-10-08 15:05:00
1,2025-10-09 10:55:00,4043.405,4002.395,,,against_bias,2025-10-09 17:55:00
1,2025-10-10 09:05:00,3994.175,3946.675,,,against_bias,2025-10-10 16:05:00
1,2025-10-13 08:50:00,4077.748,4024.295,4051.0215,4132.272000000001,signal,2025-10-13 15:50:00
1,2025-10-15 07:05:00,4200.155,4153.465,4176.8099999999995,4247.385000000001,signal,2025-10-15 14:05:00
1,2025-10-16 10:55:00,4241.955,4203.175,4222.5650000000005,4282.535,signal,2025-10-16 17:55:00
1,2025-10-20 11:55:00,4270.995,4218.505,4244.75,4347.214999999999,signal,2025-10-20 18:55:00
-1,2025-10-21 07:30:00,4372.108,4316.945,,,against_bias,2025-10-21 14:30:00
-1,2025-10-24 07:50:00,4144.145,4081.048,,,against_bias,2025-10-24 14:50:00
-1,2025-10-27 08:50:00,4097.545,4053.505,4075.525,3969.955,signal,2025-10-27 15:50:00
-1,2025-10-28 07:15:00,4019.405,3938.015,3978.71,3855.3649999999993,signal,2025-10-28 14:15:00
1,2025-10-29 07:05:00,3984.595,3943.605,3964.1,4026.485,signal,2025-10-29 14:05:00
1,2025-10-30 09:00:00,3982.295,3915.065,3948.6800000000003,4069.504999999999,signal,2025-10-30 16:00:00
1,2025-11-03 07:00:00,4018.335,3962.325,,,against_bias,2025-11-03 14:00:00
1,2025-11-04 08:25:00,3999.155,3966.395,,,against_bias,2025-11-04 15:25:00
1,2025-11-05 08:05:00,3978.345,3929.648,,,against_bias,2025-11-05 15:05:00
1,2025-11-06 07:00:00,3992.598,3964.355,3978.4764999999998,4034.332,signal,2025-11-06 14:00:00
1,2025-11-07 07:15:00,4008.335,3984.295,3996.315,4033.3350000000005,signal,2025-11-07 14:15:00
1,2025-11-10 07:10:00,4078.315,4010.915,4044.615,4145.835000000001,signal,2025-11-10 14:10:00
1,2025-11-13 07:55:00,4219.125,4179.625,4199.375,4261.145,signal,2025-11-13 14:55:00
-1,2025-11-14 07:20:00,4211.015,4169.395,4190.205,4107.404999999999,signal,2025-11-14 14:20:00
-1,2025-11-18 07:20:00,4044.935,4004.419,4024.6769999999997,3961.161000000001,signal,2025-11-18 14:20:00
1,2025-11-19 09:45:00,4098.415,4055.248,4076.8315000000002,4156.4619999999995,signal,2025-11-19 16:45:00
-1,2025-11-25 08:50:00,4155.585,4122.265,,,against_bias,2025-11-25 15:50:00
1,2025-11-26 11:30:00,4169.255,4132.445,4150.85,4214.195,signal,2025-11-26 18:30:00
-1,2025-11-28 08:00:00,4193.015,4162.625,,,against_bias,2025-11-28 15:00:00
1,2025-12-01 10:00:00,4256.245,4215.275,4235.76,4304.454000000001,signal,2025-12-01 17:00:00
-1,2025-12-02 09:25:00,4229.475,4197.895,4213.685,4155.754999999999,signal,2025-12-02 16:25:00
-1,2025-12-03 07:25:00,4228.765,4203.155,4215.96,4175.205,signal,2025-12-03 14:25:00
1,2025-12-05 07:25:00,4229.005,4194.465,4211.735000000001,4266.455,signal,2025-12-05 14:25:00
1,2025-12-09 09:05:00,4198.568,4169.845,,,against_bias,2025-12-09 16:05:00
-1,2025-12-10 08:40:00,4218.615,4201.525,,,against_bias,2025-12-10 15:40:00
1,2025-12-12 07:05:00,4283.015,4264.148,4273.5815,4313.551999999999,signal,2025-12-12 14:05:00
1,2025-12-15 08:50:00,4347.185,4299.945,4323.5650000000005,4394.844999999998,signal,2025-12-15 15:50:00
-1,2025-12-18 09:35:00,4342.735,4324.205,,,against_bias,2025-12-18 16:35:00
-1,2025-12-29 07:00:00,4527.545,4470.815,4499.18,4367.9749999999985,signal,2025-12-29 14:00:00
1,2025-12-30 07:45:00,4379.765,4324.195,,,against_bias,2025-12-30 14:45:00
1,2026-01-02 07:55:00,4381.495,4341.075,4361.285,4425.004999999999,signal,2026-01-02 14:55:00
1,2026-01-05 08:15:00,4426.095,4370.025,4398.0599999999995,4486.005000000001,signal,2026-01-05 15:15:00
1,2026-01-15 10:45:00,4617.915,4580.815,,,against_bias,2026-01-15 17:45:00
1,2026-01-20 07:20:00,4716.925,4659.245,4688.085,4780.784999999999,signal,2026-01-20 14:20:00
1,2026-01-22 07:00:00,4829.195,4772.185,4800.6900000000005,4891.124999999999,signal,2026-01-22 14:00:00
-1,2026-01-23 08:20:00,4967.235,4935.995,,,against_bias,2026-01-23 15:20:00
1,2026-01-27 07:30:00,5093.825,5013.595,,,against_bias,2026-01-27 14:30:00
1,2026-01-28 07:05:00,5271.195,5157.115,5214.155,5388.215000000001,signal,2026-01-28 14:05:00
-1,2026-01-30 08:30:00,5450.745,5111.398,5281.0715,4670.431999999999,signal,2026-01-30 15:30:00
1,2026-02-03 07:25:00,4893.535,4744.808,4819.1715,5061.342000000001,signal,2026-02-03 14:25:00
1,2026-02-10 09:05:00,5055.935,5008.155,5032.045,5107.915,signal,2026-02-10 16:05:00
1,2026-02-11 09:40:00,5064.295,5027.755,5046.025,5100.865000000002,signal,2026-02-11 16:40:00
1,2026-02-12 09:50:00,5077.995,5044.368,5061.181500000001,5114.141999999999,signal,2026-02-12 16:50:00
1,2026-02-19 07:00:00,5019.685,4960.048,4989.8665,5079.652,signal,2026-02-19 14:00:00
1,2026-02-20 08:50:00,5029.675,4981.315,5005.495,5079.385,signal,2026-02-20 15:50:00
-1,2026-02-23 08:20:00,5176.385,5129.035,,,against_bias,2026-02-23 15:20:00
1,2026-03-02 07:05:00,5389.505,5302.695,5346.1,5509.674999999999,signal,2026-03-02 14:05:00
-1,2026-03-03 09:25:00,5379.755,5278.598,,,against_bias,2026-03-03 16:25:00
1,2026-03-04 10:05:00,5190.675,5105.348,,,against_bias,2026-03-04 17:05:00
1,2026-03-10 08:35:00,5186.578,5124.465,5155.521500000001,5259.991999999999,signal,2026-03-10 15:35:00
-1,2026-03-11 08:20:00,5223.015,5186.495,,,against_bias,2026-03-11 15:20:00
1,2026-03-12 07:40:00,5174.945,5125.185,,,against_bias,2026-03-12 14:40:00
-1,2026-03-13 07:15:00,5128.225,5085.455,5106.84,5020.125000000001,signal,2026-03-13 14:15:00
-1,2026-03-16 09:40:00,5035.885,4982.165,5009.025,4925.835000000001,signal,2026-03-16 16:40:00
-1,2026-03-18 10:30:00,5016.065,4981.425,4998.745,4943.605,signal,2026-03-18 17:30:00
-1,2026-03-19 07:40:00,4866.995,4747.505,4807.25,4603.625,signal,2026-03-19 14:40:00
-1,2026-03-23 07:05:00,4472.975,4162.445,4317.71,3840.335,signal,2026-03-23 14:05:00
1,2026-03-30 11:40:00,4550.485,4417.665,4484.075,4729.655000000002,signal,2026-03-30 18:40:00
1,2026-04-01 07:35:00,4732.785,4666.605,4699.695,4824.554999999999,signal,2026-04-01 14:35:00
1,2026-04-06 07:50:00,4678.445,4600.385,,,against_bias,2026-04-06 14:50:00
1,2026-04-07 08:20:00,4664.265,4616.025,,,against_bias,2026-04-07 15:20:00
-1,2026-04-08 09:40:00,4856.998,4787.965,,,against_bias,2026-04-08 16:40:00
1,2026-04-09 10:20:00,4732.595,4698.085,4715.34,4783.304999999999,signal,2026-04-09 17:20:00
-1,2026-04-10 08:45:00,4777.035,4737.715,,,against_bias,2026-04-10 15:45:00
1,2026-04-13 07:00:00,4732.425,4664.325,,,against_bias,2026-04-13 14:00:00
1,2026-04-14 07:00:00,4782.855,4751.285,4767.07,4825.795000000002,signal,2026-04-14 14:00:00
-1,2026-04-15 07:00:00,4871.165,4810.855,,,against_bias,2026-04-15 14:00:00
-1,2026-04-16 08:05:00,4838.335,4811.048,,,against_bias,2026-04-16 15:05:00
-1,2026-04-23 10:05:00,4753.585,4692.078,4722.8315,4627.691000000001,signal,2026-04-23 17:05:00
1,2026-04-24 11:25:00,4710.935,4657.485,,,against_bias,2026-04-24 18:25:00
-1,2026-04-28 08:00:00,4701.015,4623.145,4662.08,4536.154999999999,signal,2026-04-28 15:00:00
-1,2026-04-29 07:20:00,4610.195,4575.825,,,against_bias,2026-04-29 14:20:00
1,2026-04-30 07:05:00,4591.425,4540.545,,,against_bias,2026-04-30 14:05:00
