side,signal_time,entry_time,entry_price,sl,tp,lots,oz,risk_usd,commission_usd,spread_cost_usd,slippage_cost_usd,tp2,tp1_oz,tp1_filled,partial_pnl_usd,swap_usd,rollovers,exit_time,exit_price,exit_reason,ambiguous,pnl_usd,r_multiple
-1,2017-01-13 14:45:00,2017-01-13 15:00:00,1190.058,1194.9585071428571,1181.231507142857,0.1,0.1,0.4900507142857123,0.0,0.016,0.009999999999990905,1172.405014285714,0.05,False,0.0,0.0,0,2017-01-13 15:30:00,1195.058507142857,sl,False,-0.5000507142857032,-1.0204060512687279
1,2017-01-17 09:45:00,2017-01-17 10:00:00,1216.248,1213.1862928571427,1222.3714142857148,0.16,0.16,0.4898731428571773,0.0,0.0256,0.01599999999998545,1228.4948285714295,0.08,False,0.0,0.0,0,2017-01-17 12:15:00,1213.0862928571428,sl,False,-0.5058731428571628,-1.0326615170341156
1,2017-01-17 14:00:00,2017-01-17 14:15:00,1215.551,1211.5587357142858,1223.5355285714281,0.12,0.12,0.47907171428569195,0.0,0.0192,0.011999999999989085,1231.5200571428563,0.06,False,0.0,-0.06468,1,2017-01-18 05:45:00,1211.458735714286,sl,False,-0.555751714285681,-1.1600595437247239
1,2017-02-02 10:15:00,2017-02-02 12:30:00,1220.479,1216.4133928571428,1228.6102142857146,0.11,0.11,0.44721678571430173,0.0,0.0176,0.0022,1236.7414285714292,0.05,False,0.0,0.0,0,2017-02-02 13:00:00,1220.068,news_close,False,-0.045210000000006405,-0.10109191211997169
1,2017-02-08 09:00:00,2017-02-08 09:15:00,1236.349,1236.349,1242.6931428571427,0.15,0.15,0.47581071428570565,0.0,0.024,0.0015999999999999999,1249.0372857142854,0.07,True,0.444089999999992,0.0,0,2017-02-08 15:00:00,1242.272,news_close,False,0.9179299999999921,1.9291915302453893
1,2017-02-24 15:15:00,2017-02-24 16:00:00,1255.111,1252.0098928571429,1261.3132142857146,0.15,0.15,0.46516607142858674,0.0,0.024,0.003,1267.515428571429,0.07,False,0.0,-0.08085,2,2017-02-27 13:00:00,1255.448,news_close,False,-0.030300000000001645,-0.06513802674160289
1,2017-04-11 15:00:00,2017-04-11 15:15:00,1270.839,1266.4125928571427,1279.6918142857144,0.11,0.11,0.4869047857142937,0.0,0.0176,0.0022,1288.5446285714288,0.05,False,0.0,0.0,0,2017-04-11 16:30:00,1269.879,news_close,False,-0.105600000000004,-0.21688018499363865
1,2017-08-18 13:15:00,2017-08-18 13:45:00,1297.392,1294.3136357142857,1303.5487285714287,0.15,0.15,0.46175464285714724,0.0,0.024,0.014999999999986358,1309.7054571428573,0.07,False,0.0,0.0,0,2017-08-18 14:15:00,1294.2136357142858,sl,False,-0.4767546428571336,-1.0324847843590106
1,2017-08-29 08:15:00,2017-08-29 08:30:00,1324.598,1320.913757142857,1331.9664857142857,0.13,0.13,0.47895157142857214,0.0,0.020800000000000003,0.012999999999988177,1339.3349714285714,0.06,False,0.0,0.0,0,2017-08-29 09:30:00,1320.8137571428572,sl,False,-0.49195157142856033,-1.0271426189525028
-1,2018-01-26 12:00:00,2018-01-26 12:15:00,1351.689,1355.4468785714284,1344.1732428571434,0.12,0.12,0.4509454285714037,0.0,0.0192,0.0024,1336.6574857142866,0.06,False,0.0,0.0,0,2018-01-26 13:00:00,1350.701,news_close,False,0.11856000000000676,0.26291429625000334
1,2019-06-21 08:30:00,2019-06-21 09:30:00,1386.785,1386.785,1392.8765357142859,0.12,0.12,0.4678157142857071,0.0,0.0192,0.0,1398.9680714285716,0.06,True,0.365492142857147,0.0,0,2019-06-21 10:30:00,1398.9680714285716,tp2,False,1.096476428571441,2.343821284938271
1,2019-06-21 10:45:00,2019-06-21 11:00:00,1394.448,1387.4167071428571,1408.510585714286,0.07,0.07,0.49219050000000614,0.0,0.011200000000000002,0.0014000000000000002,1422.5731714285719,0.03,False,0.0,0.0,0,2019-06-21 13:15:00,1396.458,news_close,False,0.14069999999999938,0.2858649242518855
1,2019-06-21 15:30:00,2019-06-21 16:30:00,1394.718,1394.718,1405.122942857143,0.09,0.09,0.46822242857143237,0.0,0.0144,0.0,1415.527885714286,0.04,True,0.41619771428571767,-0.048510000000000005,2,2019-06-24 15:15:00,1415.527885714286,tp2,False,1.4081820000000116,3.007506505607683
1,2019-06-24 15:30:00,2019-06-24 15:45:00,1414.848,1414.848,1429.1488428571429,0.07,0.07,0.5005295000000024,0.0,0.011200000000000002,0.0008000000000000001,1443.4496857142858,0.03,True,0.4290252857142877,-0.03773000000000001,1,2019-06-25 13:30:00,1429.355,news_close,False,0.9715752857142903,1.9410949518745362
-1,2019-07-01 15:30:00,2019-07-01 16:15:00,1391.585,1391.585,1384.2548714285715,0.12,0.12,0.5049445714285775,0.0,0.0192,0.005999999999994543,1376.924742857143,0.06,True,0.43980771428571186,0.0,1,2019-07-02 05:00:00,1391.685,sl,False,0.4338077142857173,0.8591194733679353
1,2019-08-05 14:30:00,2019-08-05 14:45:00,1467.028,1463.8087214285713,1473.4665571428575,0.16,0.16,0.515084571428597,0.0,0.0256,0.01599999999998545,1479.905114285715,0.08,False,0.0,0.0,0,2019-08-05 15:00:00,1463.7087214285714,sl,False,-0.5310845714285825,-1.031062860135005
1,2019-08-07 07:15:00,2019-08-07 07:30:00,1488.628,1488.628,1496.1590571428571,0.13,0.13,0.4895187142857185,0.0,0.020800000000000003,0.0,1503.6901142857143,0.06,True,0.4518634285714324,0.0,0,2019-08-07 13:45:00,1503.6901142857143,tp2,False,1.5062114285714416,3.076923076923077
1,2019-08-13 07:45:00,2019-08-13 08:15:00,1524.295,1524.295,1530.437571428572,0.17,0.17,0.5221185714286162,0.0,0.027200000000000002,0.0018000000000000002,1536.580142857144,0.08,True,0.4914057142857564,0.0,0,2019-08-13 12:00:00,1525.685,news_close,False,0.616505714285745,1.1807772180921807
-1,2019-08-14 12:30:00,2019-08-14 12:45:00,1513.238,1516.6153714285715,1506.4832571428572,0.15,0.15,0.5066057142857175,0.0,0.024,0.014999999999986358,1499.7285142857143,0.07,False,0.0,0.0,0,2019-08-14 13:30:00,1516.7153714285714,sl,False,-0.5216057142857039,-1.029608825121792
1,2019-08-26 10:00:00,2019-08-26 10:15:00,1529.745,1525.1404642857142,1534.5004642857143,0.11,0.11,0.5064989285714273,0.0,0.0176,0.0022,1539.2559285714287,0.05,False,0.0,0.0,0,2019-08-26 12:00:00,1531.4080000000001,news_close,False,0.1829300000000262,0.36116562085526527
1,2019-08-27 15:15:00,2019-08-27 18:45:00,1538.898,1533.2077928571427,1550.2784142857142,0.09,0.09,0.5121186428571445,0.0,0.0144,0.008999999999991815,1561.6588285714286,0.04,False,0.0,-0.048510000000000005,1,2019-08-28 02:30:00,1533.1077928571428,sl,False,-0.5696286428571364,-1.1122981965255938
1,2019-08-29 14:15:00,2019-08-29 14:30:00,1540.475,1536.9911142857143,1544.3111142857142,0.15,0.15,0.5225828571428451,0.0,0.024,0.014999999999986358,1548.1472285714285,0.07,False,0.0,0.0,0,2019-08-29 15:00:00,1536.8911142857144,sl,False,-0.5375828571428315,-1.028703582207034
-1,2019-09-30 15:15:00,2019-09-30 19:30:00,1474.395,1485.2907857142857,1456.6807857142858,0.04,0.04,0.43583142857142776,0.0,0.0064,0.0008,1438.9665714285716,0.02,False,0.0,0.0,1,2019-10-01 13:15:00,1466.125,news_close,False,0.33079999999999926,0.7590090533037017
1,2019-11-20 07:45:00,2019-11-20 09:30:00,1476.058,1472.8724928571428,1482.4290142857144,0.16,0.16,0.5096811428571527,0.0,0.0256,0.01599999999998545,1488.8000285714288,0.08,False,0.0,0.0,0,2019-11-20 12:00:00,1472.7724928571429,sl,False,-0.5256811428571382,-1.0313921757244013
-1,2019-12-13 13:45:00,2019-12-13 14:00:00,1469.885,1473.6633571428572,1466.023357142857,0.13,0.13,0.4911864285714364,0.0,0.020800000000000003,0.012999999999988177,1462.1617142857142,0.06,False,0.0,0.0,0,2019-12-13 14:30:00,1473.763357142857,sl,False,-0.5041864285714246,-1.026466529292752
-1,2019-12-13 15:15:00,2019-12-13 15:30:00,1470.968,1473.9878071428573,1466.1478071428571,0.17,0.17,0.5133672142857222,0.0,0.027200000000000002,0.01699999999998454,1461.3276142857142,0.08,False,0.0,0.0,0,2019-12-13 16:15:00,1474.0878071428572,sl,False,-0.5303672142857068,-1.0331146974853813
1,2020-01-06 08:45:00,2020-01-06 09:00:00,1574.915,1571.1484285714284,1582.448142857143,0.13,0.13,0.48965428571429814,0.0,0.020800000000000003,0.0026000000000000003,1589.981285714286,0.06,False,0.0,0.0,0,2020-01-06 14:15:00,1574.665,news_close,False,-0.0325,-0.0663733596298246
-1,2020-01-06 15:45:00,2020-01-06 16:00:00,1564.548,1574.0981142857145,1545.447771428571,0.05,0.05,0.4775057142857236,0.0,0.008,0.001,1526.3475428571421,0.02,False,0.0,0.0,1,2020-01-07 14:30:00,1567.318,news_close,False,-0.1384999999999991,-0.29004888497967857
1,2020-01-08 13:45:00,2020-01-08 14:30:00,1572.435,1567.6989285714285,1578.9389285714285,0.1,0.1,0.47360714285714495,0.0,0.016,0.002,1585.442857142857,0.05,False,0.0,0.0,0,2020-01-08 15:00:00,1573.445,news_close,False,0.10099999999999909,0.21325691878440253
-1,2020-01-09 15:30:00,2020-01-09 16:00:00,1548.695,1552.8193857142858,1541.1793857142857,0.12,0.12,0.4949262857143003,0.0,0.0192,0.0024,1533.6637714285714,0.06,False,0.0,0.0,0,2020-01-09 17:30:00,1550.875,news_close,False,-0.2616000000000076,-0.5285635609805094
1,2020-01-24 15:30:00,2020-01-24 15:45:00,1571.148,1571.148,1578.990692857143,0.06,0.06,0.4480384285714172,0.0,0.0096,0.0,1586.833385714286,0.03,True,0.23528078571428976,-0.03234,1,2020-01-26 23:00:00,1586.833385714286,tp2,False,0.6735023571428692,1.5032245320794244
1,2020-02-07 14:45:00,2020-02-07 15:00:00,1571.675,1567.4482214285715,1579.0282214285714,0.12,0.12,0.5072134285714128,0.0,0.0192,0.011999999999989085,1586.381442857143,0.06,False,0.0,0.0,0,2020-02-07 15:30:00,1567.3482214285716,sl,False,-0.5192134285714018,-1.02365867960907
1,2020-02-24 09:15:00,2020-02-24 09:45:00,1683.465,1679.2414214285714,1691.912157142857,0.12,0.12,0.5068294285714273,0.0,0.0192,0.011999999999989085,1700.3593142857142,0.06,False,0.0,0.0,0,2020-02-24 10:15:00,1679.1414214285714,sl,False,-0.5188294285714165,-1.0236766046395784
1,2020-02-24 10:45:00,2020-02-24 11:15:00,1682.865,1678.7006857142856,1691.193628571429,0.12,0.12,0.49971771428573447,0.0,0.0192,0.011999999999989085,1699.5222571428578,0.06,False,0.0,0.0,0,2020-02-24 12:00:00,1678.6006857142856,sl,False,-0.5117177142857235,-1.0240135573683657
-1,2020-02-25 09:45:00,2020-02-25 10:00:00,1651.185,1655.6537357142856,1643.1937357142858,0.11,0.11,0.4915609285714254,0.0,0.0176,0.010999999999989995,1635.2024714285717,0.05,False,0.0,0.0,0,2020-02-25 10:30:00,1655.7537357142855,sl,False,-0.5025609285714154,-1.0223776939146856
-1,2020-02-26 10:15:00,2020-02-26 10:45:00,1648.465,1648.465,1643.0714785714288,0.13,0.13,0.4939322142857486,0.0,0.0208,0.0,1637.6779571428576,0.06,True,0.3236112857142689,0.0,0,2020-02-26 13:30:00,1637.6779571428576,tp2,False,1.0787042857142297,2.1839115864797187
-1,2020-03-02 07:45:00,2020-03-02 08:00:00,1598.668,1604.2069714285713,1587.5900571428572,0.09,0.09,0.4985074285714222,0.0,0.0144,0.008999999999991815,1576.5121142857145,0.04,False,0.0,0.0,0,2020-03-02 08:15:00,1604.3069714285712,sl,False,-0.5075074285714141,-1.018053893451063
1,2020-03-03 11:15:00,2020-03-03 12:15:00,1601.435,1601.435,1604.7923428571428,0.15,0.15,0.48639857142859455,0.0,0.024,0.007999999999992723,1608.1496857142856,0.07,True,0.23501399999999878,0.0,0,2020-03-03 12:45:00,1601.335,sl,False,0.22701400000000604,0.4667242326252035
-1,2020-03-10 14:00:00,2020-03-10 14:30:00,1655.985,1661.6855142857141,1649.6885142857143,0.08,0.08,0.45604114285713876,0.0,0.0128,0.007999999999992725,1643.3920285714287,0.04,False,0.0,0.0,0,2020-03-10 17:30:00,1661.785514285714,sl,False,-0.4640411428571315,-1.0175422768872826
1,2020-03-26 10:15:00,2020-03-26 10:45:00,1612.988,1606.461042857143,1623.2540428571428,0.07,0.07,0.45688699999999705,0.0,0.011200000000000002,0.0014000000000000002,1633.5200857142856,0.03,False,0.0,0.0,0,2020-03-26 12:00:00,1619.548,news_close,False,0.4591999999999962,1.005062520929681
1,2020-03-30 07:15:00,2020-03-30 07:30:00,1617.185,1617.185,1623.3389928571428,0.14,0.14,0.47264099999999876,0.0,0.022400000000000003,0.006999999999993635,1629.4929857142856,0.07,True,0.43077949999999876,0.0,0,2020-03-30 12:00:00,1617.085,sl,False,0.42377950000000514,0.896620267814274
1,2020-04-14 14:15:00,2020-04-14 14:45:00,1738.855,1731.2483357142858,1754.0683285714285,0.06,0.06,0.4563998571428556,0.0,0.0096,0.005999999999994543,1769.281657142857,0.03,False,0.0,0.0,0,2020-04-14 14:45:00,1731.1483357142858,sl,False,-0.4623998571428501,-1.0131463669545289
-1,2020-04-15 12:45:00,2020-04-15 13:00:00,1716.698,1723.522207142857,1709.199207142857,0.07,0.07,0.4776944999999865,0.0,0.011200000000000002,0.006999999999993635,1701.7004142857138,0.03,False,0.0,0.0,0,2020-04-15 13:45:00,1723.622207142857,sl,False,-0.4846944999999801,-1.0146537169676306
-1,2020-04-17 10:15:00,2020-04-17 11:00:00,1688.698,1694.6468071428571,1676.800385714286,0.08,0.08,0.47590457142856396,0.0,0.0128,0.007999999999992725,1664.902771428572,0.04,False,0.0,0.0,0,2020-04-17 12:00:00,1694.746807142857,sl,False,-0.4839045714285567,-1.01681009277969
-1,2020-04-17 14:15:00,2020-04-17 14:45:00,1690.518,1702.1830285714286,1667.1879428571428,0.04,0.04,0.4666011428571437,0.0,0.0064,0.003999999999996362,1643.8578857142857,0.02,False,0.0,0.0,2,2020-04-20 16:00:00,1702.2830285714285,sl,False,-0.4706011428571401,-1.0085726322389679
1,2020-04-24 10:45:00,2020-04-24 11:00:00,1732.148,1728.0449999999998,1738.245,0.11,0.11,0.4513300000000072,0.0,0.0176,0.0022,1744.3419999999999,0.05,False,0.0,0.0,0,2020-04-24 12:00:00,1730.448,news_close,False,-0.18699999999998,-0.4143309773336073
-1,2020-04-27 09:45:00,2020-04-27 12:15:00,1718.798,1718.798,1712.256764285714,0.11,0.11,0.4560340714285644,0.0,0.017599999999999998,0.0,1705.7155285714282,0.05,True,0.32706178571429523,0.0,1,2020-04-28 00:15:00,1705.7155285714282,tp2,False,1.1120100714286036,2.438436382494712
-1,2020-05-21 08:30:00,2020-05-21 10:45:00,1734.758,1738.8161785714287,1730.2491785714287,0.12,0.12,0.4869814285714437,0.0,0.0192,0.011999999999989085,1725.7403571428574,0.06,False,0.0,0.0,0,2020-05-21 11:45:00,1738.9161785714286,sl,False,-0.49898142857143285,-1.0246415967754479
1,2020-06-24 09:00:00,2020-06-24 11:15:00,1774.068,1770.2108357142858,1781.7823285714283,0.12,0.12,0.46285971428569606,0.0,0.0192,0.011999999999989085,1789.4966571428565,0.06,False,0.0,0.0,0,2020-06-24 12:30:00,1770.110835714286,sl,False,-0.4748597142856852,-1.025925781893782
-1,2020-06-26 09:15:00,2020-06-26 09:30:00,1763.028,1766.8035928571428,1755.4768142857145,0.12,0.12,0.45307114285713396,0.0,0.0192,0.0024,1747.925628571429,0.06,False,0.0,0.0,0,2020-06-26 12:00:00,1762.555,news_close,False,0.05675999999999476,0.1252783385012291
1,2020-07-01 07:15:00,2020-07-01 07:30:00,1786.528,1783.2317214285713,1793.1205571428575,0.14,0.14,0.4614790000000221,0.0,0.022400000000000003,0.01399999999998727,1799.713114285715,0.07,False,0.0,0.0,0,2020-07-01 10:30:00,1783.1317214285714,sl,False,-0.4754790000000094,-1.0303372417812873
1,2020-07-07 14:15:00,2020-07-07 14:30:00,1791.888,1791.888,1809.3687285714282,0.05,0.05,0.43701821428570614,0.0,0.008,0.0006000000000000001,1826.8494571428564,0.02,True,0.3496145714285649,-0.02695,1,2020-07-08 14:00:00,1810.258,news_close,False,0.8737645714285684,1.99937792720313
1,2020-07-09 08:30:00,2020-07-09 09:00:00,1814.565,1811.5014214285716,1817.6414214285714,0.16,0.16,0.4901725714285567,0.0,0.0256,0.01599999999998545,1820.7178428571428,0.08,False,0.0,0.0,0,2020-07-09 10:30:00,1811.4014214285717,sl,False,-0.5061725714285421,-1.03264156530292
1,2020-07-09 12:45:00,2020-07-09 13:00:00,1809.825,1804.5029000000002,1817.5659,0.09,0.09,0.47898899999998773,0.0,0.0144,0.008999999999991815,1825.3068,0.04,False,0.0,0.0,0,2020-07-09 15:00:00,1804.4029000000003,sl,False,-0.4879889999999796,-1.018789575543472
1,2020-07-23 08:30:00,2020-07-23 09:00:00,1880.875,1875.2870785714285,1892.050842857143,0.08,0.08,0.44703371428571703,0.0,0.0128,0.0016,1903.2266857142858,0.04,False,0.0,0.0,0,2020-07-23 12:00:00,1878.208,news_close,False,-0.2133599999999933,-0.4772794381759458
1,2020-07-23 15:30:00,2020-07-23 16:00:00,1892.498,1883.8846214285713,1909.7247571428575,0.05,0.05,0.43066892857143557,0.0,0.008,0.0049999999999954525,1926.951514285715,0.02,False,0.0,0.0,0,2020-07-23 18:00:00,1883.7846214285714,sl,False,-0.435668928571431,-1.0116098461446497
1,2020-07-24 07:15:00,2020-07-24 10:15:00,1889.718,1889.718,1897.9140071428571,0.11,0.11,0.4525392142857413,0.0,0.0176,0.0012,1906.1100142857142,0.05,True,0.4098003571428535,0.0,0,2020-07-24 13:15:00,1902.328,news_close,False,1.1664003571428474,2.577456981233811
-1,2020-07-28 07:45:00,2020-07-28 08:15:00,1920.545,1938.7723214285716,1884.090357142857,0.02,0.02,0.3645464285714297,0.0,0.0032,0.001999999999998181,1847.6357142857141,0.01,False,0.0,0.0,0,2020-07-28 12:45:00,1938.8723214285715,sl,False,-0.3665464285714279,-1.0054862696305535
-1,2020-07-29 09:30:00,2020-07-29 09:45:00,1956.645,1959.6719142857141,1950.5911714285717,0.16,0.16,0.484306285714265,0.0,0.0256,0.01599999999998545,1944.5373428571434,0.08,False,0.0,0.0,0,2020-07-29 12:45:00,1959.771914285714,sl,False,-0.5003062857142504,-1.0330369447433214
1,2020-07-30 09:45:00,2020-07-30 10:00:00,1953.008,1949.0109285714286,1960.4739285714286,0.11,0.11,0.43967785714285584,0.0,0.0176,0.0022,1967.9398571428571,0.05,False,0.0,0.0,0,2020-07-30 12:00:00,1953.278,news_close,False,0.029699999999998,0.06754945585160128
1,2020-07-30 15:45:00,2020-07-30 16:00:00,1947.298,1947.298,1960.3411857142858,0.05,0.05,0.41449071428571643,0.0,0.008,0.0,1973.3843714285715,0.02,True,0.2608637142857151,-0.02695,1,2020-07-31 05:45:00,1973.3843714285715,tp2,False,1.0165048571428603,2.452418889273751
1,2020-08-05 09:00:00,2020-08-05 09:15:00,2035.525,2030.0105428571428,2046.5539142857147,0.08,0.08,0.44115657142858256,0.0,0.0128,0.0016,2057.582828571429,0.04,False,0.0,0.0,0,2020-08-05 11:45:00,2039.965,news_close,False,0.3551999999999862,0.805156316383895
1,2020-08-06 13:45:00,2020-08-06 14:15:00,2062.165,2054.9931214285716,2076.5087571428567,0.06,0.06,0.43031271428570106,0.0,0.0096,0.005999999999994543,2090.8525142857134,0.03,False,0.0,0.0,0,2020-08-06 14:30:00,2054.8931214285717,sl,False,-0.4363127142856956,-1.0139433481763473
1,2020-08-07 07:45:00,2020-08-07 08:00:00,2061.345,2056.283157142857,2069.160157142857,0.09,0.09,0.4555658571428603,0.0,0.0144,0.008999999999991815,2076.975314285714,0.04,False,0.0,0.0,0,2020-08-07 10:30:00,2056.183157142857,sl,False,-0.4645658571428521,-1.0197556508216759
-1,2020-08-11 07:45:00,2020-08-11 09:15:00,1997.505,1997.505,1978.2061714285715,0.05,0.05,0.4824707142857165,0.0,0.008,0.0006000000000000001,1958.9073428571428,0.02,True,0.38597657142857317,0.0,0,2020-08-11 12:00:00,1978.1950000000002,news_close,False,0.9652765714285716,2.0006946387567477
-1,2020-08-13 07:15:00,2020-08-13 07:30:00,1930.715,1936.1191357142857,1919.9067285714284,0.09,0.09,0.4863722142857182,0.0,0.0144,0.008999999999991815,1909.098457142857,0.04,False,0.0,0.0,0,2020-08-13 08:45:00,1936.2191357142856,sl,False,-0.49537221428571,-1.018504346538811
1,2020-08-14 08:15:00,2020-08-14 08:30:00,1949.665,1944.9746928571428,1959.0456142857142,0.1,0.1,0.4690307142857137,0.0,0.016,0.009999999999990905,1968.4262285714285,0.05,False,0.0,0.0,0,2020-08-14 09:45:00,1944.874692857143,sl,False,-0.4790307142857046,-1.021320565360458
1,2020-08-18 07:45:00,2020-08-18 10:15:00,2004.318,1998.1312857142857,2016.6914285714286,0.07,0.07,0.43307000000000023,0.0,0.011200000000000002,0.006999999999993635,2029.0648571428571,0.03,False,0.0,0.0,0,2020-08-18 14:00:00,1998.0312857142858,sl,False,-0.44006999999999385,-1.016163668690959
1,2020-08-18 15:45:00,2020-08-18 16:00:00,2001.408,1994.0235642857142,2016.1768714285713,0.06,0.06,0.443066142857142,0.0,0.0096,0.005999999999994543,2030.9457428571427,0.03,False,0.0,-0.03234,1,2020-08-19 00:30:00,1993.9235642857143,sl,False,-0.48140614285713657,-1.0865333553874292
1,2020-08-19 09:00:00,2020-08-19 09:15:00,1992.608,1986.8259214285715,2004.1721571428568,0.08,0.08,0.4625662857142743,0.0,0.0128,0.007999999999992725,2015.7363142857137,0.04,False,0.0,0.0,0,2020-08-19 09:45:00,1986.7259214285716,sl,False,-0.470566285714267,-1.017294818595868
-1,2020-08-26 09:30:00,2020-08-26 09:45:00,1919.365,1919.365,1914.4579142857142,0.1,0.1,0.4695914285714253,0.0,0.016,0.001,1909.5508285714284,0.05,True,0.24535428571429066,0.0,0,2020-08-26 12:00:00,1917.775,news_close,False,0.32485428571428654,0.6917806968976137
-1,2020-09-21 14:30:00,2020-09-21 14:45:00,1895.308,1915.6076214285713,1870.4246214285713,0.02,0.02,0.405992428571426,0.0,0.0032,0.001999999999998181,1845.5412428571426,0.01,False,0.0,0.0,0,2020-09-21 23:15:00,1915.7076214285712,sl,False,-0.4079924285714242,-1.0049262002422943
-1,2020-09-23 07:45:00,2020-09-23 08:15:00,1878.278,1883.0886142857144,1870.2286142857142,0.09,0.09,0.4329552857142903,0.0,0.0144,0.008999999999991815,1862.1792285714284,0.04,False,0.0,0.0,0,2020-09-23 09:00:00,1883.1886142857143,sl,False,-0.4419552857142821,-1.0207873660328308
-1,2020-09-24 08:45:00,2020-09-24 09:00:00,1854.448,1859.2763214285715,1846.6633214285714,0.09,0.09,0.4345489285714234,0.0,0.0144,0.008999999999991815,1838.8786428571427,0.04,False,0.0,0.0,0,2020-09-24 11:30:00,1859.3763214285714,sl,False,-0.4435489285714152,-1.0207111314934758
-1,2020-09-24 12:45:00,2020-09-24 13:00:00,1855.865,1861.8481214285714,1846.6151214285712,0.07,0.07,0.41881849999999765,0.0,0.011200000000000002,0.0014000000000000002,1837.3652428571424,0.03,False,0.0,0.0,0,2020-09-24 13:30:00,1857.778,news_close,False,-0.13391000000000078,-0.31973277207191547
-1,2020-09-24 14:30:00,2020-09-24 14:45:00,1858.905,1864.4610357142858,1847.7929285714283,0.08,0.08,0.4444828571428661,0.0,0.0128,0.007999999999992725,1836.6808571428567,0.04,False,0.0,0.0,0,2020-09-24 15:15:00,1864.5610357142857,sl,False,-0.45248285714285885,-1.0179984444201442
1,2020-10-01 15:30:00,2020-10-01 16:00:00,1908.955,1903.4741785714284,1916.9471785714286,0.08,0.08,0.43846571428572134,0.0,0.0128,0.007999999999992725,1924.9393571428573,0.04,False,0.0,0.0,0,2020-10-01 23:45:00,1903.3741785714285,sl,False,-0.4464657142857141,-1.0182454402689731
1,2020-10-09 14:00:00,2020-10-09 15:45:00,1922.228,1922.228,1931.5154071428572,0.07,0.07,0.42438149999999725,0.0,0.011200000000000002,0.003999999999996362,1940.8028142857142,0.03,True,0.2786222142857127,-0.03773000000000001,2,2020-10-12 01:00:00,1922.1280000000002,sl,False,0.23689221428571636,0.558205798993872
1,2020-10-12 10:00:00,2020-10-12 10:30:00,1921.958,1918.7070214285716,1928.459957142857,0.13,0.13,0.4226272142857056,0.0,0.020800000000000003,0.012999999999988177,1934.961914285714,0.06,False,0.0,0.0,0,2020-10-12 11:00:00,1918.6070214285717,sl,False,-0.4356272142856938,-1.030759968976347
1,2020-12-03 07:45:00,2020-12-03 08:15:00,1839.228,1834.2853142857143,1849.1133714285716,0.09,0.09,0.44484171428571695,0.0,0.0144,0.0018,1858.998742857143,0.04,False,0.0,0.0,0,2020-12-03 13:00:00,1841.195,news_close,False,0.17702999999998836,0.3979617790212092
-1,2020-12-09 10:15:00,2020-12-09 11:00:00,1859.835,1859.835,1856.5466142857144,0.13,0.13,0.4197198571428499,0.0,0.0208,0.0,1853.2582285714288,0.06,True,0.19730314285713574,0.0,0,2020-12-09 11:30:00,1853.2582285714288,tp2,False,0.6576771428571192,1.5669431209047648
1,2020-12-14 11:45:00,2020-12-14 12:00:00,1827.145,1823.6716785714286,1832.0016785714286,0.13,0.13,0.4515317857142759,0.0,0.020800000000000003,0.012999999999988177,1836.8583571428571,0.06,False,0.0,0.0,0,2020-12-14 12:45:00,1823.5716785714287,sl,False,-0.46453178571426407,-1.0287908856281813
1,2020-12-15 13:45:00,2020-12-15 14:00:00,1851.618,1845.356042857143,1864.141914285714,0.07,0.07,0.43833699999999004,0.0,0.011200000000000002,0.006999999999993635,1876.665828571428,0.03,False,0.0,0.0,0,2020-12-15 16:00:00,1845.256042857143,sl,False,-0.44533699999998366,-1.0159694481642978
1,2021-01-12 10:00:00,2021-01-12 10:30:00,1861.348,1857.4608785714286,1865.3808785714284,0.11,0.11,0.42758335714285295,0.0,0.0176,0.010999999999989995,1869.4137571428569,0.05,False,0.0,0.0,0,2021-01-12 12:15:00,1857.3608785714287,sl,False,-0.43858335714284297,-1.0257259779087122
1,2021-02-08 11:45:00,2021-02-08 12:00:00,1820.605,1820.605,1826.8040857142857,0.09,0.09,0.407782285714286,0.0,0.0144,0.0,1833.0031714285715,0.04,True,0.2479634285714292,0.0,0,2021-02-08 14:00:00,1833.0031714285715,tp2,False,0.8678720000000021,2.128272929952822
1,2021-02-15 12:30:00,2021-02-15 12:45:00,1822.515,1819.0698714285713,1826.7398714285714,0.13,0.13,0.4478667142857398,0.0,0.020800000000000003,0.012999999999988177,1830.9647428571427,0.06,False,0.0,0.0,0,2021-02-15 13:45:00,1818.9698714285714,sl,False,-0.460866714285728,-1.0290264928947013
-1,2021-02-18 10:15:00,2021-02-18 10:30:00,1783.186,1787.8748857142857,1774.5178857142857,0.09,0.09,0.421999714285721,0.0,0.0144,0.0018,1765.8497714285716,0.04,False,0.0,0.0,0,2021-02-18 13:00:00,1784.2450000000001,news_close,False,-0.09531000000001767,-0.2258532334822546
-1,2022-03-10 12:15:00,2022-03-10 12:30:00,2003.968,2008.1604571428572,1995.5830857142857,0.1,0.1,0.41924571428571655,0.0,0.016,0.009999999999990905,1987.1981714285714,0.05,False,0.0,0.0,0,2022-03-10 12:30:00,2008.2604571428571,sl,False,-0.42924571428570746,-1.0238523607021917
-1,2022-03-10 14:00:00,2022-03-10 14:15:00,2000.145,2009.5753,1981.5913,0.04,0.04,0.37721199999999955,0.0,0.0064,0.0008,1963.0376,0.02,False,0.0,0.0,0,2022-03-10 17:30:00,1999.942,news_close,False,0.008119999999998982,0.021526356531602897
-1,2022-09-16 08:00:00,2022-09-16 08:30:00,1656.755,1661.390692857143,1649.439692857143,0.09,0.09,0.41721235714285965,0.0,0.0144,0.008999999999991815,1642.1243857142858,0.04,False,0.0,0.0,0,2022-09-16 09:00:00,1661.490692857143,sl,False,-0.4262123571428515,-1.021571748405597
-1,2022-10-18 07:15:00,2022-10-18 07:30:00,1653.478,1656.8418642857143,1649.4818642857144,0.13,0.13,0.4373023571428553,0.0,0.020800000000000003,0.012999999999988177,1645.4857285714288,0.06,False,0.0,0.0,0,2022-10-18 07:45:00,1656.9418642857142,sl,False,-0.45030235714284345,-1.029727715361345
-1,2022-10-20 08:30:00,2022-10-20 09:00:00,1630.427,1633.4819,1626.8309,0.14,0.14,0.42768600000001245,0.0,0.022400000000000003,0.01399999999998727,1623.2348,0.07,False,0.0,0.0,0,2022-10-20 09:15:00,1633.5819,sl,False,-0.44168599999999975,-1.0327342957215968
-1,2023-04-10 12:15:00,2023-04-10 12:30:00,1999.685,1999.685,1992.9008285714285,0.12,0.12,0.40705028571428553,0.0,0.0192,0.0,1986.116657142857,0.06,True,0.40705028571428553,0.0,0,2023-04-10 14:00:00,1986.116657142857,tp2,False,1.2211508571428566,3.0
1,2023-04-13 12:45:00,2023-04-13 14:30:00,2037.218,2026.1248214285713,2049.4478214285714,0.03,0.03,0.3327953571428634,0.0,0.0048,0.0006,2061.677642857143,0.01,False,0.0,0.0,0,2023-04-13 16:30:00,2039.544,news_close,False,0.06978000000000065,0.20967840597020493
1,2023-04-14 10:00:00,2023-04-14 10:30:00,2038.385,2034.668742857143,2045.8175142857142,0.11,0.11,0.40878828571428133,0.0,0.0176,0.010999999999989995,2053.2500285714286,0.05,False,0.0,0.0,0,2023-04-14 11:00:00,2034.568742857143,sl,False,-0.4197882857142713,-1.0269087945628617
-1,2023-04-21 11:15:00,2023-04-21 11:30:00,1986.965,1991.4150571428572,1981.8880571428572,0.09,0.09,0.4005051428571573,0.0,0.0144,0.008999999999991815,1976.8111142857144,0.04,False,0.0,0.0,0,2023-04-21 13:00:00,1991.5150571428571,sl,False,-0.4095051428571492,-1.02247162155219
1,2023-05-03 15:15:00,2023-05-03 15:30:00,2022.375,2022.375,2027.8128499999998,0.08,0.08,0.3978520000000026,0.0,0.0128,0.0008,2033.2506999999996,0.04,True,0.21751399999999194,0.0,0,2023-05-03 17:30:00,2027.885,news_close,False,0.4379139999999916,1.1006957361028442
1,2023-05-04 11:15:00,2023-05-04 11:30:00,2042.315,2038.7279571428571,2047.0879571428572,0.12,0.12,0.4304451428571519,0.0,0.0192,0.0024,2051.8609142857144,0.06,False,0.0,0.0,0,2023-05-04 12:00:00,2041.815,news_close,False,-0.06,-0.13939058436515261
-1,2023-05-08 13:15:00,2023-05-08 13:45:00,2022.924,2027.0397071428572,2015.6007071428571,0.1,0.1,0.41157071428572184,0.0,0.016,0.009999999999990905,2008.2774142857143,0.05,False,0.0,0.0,0,2023-05-08 15:15:00,2027.139707142857,sl,False,-0.42157071428571274,-1.0242971612237908
-1,2023-12-05 10:15:00,2023-12-05 11:00:00,2027.395,2027.395,2021.7485,0.13,0.13,0.42048500000000333,0.0,0.0208,0.006999999999993635,2016.1019999999999,0.06,True,0.3387900000000036,0.0,0,2023-12-05 13:00:00,2027.495,sl,False,0.33179000000000997,0.7890650082642837
1,2023-12-22 11:30:00,2023-12-22 11:45:00,2059.575,2054.9174642857142,2068.890071428571,0.09,0.09,0.4191782142857028,0.0,0.0144,0.0018,2078.205142857142,0.04,False,0.0,0.0,0,2023-12-22 13:00:00,2060.015,news_close,False,0.03960000000000491,0.09447055846517445
-1,2024-01-03 12:15:00,2024-01-03 12:45:00,2046.195,2046.195,2038.1597,0.1,0.1,0.40176500000000037,0.0,0.016,0.001,2030.1244,0.05,True,0.40176500000000037,0.0,0,2024-01-03 14:30:00,2037.2050000000002,news_close,False,0.8512649999999895,2.118813236593503
-1,2024-01-16 09:15:00,2024-01-16 09:30:00,2040.985,2040.985,2036.8401571428572,0.12,0.12,0.4266188571428756,0.0,0.0192,0.0,2032.6953142857144,0.06,True,0.2486905714285649,0.0,0,2024-01-16 13:00:00,2032.6953142857144,tp2,False,0.7460717142856947,1.7488015398152774
-1,2024-03-01 08:45:00,2024-03-01 09:00:00,2040.455,2043.890764285714,2036.7707642857142,0.13,0.13,0.44664935714284415,0.0,0.020800000000000003,0.012999999999988177,2033.0865285714285,0.06,False,0.0,0.0,0,2024-03-01 09:15:00,2043.990764285714,sl,False,-0.4596493571428323,-1.0291056055317025
1,2024-03-05 08:30:00,2024-03-05 08:45:00,2120.205,2120.205,2132.399485714285,0.07,0.07,0.4268069999999853,0.0,0.011200000000000002,0.0008000000000000001,2144.5939714285705,0.03,True,0.36583457142855874,0.0,0,2024-03-05 14:15:00,2130.125,news_close,False,0.7626345714285617,1.7868370749040856
1,2024-03-08 13:45:00,2024-03-08 14:00:00,2170.475,2155.3076428571426,2200.8097142857146,0.03,0.03,0.4550207142857198,0.0,0.0048,0.0006,2231.144428571429,0.01,False,0.0,-0.03234,3,2024-03-12 12:00:00,2171.795,news_close,False,0.007260000000004908,0.015955317575819545
1,2024-03-13 15:15:00,2024-03-13 16:00:00,2170.445,2166.2771785714285,2178.7806428571434,0.1,0.1,0.41678214285716425,0.0,0.016,0.002,2187.1162857142867,0.05,False,0.0,0.0,0,2024-03-13 16:30:00,2173.315,news_close,False,0.2869999999999891,0.6886091568907431
1,2024-03-21 10:15:00,2024-03-21 10:30:00,2209.095,2203.6368142857145,2220.0113714285703,0.08,0.08,0.43665485714282115,0.0,0.0128,0.0016,2230.927742857141,0.04,False,0.0,0.0,0,2024-03-21 12:00:00,2207.3650000000002,news_close,False,-0.13839999999996508,-0.3169551368455228
1,2024-03-26 11:00:00,2024-03-26 11:15:00,2196.265,2192.2965642857143,2204.201871428571,0.11,0.11,0.43652792857140865,0.0,0.0176,0.0022,2212.138742857142,0.05,False,0.0,0.0,0,2024-03-26 12:00:00,2196.3650000000002,news_close,False,0.011000000000040018,0.02519884589295093
1,2024-04-02 14:15:00,2024-04-02 14:30:00,2270.475,2260.4332142857143,2290.558571428571,0.04,0.04,0.40167142857142607,0.0,0.0064,0.003999999999996362,2310.6421428571425,0.02,False,0.0,0.0,0,2024-04-02 14:45:00,2260.3332142857143,sl,False,-0.40567142857142247,-1.0099583881637355
1,2024-04-03 08:45:00,2024-04-03 09:00:00,2272.978,2267.294664285714,2284.344671428572,0.07,0.07,0.3978335000000152,0.0,0.011200000000000002,0.0014000000000000002,2295.711342857144,0.03,False,0.0,0.0,0,2024-04-03 11:45:00,2270.428,news_close,False,-0.17850000000001276,-0.44868016393794374
1,2024-04-04 14:15:00,2024-04-04 15:30:00,2291.665,2291.665,2304.3561714285715,0.06,0.06,0.4469297142856976,0.0,0.0096,0.0029999999999972713,2317.047342857143,0.03,True,0.3807351428571474,0.0,0,2024-04-04 19:00:00,2291.565,sl,False,0.3777351428571501,0.8451779570326012
1,2024-04-05 14:45:00,2024-04-05 15:00:00,2315.845,2315.845,2350.1027,0.02,0.02,0.34257700000000113,0.0,0.0032,0.0002,2384.3604,0.01,True,0.34257700000000113,-0.021560000000000003,4,2024-04-10 12:00:00,2346.895,news_close,False,0.631517000000003,1.8434308199324558
-1,2024-04-10 15:15:00,2024-04-10 15:30:00,2337.445,2353.200657142857,2319.6306571428568,0.02,0.02,0.31511314285713526,0.0,0.0032,0.0004,2301.8163142857134,0.01,False,0.0,0.0,0,2024-04-10 16:30:00,2336.698,news_close,False,0.014940000000005966,0.047411541976779444
-1,2024-04-11 08:15:00,2024-04-11 09:30:00,2333.418,2339.760142857143,2320.7337142857145,0.07,0.07,0.4439499999999953,0.0,0.011200000000000002,0.0014000000000000002,2308.049428571429,0.03,False,0.0,0.0,0,2024-04-11 12:00:00,2337.315,news_close,False,-0.2727899999999954,-0.6144610879603521
1,2024-04-12 07:00:00,2024-04-12 07:30:00,2393.355,2393.355,2406.8214000000003,0.06,0.06,0.40399200000000746,0.0,0.0096,0.0,2420.2878000000005,0.03,True,0.40399200000000746,0.0,0,2024-04-12 14:45:00,2420.2878000000005,tp2,False,1.2119760000000224,3.0
1,2024-04-16 08:30:00,2024-04-16 08:45:00,2369.755,2364.5885785714286,2380.087842857143,0.09,0.09,0.4649779285714385,0.0,0.0144,0.008999999999991815,2390.4206857142863,0.04,False,0.0,0.0,0,2024-04-16 14:15:00,2364.4885785714287,sl,False,-0.4739779285714303,-1.0193557574391598
1,2024-04-17 07:00:00,2024-04-17 07:15:00,2378.758,2378.758,2384.899342857142,0.15,0.15,0.4606007142856697,0.0,0.024,0.0,2391.0406857142843,0.07,True,0.4298939999999584,0.0,0,2024-04-17 08:30:00,2391.0406857142843,tp2,False,1.4125088571427202,3.0666666666666664
-1,2024-04-18 07:30:00,2024-04-18 07:45:00,2377.525,2381.094557142857,2372.8145571428568,0.13,0.13,0.46404242857139255,0.0,0.020800000000000003,0.012999999999988177,2368.1041142857134,0.06,False,0.0,0.0,0,2024-04-18 10:15:00,2381.194557142857,sl,False,-0.47704242857138074,-1.0280146796921354
1,2024-04-19 11:45:00,2024-04-19 12:00:00,2376.435,2376.435,2384.3638000000005,0.12,0.12,0.4757280000000355,0.0,0.0192,0.0,2392.292600000001,0.06,True,0.4757280000000355,0.0,0,2024-04-19 15:00:00,2392.292600000001,tp2,False,1.4271840000001066,3.0
-1,2024-04-24 09:30:00,2024-04-24 09:45:00,2315.075,2319.5166214285714,2306.1917571428567,0.11,0.11,0.48857835714287373,0.0,0.0176,0.0022,2297.3085142857135,0.05,False,0.0,0.0,0,2024-04-24 12:00:00,2316.1949999999997,news_close,False,-0.123199999999988,-0.25216016673444447
-1,2024-05-02 09:30:00,2024-05-02 09:45:00,2301.908,2301.908,2295.7557285714283,0.13,0.13,0.4816147142856926,0.0,0.0208,0.006999999999993635,2289.6034571428568,0.06,True,0.36913628571429397,0.0,0,2024-05-02 11:00:00,2302.008,sl,False,0.36213628571430034,0.7519211414696978
1,2024-05-10 07:00:00,2024-05-10 07:15:00,2368.375,2360.701442857143,2383.7221142857143,0.06,0.06,0.4604134285714281,0.0,0.0096,0.005999999999994543,2399.0692285714285,0.03,False,0.0,0.0,0,2024-05-10 13:00:00,2360.601442857143,sl,False,-0.4664134285714226,-1.0130317658601125
-1,2024-05-13 08:30:00,2024-05-13 11:30:00,2344.535,2344.535,2338.423757142857,0.08,0.08,0.4817405714285633,0.0,0.0128,0.0,2332.3125142857143,0.04,True,0.2444497142857108,0.0,0,2024-05-13 15:30:00,2332.3125142857143,tp2,False,0.7333491428571324,1.5222905986150261
1,2024-05-15 08:30:00,2024-05-15 09:45:00,2368.405,2362.000742857143,2378.1107428571427,0.07,0.07,0.44829800000000436,0.0,0.011200000000000002,0.006999999999993635,2387.816485714285,0.03,False,0.0,0.0,0,2024-05-15 11:45:00,2361.900742857143,sl,False,-0.455297999999998,-1.0156146134936885
1,2024-05-16 07:30:00,2024-05-16 08:15:00,2387.955,2384.304692857143,2391.7946928571428,0.13,0.13,0.4745399285714029,0.0,0.020800000000000003,0.012999999999988177,2395.6343857142856,0.06,False,0.0,0.0,0,2024-05-16 09:15:00,2384.204692857143,sl,False,-0.4875399285713911,-1.0273949550233308
1,2024-05-16 11:00:00,2024-05-16 11:15:00,2384.305,2380.568871428571,2391.7772571428573,0.13,0.13,0.485696714285732,0.0,0.020800000000000003,0.0026000000000000003,2399.2495142857147,0.06,False,0.0,0.0,0,2024-05-16 12:00:00,2384.465,news_close,False,0.0208000000000402,0.04282507867204492
1,2024-05-16 15:30:00,2024-05-16 16:00:00,2379.748,2379.748,2391.5248785714284,0.06,0.06,0.43578728571429565,0.0,0.0096,0.0,2403.301757142857,0.03,True,0.3533063571428511,-0.03234,1,2024-05-17 13:15:00,2403.301757142857,tp2,False,1.027579071428553,2.357983137906963
1,2024-05-17 14:45:00,2024-05-17 15:00:00,2408.785,2408.785,2417.2233857142855,0.05,0.05,0.4170807142857029,0.0,0.008,0.0287099999999964,2425.6617714285712,0.02,True,0.16876771428571374,0.0,0,2024-05-17 15:15:00,2407.828,sl_gap,False,0.14005771428571734,0.3358048202386479
1,2024-05-20 09:15:00,2024-05-20 09:30:00,2443.408,2437.244114285714,2455.7357714285713,0.08,0.08,0.49311085714285585,0.0,0.0128,0.007999999999992725,2468.0635428571427,0.04,False,0.0,0.0,0,2024-05-20 10:30:00,2437.1441142857143,sl,False,-0.5011108571428485,-1.0162235324655913
1,2024-05-20 15:00:00,2024-05-20 15:30:00,2421.498,2421.498,2430.649742857143,0.08,0.08,0.461460571428579,0.0,0.0128,0.003999999999996362,2439.8014857142857,0.04,True,0.36606971428571344,-0.021560000000000003,1,2024-05-21 01:45:00,2421.398,sl,False,0.3405097142857171,0.7378955762820103
1,2024-05-21 11:00:00,2024-05-21 11:15:00,2418.715,2418.715,2426.028628571429,0.13,0.13,0.4753858571428873,0.0,0.020800000000000003,0.0,2433.342257142858,0.06,True,0.4388177142857421,0.0,0,2024-05-21 15:00:00,2433.342257142858,tp2,False,1.4627257142858072,3.0769230769230775
-1,2024-05-22 10:30:00,2024-05-22 10:45:00,2415.945,2415.945,2408.838128571429,0.14,0.14,0.4974809999999798,0.0,0.022400000000000003,0.0014000000000000002,2401.731257142858,0.07,True,0.4974809999999798,0.0,0,2024-05-22 13:30:00,2410.895,news_close,False,0.8509809999999925,1.710579901544033
1,2024-07-05 14:45:00,2024-07-05 15:00:00,2380.108,2380.108,2386.875478571428,0.09,0.09,0.4781269285714734,0.0,0.0144,0.0049999999999954525,2393.642957142856,0.04,True,0.27069914285712005,-0.026949999999999998,2,2024-07-08 06:30:00,2380.0080000000003,sl,False,0.2387491428571246,0.49934259835656775
1,2024-07-11 09:15:00,2024-07-11 09:45:00,2382.625,2379.5577642857143,2386.280764285714,0.17,0.17,0.5214300714285764,0.0,0.027200000000000002,0.01699999999998454,2389.9365285714284,0.08,False,0.0,0.0,0,2024-07-11 11:45:00,2379.4577642857143,sl,False,-0.538430071428561,-1.032602645937564
1,2024-07-16 09:45:00,2024-07-16 10:00:00,2441.845,2437.85665,2449.68665,0.12,0.12,0.4786019999999553,0.0,0.0192,0.0024,2457.5283000000004,0.06,False,0.0,0.0,0,2024-07-16 12:00:00,2439.405,news_close,False,-0.292799999999952,-0.6117818145347895
1,2024-07-16 13:45:00,2024-07-16 14:00:00,2440.905,2440.905,2449.5074,0.07,0.07,0.481432000000018,0.0,0.011200000000000002,0.0,2458.1097999999997,0.03,True,0.2580719999999928,0.0,0,2024-07-16 15:15:00,2458.1097999999997,tp2,False,0.9462639999999738,1.965519533391919
1,2024-07-17 07:45:00,2024-07-17 09:15:00,2470.645,2470.645,2481.9786357142857,0.08,0.08,0.5026691428571212,0.0,0.0128,0.003999999999996362,2493.3122714285714,0.04,True,0.4533454285714288,0.0,0,2024-07-17 14:00:00,2470.545,sl,False,0.44934542857143245,0.8939188628476337
-1,2024-07-22 14:30:00,2024-07-22 15:00:00,2389.015,2395.196214285714,2378.1592142857144,0.08,0.08,0.49449714285714436,0.0,0.0128,0.007999999999992725,2367.303428571429,0.04,False,0.0,0.0,0,2024-07-22 17:15:00,2395.296214285714,sl,False,-0.5024971428571371,-1.016178051007069
1,2024-07-31 09:00:00,2024-07-31 09:15:00,2419.495,2415.0105714285714,2424.0905714285714,0.11,0.11,0.49328714285712977,0.0,0.0176,0.0022,2428.686142857143,0.05,False,0.0,0.0,0,2024-07-31 11:45:00,2420.815,news_close,False,0.145200000000018,0.2943518842980915
-1,2024-08-14 15:45:00,2024-08-14 16:00:00,2445.185,2452.154828571429,2437.9548285714286,0.07,0.07,0.4878880000000254,0.0,0.011200000000000002,0.006999999999993635,2430.7246571428573,0.03,False,0.0,0.0,1,2024-08-15 00:30:00,2452.254828571429,sl,False,-0.4948880000000191,-1.0143475551765841
1,2024-08-16 10:15:00,2024-08-16 10:45:00,2464.755,2464.755,2467.9886857142856,0.16,0.16,0.5002102857142745,0.0,0.0256,0.0,2471.222371428571,0.08,True,0.2586948571428366,0.0,0,2024-08-16 11:45:00,2471.222371428571,tp2,False,0.7760845714285097,1.5515166192960246
1,2024-08-16 13:00:00,2024-08-16 13:15:00,2484.985,2484.985,2510.5397285714294,0.04,0.04,0.5110945714285845,0.0,0.0064,0.0004,2536.0944571428586,0.02,True,0.5110945714285845,-0.0539,4,2024-08-21 14:00:00,2502.844,news_close,False,0.814374571428583,1.5933931153921013
-1,2024-08-22 11:00:00,2024-08-22 11:15:00,2505.875,2505.875,2500.9479071428573,0.15,0.15,0.5093860714285711,0.0,0.024,0.0015999999999999999,2496.0208142857146,0.07,True,0.3448964999999908,0.0,0,2024-08-22 12:00:00,2499.645,news_close,False,0.8432964999999921,1.6555154278855146
-1,2024-08-22 14:15:00,2024-08-22 14:45:00,2478.605,2490.7206142857144,2462.7006142857144,0.04,0.04,0.484624571428576,0.0,0.0064,0.003999999999996362,2446.796228571429,0.02,False,0.0,0.0,1,2024-08-23 00:30:00,2490.8206142857143,sl,False,-0.4886245714285724,-1.0082538117871431
1,2024-08-26 08:15:00,2024-08-26 11:15:00,2522.428,2518.7364428571427,2529.811114285714,0.14,0.14,0.516818000000003,0.0,0.022400000000000003,0.0028000000000000004,2537.1942285714285,0.07,False,0.0,0.0,0,2024-08-26 12:00:00,2526.405,news_close,False,0.5567800000000444,1.0773231582492118
1,2024-09-02 14:45:00,2024-09-02 15:00:00,2500.915,2497.3466,2504.6065999999996,0.15,0.15,0.5352600000000166,0.0,0.024,0.014999999999986358,2508.2981999999993,0.07,False,0.0,0.0,0,2024-09-02 23:45:00,2497.2466,sl,False,-0.550260000000003,-1.0280237641519745
1,2024-09-03 11:00:00,2024-09-03 11:15:00,2496.898,2492.2923571428573,2504.572357142857,0.11,0.11,0.5066207142857092,0.0,0.0176,0.010999999999989995,2512.246714285714,0.05,False,0.0,0.0,0,2024-09-03 11:30:00,2492.1923571428574,sl,False,-0.5176207142856992,-1.0217124955411645
1,2024-09-03 12:15:00,2024-09-03 12:30:00,2492.365,2484.1186428571427,2504.3686428571427,0.06,0.06,0.494781428571423,0.0,0.0096,0.0012,2516.3722857142857,0.03,False,0.0,0.0,0,2024-09-03 13:15:00,2493.735,news_close,False,0.08220000000002073,0.16613396391484597
-1,2024-09-04 08:15:00,2024-09-04 08:30:00,2481.335,2481.335,2473.789285714286,0.14,0.14,0.5281999999999789,0.0,0.022400000000000003,0.006999999999993635,2466.243571428572,0.07,True,0.5281999999999789,0.0,0,2024-09-04 09:45:00,2481.435,sl,False,0.5211999999999852,0.9867474441499546
1,2024-09-12 13:45:00,2024-09-12 14:00:00,2543.644,2530.2296071428573,2570.472785714285,0.04,0.04,0.5365757142857001,0.0,0.0064,0.0008,2597.30157142857,0.02,False,0.0,0.0,0,2024-09-12 16:30:00,2545.465,news_close,False,0.0728400000000147,0.1357497144591807
1,2024-09-13 07:45:00,2024-09-13 08:00:00,2568.495,2568.495,2578.496757142857,0.1,0.1,0.500087857142853,0.0,0.016,0.0,2588.498514285714,0.05,True,0.500087857142853,-0.02695,2,2024-09-16 03:00:00,2588.498514285714,tp2,False,1.473313571428559,2.9461094693361023
1,2024-09-16 08:30:00,2024-09-16 09:00:00,2586.415,2580.9792142857145,2597.286571428571,0.1,0.1,0.543578571428543,0.0,0.016,0.009999999999990905,2608.1581428571417,0.05,False,0.0,0.0,0,2024-09-16 10:30:00,2580.8792142857146,sl,False,-0.553578571428534,-1.0183966045124084
-1,2024-09-17 15:30:00,2024-09-17 17:45:00,2568.925,2577.5280714285714,2551.718857142858,0.06,0.06,0.516184285714271,0.0,0.0096,0.005999999999994543,2534.5127142857154,0.03,False,0.0,0.0,1,2024-09-18 10:30:00,2577.6280714285713,sl,False,-0.5221842857142656,-1.0116237556354357
1,2024-09-20 07:00:00,2024-09-20 07:45:00,2604.835,2604.835,2620.3574714285714,0.07,0.07,0.5432864999999993,0.0,0.011200000000000002,0.0,2635.879942857143,0.03,True,0.4656741428571422,-0.04312000000000001,3,2024-09-24 03:30:00,2635.879942857143,tp2,False,1.664351857142855,3.063488338368167
-1,2024-09-30 10:45:00,2024-09-30 11:30:00,2641.385,2649.18995,2625.7751000000007,0.07,0.07,0.5463464999999815,0.0,0.011200000000000002,0.0014000000000000002,2610.1652000000013,0.03,False,0.0,0.0,0,2024-09-30 13:15:00,2639.055,news_close,False,0.16310000000002675,0.29852849794046865
1,2024-10-02 07:15:00,2024-10-02 08:00:00,2651.895,2647.8234714285713,2660.0380571428573,0.13,0.13,0.5292987142857237,0.0,0.020800000000000003,0.0026000000000000003,2668.1811142857146,0.06,False,0.0,0.0,0,2024-10-02 11:45:00,2650.695,news_close,False,-0.15599999999997635,-0.2947296031325047
1,2024-10-02 15:45:00,2024-10-02 16:00:00,2648.745,2648.745,2659.92645,0.06,0.06,0.5015729999999803,0.0,0.0096,0.0029999999999972713,2671.1079,0.03,True,0.3354435000000012,-0.04851,1,2024-10-03 07:15:00,2648.645,sl,False,0.28393350000000395,0.5660860931509772
1,2024-10-03 09:45:00,2024-10-03 10:00:00,2644.668,2641.619078571429,2650.7658428571426,0.18,0.18,0.5488058571428246,0.0,0.0288,0.0036,2656.863685714285,0.09,False,0.0,0.0,0,2024-10-03 12:00:00,2647.928,news_close,False,0.5867999999999575,1.0692305709981609
-1,2024-10-08 15:30:00,2024-10-08 15:45:00,2610.915,2621.6095714285716,2589.5258571428567,0.05,0.05,0.5347285714285818,0.0,0.008,0.0049999999999954525,2568.1367142857134,0.02,False,0.0,0.0,0,2024-10-08 19:45:00,2621.7095714285715,sl,False,-0.5397285714285772,-1.0093505383238406
-1,2024-10-09 11:45:00,2024-10-09 12:00:00,2619.395,2619.395,2616.2087071428573,0.18,0.18,0.5628072857142524,0.0,0.0288,0.008999999999991815,2613.0224142857146,0.09,True,0.286766357142842,0.0,0,2024-10-09 13:00:00,2619.495,sl,False,0.2777663571428502,0.4935372447965737
1,2024-10-11 07:45:00,2024-10-11 08:00:00,2643.538,2638.7584500000003,2648.72845,0.11,0.11,0.5257504999999719,0.0,0.0176,0.010999999999989995,2653.9189,0.05,False,0.0,0.0,0,2024-10-11 09:15:00,2638.6584500000004,sl,False,-0.5367504999999619,-1.0209224717807983
1,2024-10-16 11:30:00,2024-10-16 12:15:00,2677.835,2677.835,2685.155035714286,0.11,0.11,0.5593460714285675,0.0,0.0176,0.005999999999994543,2692.475071428572,0.05,True,0.36600178571429753,0.0,0,2024-10-16 13:45:00,2677.735,sl,False,0.36000178571430297,0.643611896289644
1,2024-10-17 10:30:00,2024-10-17 11:15:00,2685.455,2678.739607142857,2698.8857857142857,0.08,0.08,0.537231428571431,0.0,0.0128,0.0016,2712.3165714285715,0.04,False,0.0,0.0,0,2024-10-17 12:00:00,2681.145,news_close,False,-0.34479999999999567,-0.6418090633991094
1,2024-10-18 14:30:00,2024-10-18 14:45:00,2716.015,2716.015,2724.860842857142,0.12,0.12,0.5307505714285252,0.0,0.0192,0.0,2733.706685714284,0.06,True,0.5307505714285252,-0.06468,2,2024-10-21 09:00:00,2733.706685714284,tp2,False,1.5275717142855756,2.8781348462312293
1,2024-10-21 09:15:00,2024-10-21 10:00:00,2733.475,2730.1981142857144,2740.028771428571,0.17,0.17,0.5570705714285396,0.0,0.027200000000000002,0.01699999999998454,2746.582542857142,0.08,False,0.0,0.0,0,2024-10-21 10:15:00,2730.0981142857145,sl,False,-0.5740705714285241,-1.0305167798693622
1,2024-10-21 11:00:00,2024-10-21 12:00:00,2732.985,2727.3344571428574,2744.2860857142855,0.1,0.1,0.5650542857142682,0.0,0.016,0.009999999999990905,2755.587171428571,0.05,False,0.0,0.0,0,2024-10-21 14:30:00,2727.2344571428575,sl,False,-0.5750542857142591,-1.0176974146605227
1,2024-10-22 08:30:00,2024-10-22 09:00:00,2734.295,2731.1313714285716,2740.1443714285715,0.17,0.17,0.5378168571428432,0.0,0.027200000000000002,0.01699999999998454,2745.993742857143,0.08,False,0.0,0.0,0,2024-10-22 09:30:00,2731.0313714285717,sl,False,-0.5548168571428278,-1.0316092732576239
1,2024-10-22 10:15:00,2024-10-22 11:15:00,2734.155,2734.155,2740.1548000000003,0.11,0.11,0.5217519999999877,0.0,0.0176,0.005999999999994543,2746.1546000000003,0.05,True,0.29999000000000253,0.0,0,2024-10-22 14:00:00,2734.0550000000003,sl,False,0.29399000000000797,0.5634669344823113
1,2024-10-22 15:00:00,2024-10-22 15:15:00,2741.418,2741.418,2750.885785714286,0.11,0.11,0.520728214285732,0.0,0.0176,0.005999999999994543,2760.353571428572,0.05,True,0.4733892857143019,-0.05929,1,2024-10-23 12:45:00,2741.318,sl,False,0.4080992857143073,0.7837088033996495
-1,2024-10-23 15:15:00,2024-10-23 15:30:00,2713.605,2721.6940142857143,2702.314014285714,0.07,0.07,0.566230999999998,0.0,0.011200000000000002,0.006999999999993635,2691.0230285714283,0.03,False,0.0,0.0,0,2024-10-23 15:45:00,2721.794014285714,sl,False,-0.5732309999999916,-1.0123624457156064
-1,2024-10-25 08:30:00,2024-10-25 10:00:00,2721.955,2727.182835714286,2714.4428357142856,0.1,0.1,0.5227835714285902,0.0,0.016,0.009999999999990905,2706.9306714285713,0.05,False,0.0,0.0,0,2024-10-25 11:30:00,2727.2828357142857,sl,False,-0.5327835714285811,-1.019128374621001
1,2024-10-29 14:15:00,2024-10-29 14:30:00,2765.725,2765.725,2777.8775571428564,0.09,0.09,0.5468650714285422,0.0,0.0144,0.001,2790.030114285713,0.04,True,0.4861022857142598,-0.048510000000000005,1,2024-10-30 11:45:00,2781.255,news_close,False,1.2140922857142697,2.220094771353326
1,2024-10-30 12:45:00,2024-10-30 13:15:00,2780.795,2772.81655,2789.35955,0.07,0.07,0.5584915000000047,0.0,0.011200000000000002,0.006999999999993635,2797.9241,0.03,False,0.0,0.0,0,2024-10-30 13:30:00,2772.71655,sl,False,-0.5654914999999984,-1.0125337628235946
1,2024-10-31 07:30:00,2024-10-31 07:45:00,2782.094,2777.6981,2789.4111000000003,0.12,0.12,0.527507999999998,0.0,0.0192,0.011999999999989085,2796.7282000000005,0.06,False,0.0,0.0,0,2024-10-31 08:30:00,2777.5981,sl,False,-0.5395079999999871,-1.0227484701653609
1,2024-10-31 10:45:00,2024-10-31 11:00:00,2779.575,2772.940157142857,2789.4101571428573,0.08,0.08,0.5307874285714206,0.0,0.0128,0.0016,2799.245314285715,0.04,False,0.0,0.0,0,2024-10-31 12:00:00,2779.345,news_close,False,-0.018400000000001457,-0.03466547813599098
-1,2024-11-04 08:00:00,2024-11-04 08:30:00,2737.105,2740.624207142857,2731.714207142857,0.15,0.15,0.5278810714285328,0.0,0.024,0.014999999999986358,2726.323414285714,0.07,False,0.0,0.0,0,2024-11-04 09:15:00,2740.724207142857,sl,False,-0.5428810714285192,-1.0284154913139694
-1,2024-11-05 07:45:00,2024-11-05 08:30:00,2737.068,2741.48895,2732.0189499999997,0.12,0.12,0.5305139999999664,0.0,0.0192,0.011999999999989085,2726.969899999999,0.06,False,0.0,0.0,0,2024-11-05 08:45:00,2741.58895,sl,False,-0.5425139999999555,-1.0226195727162524
-1,2024-11-05 10:15:00,2024-11-05 10:30:00,2737.715,2742.3788285714286,2732.0888285714286,0.11,0.11,0.5130211428571283,0.0,0.0176,0.010999999999989995,2726.462657142857,0.05,False,0.0,0.0,0,2024-11-05 11:30:00,2742.4788285714285,sl,False,-0.5240211428571183,-1.0214416114289726
-1,2024-11-08 07:15:00,2024-11-08 07:30:00,2685.318,2689.3150142857144,2677.323971428572,0.13,0.13,0.5196118571428405,0.0,0.020800000000000003,0.012999999999988177,2669.3299428571436,0.06,False,0.0,0.0,0,2024-11-08 08:30:00,2689.4150142857143,sl,False,-0.5326118571428288,-1.0250186746535588
-1,2024-11-08 12:15:00,2024-11-08 12:45:00,2690.815,2695.162057142857,2682.120885714286,0.12,0.12,0.5216468571428413,0.0,0.0192,0.011999999999989085,2673.426771428572,0.06,False,0.0,0.0,0,2024-11-08 13:15:00,2695.262057142857,sl,False,-0.5336468571428304,-1.023004068433797
-1,2024-11-12 09:15:00,2024-11-12 09:30:00,2595.585,2603.4583642857147,2585.2343642857145,0.06,0.06,0.4724018571428769,0.0,0.0096,0.005999999999994543,2574.883728571429,0.03,False,0.0,0.0,0,2024-11-12 12:00:00,2603.5583642857146,sl,False,-0.4784018571428714,-1.0127010508305005
-1,2024-11-14 09:45:00,2024-11-14 10:00:00,2544.285,2555.125292857143,2522.6044142857136,0.04,0.04,0.43361171428572565,0.0,0.0064,0.003999999999996362,2500.9238285714273,0.02,False,0.0,0.0,0,2024-11-14 12:00:00,2555.225292857143,sl,False,-0.437611714285722,-1.0092248430294035
-1,2024-11-15 10:00:00,2024-11-15 10:15:00,2564.805,2567.9983,2561.3073,0.16,0.16,0.5109280000000581,0.0,0.0256,0.01599999999998545,2557.8096,0.08,False,0.0,0.0,0,2024-11-15 10:15:00,2568.0983,sl,False,-0.5269280000000436,-1.031315566968308
-1,2024-11-25 10:15:00,2024-11-25 10:30:00,2671.445,2675.469357142857,2667.019357142857,0.12,0.12,0.4829228571428211,0.0,0.0192,0.011999999999989085,2662.593714285714,0.06,False,0.0,0.0,0,2024-11-25 10:45:00,2675.569357142857,sl,False,-0.4949228571428102,-1.0248486892316222
1,2024-12-11 10:15:00,2024-12-11 10:30:00,2696.904,2691.649614285714,2703.486614285714,0.09,0.09,0.47289471428573504,0.0,0.0144,0.0018,2710.069228571428,0.04,False,0.0,0.0,0,2024-12-11 13:00:00,2695.534,news_close,False,-0.12329999999999017,-0.26073457003262074
1,2025-01-21 07:30:00,2025-01-21 08:00:00,2726.625,2722.164442857143,2735.546114285714,0.11,0.11,0.4906612857142636,0.0,0.0176,0.010999999999989995,2744.4672285714278,0.05,False,0.0,0.0,0,2025-01-21 08:30:00,2722.064442857143,sl,False,-0.5016612857142536,-1.0224187241183644
1,2025-01-22 07:30:00,2025-01-22 07:45:00,2750.525,2750.525,2757.244214285714,0.11,0.11,0.4895864285714833,0.0,0.0176,0.005999999999994543,2763.963428571428,0.05,True,0.3359607142856931,0.0,0,2025-01-22 14:30:00,2750.425,sl,False,0.3299607142856985,0.6739580491404936
1,2025-01-24 09:00:00,2025-01-24 09:30:00,2772.685,2772.685,2778.8265714285712,0.16,0.16,0.49132571428570376,0.0,0.0256,0.0016,2784.9681428571425,0.08,True,0.49132571428570376,0.0,0,2025-01-24 14:30:00,2774.198,news_close,False,0.6123657142856973,1.2463538880230667
1,2025-01-30 10:15:00,2025-01-30 12:00:00,2776.305,2772.7874785714284,2783.3400428571426,0.14,0.14,0.4924529999999959,0.0,0.022400000000000003,0.0028000000000000004,2790.3750857142854,0.07,False,0.0,0.0,0,2025-01-30 13:00:00,2779.965,news_close,False,0.5124000000000434,1.040505388331572
1,2025-01-30 15:45:00,2025-01-30 16:15:00,2791.015,2791.015,2799.4908999999993,0.12,0.12,0.5085539999999673,0.0,0.0192,0.005999999999994543,2807.966799999999,0.06,True,0.5085539999999673,-0.06468,1,2025-01-31 10:30:00,2790.915,sl,False,0.43787399999997273,0.8610177090338507
1,2025-01-31 15:00:00,2025-01-31 15:15:00,2812.165,2804.5009714285716,2827.4930571428567,0.06,0.06,0.4598417142857033,0.0,0.0096,0.005999999999994543,2842.8211142857135,0.03,False,0.0,0.0,0,2025-01-31 17:00:00,2804.4009714285717,sl,False,-0.46584171428569787,-1.0130479680585627
1,2025-02-04 09:45:00,2025-02-04 10:00:00,2818.985,2814.5617857142856,2824.051785714286,0.11,0.11,0.4865535714285943,0.0,0.0176,0.010999999999989995,2829.1185714285716,0.05,False,0.0,0.0,0,2025-02-04 10:30:00,2814.4617857142857,sl,False,-0.4975535714285843,-1.0226079935405517
1,2025-02-04 13:30:00,2025-02-04 13:45:00,2833.218,2820.849021428571,2857.955957142857,0.04,0.04,0.4947591428571468,0.0,0.0064,0.0008,2882.6939142857145,0.02,False,0.0,0.0,0,2025-02-04 14:30:00,2836.995,news_close,False,0.15108000000000174,0.3053607036497424
-1,2025-02-06 14:00:00,2025-02-06 14:15:00,2857.625,2857.625,2848.937007142857,0.07,0.07,0.4523405000000003,0.0,0.011200000000000002,0.0,2840.249014285714,0.03,True,0.2606397857142883,0.0,0,2025-02-06 15:00:00,2840.249014285714,tp2,False,0.955679214285724,2.1127429763324828
-1,2025-02-07 10:15:00,2025-02-07 10:30:00,2866.985,2870.560828571429,2860.0908285714286,0.14,0.14,0.5006160000000183,0.0,0.022400000000000003,0.0028000000000000004,2853.196657142857,0.07,False,0.0,0.0,0,2025-02-07 13:00:00,2863.705,news_close,False,0.45920000000002803,0.9172699234543268
1,2025-02-10 07:30:00,2025-02-10 07:45:00,2892.165,2892.165,2903.775642857143,0.09,0.09,0.5224789285714314,0.0,0.0144,0.0,2915.386285714286,0.04,True,0.46442571428571683,0.0,0,2025-02-10 23:30:00,2915.386285714286,tp2,False,1.6254900000000088,3.111111111111111
1,2025-02-12 07:00:00,2025-02-12 07:30:00,2891.645,2886.2015714285717,2902.5318571428566,0.1,0.1,0.5443428571428285,0.0,0.016,0.009999999999990905,2913.418714285713,0.05,False,0.0,0.0,0,2025-02-12 09:45:00,2886.101571428572,sl,False,-0.5543428571428194,-1.0183707747217983
1,2025-02-14 08:15:00,2025-02-14 08:30:00,2935.155,2930.3028999999997,2942.3529,0.11,0.11,0.533731000000057,0.0,0.0176,0.010999999999989995,2949.5507999999995,0.05,False,0.0,0.0,0,2025-02-14 11:45:00,2930.2028999999998,sl,False,-0.544731000000047,-1.0206096329424164
-1,2025-02-14 13:45:00,2025-02-14 14:00:00,2922.575,2922.575,2905.9815,0.04,0.04,0.44014000000001036,0.0,0.0064,0.0,2889.388,0.02,True,0.331869999999999,0.0,0,2025-02-14 16:45:00,2889.388,tp2,False,0.995609999999997,2.262030263098045
1,2025-02-18 12:45:00,2025-02-18 13:00:00,2916.045,2916.045,2920.836307142857,0.12,0.12,0.5182431428571727,0.0,0.0192,0.0,2925.627614285714,0.06,True,0.2874784285714213,0.0,0,2025-02-18 14:45:00,2925.627614285714,tp2,False,0.8624352857142639,1.664151851502549
1,2025-02-19 07:15:00,2025-02-19 07:30:00,2933.115,2933.115,2939.4318571428566,0.17,0.17,0.5369328571428332,0.0,0.027200000000000002,0.0,2945.7487142857135,0.08,True,0.5053485714285489,0.0,0,2025-02-19 09:15:00,2945.7487142857135,tp2,False,1.6423828571427839,3.0588235294117645
1,2025-02-20 08:15:00,2025-02-20 08:45:00,2952.505,2946.56255,2964.3899,0.09,0.09,0.5348205000000007,0.0,0.0144,0.008999999999991815,2976.2748,0.04,False,0.0,0.0,0,2025-02-20 12:00:00,2946.46255,sl,False,-0.5438204999999925,-1.0168280759619195
-1,2025-02-21 11:45:00,2025-02-21 12:15:00,2931.775,2936.2713357142857,2924.3363357142857,0.12,0.12,0.5395602857142694,0.0,0.0192,0.0024,2916.8976714285714,0.06,False,0.0,0.0,0,2025-02-21 14:30:00,2935.548,news_close,False,-0.452759999999962,-0.8391277341707957
1,2025-03-14 10:15:00,2025-03-14 10:30:00,3000.595,2997.0627214285714,3007.6595571428566,0.15,0.15,0.5298417857142567,0.0,0.024,0.014999999999986358,3014.7241142857133,0.07,False,0.0,0.0,0,2025-03-14 10:30:00,2996.9627214285715,sl,False,-0.544841785714243,-1.0283103379243024
1,2025-03-14 11:15:00,2025-03-14 11:30:00,2995.855,2985.9236142857144,3015.7177714285713,0.05,0.05,0.49656928571428127,0.0,0.008,0.0049999999999954525,3035.5805428571425,0.02,False,0.0,0.0,0,2025-03-14 13:30:00,2985.8236142857145,sl,False,-0.5015692857142767,-1.0100690883303491
1,2025-03-17 14:45:00,2025-03-17 15:00:00,2997.998,2997.998,3004.198257142857,0.09,0.09,0.5345768571428562,0.0,0.0144,0.0,3010.398514285714,0.04,True,0.24801028571428105,-0.048510000000000005,1,2025-03-18 02:45:00,3010.398514285714,tp2,False,0.8195259999999837,1.533036810422528
1,2025-03-18 08:15:00,2025-03-18 09:45:00,3019.399,3019.399,3028.6827714285705,0.12,0.12,0.557026285714237,0.0,0.0192,0.0,3037.966542857141,0.06,True,0.557026285714237,0.0,0,2025-03-18 13:30:00,3037.966542857141,tp2,False,1.6710788571427109,3.0
1,2025-03-18 15:30:00,2025-03-18 15:45:00,3029.695,3029.695,3040.3424285714286,0.1,0.1,0.5323714285714232,0.0,0.016,0.0049999999999954525,3050.989857142857,0.05,True,0.5323714285714232,-0.0539,1,2025-03-19 08:30:00,3029.5950000000003,sl,False,0.4734714285714277,0.8893629581924617
1,2025-03-20 12:45:00,2025-03-20 13:00:00,3039.515,3034.561635714286,3044.711635714286,0.11,0.11,0.5448700714285496,0.0,0.0176,0.010999999999989995,3049.908271428572,0.05,False,0.0,0.0,0,2025-03-20 13:00:00,3034.461635714286,sl,False,-0.5558700714285396,-1.0201882991501994
1,2025-03-21 10:15:00,2025-03-21 10:30:00,3031.745,3031.745,3037.5249714285715,0.14,0.14,0.5404039999999624,0.0,0.022400000000000003,0.006999999999993635,3043.304942857143,0.07,True,0.40459800000001,0.0,0,2025-03-21 13:15:00,3031.645,sl,False,0.3975980000000164,0.7357421484667842
-1,2025-03-21 13:45:00,2025-03-21 14:45:00,3016.318,3036.8208642857144,2982.500864285714,0.02,0.02,0.41005728571428335,0.0,0.0032,0.0004,2948.683728571428,0.01,False,0.0,0.0,3,2025-03-25 13:30:00,3023.2549999999997,news_close,False,-0.13873999999998887,-0.3383429701982154
-1,2025-03-26 09:30:00,2025-03-26 09:45:00,3019.941,3024.304492857143,3013.714492857143,0.13,0.13,0.5672540714286197,0.0,0.020800000000000003,0.012999999999988177,3007.487985714286,0.06,False,0.0,0.0,0,2025-03-26 10:45:00,3024.404492857143,sl,False,-0.5802540714286079,-1.0229174203496643
1,2025-03-28 12:45:00,2025-03-28 13:00:00,3076.908,3071.870085714286,3085.4700857142857,0.11,0.11,0.5541705714285535,0.0,0.0176,0.010999999999989995,3094.0321714285715,0.05,False,0.0,0.0,0,2025-03-28 13:00:00,3071.770085714286,sl,False,-0.5651705714285435,-1.0198494841969576
1,2025-03-31 07:15:00,2025-03-31 07:30:00,3121.005,3112.693707142857,3137.6275857142864,0.06,0.06,0.4986775714285886,0.0,0.0096,0.005999999999994543,3154.2501714285727,0.03,False,0.0,0.0,0,2025-03-31 09:45:00,3112.593707142857,sl,False,-0.5046775714285832,-1.0120318224515412
1,2025-03-31 10:30:00,2025-03-31 11:00:00,3117.015,3111.2246571428573,3128.595685714285,0.09,0.09,0.5211308571428344,0.0,0.0144,0.0018,3140.1763714285703,0.04,False,0.0,0.0,0,2025-03-31 13:15:00,3118.635,news_close,False,0.1458000000000311,0.2797761790568265
1,2025-04-01 08:15:00,2025-04-01 08:30:00,3131.175,3123.2784357142855,3146.9681285714296,0.07,0.07,0.5527595000000293,0.0,0.011200000000000002,0.0014000000000000002,3162.761257142859,0.03,False,0.0,0.0,0,2025-04-01 13:15:00,3134.445,news_close,False,0.22889999999999874,0.41410414475008867
-1,2025-04-03 11:00:00,2025-04-03 11:15:00,3099.548,3113.5621714285717,3077.2921714285717,0.04,0.04,0.560566857142876,0.0,0.0064,0.0008,3055.0363428571436,0.02,False,0.0,0.0,0,2025-04-03 12:00:00,3093.115,news_close,False,0.2573199999999997,0.4590353438152241
-1,2025-04-04 08:15:00,2025-04-04 09:00:00,3089.125,3097.0227571428572,3077.0697571428573,0.07,0.07,0.5528430000000072,0.0,0.011200000000000002,0.006999999999993635,3065.0145142857145,0.03,False,0.0,0.0,0,2025-04-04 10:00:00,3097.122757142857,sl,False,-0.5598430000000008,-1.0126618226150887
1,2025-04-10 10:00:00,2025-04-10 11:00:00,3113.995,3104.2428714285716,3126.3928714285717,0.05,0.05,0.4876064285714165,0.0,0.008,0.001,3138.7907428571434,0.02,False,0.0,0.0,0,2025-04-10 12:00:00,3124.555,news_close,False,0.5279999999999972,1.0828405227283926
1,2025-04-11 08:15:00,2025-04-11 08:30:00,3215.435,3202.9160714285717,3240.4728571428564,0.04,0.04,0.5007571428571282,0.0,0.0064,0.0008,3265.5107142857128,0.02,False,0.0,0.0,0,2025-04-11 12:00:00,3213.465,news_close,False,-0.078799999999992,-0.15736170941145125
1,2025-04-11 15:15:00,2025-04-11 16:15:00,3234.035,3225.680957142857,3250.7430857142854,0.06,0.06,0.5012425714285654,0.0,0.0096,0.005999999999994543,3267.451171428571,0.03,False,0.0,0.0,0,2025-04-11 16:45:00,3225.580957142857,sl,False,-0.50724257142856,-1.0119702522132035
1,2025-04-14 11:00:00,2025-04-14 12:15:00,3213.765,3205.2735357142856,3230.7479285714285,0.06,0.06,0.509487857142858,0.0,0.0096,0.005999999999994543,3247.730857142857,0.03,False,0.0,0.0,0,2025-04-14 12:30:00,3205.1735357142857,sl,False,-0.5154878571428526,-1.0117765318954641
-1,2025-04-14 15:45:00,2025-04-14 16:00:00,3201.265,3210.6100714285712,3182.574857142857,0.05,0.05,0.46725357142856866,0.0,0.008,0.0049999999999954525,3163.8847142857144,0.02,False,0.0,0.0,0,2025-04-14 17:00:00,3210.710071428571,sl,False,-0.4722535714285641,-1.0107008277854541
-1,2025-04-15 07:15:00,2025-04-15 07:45:00,3223.615,3228.543785714286,3213.757428571427,0.11,0.11,0.5421664285714906,0.0,0.0176,0.010999999999989995,3203.8998571428547,0.05,False,0.0,0.0,0,2025-04-15 08:00:00,3228.643785714286,sl,False,-0.5531664285714806,-1.0202889729431845
-1,2025-04-15 09:45:00,2025-04-15 10:00:00,3224.145,3224.145,3212.5832857142855,0.09,0.09,0.5202771428571532,0.0,0.0144,0.0049999999999954525,3201.021571428571,0.04,True,0.4624685714285806,0.0,0,2025-04-15 14:15:00,3224.245,sl,False,0.45746857142858516,0.8792786262266903
1,2025-04-17 10:30:00,2025-04-17 11:15:00,3324.725,3320.2743285714287,3333.6263428571424,0.12,0.12,0.5340805714285488,0.0,0.0192,0.0024,3342.527685714285,0.06,False,0.0,0.0,0,2025-04-17 12:00:00,3327.185,news_close,False,0.29520000000000435,0.5527255919652888
-1,2025-04-17 14:00:00,2025-04-17 16:45:00,3314.925,3332.7867142857144,3279.2015714285717,0.03,0.03,0.5358514285714273,0.0,0.0048,0.0029999999999972713,3243.478142857143,0.01,False,0.0,0.0,1,2025-04-20 22:00:00,3332.8867142857143,sl,False,-0.5388514285714245,-1.0055985667669025
1,2025-04-21 08:45:00,2025-04-21 11:00:00,3389.905,3389.905,3403.266000000001,0.08,0.08,0.5344400000000314,0.0,0.0128,0.0,3416.6270000000018,0.04,True,0.5344400000000314,0.0,0,2025-04-21 13:00:00,3416.6270000000018,tp2,False,1.6033200000000942,3.0
1,2025-04-21 13:00:00,2025-04-21 13:15:00,3414.425,3414.425,3449.8184285714287,0.03,0.03,0.5309014285714283,0.0,0.0048,0.0,3485.2118571428573,0.01,True,0.3539342857142856,-0.01617,1,2025-04-22 03:15:00,3485.2118571428573,tp2,False,1.7535014285714277,3.3028757019731936
-1,2025-04-25 08:15:00,2025-04-25 08:30:00,3301.335,3301.335,3292.133214285714,0.07,0.07,0.5549749999999904,0.0,0.011200000000000002,0.003999999999996362,3282.931428571428,0.03,True,0.27605357142857884,0.0,0,2025-04-25 10:15:00,3301.435,sl,False,0.2720535714285825,0.4902086966594661
-1,2025-04-28 08:45:00,2025-04-28 09:00:00,3282.875,3282.875,3273.4595714285715,0.12,0.12,0.5649257142857095,0.0,0.0192,0.005999999999994543,3264.044142857143,0.06,True,0.5649257142857095,0.0,0,2025-04-28 10:15:00,3282.975,sl,False,0.5589257142857149,0.9893791345512021
1,2025-04-30 07:30:00,2025-04-30 07:45:00,3308.665,3302.261857142857,3317.091857142857,0.09,0.09,0.5762828571428644,0.0,0.0144,0.008999999999991815,3325.518714285714,0.04,False,0.0,0.0,0,2025-04-30 08:00:00,3302.161857142857,sl,False,-0.5852828571428563,-1.0156173307750516
-1,2025-05-01 07:15:00,2025-05-01 07:30:00,3232.165,3232.165,3220.054714285714,0.09,0.09,0.5449628571428684,0.0,0.0144,0.0,3207.944428571428,0.04,True,0.4844114285714386,0.0,0,2025-05-01 11:45:00,3207.944428571428,tp2,False,1.6954400000000351,3.111111111111111
1,2025-05-06 07:30:00,2025-05-06 07:45:00,3372.725,3372.725,3385.688071428571,0.06,0.06,0.5212157142857268,0.0,0.0096,0.0,3398.6511428571425,0.03,True,0.3888921428571393,0.0,0,2025-05-06 15:30:00,3398.6511428571425,tp2,False,1.166676428571418,2.23837539159814
1,2025-05-07 10:30:00,2025-05-07 11:00:00,3388.165,3368.337642857143,3427.8197142857143,0.03,0.03,0.5948207142857154,0.0,0.0048,0.0006,3467.4744285714287,0.01,False,0.0,0.0,0,2025-05-07 14:00:00,3394.155,news_close,False,0.17970000000000708,0.3021078380160282
1,2025-05-13 15:45:00,2025-05-13 16:30:00,3249.895,3242.3532142857143,3264.5632142857144,0.08,0.08,0.6033428571428522,0.0,0.0128,0.007999999999992725,3279.2314285714288,0.04,False,0.0,0.0,0,2025-05-13 17:15:00,3242.2532142857144,sl,False,-0.6113428571428449,-1.0132594592034734
-1,2025-05-14 13:00:00,2025-05-14 13:15:00,3188.535,3217.279642857143,3131.045714285714,0.02,0.02,0.5748928571428588,0.0,0.0032,0.0004,3073.556428571428,0.01,False,0.0,0.0,0,2025-05-14 14:00:00,3191.345,news_close,False,-0.05619999999999891,-0.09775734608933125
1,2025-05-16 09:30:00,2025-05-16 10:00:00,3207.355,3202.716785714286,3216.6314285714284,0.13,0.13,0.602967857142844,0.0,0.020800000000000003,0.012999999999988177,3225.9078571428568,0.06,False,0.0,0.0,0,2025-05-16 10:00:00,3202.616785714286,sl,False,-0.6159678571428322,-1.0215600215600025
1,2025-05-16 12:30:00,2025-05-16 13:15:00,3169.845,3169.845,3191.474142857143,0.03,0.03,0.4965257142857035,0.0,0.0048,0.0,3213.103285714286,0.01,True,0.21629142857143052,-0.01078,1,2025-05-18 22:00:00,3213.103285714286,tp2,False,1.0706771428571524,2.1563377526125045
-1,2025-05-20 13:15:00,2025-05-20 13:30:00,3238.715,3247.967,3225.667,0.06,0.06,0.5551199999999972,0.0,0.0096,0.005999999999994543,3212.6189999999997,0.03,False,0.0,0.0,0,2025-05-20 13:45:00,3248.067,sl,False,-0.5611199999999917,-1.0108084738434835
1,2025-05-20 14:15:00,2025-05-20 14:30:00,3275.955,3240.260714285714,3316.730714285714,0.01,0.01,0.356942857142858,0.0,0.0016,0.0,,0.0,False,0.0,-0.005390000000000001,1,2025-05-21 05:45:00,3316.730714285714,tp,False,0.40236714285714004,1.127259265188495
1,2025-05-21 13:00:00,2025-05-21 13:45:00,3299.685,3289.9942428571426,3316.8712428571425,0.06,0.06,0.5814454285714419,0.0,0.0096,0.0012,3334.057485714285,0.03,False,0.0,0.0,0,2025-05-21 14:00:00,3303.415,news_close,False,0.22380000000000108,0.38490284556859816
1,2025-06-05 08:45:00,2025-06-05 09:00:00,3374.285,3374.285,3382.5364714285715,0.14,0.14,0.5776030000000174,0.0,0.022400000000000003,0.0,3390.787942857143,0.07,True,0.5776030000000174,0.0,0,2025-06-05 09:45:00,3390.787942857143,tp2,False,1.7328090000000522,3.0
1,2025-06-13 08:15:00,2025-06-13 10:00:00,3419.765,3413.3272857142856,3432.6404285714284,0.09,0.09,0.5793942857142838,0.0,0.0144,0.008999999999991815,3445.515857142857,0.04,False,0.0,0.0,0,2025-06-13 10:45:00,3413.2272857142857,sl,False,-0.5883942857142755,-1.0155334635185373
1,2025-06-16 10:45:00,2025-06-16 11:30:00,3417.025,3410.073007142857,3430.9289857142862,0.08,0.08,0.5561594285714455,0.0,0.0128,0.007999999999992725,3444.8329714285724,0.04,False,0.0,0.0,0,2025-06-16 13:15:00,3409.973007142857,sl,False,-0.5641594285714382,-1.0143843646066408
-1,2025-06-16 14:00:00,2025-06-16 15:00:00,3399.248,3417.9388357142857,3369.8658357142854,0.03,0.03,0.5607250714285692,0.0,0.0048,0.0006,3340.4836714285707,0.01,False,0.0,0.0,1,2025-06-17 12:00:00,3388.528,news_close,False,0.3216000000000076,0.5735431076421491
-1,2025-06-18 09:45:00,2025-06-18 10:30:00,3381.448,3384.562192857143,3375.2196142857133,0.19,0.19,0.5916966428572232,0.0,0.0304,0.018999999999982718,3368.9912285714267,0.09,False,0.0,0.0,0,2025-06-18 11:15:00,3384.662192857143,sl,False,-0.6106966428572059,-1.0321110491826255
-1,2025-07-16 11:00:00,2025-07-16 11:15:00,3336.365,3339.4705285714285,3332.830528571428,0.19,0.19,0.5900504285714624,0.0,0.0304,0.018999999999982718,3329.2960571428566,0.09,False,0.0,0.0,0,2025-07-16 11:45:00,3339.5705285714284,sl,False,-0.6090504285714451,-1.0322006375725927
1,2025-07-23 07:15:00,2025-07-23 07:30:00,3425.815,3422.3302642857143,3432.7844714285716,0.17,0.17,0.5924050714285796,0.0,0.027200000000000002,0.01699999999998454,3439.753942857143,0.08,False,0.0,0.0,0,2025-07-23 07:45:00,3422.2302642857144,sl,False,-0.609405071428564,-1.0286965808023707
1,2025-07-23 11:30:00,2025-07-23 12:15:00,3425.095,3419.6481642857143,3432.922164285714,0.11,0.11,0.5991519285714049,0.0,0.0176,0.010999999999989995,3440.7493285714286,0.05,False,0.0,0.0,0,2025-07-23 13:00:00,3419.5481642857144,sl,False,-0.6101519285713948,-1.0183592833060187
-1,2025-07-28 07:45:00,2025-07-28 08:00:00,3338.075,3338.075,3332.9014785714285,0.14,0.14,0.566507000000047,0.0,0.022400000000000003,0.006999999999993635,3327.727957142857,0.07,True,0.36214649999999443,0.0,0,2025-07-28 09:00:00,3338.1749999999997,sl,False,0.3551465000000008,0.6269057575634042
1,2025-09-01 08:00:00,2025-09-01 09:00:00,3474.305,3466.72195,3489.4710999999993,0.07,0.07,0.5308134999999812,0.0,0.011200000000000002,0.006999999999993635,3504.6371999999988,0.03,False,0.0,0.0,0,2025-09-01 10:00:00,3466.62195,sl,False,-0.5378134999999747,-1.0131873058993297
1,2025-09-01 13:15:00,2025-09-01 14:00:00,3474.945,3474.945,3488.129428571429,0.09,0.09,0.5932992857142926,0.0,0.0144,0.0,3501.3138571428576,0.04,True,0.527377142857149,-0.048510000000000005,1,2025-09-02 01:30:00,3501.3138571428576,tp2,False,1.7973100000000213,3.029347992280457
1,2025-09-03 14:30:00,2025-09-03 14:45:00,3558.755,3558.755,3575.078428571429,0.07,0.07,0.5713200000000098,0.0,0.011200000000000002,0.003999999999996362,3591.401857142858,0.03,True,0.48970285714286543,0.0,0,2025-09-03 20:45:00,3558.655,sl,False,0.4857028571428691,0.8501415268901155
1,2025-09-04 08:00:00,2025-09-04 08:15:00,3540.865,3540.865,3545.881192857143,0.12,0.12,0.5816168571428352,0.0,0.0192,0.005999999999994543,3550.8973857142864,0.06,True,0.3009715714285994,0.0,0,2025-09-04 10:15:00,3540.765,sl,False,0.29497157142860486,0.5071578786035166
1,2025-09-05 14:00:00,2025-09-05 14:15:00,3591.775,3574.285835714286,3626.7533285714285,0.03,0.03,0.5246749285714258,0.0,0.0048,0.0029999999999972713,3661.731657142857,0.01,False,0.0,0.0,0,2025-09-05 14:30:00,3574.185835714286,sl,False,-0.5276749285714232,-1.0057178260988489
1,2025-09-05 15:45:00,2025-09-05 16:00:00,3591.665,3580.2036214285713,3614.5877571428573,0.05,0.05,0.5730689285714334,0.0,0.008,0.0049999999999954525,3637.5105142857146,0.02,False,0.0,-0.02695,1,2025-09-07 22:00:00,3580.1036214285714,sl,False,-0.6050189285714289,-1.0557524556071145
1,2025-09-08 13:00:00,2025-09-08 13:30:00,3623.028,3623.028,3635.4622428571424,0.09,0.09,0.5595409285714186,0.0,0.0144,0.0,3647.896485714285,0.04,True,0.4973697142857054,-0.026949999999999998,1,2025-09-09 02:00:00,3647.896485714285,tp2,False,1.7138439999999688,3.0629466272925514
1,2025-09-09 09:15:00,2025-09-09 09:30:00,3653.135,3645.3203357142856,3668.7643285714294,0.08,0.08,0.6251731428571656,0.0,0.0128,0.007999999999992725,3684.3936571428585,0.04,False,0.0,0.0,0,2025-09-09 12:30:00,3645.2203357142857,sl,False,-0.6331731428571584,-1.0127964550163355
1,2025-09-12 10:30:00,2025-09-12 10:45:00,3649.205,3645.603957142857,3656.407085714286,0.17,0.17,0.6121772857143196,0.0,0.027200000000000002,0.01699999999998454,3663.609171428572,0.08,False,0.0,0.0,0,2025-09-12 12:00:00,3645.503957142857,sl,False,-0.6291772857143042,-1.027769733370862
-1,2025-09-15 10:45:00,2025-09-15 11:00:00,3642.855,3646.6759785714285,3637.7859785714286,0.16,0.16,0.6113565714285505,0.0,0.0256,0.01599999999998545,3632.716957142857,0.08,False,0.0,0.0,0,2025-09-15 11:45:00,3646.7759785714284,sl,False,-0.627356571428536,-1.0261713061537858
1,2025-09-16 08:15:00,2025-09-16 08:30:00,3693.665,3685.5211357142857,3709.9527285714285,0.07,0.07,0.5700704999999971,0.0,0.011200000000000002,0.0014000000000000002,3726.240457142857,0.03,False,0.0,0.0,0,2025-09-16 12:00:00,3697.065,news_close,False,0.2380000000000064,0.4174922224532011
1,2025-09-16 13:30:00,2025-09-16 14:15:00,3691.855,3684.527592857143,3706.5098142857137,0.08,0.08,0.5861925714285462,0.0,0.0128,0.007999999999992725,3721.1646285714273,0.04,False,0.0,0.0,0,2025-09-16 15:00:00,3684.4275928571433,sl,False,-0.594192571428539,-1.0136473923245
-1,2025-09-18 08:15:00,2025-09-18 08:30:00,3656.745,3660.3411214285716,3649.5527571428565,0.16,0.16,0.5753794285714685,0.0,0.0256,0.01599999999998545,3642.360514285713,0.08,False,0.0,0.0,0,2025-09-18 08:30:00,3660.4411214285715,sl,False,-0.5913794285714539,-1.027807737304251
-1,2025-09-18 10:15:00,2025-09-18 10:30:00,3669.298,3672.9623357142855,3661.9693285714284,0.16,0.16,0.5862937142857118,0.0,0.0256,0.0032,3654.640657142857,0.08,False,0.0,0.0,0,2025-09-18 12:00:00,3667.145,news_close,False,0.3444799999999668,0.5875553355021905
1,2025-09-22 13:00:00,2025-09-22 13:30:00,3718.735,3718.735,3730.963528571429,0.09,0.09,0.5502837857142958,0.0,0.0144,0.0,3743.1920571428577,0.04,True,0.4891411428571519,0.0,0,2025-09-22 17:30:00,3743.1920571428577,tp2,False,1.7119940000000315,3.111111111111111
1,2025-09-23 15:15:00,2025-09-23 15:45:00,3777.325,3770.218035714286,3790.1980357142857,0.08,0.08,0.5685571428570984,0.0,0.0128,0.0016,3803.0710714285715,0.04,False,0.0,0.0,0,2025-09-23 16:15:00,3774.095,news_close,False,-0.25840000000000146,-0.45448378099956077
1,2025-09-24 11:30:00,2025-09-24 12:30:00,3764.035,3759.0829785714286,3773.9390428571423,0.12,0.12,0.5942425714285491,0.0,0.0192,0.0024,3783.843085714285,0.06,False,0.0,0.0,0,2025-09-24 13:30:00,3767.108,news_close,False,0.3687600000000384,0.6205546652666529
1,2025-09-29 09:00:00,2025-09-29 09:15:00,3816.865,3810.2486785714286,3830.097642857142,0.09,0.09,0.5954689285714039,0.0,0.0144,0.008999999999991815,3843.3302857142844,0.04,False,0.0,0.0,0,2025-09-29 09:30:00,3810.1486785714287,sl,False,-0.6044689285713957,-1.0151141387369846
1,2025-09-29 10:30:00,2025-09-29 12:30:00,3814.615,3814.615,3832.5131999999994,0.06,0.06,0.5369459999999889,0.0,0.0096,0.0,3850.411399999999,0.03,True,0.5369459999999889,-0.01617,1,2025-09-30 01:30:00,3850.411399999999,tp2,False,1.594667999999967,2.9698852398565214
1,2025-09-30 14:15:00,2025-09-30 15:00:00,3842.545,3842.545,3870.589042857143,0.02,0.02,0.4701191428571474,0.0,0.0032,0.0002,3898.6330857142857,0.01,True,0.28044042857142815,-0.010780000000000001,1,2025-10-01 11:45:00,3881.765,news_close,False,0.6618604285714261,1.407856792533424
1,2025-10-02 08:45:00,2025-10-02 09:00:00,3873.515,3873.515,3889.339999999999,0.08,0.08,0.6329999999999564,0.0,0.0128,0.003999999999996362,3905.1649999999977,0.04,True,0.6329999999999564,0.0,0,2025-10-02 13:45:00,3873.415,sl,False,0.62899999999996,0.9936808846761507
-1,2025-10-02 14:45:00,2025-10-02 15:00:00,3840.725,3872.8678999999997,3793.8979,0.01,0.01,0.3214289999999983,0.0,0.0016,0.0009999999999990906,,0.0,False,0.0,0.0,1,2025-10-03 12:45:00,3872.9678999999996,sl,False,-0.32242899999999736,-1.0031111069629657
1,2025-10-06 07:00:00,2025-10-06 07:15:00,3932.455,3932.455,3949.046485714285,0.07,0.07,0.580701999999983,0.0,0.011200000000000002,0.003999999999996362,3965.6379714285704,0.03,True,0.49774457142855677,0.0,0,2025-10-06 11:45:00,3932.355,sl,False,0.49374457142856043,0.8502546425336488
1,2025-10-06 14:45:00,2025-10-06 15:00:00,3953.505,3953.505,3973.3417142857143,0.06,0.06,0.5951014285714246,0.0,0.0096,0.0029999999999972713,3993.1784285714284,0.03,True,0.5951014285714246,-0.01617,1,2025-10-07 07:00:00,3953.405,sl,False,0.5759314285714273,0.967787003896099
1,2025-10-07 13:00:00,2025-10-07 13:15:00,3978.408,3964.127285714286,4006.969428571428,0.04,0.04,0.5712285714285644,0.0,0.0064,0.003999999999996362,4035.5308571428563,0.02,False,0.0,0.0,0,2025-10-07 15:45:00,3964.027285714286,sl,False,-0.5752285714285609,-1.0070024508577942
1,2025-10-08 09:45:00,2025-10-08 10:15:00,4039.815,4029.9192357142856,4059.606528571429,0.06,0.06,0.593745857142867,0.0,0.0096,0.005999999999994543,4079.398057142858,0.03,False,0.0,0.0,0,2025-10-08 13:30:00,4029.8192357142857,sl,False,-0.5997458571428614,-1.010105333667281
1,2025-10-13 09:00:00,2025-10-13 09:15:00,4074.795,4074.795,4088.363757142857,0.09,0.09,0.6105940714285679,0.0,0.0144,0.0,4101.932514285714,0.04,True,0.5427502857142826,0.0,0,2025-10-13 14:45:00,4101.932514285714,tp2,False,1.899625999999989,3.1111111111111107
1,2025-10-13 14:45:00,2025-10-13 15:00:00,4096.785,4096.785,4110.857857142857,0.09,0.09,0.6332785714285728,0.0,0.0144,0.0050000000000181895,4124.930714285714,0.04,True,0.5629142857142869,0.0,0,2025-10-13 19:00:00,4096.6849999999995,sl,False,0.5579142857142687,0.8809934693601039
1,2025-10-14 08:15:00,2025-10-14 08:30:00,4137.725,4116.883971428571,4179.407057142858,0.03,0.03,0.6252308571428693,0.0,0.0048,0.0030000000000109136,4221.089114285716,0.01,False,0.0,0.0,0,2025-10-14 12:15:00,4116.783971428571,sl,False,-0.6282308571428803,-1.0047982276718077
1,2025-10-14 15:15:00,2025-10-14 15:45:00,4135.365,4124.748642857143,4156.597714285714,0.06,0.06,0.6369814285714165,0.0,0.0096,0.0012,4177.830428571428,0.03,False,0.0,0.0,0,2025-10-14 16:00:00,4137.674999999999,news_close,False,0.13859999999996944,0.21758876127803783
1,2025-10-15 07:45:00,2025-10-15 09:00:00,4204.085,4196.911664285714,4218.4316714285715,0.09,0.09,0.6456002142857141,0.0,0.0144,0.009000000000032742,4232.778342857143,0.04,False,0.0,0.0,0,2025-10-15 09:15:00,4196.811664285714,sl,False,-0.6546002142857469,-1.013940515819051
1,2025-10-16 07:15:00,2025-10-16 07:30:00,4228.938,4214.499071428572,4257.815857142856,0.04,0.04,0.5775571428571129,0.0,0.0064,0.0008,4286.693714285711,0.02,False,0.0,0.0,0,2025-10-16 12:00:00,4240.245,news_close,False,0.4522799999999916,0.7830913453214537
1,2025-10-16 13:15:00,2025-10-16 13:45:00,4243.825,4243.825,4267.642099999998,0.05,0.05,0.5954274999999598,0.0,0.008,0.0006000000000000001,4291.459199999997,0.02,True,0.47634199999996785,0.0,0,2025-10-16 15:30:00,4271.504999999999,news_close,False,1.3067419999999492,2.1946282292975003
-1,2025-10-22 07:15:00,2025-10-22 07:45:00,4144.585,4144.585,4108.8018,0.03,0.03,0.5367479999999978,0.0,0.0048,0.0,4073.0186000000003,0.01,True,0.35783199999999854,0.0,0,2025-10-22 08:15:00,4073.0186000000003,tp2,False,1.7891599999999925,3.333333333333333
-1,2025-10-28 08:45:00,2025-10-28 09:30:00,3909.735,3925.5828714285717,3878.039257142857,0.04,0.04,0.6339148571428632,0.0,0.0064,0.003999999999996362,3846.343514285714,0.02,False,0.0,0.0,0,2025-10-28 10:45:00,3925.6828714285716,sl,False,-0.6379148571428596,-1.0063099956641257
-1,2025-10-28 12:45:00,2025-10-28 13:00:00,3916.448,3930.772257142857,3887.7994857142853,0.04,0.04,0.5729702857142911,0.0,0.0064,0.003999999999996362,3859.1509714285708,0.02,False,0.0,0.0,0,2025-10-28 13:15:00,3930.872257142857,sl,False,-0.5769702857142874,-1.0069811648173164
1,2025-10-29 12:15:00,2025-10-29 12:30:00,4022.785,4012.3523214285715,4043.6503571428566,0.06,0.06,0.6259607142857021,0.0,0.0096,0.005999999999994543,4064.5157142857133,0.03,False,0.0,0.0,0,2025-10-29 13:00:00,4012.2523214285716,sl,False,-0.6319607142856967,-1.009585266076708
1,2025-10-31 10:00:00,2025-10-31 10:45:00,4008.178,4008.178,4018.480042857143,0.06,0.06,0.5812774285714295,0.0,0.0096,0.0,4028.782085714286,0.03,True,0.30906128571429237,0.0,0,2025-10-31 12:30:00,4028.782085714286,tp2,False,0.9271838571428771,1.5950797529186038
-1,2025-11-03 15:30:00,2025-11-03 15:45:00,4022.229,4022.229,4011.755885714286,0.07,0.07,0.638182000000029,0.0,0.011200000000000002,0.0,4001.282771428572,0.03,True,0.3141934285714205,0.0,0,2025-11-03 16:15:00,4001.282771428572,tp2,False,1.152042571428542,1.805194398194386
1,2025-11-06 08:30:00,2025-11-06 09:45:00,4009.778,4009.778,4018.8176857142857,0.11,0.11,0.6545345714285713,0.0,0.0176,0.005999999999994543,4027.8573714285717,0.05,True,0.4519842857142976,0.0,0,2025-11-06 12:30:00,4009.678,sl,False,0.44598428571430304,0.6813762101838388
1,2025-11-06 13:15:00,2025-11-06 14:00:00,4010.085,4002.064942857143,4018.854942857143,0.08,0.08,0.6416045714285792,0.0,0.0128,0.007999999999992725,4027.6248857142864,0.04,False,0.0,0.0,0,2025-11-06 14:15:00,4001.964942857143,sl,False,-0.649604571428572,-1.012468739089842
1,2025-11-12 07:15:00,2025-11-12 07:30:00,4121.068,4112.081185714285,4136.771185714286,0.07,0.07,0.6290770000000431,0.0,0.011200000000000002,0.007000000000025467,4152.474371428571,0.03,False,0.0,0.0,0,2025-11-12 08:00:00,4111.981185714285,sl,False,-0.6360770000000685,-1.0111274136552837
1,2025-11-26 08:15:00,2025-11-26 08:30:00,4164.515,4154.060785714286,4178.720785714286,0.06,0.06,0.6272528571428665,0.0,0.0096,0.0012,4192.926571428571,0.03,False,0.0,0.0,0,2025-11-26 12:00:00,4171.254999999999,news_close,False,0.4043999999999323,0.6447160748569121
1,2025-11-27 08:15:00,2025-11-27 09:00:00,4161.435,4157.0049285714285,4168.7949285714285,0.15,0.15,0.6645107142857796,0.0,0.024,0.015000000000054569,4176.154857142857,0.07,False,0.0,0.0,0,2025-11-27 09:00:00,4156.904928571428,sl,False,-0.6795107142858342,-1.0225729994680022
1,2025-11-28 14:30:00,2025-11-28 14:45:00,4194.388,4194.388,4210.251942857143,0.05,0.05,0.6383028571428441,0.0,0.008,0.0,4226.115885714286,0.02,True,0.3172788571428646,0.0,0,2025-11-28 18:30:00,4226.115885714286,tp2,False,1.2691154285714583,1.9882653106900419
1,2025-12-01 09:15:00,2025-12-01 09:45:00,4246.458,4246.458,4255.602971428571,0.07,0.07,0.6399419999999919,0.0,0.011200000000000002,0.004000000000014553,4264.747942857143,0.03,True,0.2743491428571542,0.0,0,2025-12-01 12:45:00,4246.357999999999,sl,False,0.2703491428571397,0.4224588210449433
1,2025-12-01 13:30:00,2025-12-01 13:45:00,4256.715,4244.749335714286,4272.989335714286,0.05,0.05,0.5982832142857205,0.0,0.008,0.00500000000001819,4289.263671428573,0.02,False,0.0,0.0,0,2025-12-01 14:00:00,4244.649335714285,sl,False,-0.6032832142857387,-1.008357246000939
1,2025-12-10 13:45:00,2025-12-10 14:00:00,4199.925,4192.4100499999995,4210.57005,0.09,0.09,0.6763455000000612,0.0,0.0144,0.009000000000032742,4221.2151,0.04,False,0.0,0.0,0,2025-12-10 14:30:00,4192.310049999999,sl,False,-0.685345500000094,-1.0133068084285797
1,2025-12-12 10:45:00,2025-12-12 12:45:00,4325.165,4325.165,4344.8506285714275,0.06,0.06,0.5905688571428254,0.0,0.0096,0.0030000000000109136,4364.536257142855,0.03,True,0.5905688571428254,0.0,0,2025-12-12 15:15:00,4325.065,sl,False,0.5875688571428145,0.9949201520470875
1,2025-12-15 12:00:00,2025-12-15 13:00:00,4342.338,4338.466014285715,4350.08197142857,0.17,0.17,0.6582375714284626,0.0,0.027200000000000002,0.017000000000061848,4357.82594285714,0.08,False,0.0,0.0,0,2025-12-15 13:00:00,4338.366014285714,sl,False,-0.6752375714285245,-1.0258265415679169
1,2025-12-19 08:30:00,2025-12-19 09:00:00,4324.775,4324.775,4333.60967142857,0.15,0.15,0.66260035714281,0.0,0.024,0.0015999999999999999,4342.444342857141,0.07,True,0.6184269999999561,0.0,0,2025-12-19 14:30:00,4327.464999999999,news_close,False,0.8336269999999241,1.258114323382794
1,2025-12-22 07:00:00,2025-12-22 08:00:00,4410.058,4410.058,4432.055457142857,0.06,0.06,0.6599237142857237,0.0,0.0096,0.0,4454.052914285715,0.03,True,0.6599237142857237,0.0,0,2025-12-22 23:00:00,4454.052914285715,tp2,False,1.9797711428571712,3.0
1,2025-12-23 07:30:00,2025-12-23 09:00:00,4483.328,4477.509335714286,4494.965328571429,0.12,0.12,0.6982397142857371,0.0,0.0192,0.0024,4506.602657142858,0.06,False,0.0,0.0,0,2025-12-23 13:00:00,4486.004999999999,news_close,False,0.3212399999998524,0.46007122400430095
-1,2025-12-24 15:45:00,2025-12-24 16:00:00,4460.465,4477.433835714285,4431.133835714286,0.04,0.04,0.6787534285713991,0.0,0.0064,0.004000000000014552,4401.802671428572,0.02,False,0.0,0.0,0,2025-12-24 16:45:00,4477.5338357142855,sl,False,-0.6827534285714137,-1.0058931562355915
-1,2025-12-26 10:45:00,2025-12-26 11:00:00,4515.175,4523.670078571428,4498.184842857144,0.08,0.08,0.6796062857142533,0.0,0.0128,0.008000000000029104,4481.1946857142875,0.04,False,0.0,0.0,0,2025-12-26 13:30:00,4523.770078571429,sl,False,-0.6876062857142824,-1.0117715214944212
1,2025-12-26 15:45:00,2025-12-26 16:00:00,4537.068,4524.562307142857,4562.079385714286,0.05,0.05,0.6252846428571502,0.0,0.008,0.00500000000001819,4587.090771428572,0.02,False,0.0,0.0,0,2025-12-26 17:15:00,4524.462307142857,sl,False,-0.6302846428571685,-1.0079963582300238
-1,2025-12-29 09:00:00,2025-12-29 09:15:00,4467.615,4467.615,4449.2984857142865,0.04,0.04,0.5605394285714647,0.0,0.0064,0.0,4430.981971428573,0.02,True,0.36633028571426623,0.0,0,2025-12-29 13:30:00,4430.981971428573,tp2,False,1.0989908571427986,1.960595100229752
-1,2025-12-30 08:30:00,2025-12-30 08:45:00,4360.105,4374.445314285714,4337.275314285714,0.04,0.04,0.5736125714285664,0.0,0.0064,0.004000000000014552,4314.445628571428,0.02,False,0.0,0.0,0,2025-12-30 09:15:00,4374.545314285714,sl,False,-0.5776125714285809,-1.0069733478644876
-1,2025-12-30 11:45:00,2025-12-30 12:00:00,4384.945,4390.129142857143,4374.576714285713,0.13,0.13,0.6739385714286346,0.0,0.020800000000000003,0.013000000000047295,4364.208428571426,0.06,False,0.0,0.0,0,2025-12-30 12:00:00,4390.229142857143,sl,False,-0.6869385714286819,-1.0192895918874172
1,2026-01-02 08:45:00,2026-01-02 09:00:00,4386.335,4386.335,4397.591100000001,0.12,0.12,0.6753660000000309,0.0,0.0192,0.006000000000021827,4408.847200000001,0.06,True,0.6753660000000309,0.0,0,2026-01-02 12:30:00,4386.235,sl,False,0.669366000000009,0.9911159282522046
1,2026-01-06 08:30:00,2026-01-06 09:00:00,4464.195,4456.167621428572,4480.249757142856,0.08,0.08,0.6421902857142413,0.0,0.0128,0.008000000000029104,4496.304514285712,0.04,False,0.0,0.0,0,2026-01-06 09:00:00,4456.067621428571,sl,False,-0.6501902857142704,-1.0124573668864074
1,2026-01-06 11:45:00,2026-01-06 12:30:00,4459.438,4447.5956857142855,4483.122628571429,0.05,0.05,0.5921157142857283,0.0,0.008,0.001,4506.807257142858,0.02,False,0.0,0.0,0,2026-01-06 14:15:00,4471.285,news_close,False,0.5923499999999876,1.0003956755556505
1,2026-01-07 07:45:00,2026-01-07 11:15:00,4458.325,4447.263328571428,4474.663328571428,0.06,0.06,0.6637002857142943,0.0,0.0096,0.006000000000021827,4491.001657142856,0.03,False,0.0,0.0,0,2026-01-07 11:45:00,4447.163328571428,sl,False,-0.6697002857143161,-1.0090402251274675
1,2026-01-08 09:00:00,2026-01-08 09:15:00,4430.285,4418.595214285714,4453.664571428571,0.05,0.05,0.5844892857142895,0.0,0.008,0.00500000000001819,4477.044142857143,0.02,False,0.0,0.0,0,2026-01-08 12:00:00,4418.495214285714,sl,False,-0.5894892857143077,-1.00855447674102
1,2026-01-09 15:30:00,2026-01-09 16:00:00,4504.915,4488.488835714286,4524.435835714286,0.04,0.04,0.6570465714285456,0.0,0.0064,0.004000000000014552,4543.956671428573,0.02,False,0.0,0.0,0,2026-01-09 17:45:00,4488.388835714286,sl,False,-0.6610465714285602,-1.0060878485239149
1,2026-01-12 13:15:00,2026-01-12 14:00:00,4604.108,4584.509564285714,4643.304871428572,0.03,0.03,0.5879530714285829,0.0,0.0048,0.0006,4682.501742857145,0.01,False,0.0,0.0,0,2026-01-12 17:30:00,4615.958,news_close,False,0.3554999999999836,0.6046400933601811
1,2026-01-13 08:15:00,2026-01-13 10:00:00,4584.615,4576.398571428572,4600.231571428571,0.08,0.08,0.6573142857142374,0.0,0.0128,0.0016,4615.848142857143,0.04,False,0.0,0.0,0,2026-01-13 13:00:00,4592.974999999999,news_close,False,0.6687999999999739,1.017473702512423
-1,2026-01-16 11:00:00,2026-01-16 11:15:00,4606.515,4609.723814285714,4600.097371428573,0.21,0.21,0.673850999999886,0.0,0.0336,0.021000000000076395,4593.679742857145,0.1,False,0.0,0.0,0,2026-01-16 11:15:00,4609.823814285714,sl,False,-0.6948509999999624,-1.0311641594359584
1,2026-01-19 08:15:00,2026-01-19 08:30:00,4666.845,4660.967028571428,4678.600942857144,0.11,0.11,0.646576857142918,0.0,0.0176,0.011000000000040018,4690.356885714288,0.05,False,0.0,0.0,0,2026-01-19 10:30:00,4660.867028571428,sl,False,-0.657576857142958,-1.017012672010326
1,2026-01-19 15:45:00,2026-01-19 17:15:00,4669.475,4669.475,4678.333428571428,0.11,0.11,0.6601728571429066,0.0,0.0176,0.006000000000021827,4687.191857142856,0.05,True,0.4429214285713897,0.0,0,2026-01-19 19:15:00,4669.375,sl,False,0.4369214285713679,0.6618288283803043
1,2026-01-20 09:30:00,2026-01-20 09:45:00,4732.705,4720.230707142857,4757.653585714286,0.05,0.05,0.6237146428571578,0.0,0.008,0.00500000000001819,4782.602171428573,0.02,False,0.0,0.0,0,2026-01-20 13:15:00,4720.130707142856,sl,False,-0.6287146428571759,-1.008016486477075
1,2026-01-20 13:45:00,2026-01-20 15:15:00,4727.235,4727.235,4752.8754285714285,0.05,0.05,0.6410107142857214,0.0,0.008,0.0,4778.515857142857,0.02,True,0.5128085714285772,0.0,0,2026-01-20 23:45:00,4778.515857142857,tp2,False,2.0512342857143087,3.2
1,2026-01-21 08:00:00,2026-01-21 08:45:00,4853.455,4837.0629714285715,4886.239057142857,0.04,0.04,0.6556811428571382,0.0,0.0064,0.004000000000014552,4919.023114285714,0.02,False,0.0,0.0,0,2026-01-21 15:15:00,4836.962971428571,sl,False,-0.6596811428571527,-1.0061005262139833
1,2026-01-22 07:15:00,2026-01-22 08:00:00,4830.035,4820.508235714286,4849.0885285714285,0.07,0.07,0.6668735000000016,0.0,0.011200000000000002,0.007000000000025467,4868.142057142857,0.03,False,0.0,0.0,0,2026-01-22 09:30:00,4820.408235714285,sl,False,-0.673873500000027,-1.0104967433854029
1,2026-01-22 11:45:00,2026-01-22 12:00:00,4830.195,4823.749949999999,4843.0851,0.1,0.1,0.6445050000000265,0.0,0.016,0.01000000000003638,4855.975200000001,0.05,False,0.0,0.0,0,2026-01-22 12:00:00,4823.649949999999,sl,False,-0.654505000000063,-1.0155157834307507
1,2026-01-23 10:30:00,2026-01-23 11:00:00,4924.505,4914.192521428571,4945.129957142858,0.06,0.06,0.618748714285739,0.0,0.0096,0.006000000000021827,4965.754914285716,0.03,False,0.0,0.0,0,2026-01-23 11:15:00,4914.092521428571,sl,False,-0.6247487142857607,-1.0096969898465937
1,2026-01-23 12:15:00,2026-01-23 13:15:00,4930.295,4930.295,4956.3984714285725,0.05,0.05,0.6525867857143113,0.0,0.008,0.0,4982.501942857145,0.02,True,0.522069428571449,0.0,0,2026-01-23 16:15:00,4982.501942857145,tp2,False,2.088277714285796,3.1999999999999997
1,2026-01-26 08:15:00,2026-01-26 08:30:00,5094.855,5085.587235714285,5113.390528571428,0.07,0.07,0.6487435000000006,0.0,0.011200000000000002,0.007000000000025467,5131.926057142857,0.03,False,0.0,0.0,0,2026-01-26 08:45:00,5085.487235714285,sl,False,-0.655743500000026,-1.0107900888410064
1,2026-01-26 14:30:00,2026-01-26 15:30:00,5074.515,5056.904714285714,5109.664714285715,0.03,0.03,0.5283085714285789,0.0,0.0048,0.0030000000000109136,5144.814428571429,0.01,False,0.0,0.0,0,2026-01-26 19:00:00,5056.804714285714,sl,False,-0.5313085714285899,-1.0056784995781893
-1,2026-01-27 10:30:00,2026-01-27 11:00:00,5089.095,5089.095,5068.511371428572,0.06,0.06,0.6175088571428569,0.0,0.0096,0.0030000000000109136,5047.927742857143,0.03,True,0.6175088571428569,0.0,0,2026-01-27 12:30:00,5089.195000000001,sl,False,0.614508857142846,0.9951417700891101
1,2026-01-28 07:15:00,2026-01-28 07:30:00,5272.555,5272.555,5306.346814285716,0.04,0.04,0.675836285714322,0.0,0.0064,0.002000000000007276,5340.1386285714325,0.02,True,0.675836285714322,0.0,0,2026-01-28 09:15:00,5272.455,sl,False,0.6738362857143146,0.9970407034332384
1,2026-02-03 07:30:00,2026-02-03 08:00:00,4898.465,4898.465,4957.143100000001,0.02,0.02,0.58678100000001,0.0,0.0032,0.001000000000003638,5015.821200000002,0.01,True,0.58678100000001,0.0,0,2026-02-03 18:30:00,4898.365,sl,False,0.5857810000000063,0.9982957866733864
1,2026-02-09 15:45:00,2026-02-09 17:45:00,5052.175,5021.8024000000005,5089.852400000001,0.02,0.02,0.6074519999999939,0.0,0.0032,0.002000000000007276,5127.529800000001,0.01,False,0.0,0.0,0,2026-02-09 23:00:00,5021.7024,sl,False,-0.6094520000000011,-1.003292441213474
1,2026-02-10 13:45:00,2026-02-10 14:00:00,5049.115,5031.836778571429,5083.671442857141,0.03,0.03,0.5183466428571227,0.0,0.0048,0.0030000000000109136,5118.227885714283,0.01,False,0.0,0.0,0,2026-02-10 14:45:00,5031.736778571429,sl,False,-0.5213466428571337,-1.0057876327383448
-1,2026-02-13 09:30:00,2026-02-13 09:45:00,4973.595,4973.595,4952.979571428573,0.06,0.06,0.618462857142822,0.0,0.0096,0.0030000000000109136,4932.364142857145,0.03,True,0.618462857142822,0.0,0,2026-02-13 12:45:00,4973.695000000001,sl,False,0.6154628571428111,0.9951492640740459
1,2026-02-16 07:45:00,2026-02-16 08:00:00,5000.705,5000.705,5015.964142857143,0.09,0.09,0.6866614285714422,0.0,0.0144,0.0050000000000181895,5031.223285714286,0.04,True,0.6103657142857264,0.0,0,2026-02-16 10:30:00,5000.605,sl,False,0.6053657142857082,0.8816072799445501
-1,2026-02-17 10:45:00,2026-02-17 11:00:00,4922.565,4938.624642857143,4900.664642857143,0.04,0.04,0.6423857142857378,0.0,0.0064,0.004000000000014552,4878.764285714286,0.02,False,0.0,0.0,0,2026-02-17 12:00:00,4938.724642857143,sl,False,-0.6463857142857523,-1.006226788533836
-1,2026-02-18 10:45:00,2026-02-18 11:15:00,4916.485,4925.068521428571,4900.278521428571,0.08,0.08,0.6866817142857327,0.0,0.0128,0.008000000000029104,4884.072042857143,0.04,False,0.0,0.0,0,2026-02-18 12:00:00,4925.168521428572,sl,False,-0.6946817142857618,-1.0116502301336951
1,2026-02-20 09:00:00,2026-02-20 09:45:00,5027.925,5016.51685,5044.5768499999995,0.05,0.05,0.5704075000000103,0.0,0.008,0.00500000000001819,5061.228699999999,0.02,False,0.0,0.0,0,2026-02-20 11:45:00,5016.41685,sl,False,-0.5754075000000285,-1.008765663144363
1,2026-02-23 14:45:00,2026-02-23 15:00:00,5187.185,5154.782192857142,5251.990614285717,0.02,0.02,0.6480561428571673,0.0,0.0032,0.002000000000007276,5316.796228571434,0.01,False,0.0,-0.010780000000000001,1,2026-02-24 01:15:00,5154.682192857142,sl,False,-0.6608361428571746,-1.019720513632758
-1,2026-02-25 09:00:00,2026-02-25 09:15:00,5187.855,5187.855,5167.867557142856,0.06,0.06,0.599623285714315,0.0,0.0096,0.0030000000000109136,5147.880114285712,0.03,True,0.599623285714315,0.0,0,2026-02-25 13:00:00,5187.955,sl,False,0.5966232857143041,0.9949968587420066
-1,2026-02-25 14:30:00,2026-02-25 14:45:00,5180.738,5191.791164285714,5158.631671428572,0.06,0.06,0.6631898571428427,0.0,0.0096,0.006000000000021827,5136.525342857144,0.03,False,0.0,0.0,0,2026-02-25 14:45:00,5191.891164285715,sl,False,-0.6691898571428646,-1.0090471829980499
-1,2026-02-26 10:30:00,2026-02-26 12:15:00,5179.185,5190.804007142857,5155.946985714288,0.05,0.05,0.5809503571428195,0.0,0.008,0.001,5132.708971428575,0.02,False,0.0,0.0,0,2026-02-26 13:00:00,5183.675,news_close,False,-0.2244999999999891,-0.3864357724197053
-1,2026-02-27 10:00:00,2026-02-27 10:15:00,5176.535,5183.053978571428,5167.233978571428,0.1,0.1,0.6518978571428307,0.0,0.016,0.01000000000003638,5157.932957142857,0.05,False,0.0,0.0,0,2026-02-27 11:45:00,5183.1539785714285,sl,False,-0.6618978571428671,-1.015339826462791
1,2026-03-02 07:15:00,2026-03-02 07:30:00,5404.245,5374.075164285714,5449.465164285714,0.02,0.02,0.6033967142857182,0.0,0.0032,0.002000000000007276,5494.685328571429,0.01,False,0.0,0.0,0,2026-03-02 14:00:00,5373.975164285714,sl,False,-0.6053967142857255,-1.0033145689273015
1,2026-03-03 07:45:00,2026-03-03 08:00:00,5323.315,5308.140028571428,5353.664942857143,0.04,0.04,0.6069988571428622,0.0,0.0064,0.004000000000014552,5384.014885714286,0.02,False,0.0,0.0,0,2026-03-03 08:30:00,5308.040028571428,sl,False,-0.6109988571428767,-1.0065897982392298
1,2026-03-10 15:15:00,2026-03-10 18:00:00,5221.365,5201.38185,5248.01185,0.03,0.03,0.5994945000000007,0.0,0.0048,0.0030000000000109136,5274.6587,0.01,False,0.0,0.0,0,2026-03-10 18:15:00,5201.281849999999,sl,False,-0.6024945000000116,-1.005004216052042
-1,2026-03-12 10:30:00,2026-03-12 10:45:00,5182.955,5192.105807142857,5168.872807142857,0.06,0.06,0.5490484285714228,0.0,0.0096,0.0012,5154.790614285714,0.03,False,0.0,0.0,0,2026-03-12 12:00:00,5179.035,news_close,False,0.23520000000000435,0.4283775123662128
-1,2026-03-13 08:15:00,2026-03-13 08:30:00,5078.925,5093.586028571429,5063.256028571429,0.04,0.04,0.5864411428571475,0.0,0.0064,0.004000000000014552,5047.587057142858,0.02,False,0.0,0.0,0,2026-03-13 09:00:00,5093.686028571429,sl,False,-0.5904411428571621,-1.0068208038415014
-1,2026-03-17 10:15:00,2026-03-17 10:30:00,5008.935,5008.935,4999.575028571429,0.07,0.07,0.5789019999999709,0.0,0.011200000000000002,0.004000000000014553,4990.215057142858,0.03,True,0.2807991428571313,0.0,0,2026-03-17 11:15:00,5009.035000000001,sl,False,0.27679914285711676,0.47814507957673436
1,2026-03-25 07:15:00,2026-03-25 07:30:00,4555.725,4541.875992857143,4583.423014285716,0.04,0.04,0.5539602857143109,0.0,0.0064,0.004000000000014552,4611.121028571431,0.02,False,0.0,0.0,0,2026-03-25 07:45:00,4541.775992857142,sl,False,-0.5579602857143254,-1.007220734235229
1,2026-03-25 08:15:00,2026-03-25 08:30:00,4556.708,4533.9581285714285,4599.578128571428,0.02,0.02,0.4549974285714234,0.0,0.0032,0.002000000000007276,4642.448257142857,0.01,False,0.0,0.0,0,2026-03-25 09:45:00,4533.858128571428,sl,False,-0.45699742857143066,-1.0043956292374812
1,2026-03-25 11:15:00,2026-03-25 12:15:00,4564.028,4550.238821428571,4591.6063571428585,0.04,0.04,0.5515671428571659,0.0,0.0064,0.004000000000014552,4619.184714285717,0.02,False,0.0,0.0,0,2026-03-25 12:15:00,4550.138821428571,sl,False,-0.5555671428571805,-1.007252063600624
1,2026-03-25 14:45:00,2026-03-25 15:00:00,4563.625,4544.011192857143,4599.084192857143,0.03,0.03,0.5884142142857035,0.0,0.0048,0.0030000000000109136,4634.543385714285,0.01,False,0.0,0.0,0,2026-03-25 15:15:00,4543.911192857143,sl,False,-0.5914142142857145,-1.0050984492338493
1,2026-03-30 11:45:00,2026-03-30 12:00:00,4555.785,4533.453785714286,4584.183785714286,0.02,0.02,0.4466242857142788,0.0,0.0032,0.002000000000007276,4612.582571428573,0.01,False,0.0,0.0,0,2026-03-30 13:45:00,4533.353785714286,sl,False,-0.4486242857142861,-1.0044780368286708
1,2026-04-01 07:00:00,2026-04-01 07:15:00,4713.765,4713.765,4734.504878571429,0.04,0.04,0.5324048571428648,0.0,0.0064,0.002000000000007276,4755.244757142857,0.02,True,0.41479757142857127,0.0,0,2026-04-01 07:45:00,4713.665,sl,False,0.412797571428564,0.7753452394176683
1,2026-04-01 15:00:00,2026-04-01 18:15:00,4758.285,4732.772742857143,4809.309514285713,0.02,0.02,0.5102451428571294,0.0,0.0032,0.002000000000007276,4860.334028571426,0.01,False,0.0,-0.03234000000000001,1,2026-04-02 01:00:00,4732.672742857143,sl,False,-0.5445851428571367,-1.0673009836168545
-1,2026-04-02 09:00:00,2026-04-02 09:15:00,4625.155,4625.155,4601.371528571429,0.02,0.02,0.4155305714285896,0.0,0.0032,0.0002,4577.588057142858,0.01,True,0.2378347142857092,0.0,0,2026-04-02 12:00:00,4600.055,news_close,False,0.4888347142857038,1.1764109499936317
-1,2026-04-07 07:30:00,2026-04-07 07:45:00,4646.375,4657.830621428571,4623.4637571428575,0.05,0.05,0.5727810714285625,0.0,0.008,0.00500000000001819,4600.552514285715,0.02,False,0.0,0.0,0,2026-04-07 08:00:00,4657.930621428572,sl,False,-0.5777810714285806,-1.0087293387463865
1,2026-04-08 15:30:00,2026-04-08 16:15:00,4750.255,4731.993378571428,4786.778242857144,0.03,0.03,0.5478486428571523,0.0,0.0048,0.0006,4823.301485714287,0.01,False,0.0,0.0,0,2026-04-08 16:30:00,4749.855,news_close,False,-0.01200000000001637,-0.021903860046880295
1,2026-04-09 13:15:00,2026-04-09 13:30:00,4751.148,4751.148,4781.078957142857,0.04,0.04,0.5986191428571328,0.0,0.0064,0.0004,4811.009914285713,0.02,True,0.5986191428571328,0.0,0,2026-04-09 16:30:00,4792.724999999999,news_close,False,1.4301591428571192,2.3890969073109694
1,2026-04-10 09:15:00,2026-04-10 10:00:00,4744.365,4729.261471428571,4774.572057142857,0.04,0.04,0.6041411428571519,0.0,0.0064,0.0008,4804.779114285715,0.02,False,0.0,0.0,0,2026-04-10 12:00:00,4768.094999999999,news_close,False,0.9491999999999825,1.571156030709895
1,2026-04-10 14:15:00,2026-04-10 14:30:00,4778.895,4764.718785714285,4799.078785714286,0.04,0.04,0.5670485714286042,0.0,0.0064,0.004000000000014552,4819.262571428571,0.02,False,0.0,0.0,0,2026-04-10 15:30:00,4764.618785714285,sl,False,-0.5710485714286188,-1.0070540694423002
-1,2026-04-13 11:45:00,2026-04-13 12:00:00,4712.015,4724.373714285714,4699.013714285715,0.05,0.05,0.6179357142857044,0.0,0.008,0.00500000000001819,4686.012428571429,0.02,False,0.0,0.0,0,2026-04-13 12:45:00,4724.473714285715,sl,False,-0.6229357142857226,-1.0080914565778059
1,2026-04-14 11:15:00,2026-04-14 11:30:00,4774.835,4765.612542857142,4793.279914285716,0.06,0.06,0.5533474285714692,0.0,0.0096,0.0012,4811.724828571431,0.03,False,0.0,0.0,0,2026-04-14 12:00:00,4774.735,news_close,False,-0.006000000000021827,-0.010843097284307483
1,2026-04-16 11:00:00,2026-04-16 11:15:00,4816.125,4804.232828571429,4829.692828571429,0.05,0.05,0.5946085714285346,0.0,0.008,0.001,4843.260657142859,0.02,False,0.0,0.0,0,2026-04-16 12:00:00,4821.995,news_close,False,0.29349999999999454,0.49360203351066223
-1,2026-04-23 10:15:00,2026-04-23 10:30:00,4692.475,4702.955142857143,4680.605142857144,0.05,0.05,0.5240071428571355,0.0,0.008,0.00500000000001819,4668.735285714287,0.02,False,0.0,0.0,0,2026-04-23 11:15:00,4703.055142857143,sl,False,-0.5290071428571537,-1.0095418546639572
