side,signal_time,entry_time,entry_price,sl,tp,lots,oz,risk_usd,commission_usd,spread_cost_usd,slippage_cost_usd,swap_usd,rollovers,exit_time,exit_price,exit_reason,ambiguous,pnl_usd,r_multiple
1,2017-01-04 08:10:00,2017-01-04 08:15:00,1163.548,1159.7445,1170.6149999999998,0.13,0.13,0.49445499999999815,0.0,0.020800000000000003,0.0026000000000000003,-0.21021,1,2017-01-05 00:40:00,1170.6149999999998,tp,False,0.7084999999999714,1.4328907585118444
1,2017-01-12 08:10:00,2017-01-12 08:15:00,1202.3580000000002,1196.8465,1212.8410000000001,0.09,0.09,0.4960350000000062,0.0,0.0144,0.0036,0.0,0,2017-01-12 13:00:00,1204.191,news_close,False,0.16496999999998707,0.3325773382926306
1,2017-01-13 08:05:00,2017-01-13 08:10:00,1197.459,1193.958,1203.768,0.14,0.14,0.49013999999999674,0.0,0.022400000000000003,0.005600000000000001,0.0,0,2017-01-13 13:00:00,1197.871,news_close,False,0.057680000000004845,0.11768066266781986
1,2017-01-17 08:05:00,2017-01-17 08:10:00,1213.3780000000002,1207.9555,1223.6830000000002,0.09,0.09,0.4880250000000114,0.0,0.0144,0.0036,-0.048510000000000005,1,2017-01-18 13:00:00,1211.951,news_close,False,-0.17694000000001212,-0.3625633932688038
-1,2017-01-25 08:50:00,2017-01-25 08:55:00,1201.178,1206.2335,1191.1270000000002,0.1,0.1,0.5055499999999938,0.0,0.016,0.011999999999990905,0.0,0,2017-01-25 12:05:00,1206.3335,sl,False,-0.5155499999999847,-1.019780437147643
-1,2017-01-26 09:35:00,2017-01-26 09:40:00,1195.8890000000001,1199.2615,1189.1139999999996,0.14,0.14,0.4721499999999924,0.0,0.022400000000000003,0.0028000000000000004,0.0,0,2017-01-26 12:10:00,1189.1139999999996,tp,False,0.9485000000000765,2.008895478132144
-1,2017-01-27 07:45:00,2017-01-27 07:50:00,1181.528,1185.076,1174.492,0.14,0.14,0.49672000000000033,0.0,0.022400000000000003,0.01679999999998727,0.0,0,2017-01-27 10:05:00,1185.176,sl,False,-0.5107199999999875,-1.0281848928973811
1,2017-01-31 11:55:00,2017-01-31 12:00:00,1204.309,1199.5430000000001,1213.3879999999995,0.1,0.1,0.4765999999999849,0.0,0.016,0.004,0.0,0,2017-01-31 14:15:00,1204.891,news_close,False,0.058200000000010736,0.12211498111626642
1,2017-02-02 08:45:00,2017-02-02 08:50:00,1217.8680000000002,1213.414,1226.2360000000003,0.11,0.11,0.48994000000001964,0.0,0.0176,0.0044,0.0,0,2017-02-02 13:00:00,1220.068,news_close,False,0.24199999999997998,0.49393803322849794
1,2017-02-08 08:45:00,2017-02-08 08:50:00,1237.1080000000002,1232.6785,1245.5500000000002,0.11,0.11,0.4872450000000208,0.0,0.0176,0.0044,0.0,0,2017-02-08 15:00:00,1242.272,news_close,False,0.5680399999999736,1.1658200699852217
1,2017-02-24 07:25:00,2017-02-24 07:30:00,1254.238,1250.853,1260.4979999999998,0.15,0.15,0.5077499999999986,0.0,0.024,0.006,0.0,0,2017-02-24 14:30:00,1257.188,news_close,False,0.44250000000000683,0.8714918759232064
-1,2017-03-03 07:05:00,2017-03-03 07:10:00,1229.588,1232.8545,1223.1779999999999,0.15,0.15,0.4899749999999926,0.0,0.024,0.006,0.0,0,2017-03-03 14:15:00,1228.729,news_close,False,0.12884999999998853,0.2629726006428705
1,2017-03-16 07:25:00,2017-03-16 07:30:00,1227.778,1223.5929999999998,1235.5510000000002,0.12,0.12,0.5022000000000207,0.0,0.0192,0.014399999999989085,0.0,0,2017-03-16 09:00:00,1223.493,sl,False,-0.5142000000000098,-1.0238948626045172
-1,2017-04-19 08:20:00,2017-04-19 08:25:00,1282.739,1286.3229999999999,1275.4510000000005,0.14,0.14,0.5017599999999767,0.0,0.022400000000000003,0.0028000000000000004,0.0,0,2017-04-19 13:55:00,1275.4510000000005,tp,False,1.020319999999938,2.033482142857114
-1,2017-04-25 07:10:00,2017-04-25 07:15:00,1271.598,1274.7984999999999,1265.2090000000005,0.16,0.16,0.5120799999999872,0.0,0.0256,0.0064,0.0,0,2017-04-25 13:30:00,1266.509,news_close,False,0.8142399999999907,1.5900640524918197
-1,2017-05-01 07:05:00,2017-05-01 07:10:00,1261.732,1266.12,1253.016,0.12,0.12,0.5265599999999904,0.0,0.0192,0.0048,0.0,0,2017-05-01 12:00:00,1263.979,news_close,False,-0.2696400000000085,-0.5120783956244558
1,2017-05-26 07:00:00,2017-05-26 07:05:00,1261.8210000000001,1257.76,1269.4030000000002,0.13,0.13,0.5279300000000194,0.0,0.020800000000000003,0.005200000000000001,0.0,0,2017-05-26 12:00:00,1265.618,news_close,False,0.4936099999999738,0.9349913814330605
1,2017-06-06 07:15:00,2017-06-06 07:20:00,1289.679,1284.5535,1299.39,0.1,0.1,0.5125500000000102,0.0,0.016,0.004,0.0,0,2017-06-06 13:30:00,1293.681,news_close,False,0.4001999999999953,0.7808018729879764
-1,2017-06-08 11:40:00,2017-06-08 11:45:00,1282.509,1286.2585,1275.0700000000002,0.14,0.14,0.5249299999999858,0.0,0.022400000000000003,0.005600000000000001,0.0,0,2017-06-08 12:00:00,1283.428,news_close,False,-0.1286600000000135,-0.24509934657957633
-1,2017-06-13 08:30:00,2017-06-13 08:35:00,1261.712,1264.86,1255.3170000000005,0.17,0.17,0.5351599999999849,0.0,0.027200000000000002,0.0068000000000000005,0.0,0,2017-06-13 12:00:00,1264.248,news_close,False,-0.43112000000000994,-0.8055908513342218
-1,2017-06-26 08:00:00,2017-06-26 08:05:00,1241.641,1255.4505,1213.896,0.03,0.03,0.4142849999999953,0.0,0.0048,0.0012,0.0,0,2017-06-26 12:00:00,1241.8210000000001,news_close,False,-0.005400000000001909,-0.01303450523191033
1,2017-06-27 08:05:00,2017-06-27 08:10:00,1252.529,1246.6895,1263.8240000000003,0.09,0.09,0.5255550000000039,0.0,0.0144,0.0036,0.0,0,2017-06-27 13:30:00,1249.578,news_close,False,-0.26559000000000194,-0.5053514855723948
-1,2017-06-29 07:45:00,2017-06-29 07:50:00,1246.528,1251.0745,1237.4350000000002,0.11,0.11,0.5001149999999916,0.0,0.0176,0.0044,0.0,0,2017-06-29 12:00:00,1245.298,news_close,False,0.135300000000002,0.27053777631145687
-1,2017-07-03 07:15:00,2017-07-03 07:20:00,1235.288,1238.7965,1228.3310000000001,0.15,0.15,0.5262749999999868,0.0,0.024,0.003,0.0,0,2017-07-03 13:05:00,1228.3310000000001,tp,False,1.043549999999982,1.9828986746473005
-1,2017-07-11 07:05:00,2017-07-11 07:10:00,1209.892,1212.976,1203.7839999999999,0.17,0.17,0.5242800000000103,0.0,0.027200000000000002,0.02039999999998454,0.0,0,2017-07-11 12:50:00,1213.076,sl,False,-0.5412799999999948,-1.0324254215304496
1,2017-08-09 07:00:00,2017-08-09 07:05:00,1268.632,1264.2195,1276.8870000000002,0.12,0.12,0.5295000000000164,0.0,0.0192,0.0048,0.0,0,2017-08-09 14:00:00,1272.208,news_close,False,0.4291200000000026,0.8104249291784501
1,2017-08-10 10:40:00,2017-08-10 10:45:00,1280.3880000000001,1277.175,1286.2740000000003,0.16,0.16,0.5140800000000308,0.0,0.0256,0.0064,0.0,0,2017-08-10 12:00:00,1280.848,news_close,False,0.07359999999996944,0.14316837846242808
1,2017-08-18 07:00:00,2017-08-18 07:05:00,1292.429,1287.4315000000001,1301.9439999999997,0.1,0.1,0.4997499999999946,0.0,0.016,0.011999999999990905,0.0,0,2017-08-18 16:15:00,1287.3315000000002,sl,False,-0.5097499999999855,-1.0200100050024832
-1,2017-08-22 07:00:00,2017-08-22 07:05:00,1283.971,1288.32,1275.336,0.12,0.12,0.5218799999999919,0.0,0.0192,0.014399999999989085,0.0,0,2017-08-22 13:20:00,1288.4199999999998,sl,False,-0.533879999999981,-1.0229937916762268
1,2017-08-28 11:40:00,2017-08-28 11:45:00,1299.191,1295.3085,1306.4159999999997,0.13,0.13,0.5047249999999918,0.0,0.020800000000000003,0.0026000000000000003,0.0,0,2017-08-28 15:10:00,1306.4159999999997,tp,False,0.9392499999999586,1.86091435930452
1,2017-08-29 07:10:00,2017-08-29 07:15:00,1321.538,1317.4160000000002,1329.2449999999994,0.13,0.13,0.5358599999999797,0.0,0.020800000000000003,0.005200000000000001,0.0,0,2017-08-29 13:30:00,1323.642,news_close,False,0.2735200000000054,0.5104318292091513
1,2017-09-04 07:05:00,2017-09-04 07:10:00,1338.8390000000002,1334.8505,1345.9249999999997,0.13,0.13,0.5185050000000206,0.0,0.020800000000000003,0.015599999999988177,0.0,0,2017-09-04 08:50:00,1334.7505,sl,False,-0.5315050000000088,-1.025072082236406
-1,2017-09-15 07:05:00,2017-09-15 07:10:00,1328.328,1331.3609999999999,1322.352,0.17,0.17,0.5156099999999834,0.0,0.027200000000000002,0.0034000000000000002,0.0,0,2017-09-15 11:50:00,1322.352,tp,False,1.0159199999999806,1.970326409495575
-1,2017-09-18 07:55:00,2017-09-18 08:00:00,1313.888,1317.15,1307.7329999999997,0.16,0.16,0.5219200000000274,0.0,0.0256,0.0032,0.0,0,2017-09-18 15:15:00,1307.7329999999997,tp,False,0.984800000000032,1.8868792152053577
-1,2017-09-21 07:05:00,2017-09-21 07:10:00,1293.398,1297.3605,1285.5630000000003,0.14,0.14,0.5547500000000127,0.0,0.022400000000000003,0.01679999999998727,0.0,0,2017-09-21 08:55:00,1297.4605,sl,False,-0.5687500000000001,-1.0252365930599134
-1,2017-10-02 07:30:00,2017-10-02 07:35:00,1271.982,1275.253,1265.5,0.16,0.16,0.5233599999999933,0.0,0.0256,0.01919999999998545,0.0,0,2017-10-02 12:25:00,1275.3529999999998,sl,False,-0.5393599999999787,-1.0305716906144635
1,2017-10-04 10:35:00,2017-10-04 10:40:00,1279.0420000000001,1275.4505,1285.6820000000005,0.15,0.15,0.5387250000000335,0.0,0.024,0.006,0.0,0,2017-10-04 11:45:00,1280.871,news_close,False,0.2743499999999926,0.5092579702073888
1,2017-10-10 08:25:00,2017-10-10 08:30:00,1289.252,1285.405,1296.394,0.14,0.14,0.5385799999999973,0.0,0.022400000000000003,0.005600000000000001,-0.07546000000000001,1,2017-10-11 13:30:00,1290.111,news_close,False,0.04480000000002113,0.08318170002603394
-1,2017-10-17 10:00:00,2017-10-17 10:05:00,1287.579,1291.5635,1279.5859999999998,0.13,0.13,0.5179850000000034,0.0,0.020800000000000003,0.0026000000000000003,0.0,1,2017-10-18 09:45:00,1279.5859999999998,tp,False,1.0390900000000216,2.00602334044425
1,2017-11-01 09:15:00,2017-11-01 09:20:00,1279.9850000000001,1272.5059999999999,1294.1150000000005,0.07,0.07,0.5235300000000189,0.0,0.011200000000000002,0.0028000000000000004,0.0,0,2017-11-01 11:45:00,1276.949,news_close,False,-0.2125200000000041,-0.4059366225431139
-1,2017-11-14 08:00:00,2017-11-14 08:05:00,1273.492,1276.762,1267.012,0.17,0.17,0.555899999999997,0.0,0.027200000000000002,0.0068000000000000005,0.0,0,2017-11-14 09:30:00,1273.201,news_close,False,0.0494699999999898,0.08899082568805554
-1,2017-12-07 10:30:00,2017-12-07 10:35:00,1255.922,1260.116,1247.594,0.13,0.13,0.5452199999999948,0.0,0.020800000000000003,0.005200000000000001,0.0,0,2017-12-07 13:00:00,1255.9180000000001,news_close,False,0.0005199999999877037,0.0009537434429912854
1,2018-01-12 09:00:00,2018-01-12 09:05:00,1331.021,1326.5315,1339.2799999999997,0.12,0.12,0.5387399999999889,0.0,0.0192,0.0048,0.0,0,2018-01-12 13:00:00,1331.998,news_close,False,0.1172400000000107,0.21761888851767663
1,2018-01-19 07:55:00,2018-01-19 08:00:00,1335.0810000000001,1329.916,1344.8619999999999,0.1,0.1,0.5165000000000192,0.0,0.016,0.011999999999990905,-0.0539,2,2018-01-22 06:50:00,1329.816,sl,False,-0.58040000000001,-1.1237173281703552
1,2018-02-13 08:25:00,2018-02-13 08:30:00,1329.329,1325.133,1337.2379999999996,0.13,0.13,0.5454799999999886,0.0,0.020800000000000003,0.015599999999988177,0.0,0,2018-02-13 14:00:00,1325.0330000000001,sl,False,-0.5584799999999769,-1.0238322211629913
1,2018-02-16 08:10:00,2018-02-16 08:15:00,1360.298,1356.159,1368.1559999999995,0.13,0.13,0.5380699999999865,0.0,0.020800000000000003,0.015599999999988177,0.0,0,2018-02-16 12:15:00,1356.0590000000002,sl,False,-0.5510699999999747,-1.0241604252234626
-1,2018-02-20 07:35:00,2018-02-20 07:40:00,1338.6680000000001,1342.779,1330.4250000000002,0.13,0.13,0.534429999999984,0.0,0.020800000000000003,0.015599999999988177,0.0,0,2018-02-20 14:20:00,1342.879,sl,False,-0.5474299999999721,-1.0243249817562423
1,2018-02-26 07:40:00,2018-02-26 07:45:00,1340.482,1333.563,1353.7799999999995,0.07,0.07,0.4843299999999909,0.0,0.011200000000000002,0.008399999999993635,0.0,0,2018-02-26 14:25:00,1333.4630000000002,sl,False,-0.4913299999999845,-1.0144529556294133
-1,2018-03-28 07:20:00,2018-03-28 07:25:00,1339.289,1343.395,1331.137,0.13,0.13,0.5337799999999993,0.0,0.020800000000000003,0.005200000000000001,0.0,0,2018-03-28 12:00:00,1337.0510000000002,news_close,False,0.29093999999997777,0.5450560155869051
-1,2018-04-05 07:00:00,2018-04-05 07:05:00,1325.199,1329.89,1315.877,0.11,0.11,0.5160100000000034,0.0,0.0176,0.013199999999989996,0.0,0,2018-04-05 10:55:00,1329.99,sl,False,-0.5270099999999934,-1.0213174163291214
1,2018-04-10 11:30:00,2018-04-10 11:35:00,1338.8010000000002,1334.5684999999999,1346.7290000000005,0.12,0.12,0.507900000000036,0.0,0.0192,0.0048,0.0,0,2018-04-10 12:00:00,1336.3990000000001,news_close,False,-0.2882400000000052,-0.5675132900176901
-1,2018-04-17 07:50:00,2018-04-17 07:55:00,1342.819,1346.55,1335.387,0.14,0.14,0.5223399999999992,0.0,0.022400000000000003,0.01679999999998727,0.0,0,2018-04-17 16:55:00,1346.6499999999999,sl,False,-0.5363399999999866,-1.026802465826832
1,2018-04-19 07:00:00,2018-04-19 07:05:00,1354.242,1350.9585000000002,1360.2389999999994,0.15,0.15,0.4925249999999664,0.0,0.024,0.017999999999986357,0.0,0,2018-04-19 08:35:00,1350.8585000000003,sl,False,-0.5075249999999528,-1.0304553068371909
-1,2018-05-17 08:05:00,2018-05-17 08:10:00,1288.1580000000001,1291.403,1281.7280000000003,0.15,0.15,0.4867499999999836,0.0,0.024,0.006,0.0,0,2018-05-17 12:00:00,1288.528,news_close,False,-0.055499999999983625,-0.1140215716486605
-1,2018-05-21 07:00:00,2018-05-21 07:05:00,1282.148,1286.973,1272.5579999999998,0.1,0.1,0.4825000000000046,0.0,0.016,0.011999999999990905,0.0,0,2018-05-21 12:50:00,1287.0729999999999,sl,False,-0.4924999999999955,-1.0207253886010172
-1,2018-05-30 07:15:00,2018-05-30 07:20:00,1296.309,1299.6435000000001,1289.7359999999994,0.15,0.15,0.5001750000000242,0.0,0.024,0.017999999999986357,0.0,0,2018-05-30 09:05:00,1299.7435,sl,False,-0.5151750000000106,-1.0299895036736855
1,2018-07-09 09:30:00,2018-07-09 09:35:00,1263.181,1258.808,1271.447,0.11,0.11,0.48103000000000523,0.0,0.0176,0.013199999999989996,0.0,0,2018-07-09 16:50:00,1258.708,sl,False,-0.4920299999999952,-1.0228675966155747
-1,2018-07-10 08:35:00,2018-07-10 08:40:00,1254.589,1257.6689999999999,1248.459,0.16,0.16,0.49279999999998836,0.0,0.0256,0.0032,0.0,0,2018-07-10 11:05:00,1248.459,tp,False,0.9807999999999811,1.990259740259749
-1,2018-07-11 11:45:00,2018-07-11 11:50:00,1248.669,1252.5430000000001,1240.981,0.13,0.13,0.5036200000000031,0.0,0.020800000000000003,0.005200000000000001,0.0,0,2018-07-11 12:00:00,1248.9080000000001,news_close,False,-0.031070000000004257,-0.06169334021683823
-1,2018-07-18 08:10:00,2018-07-18 08:15:00,1221.98,1225.7085,1214.583,0.13,0.13,0.4847049999999922,0.0,0.020800000000000003,0.015599999999988177,0.0,0,2018-07-18 13:10:00,1225.8084999999999,sl,False,-0.4977049999999804,-1.026820437173102
-1,2018-07-19 07:05:00,2018-07-19 07:10:00,1221.679,1225.529,1214.0690000000002,0.13,0.13,0.5004999999999882,0.0,0.020800000000000003,0.005200000000000001,0.0,0,2018-07-19 12:00:00,1216.029,news_close,False,0.7345000000000118,1.4675324675325259
-1,2018-08-03 07:55:00,2018-08-03 08:00:00,1204.508,1207.8670000000002,1197.8499999999997,0.15,0.15,0.5038500000000227,0.0,0.024,0.017999999999986357,0.0,0,2018-08-03 08:20:00,1207.967,sl,False,-0.518850000000009,-1.029770765108635
-1,2018-08-15 08:55:00,2018-08-15 09:00:00,1186.1580000000001,1190.283,1177.9980000000005,0.12,0.12,0.4949999999999727,0.0,0.0192,0.0048,0.0,0,2018-08-15 12:00:00,1186.911,news_close,False,-0.09035999999999149,-0.18254545454544743
-1,2018-08-23 07:00:00,2018-08-23 07:05:00,1187.1580000000001,1192.6485,1176.2400000000002,0.09,0.09,0.4941449999999895,0.0,0.0144,0.0036,0.0,0,2018-08-23 12:00:00,1189.864,news_close,False,-0.24353999999999132,-0.49285128858937455
1,2018-08-28 08:10:00,2018-08-28 08:15:00,1213.419,1210.199,1219.316,0.15,0.15,0.4830000000000041,0.0,0.024,0.006,0.0,0,2018-08-28 13:30:00,1212.218,news_close,False,-0.18015000000000328,-0.372981366459631
-1,2018-09-04 07:35:00,2018-09-04 07:40:00,1194.749,1198.374,1187.499,0.13,0.13,0.47125,0.0,0.020800000000000003,0.005200000000000001,0.0,0,2018-09-04 13:15:00,1191.848,news_close,False,0.37713000000000874,0.800275862068984
1,2018-09-19 07:20:00,2018-09-19 07:25:00,1204.661,1201.094,1211.2579999999998,0.14,0.14,0.49938000000000105,0.0,0.022400000000000003,0.005600000000000001,0.0,0,2018-09-19 14:00:00,1203.179,news_close,False,-0.20747999999999595,-0.415475189234642
-1,2018-10-08 07:45:00,2018-10-08 07:50:00,1194.229,1199.644,1183.459,0.09,0.09,0.48734999999999673,0.0,0.0144,0.0018,0.0,0,2018-10-08 15:25:00,1183.459,tp,False,0.9692999999999983,1.9889196675900376
-1,2018-10-19 07:05:00,2018-10-19 07:10:00,1224.051,1227.2910000000002,1217.6039999999994,0.15,0.15,0.48600000000003546,0.0,0.024,0.017999999999986357,0.0,0,2018-10-19 09:00:00,1227.391,sl,False,-0.5010000000000218,-1.0308641975308337
1,2018-10-23 07:00:00,2018-10-23 07:05:00,1231.721,1225.77,1243.0829999999999,0.08,0.08,0.4760800000000018,0.0,0.0128,0.009599999999992725,-0.043120000000000006,1,2018-10-24 12:05:00,1225.67,sl,False,-0.5271999999999945,-1.107376911443439
-1,2018-10-29 08:40:00,2018-10-29 08:45:00,1228.683,1232.6915,1220.756,0.12,0.12,0.4810199999999895,0.0,0.0192,0.0048,0.0,0,2018-10-29 12:00:00,1228.904,news_close,False,-0.026520000000000436,-0.05513284270924497
-1,2018-10-30 07:15:00,2018-10-30 07:20:00,1224.98,1228.175,1218.65,0.15,0.15,0.4792499999999904,0.0,0.024,0.006,0.0,0,2018-10-30 13:30:00,1224.583,news_close,False,0.05954999999999017,0.12425665101719638
1,2018-11-01 07:00:00,2018-11-01 07:05:00,1223.443,1219.1965,1231.4259999999997,0.11,0.11,0.4671149999999966,0.0,0.0176,0.0044,0.0,0,2018-11-01 12:00:00,1224.938,news_close,False,0.164450000000013,0.3520546332273941
1,2018-11-15 08:05:00,2018-11-15 08:10:00,1214.468,1210.915,1221.034,0.14,0.14,0.49742000000001557,0.0,0.022400000000000003,0.01679999999998727,0.0,0,2018-11-15 09:55:00,1210.815,sl,False,-0.5114200000000029,-1.028145229383593
1,2018-11-29 07:30:00,2018-11-29 07:35:00,1226.848,1223.2615,1233.4809999999995,0.14,0.14,0.5021099999999843,0.0,0.022400000000000003,0.005600000000000001,0.0,0,2018-11-29 13:00:00,1226.535,news_close,False,-0.043819999999982436,-0.08727171336954812
1,2018-12-03 07:05:00,2018-12-03 07:10:00,1228.7450000000001,1224.4565,1236.7520000000002,0.11,0.11,0.4717350000000124,0.0,0.0176,0.0044,0.0,0,2018-12-03 14:15:00,1232.915,news_close,False,0.458699999999983,0.9723679608254019
1,2018-12-04 08:20:00,2018-12-04 08:25:00,1238.565,1234.3515,1246.2720000000002,0.12,0.12,0.5056200000000081,0.0,0.0192,0.014399999999989085,-0.06468,1,2018-12-05 05:05:00,1234.2515,sl,False,-0.5822999999999972,-1.1516553933784024
-1,2018-12-14 07:35:00,2018-12-14 07:40:00,1237.595,1241.2015000000001,1230.3819999999998,0.13,0.13,0.46884500000001256,0.0,0.020800000000000003,0.005200000000000001,0.0,0,2018-12-14 13:00:00,1238.105,news_close,False,-0.06629999999999882,-0.14141134063495833
1,2018-12-28 08:00:00,2018-12-28 08:05:00,1281.768,1277.7015000000001,1289.3609999999996,0.12,0.12,0.48797999999998865,0.0,0.0192,0.014399999999989085,0.0,0,2018-12-28 08:20:00,1277.6015000000002,sl,False,-0.4999799999999777,-1.024591171769313
1,2019-01-02 08:40:00,2019-01-02 08:45:00,1287.978,1283.005,1297.3839999999998,0.09,0.09,0.4475699999999961,0.0,0.0144,0.0036,0.0,0,2019-01-02 14:15:00,1284.715,news_close,False,-0.29367000000001325,-0.656143173134964
-1,2019-01-09 09:35:00,2019-01-09 09:40:00,1280.595,1284.105,1273.545,0.14,0.14,0.4913999999999988,0.0,0.022400000000000003,0.01679999999998727,0.0,0,2019-01-09 13:15:00,1284.205,sl,False,-0.5053999999999861,-1.0284900284900027
1,2019-01-11 07:20:00,2019-01-11 07:25:00,1294.6480000000001,1290.925,1301.5540000000003,0.13,0.13,0.4839900000000239,0.0,0.020800000000000003,0.005200000000000001,0.0,0,2019-01-11 13:00:00,1291.955,news_close,False,-0.35009000000002743,-0.7233413913510819
-1,2019-02-04 08:20:00,2019-02-04 08:25:00,1311.595,1314.6415,1305.5620000000001,0.15,0.15,0.45697499999998853,0.0,0.024,0.017999999999986357,0.0,0,2019-02-04 15:40:00,1314.7414999999999,sl,False,-0.4719749999999749,-1.0328245527654396
-1,2019-03-01 07:00:00,2019-03-01 07:05:00,1309.348,1312.6115,1302.8809999999999,0.14,0.14,0.4568900000000031,0.0,0.022400000000000003,0.005600000000000001,0.0,0,2019-03-01 13:00:00,1306.218,news_close,False,0.4381999999999835,0.9590929983146501
-1,2019-03-07 08:00:00,2019-03-07 08:05:00,1281.9950000000001,1286.1664999999998,1273.7120000000007,0.11,0.11,0.4588649999999666,0.0,0.0176,0.013199999999989996,0.0,0,2019-03-07 08:30:00,1286.2664999999997,sl,False,-0.46986499999995657,-1.0239721922569618
1,2019-03-08 07:40:00,2019-03-08 07:45:00,1294.4650000000001,1289.2379999999998,1304.3790000000006,0.09,0.09,0.4704300000000285,0.0,0.0144,0.0036,0.0,0,2019-03-08 13:00:00,1293.165,news_close,False,-0.11700000000001637,-0.24870862827627763
1,2019-03-15 07:15:00,2019-03-15 07:20:00,1302.825,1297.9915,1311.9519999999998,0.09,0.09,0.4350149999999962,0.0,0.0144,0.0036,0.0,0,2019-03-15 13:30:00,1302.788,news_close,False,-0.0033300000000031104,-0.0076549084514399264
1,2019-03-22 07:00:00,2019-03-22 07:05:00,1312.2250000000001,1309.0315,1318.0720000000001,0.14,0.14,0.44709000000001203,0.0,0.022400000000000003,0.005600000000000001,0.0,0,2019-03-22 13:15:00,1311.4950000000001,news_close,False,-0.10220000000000255,-0.2285893220604348
1,2019-03-25 07:20:00,2019-03-25 07:25:00,1317.105,1313.9180000000001,1322.978,0.14,0.14,0.44617999999998575,0.0,0.022400000000000003,0.0028000000000000004,0.0,0,2019-03-25 18:00:00,1322.978,tp,False,0.8222200000000067,1.8427988704111187
-1,2019-03-28 10:25:00,2019-03-28 10:30:00,1306.708,1309.7314999999999,1300.7210000000005,0.16,0.16,0.48375999999996566,0.0,0.0256,0.0064,0.0,0,2019-03-28 12:00:00,1303.335,news_close,False,0.5396800000000076,1.1155945096743136
1,2019-04-08 11:55:00,2019-04-08 12:00:00,1298.4350000000002,1294.755,1305.255,0.13,0.13,0.4784000000000083,0.0,0.020800000000000003,0.0026000000000000003,-0.07007000000000001,1,2019-04-09 12:20:00,1305.255,tp,False,0.8165299999999918,1.7067934782608227
-1,2019-05-02 08:20:00,2019-05-02 08:25:00,1270.98,1274.3015,1264.397,0.15,0.15,0.49822500000000214,0.0,0.024,0.006,0.0,0,2019-05-02 12:00:00,1271.948,news_close,False,-0.14520000000001118,-0.29143459280447703
-1,2019-05-13 07:00:00,2019-05-13 07:05:00,1282.455,1285.4715,1276.401,0.16,0.16,0.48264000000002855,0.0,0.0256,0.01919999999998545,0.0,0,2019-05-13 12:05:00,1285.5715,sl,False,-0.49864000000001396,-1.033151002817803
-1,2019-05-21 11:20:00,2019-05-21 11:25:00,1272.4950000000001,1275.7514999999999,1266.0420000000006,0.15,0.15,0.48847499999995986,0.0,0.024,0.006,0.0,0,2019-05-21 13:30:00,1271.9550000000002,news_close,False,0.08099999999999453,0.1658222017503479
1,2019-05-31 07:10:00,2019-05-31 07:15:00,1295.7050000000002,1292.423,1301.798,0.15,0.15,0.4923000000000229,0.0,0.024,0.006,0.0,0,2019-05-31 12:00:00,1297.445,news_close,False,0.26099999999996726,0.5301645338207498
1,2019-06-04 07:05:00,2019-06-04 07:10:00,1328.1080000000002,1324.4015,1335.0110000000004,0.13,0.13,0.4818450000000303,0.0,0.020800000000000003,0.015599999999988177,0.0,0,2019-06-04 08:40:00,1324.3015,sl,False,-0.49484500000001846,-1.0269796303790375
1,2019-06-05 07:00:00,2019-06-05 07:05:00,1334.845,1329.6415000000002,1344.7209999999993,0.09,0.09,0.4683149999999864,0.0,0.0144,0.0036,0.0,0,2019-06-05 11:45:00,1334.4080000000001,news_close,False,-0.03932999999999083,-0.08398193523588178
1,2019-06-06 07:20:00,2019-06-06 07:25:00,1333.798,1330.3629999999998,1340.1280000000002,0.14,0.14,0.48090000000002425,0.0,0.022400000000000003,0.005600000000000001,0.0,0,2019-06-06 12:00:00,1336.555,news_close,False,0.3859800000000087,0.8026200873362221
-1,2019-06-10 08:10:00,2019-06-10 08:15:00,1325.458,1331.6664999999998,1313.1010000000006,0.07,0.07,0.4345949999999812,0.0,0.011200000000000002,0.0028000000000000004,0.0,0,2019-06-10 13:30:00,1329.395,news_close,False,-0.2755899999999929,-0.6341306273657195
-1,2019-06-11 07:40:00,2019-06-11 07:45:00,1323.555,1327.153,1316.419,0.13,0.13,0.4677399999999943,0.0,0.020800000000000003,0.005200000000000001,0.0,0,2019-06-11 12:00:00,1320.595,news_close,False,0.38480000000000475,0.822679266259053
1,2019-06-12 07:55:00,2019-06-12 08:00:00,1337.4950000000001,1331.5230000000001,1348.899,0.08,0.08,0.4777599999999984,0.0,0.0128,0.0032,0.0,0,2019-06-12 12:00:00,1334.9180000000001,news_close,False,-0.20615999999999987,-0.4315137307434707
1,2019-06-13 07:20:00,2019-06-13 07:25:00,1338.308,1335.045,1344.225,0.15,0.15,0.48944999999998795,0.0,0.024,0.017999999999986357,0.0,0,2019-06-13 09:25:00,1334.9450000000002,sl,False,-0.5044499999999743,-1.0306466441924338
1,2019-06-14 07:00:00,2019-06-14 07:05:00,1356.988,1348.618,1373.218,0.05,0.05,0.4185000000000059,0.0,0.008,0.002,0.0,0,2019-06-14 12:00:00,1354.428,news_close,False,-0.12799999999999728,-0.30585424133810146
1,2019-06-18 11:20:00,2019-06-18 11:25:00,1348.1280000000002,1343.2565,1357.4119999999998,0.09,0.09,0.43843500000001767,0.0,0.0144,0.010799999999991814,0.0,0,2019-06-18 13:45:00,1343.1565,sl,False,-0.44743500000000946,-1.0205275582469269
-1,2019-06-26 11:10:00,2019-06-26 11:15:00,1402.625,1411.8980000000001,1384.1689999999996,0.05,0.05,0.46365000000000695,0.0,0.008,0.002,0.0,0,2019-06-26 12:00:00,1403.585,news_close,False,-0.04800000000000182,-0.10352636687156497
-1,2019-07-04 07:50:00,2019-07-04 07:55:00,1411.828,1417.2514999999999,1401.0710000000001,0.08,0.08,0.4338799999999901,0.0,0.0128,0.009599999999992725,0.0,0,2019-07-04 14:20:00,1417.3514999999998,sl,False,-0.44187999999998284,-1.018438277864831
1,2019-07-08 07:00:00,2019-07-08 07:05:00,1406.178,1400.5414999999998,1416.902,0.08,0.08,0.45092000000002375,0.0,0.0128,0.009599999999992725,0.0,0,2019-07-08 13:10:00,1400.4415,sl,False,-0.4589200000000164,-1.0177415062538637
-1,2019-07-09 08:25:00,2019-07-09 08:30:00,1390.325,1393.5365,1383.9620000000002,0.14,0.14,0.44960999999998424,0.0,0.022400000000000003,0.01679999999998727,0.0,0,2019-07-09 12:10:00,1393.6364999999998,sl,False,-0.46360999999997154,-1.031138097462218
1,2019-07-12 07:20:00,2019-07-12 07:25:00,1411.298,1406.7565,1419.841,0.1,0.1,0.4541500000000042,0.0,0.016,0.011999999999990905,0.0,0,2019-07-12 09:20:00,1406.6565,sl,False,-0.4641499999999951,-1.0220191566662795
-1,2019-08-01 08:00:00,2019-08-01 08:05:00,1403.265,1408.1615000000002,1393.562,0.09,0.09,0.4406850000000054,0.0,0.0144,0.010799999999991814,0.0,0,2019-08-01 10:40:00,1408.2615,sl,False,-0.4496849999999972,-1.0204227509445334
1,2019-08-05 10:40:00,2019-08-05 10:45:00,1461.075,1449.215,1484.2250000000001,0.03,0.03,0.3558000000000038,0.0,0.0048,0.0012,0.0,0,2019-08-05 13:15:00,1462.775,news_close,False,0.051000000000001364,0.143338954468805
1,2019-08-07 11:20:00,2019-08-07 11:25:00,1492.498,1482.9015,1511.0910000000001,0.04,0.04,0.38386000000000425,0.0,0.0064,0.0016,0.0,0,2019-08-07 14:00:00,1507.9080000000001,news_close,False,0.6164000000000033,1.6057937789819112
-1,2019-08-12 07:20:00,2019-08-12 07:25:00,1488.308,1495.338,1474.2390000000003,0.06,0.06,0.42179999999999834,0.0,0.0096,0.007199999999994542,0.0,0,2019-08-12 08:15:00,1495.4379999999999,sl,False,-0.4277999999999929,-1.0142247510668434
1,2019-08-13 07:45:00,2019-08-13 07:50:00,1526.328,1517.0815,1544.2809999999997,0.04,0.04,0.36985999999999875,0.0,0.0064,0.0016,0.0,0,2019-08-13 12:00:00,1525.685,news_close,False,-0.025720000000001166,-0.06953982588006612
-1,2019-08-19 08:00:00,2019-08-19 08:05:00,1504.628,1508.8600000000001,1496.2239999999995,0.1,0.1,0.42320000000001984,0.0,0.016,0.002,0.0,0,2019-08-19 11:30:00,1496.2239999999995,tp,False,0.8404000000000451,1.9858223062381988
1,2019-08-27 07:10:00,2019-08-27 07:15:00,1534.448,1529.873,1543.088,0.1,0.1,0.45750000000000457,0.0,0.016,0.011999999999990905,0.0,0,2019-08-27 09:00:00,1529.7730000000001,sl,False,-0.4674999999999955,-1.0218579234972476
1,2019-08-28 11:25:00,2019-08-28 11:30:00,1545.098,1538.2179999999998,1558.1380000000001,0.06,0.06,0.41280000000000655,0.0,0.0096,0.007199999999994542,0.0,0,2019-08-28 13:50:00,1538.118,sl,False,-0.41880000000000106,-1.0145348837209167
-1,2019-09-02 07:20:00,2019-09-02 07:25:00,1520.275,1525.3365,1510.062,0.09,0.09,0.45553499999998165,0.0,0.0144,0.010799999999991814,0.0,0,2019-09-02 09:50:00,1525.4364999999998,sl,False,-0.46453499999997344,-1.019756989034854
-1,2019-09-06 09:30:00,2019-09-06 09:35:00,1503.228,1512.715,1483.4140000000004,0.04,0.04,0.3794799999999941,0.0,0.0064,0.0016,0.0,0,2019-09-06 12:00:00,1505.4950000000001,news_close,False,-0.0906800000000021,-0.23895857489196667
-1,2019-09-09 07:55:00,2019-09-09 08:00:00,1505.045,1508.9365,1497.2620000000002,0.11,0.11,0.4280649999999946,0.0,0.0176,0.013199999999989996,0.0,0,2019-09-09 09:00:00,1509.0365,sl,False,-0.4390649999999846,-1.0256970319927818
1,2019-09-12 07:15:00,2019-09-12 07:20:00,1502.505,1495.683,1515.3780000000002,0.06,0.06,0.40932000000000696,0.0,0.0096,0.0024,0.0,0,2019-09-12 12:00:00,1512.528,news_close,False,0.6013799999999946,1.4692172383464877
1,2019-09-13 08:10:00,2019-09-13 08:15:00,1506.525,1500.7115,1517.5820000000003,0.07,0.07,0.4069450000000143,0.0,0.011200000000000002,0.0028000000000000004,0.0,0,2019-09-13 12:00:00,1508.005,news_close,False,0.10360000000000129,0.25457985722885806
-1,2019-09-16 08:40:00,2019-09-16 08:45:00,1500.108,1506.6115,1487.1909999999998,0.07,0.07,0.45524500000000223,0.0,0.011200000000000002,0.008399999999993635,0.0,1,2019-09-17 16:20:00,1506.7115,sl,False,-0.46224499999999585,-1.0153763358191603
1,2019-09-23 08:15:00,2019-09-23 08:20:00,1520.048,1515.5325,1528.5389999999998,0.1,0.1,0.45154999999999745,0.0,0.016,0.004,0.0,0,2019-09-23 13:15:00,1519.648,news_close,False,-0.0400000000000091,-0.08858376702471338
-1,2019-09-27 09:50:00,2019-09-27 09:55:00,1495.175,1501.7015000000001,1482.1819999999996,0.06,0.06,0.39159000000001015,0.0,0.0096,0.0024,0.0,0,2019-09-27 12:00:00,1494.9950000000001,news_close,False,0.010799999999990177,0.02757986669728516
-1,2019-09-30 08:05:00,2019-09-30 08:10:00,1487.715,1492.58,1478.0840000000003,0.09,0.09,0.4378500000000008,0.0,0.0144,0.0036,0.0,0,2019-09-30 13:15:00,1482.4350000000002,news_close,False,0.4751999999999771,1.0853031860225562
-1,2019-10-01 07:30:00,2019-10-01 07:35:00,1460.038,1467.71,1444.805,0.05,0.05,0.3836000000000013,0.0,0.008,0.0059999999999954525,0.0,0,2019-10-01 09:40:00,1467.81,sl,False,-0.3885999999999967,-1.0130344108446179
1,2019-10-03 09:30:00,2019-10-03 09:35:00,1504.035,1499.6264999999999,1512.2220000000004,0.1,0.1,0.4408500000000231,0.0,0.016,0.011999999999990905,0.0,0,2019-10-03 10:00:00,1499.5265,sl,False,-0.450850000000014,-1.0226834524214368
-1,2019-10-07 07:20:00,2019-10-07 07:25:00,1500.975,1506.6615,1489.6619999999998,0.07,0.07,0.3980550000000017,0.0,0.011200000000000002,0.0028000000000000004,0.0,0,2019-10-07 16:30:00,1498.7250000000001,news_close,False,0.1574999999999841,0.3956739646530842
1,2019-10-15 10:20:00,2019-10-15 10:25:00,1496.218,1492.0665,1503.9510000000002,0.1,0.1,0.41515000000001695,0.0,0.016,0.011999999999990905,0.0,0,2019-10-15 11:50:00,1491.9665,sl,False,-0.42515000000000785,-1.0240876791520908
1,2019-10-23 07:35:00,2019-10-23 07:40:00,1493.1280000000002,1489.6080000000002,1499.658,0.12,0.12,0.4223999999999978,0.0,0.0192,0.0048,0.0,0,2019-10-23 14:00:00,1495.318,news_close,False,0.2627999999999793,0.6221590909090451
1,2019-10-25 07:55:00,2019-10-25 08:00:00,1506.948,1503.6464999999998,1513.0110000000004,0.13,0.13,0.42919500000003385,0.0,0.020800000000000003,0.0026000000000000003,0.0,0,2019-10-25 12:30:00,1513.0110000000004,tp,False,0.7881900000000428,1.8364379827350752
1,2019-10-31 07:55:00,2019-10-31 08:00:00,1500.3780000000002,1496.6765,1507.3310000000001,0.12,0.12,0.44418000000001484,0.0,0.0192,0.0024,0.0,0,2019-10-31 11:15:00,1507.3310000000001,tp,False,0.8343599999999969,1.8784276644602842
1,2019-11-13 09:10:00,2019-11-13 09:15:00,1463.6080000000002,1460.0715,1470.1410000000003,0.13,0.13,0.45974500000002083,0.0,0.020800000000000003,0.005200000000000001,0.0,0,2019-11-13 13:00:00,1464.675,news_close,False,0.13870999999997138,0.3017107309486022
1,2019-11-14 07:15:00,2019-11-14 07:20:00,1467.448,1463.7915,1474.221,0.12,0.12,0.4387800000000061,0.0,0.0192,0.0048,0.0,0,2019-11-14 13:00:00,1468.075,news_close,False,0.07523999999999433,0.17147545466975084
-1,2019-11-15 09:15:00,2019-11-15 09:20:00,1462.595,1466.3965,1455.0909999999997,0.12,0.12,0.4561800000000039,0.0,0.0192,0.014399999999989085,0.0,0,2019-11-15 11:05:00,1466.4965,sl,False,-0.468179999999993,-1.0263054057608596
-1,2019-11-18 07:15:00,2019-11-18 07:20:00,1463.075,1466.7465000000002,1455.7019999999998,0.12,0.12,0.4405800000000181,0.0,0.0192,0.014399999999989085,0.0,0,2019-11-18 14:05:00,1466.8465,sl,False,-0.4525800000000072,-1.027236824186274
1,2019-12-04 07:00:00,2019-12-04 07:05:00,1481.865,1478.6415000000002,1487.7719999999995,0.14,0.14,0.4512899999999764,0.0,0.022400000000000003,0.01679999999998727,0.0,0,2019-12-04 09:05:00,1478.5415000000003,sl,False,-0.4652899999999636,-1.0310221808592879
1,2019-12-23 07:00:00,2019-12-23 07:05:00,1484.765,1481.0515,1491.652,0.12,0.12,0.44562000000000807,0.0,0.0192,0.0048,0.0,0,2019-12-23 13:00:00,1482.025,news_close,False,-0.3288000000000011,-0.7378483910057788
1,2019-12-24 09:10:00,2019-12-24 09:15:00,1491.885,1487.7865000000002,1499.6319999999994,0.1,0.1,0.4098499999999831,0.0,0.016,0.002,0.0,0,2019-12-24 16:10:00,1499.6319999999994,tp,False,0.7746999999999389,1.8902037330730042
1,2019-12-31 07:10:00,2019-12-31 07:15:00,1524.7350000000001,1519.4115000000002,1534.6709999999998,0.08,0.08,0.42587999999999737,0.0,0.0128,0.0032,0.0,0,2019-12-31 14:30:00,1522.118,news_close,False,-0.20936000000001515,-0.4915938762092994
1,2020-01-03 08:00:00,2020-01-03 08:05:00,1544.035,1536.248,1559.0479999999998,0.05,0.05,0.38935000000000175,0.0,0.008,0.002,0.0,0,2020-01-03 14:30:00,1547.878,news_close,False,0.19214999999999238,0.4935148324129742
1,2020-02-07 10:10:00,2020-02-07 10:15:00,1569.258,1565.93,1575.3739999999998,0.13,0.13,0.4326399999999967,0.0,0.020800000000000003,0.015599999999988177,0.0,0,2020-02-07 12:15:00,1565.8300000000002,sl,False,-0.4456399999999849,-1.0300480769230498
1,2020-02-13 09:50:00,2020-02-13 09:55:00,1575.768,1572.2715,1582.2209999999998,0.12,0.12,0.4195799999999963,0.0,0.0192,0.014399999999989085,0.0,0,2020-02-13 12:05:00,1572.1715000000002,sl,False,-0.43157999999998536,-1.0286000286000028
1,2020-02-19 08:05:00,2020-02-19 08:10:00,1606.025,1602.5214999999998,1612.6420000000003,0.12,0.12,0.420420000000031,0.0,0.0192,0.0048,0.0,0,2020-02-19 13:00:00,1606.768,news_close,False,0.08915999999999258,0.21207364064503592
1,2020-02-21 07:00:00,2020-02-21 07:05:00,1632.708,1625.345,1646.894,0.06,0.06,0.4417800000000034,0.0,0.0096,0.0024,0.0,0,2020-02-21 14:15:00,1639.328,news_close,False,0.39719999999999345,0.8990900448186663
1,2020-02-24 07:05:00,2020-02-24 07:10:00,1670.505,1663.113,1684.719,0.06,0.06,0.44352000000000313,0.0,0.0096,0.0012,0.0,0,2020-02-24 08:30:00,1684.719,tp,False,0.8528399999999965,1.922889610389589
-1,2020-02-27 07:35:00,2020-02-27 07:40:00,1641.48,1647.7215,1629.0569999999998,0.07,0.07,0.43690500000000615,0.0,0.011200000000000002,0.008399999999993635,0.0,0,2020-02-27 07:55:00,1647.8215,sl,False,-0.44390499999999977,-1.0160217896338872
-1,2020-02-28 07:20:00,2020-02-28 07:25:00,1623.028,1637.358,1594.4790000000003,0.03,0.03,0.4298999999999978,0.0,0.0048,0.003599999999997271,0.0,0,2020-02-28 08:10:00,1637.4579999999999,sl,False,-0.43289999999999507,-1.006978367062101
1,2020-03-03 11:10:00,2020-03-03 11:15:00,1602.7050000000002,1595.378,1616.8190000000004,0.06,0.06,0.4396200000000135,0.0,0.0096,0.0024,0.0,0,2020-03-03 14:30:00,1602.778,news_close,False,0.004379999999991923,0.009963149993157247
1,2020-03-05 09:05:00,2020-03-05 09:10:00,1642.4650000000001,1638.6480000000001,1649.559,0.11,0.11,0.4198700000000008,0.0,0.0176,0.0022,0.0,0,2020-03-05 12:15:00,1649.559,tp,False,0.7803399999999806,1.8585276395074168
1,2020-03-06 09:35:00,2020-03-06 09:40:00,1682.9350000000002,1674.2330000000002,1699.7779999999998,0.05,0.05,0.43509999999999993,0.0,0.008,0.002,0.0,0,2020-03-06 13:00:00,1687.875,news_close,False,0.24699999999999137,0.5676855895196309
-1,2020-03-16 09:35:00,2020-03-16 09:40:00,1521.915,1542.2815,1481.2419999999997,0.02,0.02,0.40733000000000175,0.0,0.0032,0.0004,0.0,0,2020-03-16 10:55:00,1481.2419999999997,tp,False,0.8134600000000046,1.9970539857118335
-1,2020-03-17 08:40:00,2020-03-17 08:45:00,1482.438,1500.888,1445.5980000000004,0.02,0.02,0.3689999999999964,0.0,0.0032,0.0008,0.0,0,2020-03-17 12:00:00,1472.9080000000001,news_close,False,0.19059999999999946,0.5165311653116568
1,2020-03-20 07:25:00,2020-03-20 07:30:00,1507.3580000000002,1488.0279999999998,1544.9680000000005,0.02,0.02,0.38660000000000766,0.0,0.0032,0.0008,0.0,0,2020-03-20 13:30:00,1495.635,news_close,False,-0.23446000000000367,-0.6064666321779592
1,2020-03-24 08:30:00,2020-03-24 08:35:00,1584.615,1570.6715,1618.9820000000004,0.03,0.03,0.41830500000000254,0.0,0.0048,0.0012,0.0,0,2020-03-24 13:15:00,1599.518,news_close,False,0.4470900000000006,1.0688134256104944
1,2020-03-26 10:05:00,2020-03-26 10:10:00,1612.548,1603.8045,1629.7650000000003,0.05,0.05,0.43717500000000203,0.0,0.008,0.002,0.0,0,2020-03-26 12:00:00,1619.548,news_close,False,0.35000000000000003,0.8005947275118623
1,2020-04-03 07:40:00,2020-04-03 07:45:00,1614.7250000000001,1610.2715,1623.962,0.1,0.1,0.4453500000000077,0.0,0.016,0.011999999999990905,0.0,0,2020-04-03 08:35:00,1610.1715000000002,sl,False,-0.4553499999999986,-1.0224542494666908
1,2020-04-06 07:45:00,2020-04-06 07:50:00,1630.9750000000001,1622.3980000000001,1647.649,0.05,0.05,0.42884999999999995,0.0,0.008,0.001,0.0,0,2020-04-06 13:50:00,1647.649,tp,False,0.8336999999999876,1.9440363763553403
1,2020-04-08 07:15:00,2020-04-08 07:20:00,1652.588,1645.963,1665.718,0.07,0.07,0.46375000000000005,0.0,0.011200000000000002,0.008399999999993635,0.0,0,2020-04-08 11:05:00,1645.863,sl,False,-0.4707499999999937,-1.0150943396226277
1,2020-04-09 07:00:00,2020-04-09 07:05:00,1655.9450000000002,1650.445,1666.654,0.08,0.08,0.4400000000000182,0.0,0.0128,0.0032,0.0,0,2020-04-09 12:00:00,1663.018,news_close,False,0.5658399999999892,1.2859999999999223
1,2020-04-13 07:10:00,2020-04-13 07:15:00,1691.428,1684.888,1704.0880000000002,0.07,0.07,0.4578000000000134,0.0,0.011200000000000002,0.0014000000000000002,0.0,0,2020-04-13 15:15:00,1704.0880000000002,tp,False,0.8862000000000058,1.9357798165137172
1,2020-04-14 08:00:00,2020-04-14 08:05:00,1725.8880000000001,1717.1415,1742.8410000000003,0.05,0.05,0.43732500000000984,0.0,0.008,0.0059999999999954525,0.0,0,2020-04-14 08:50:00,1717.0415,sl,False,-0.4423250000000053,-1.0114331446864353
-1,2020-04-15 07:25:00,2020-04-15 07:30:00,1710.028,1720.743,1688.6580000000001,0.04,0.04,0.42859999999999676,0.0,0.0064,0.004799999999996363,0.0,0,2020-04-15 10:25:00,1720.8429999999998,sl,False,-0.4325999999999931,-1.0093327111525814
-1,2020-04-17 10:40:00,2020-04-17 10:45:00,1684.378,1701.673,1649.8479999999997,0.02,0.02,0.3459000000000015,0.0,0.0032,0.0023999999999981814,0.0,0,2020-04-17 13:55:00,1701.773,sl,False,-0.34789999999999965,-1.0057820179242503
1,2020-04-23 08:05:00,2020-04-23 08:10:00,1720.635,1713.4879999999998,1734.938,0.06,0.06,0.4288200000000097,0.0,0.0096,0.0024,0.0,0,2020-04-23 12:00:00,1727.545,news_close,False,0.4146000000000049,0.9668392332447077
1,2020-04-24 09:15:00,2020-04-24 09:20:00,1731.1180000000002,1725.688,1741.438,0.08,0.08,0.4344000000000051,0.0,0.0128,0.0032,0.0,0,2020-04-24 12:00:00,1730.448,news_close,False,-0.053600000000005824,-0.12338858195212982
-1,2020-04-29 07:55:00,2020-04-29 08:00:00,1704.508,1708.9565,1695.671,0.1,0.1,0.44484999999999675,0.0,0.016,0.011999999999990905,0.0,0,2020-04-29 11:40:00,1709.0565,sl,False,-0.45484999999998765,-1.0224794874676655
1,2020-04-30 07:25:00,2020-04-30 07:30:00,1720.558,1714.3029999999999,1732.2580000000003,0.07,0.07,0.4378500000000077,0.0,0.011200000000000002,0.008399999999993635,0.0,0,2020-04-30 10:30:00,1714.203,sl,False,-0.4448500000000013,-1.0159872102317997
1,2020-05-04 09:10:00,2020-05-04 09:15:00,1706.428,1700.6815000000001,1717.7019999999998,0.08,0.08,0.4597199999999975,0.0,0.0128,0.009599999999992725,0.0,0,2020-05-04 12:25:00,1700.5815000000002,sl,False,-0.46771999999999025,-1.0174018968067362
1,2020-05-08 09:10:00,2020-05-08 09:15:00,1721.635,1715.848,1732.7889999999998,0.08,0.08,0.46296000000000276,0.0,0.0128,0.0032,0.0,0,2020-05-08 12:00:00,1718.608,news_close,False,-0.2421600000000035,-0.5230689476412693
-1,2020-05-11 09:30:00,2020-05-11 09:35:00,1700.935,1707.0230000000001,1688.8789999999995,0.07,0.07,0.42616000000001353,0.0,0.011200000000000002,0.008399999999993635,0.0,0,2020-05-11 12:55:00,1707.123,sl,False,-0.43316000000000715,-1.0164257555847414
-1,2020-05-13 08:05:00,2020-05-13 08:10:00,1699.968,1703.313,1693.0379999999996,0.13,0.13,0.43485000000000357,0.0,0.020800000000000003,0.015599999999988177,0.0,0,2020-05-13 09:00:00,1703.413,sl,False,-0.44784999999999175,-1.0298953662182089
1,2020-05-18 11:25:00,2020-05-18 11:30:00,1764.828,1759.0665,1775.721,0.07,0.07,0.40330500000000485,0.0,0.011200000000000002,0.008399999999993635,0.0,0,2020-05-18 12:05:00,1758.9665,sl,False,-0.41030499999999853,-1.0173565911654792
1,2020-05-20 07:25:00,2020-05-20 07:30:00,1751.478,1747.5915,1758.711,0.11,0.11,0.4275150000000076,0.0,0.0176,0.013199999999989996,0.0,0,2020-05-20 09:00:00,1747.4915,sl,False,-0.4385149999999976,-1.0257300913418004
-1,2020-05-21 08:25:00,2020-05-21 08:30:00,1734.338,1741.5265,1720.021,0.06,0.06,0.4313099999999986,0.0,0.0096,0.0024,0.0,0,2020-05-21 12:00:00,1736.078,news_close,False,-0.10440000000000055,-0.24205327954371772
-1,2020-05-27 11:25:00,2020-05-27 11:30:00,1704.255,1710.45,1691.5139999999997,0.07,0.07,0.4336499999999956,0.0,0.011200000000000002,0.008399999999993635,0.0,0,2020-05-27 17:05:00,1710.55,sl,False,-0.4406499999999892,-1.0161420500403406
1,2020-05-28 07:10:00,2020-05-28 07:15:00,1721.3580000000002,1714.7015000000001,1734.251,0.06,0.06,0.399390000000003,0.0,0.0096,0.0024,0.0,0,2020-05-28 12:00:00,1720.998,news_close,False,-0.021600000000007637,-0.05408247577557644
1,2020-05-29 08:15:00,2020-05-29 08:20:00,1723.7350000000001,1717.658,1735.4690000000003,0.07,0.07,0.4253900000000158,0.0,0.011200000000000002,0.0028000000000000004,0.0,0,2020-05-29 12:00:00,1729.538,news_close,False,0.4062099999999919,0.9549119631396525
-1,2020-06-03 07:50:00,2020-06-03 07:55:00,1720.228,1724.9565,1710.6810000000003,0.09,0.09,0.4255649999999946,0.0,0.0144,0.0036,0.0,0,2020-06-03 11:45:00,1720.1850000000002,news_close,False,0.0038699999999903412,0.009093792957574965
1,2020-06-09 08:10:00,2020-06-09 08:15:00,1704.808,1698.3255,1717.233,0.06,0.06,0.38895000000000435,0.0,0.0096,0.0012,0.0,0,2020-06-09 12:50:00,1717.233,tp,False,0.7454999999999973,1.9166988044735542
1,2020-06-10 08:30:00,2020-06-10 08:35:00,1720.228,1716.4164999999998,1727.3110000000004,0.12,0.12,0.4573800000000301,0.0,0.0192,0.014399999999989085,0.0,0,2020-06-10 10:35:00,1716.3165,sl,False,-0.46938000000001917,-1.0262363898727278
1,2020-06-12 07:20:00,2020-06-12 07:25:00,1732.635,1727.21,1742.9449999999997,0.08,0.08,0.4339999999999964,0.0,0.0128,0.0016,0.0,0,2020-06-12 13:50:00,1742.9449999999997,tp,False,0.8247999999999774,1.9004608294930514
1,2020-06-19 11:45:00,2020-06-19 11:50:00,1732.978,1727.4850000000001,1743.4239999999998,0.08,0.08,0.43943999999999506,0.0,0.0128,0.0016,0.0,0,2020-06-19 15:10:00,1743.4239999999998,tp,False,0.8356799999999749,1.9016930638994727
1,2020-06-24 08:45:00,2020-06-24 08:50:00,1773.958,1769.4015,1782.5910000000001,0.1,0.1,0.4556500000000142,0.0,0.016,0.011999999999990905,0.0,0,2020-06-24 12:30:00,1769.3015,sl,False,-0.4656500000000051,-1.0219466695928687
1,2020-07-01 07:10:00,2020-07-01 07:15:00,1787.335,1782.628,1796.239,0.09,0.09,0.42363000000000967,0.0,0.0144,0.010799999999991814,0.0,0,2020-07-01 10:30:00,1782.528,sl,False,-0.43263000000000146,-1.0212449543233284
1,2020-07-02 08:10:00,2020-07-02 08:15:00,1770.518,1767.2379999999998,1776.5380000000002,0.14,0.14,0.45920000000002803,0.0,0.022400000000000003,0.005600000000000001,0.0,0,2020-07-02 12:00:00,1772.838,news_close,False,0.3247999999999911,0.7073170731706692
1,2020-07-08 08:00:00,2020-07-08 08:05:00,1797.255,1793.953,1803.3790000000001,0.14,0.14,0.4622800000000189,0.0,0.022400000000000003,0.0028000000000000004,0.0,0,2020-07-08 10:25:00,1803.3790000000001,tp,False,0.8573600000000033,1.8546335554208884
1,2020-07-09 08:25:00,2020-07-09 08:30:00,1815.048,1810.2579999999998,1824.0880000000002,0.09,0.09,0.4311000000000172,0.0,0.0144,0.010799999999991814,0.0,0,2020-07-09 10:45:00,1810.158,sl,False,-0.440100000000009,-1.0208768267223183
1,2020-07-15 07:55:00,2020-07-15 08:00:00,1811.815,1808.353,1818.3880000000001,0.13,0.13,0.4500599999999986,0.0,0.020800000000000003,0.015599999999988177,0.0,0,2020-07-15 09:40:00,1808.2530000000002,sl,False,-0.46305999999998676,-1.0288850375505227
-1,2020-07-16 08:05:00,2020-07-16 08:10:00,1804.858,1809.248,1796.2880000000002,0.1,0.1,0.43900000000001005,0.0,0.016,0.004,0.0,0,2020-07-16 12:00:00,1805.568,news_close,False,-0.07100000000000364,-0.16173120728929843
1,2020-07-21 08:35:00,2020-07-21 08:40:00,1824.278,1819.5865,1833.121,0.09,0.09,0.42223500000001196,0.0,0.0144,0.0018,0.0,0,2020-07-21 12:10:00,1833.121,tp,False,0.7958700000000066,1.884898220185404
1,2020-07-23 08:00:00,2020-07-23 08:05:00,1878.425,1870.162,1894.3209999999997,0.05,0.05,0.413149999999996,0.0,0.008,0.002,0.0,0,2020-07-23 12:00:00,1878.208,news_close,False,-0.010849999999993544,-0.026261648311735806
1,2020-07-24 07:10:00,2020-07-24 07:15:00,1893.115,1885.6665,1907.661,0.06,0.06,0.44690999999999803,0.0,0.0096,0.0024,0.0,0,2020-07-24 13:15:00,1902.328,news_close,False,0.5527799999999979,1.236893334228369
1,2020-07-27 10:55:00,2020-07-27 11:00:00,1944.865,1928.3765,1977.1819999999998,0.02,0.02,0.3297699999999986,0.0,0.0032,0.0008,0.0,0,2020-07-27 12:00:00,1940.115,news_close,False,-0.095,-0.2880795706098202
-1,2020-08-04 11:25:00,2020-08-04 11:30:00,1971.228,1974.9940000000001,1963.7259999999999,0.12,0.12,0.45192000000000915,0.0,0.0192,0.014399999999989085,0.0,0,2020-08-04 12:20:00,1975.094,sl,False,-0.4639199999999982,-1.0265533722782547
1,2020-08-05 07:40:00,2020-08-05 07:45:00,2039.348,2023.033,2071.5580000000004,0.02,0.02,0.3263000000000011,0.0,0.0032,0.0008,0.0,0,2020-08-05 11:45:00,2039.965,news_close,False,0.012339999999999237,0.037817958933494315
1,2020-08-06 11:30:00,2020-08-06 11:35:00,2054.915,2044.1550000000002,2075.955,0.04,0.04,0.43039999999999057,0.0,0.0064,0.0016,0.0,0,2020-08-06 12:00:00,2059.178,news_close,False,0.1705199999999968,0.39618959107806817
-1,2020-08-11 08:05:00,2020-08-11 08:10:00,1988.585,2009.048,1947.9079999999997,0.02,0.02,0.4092599999999993,0.0,0.0032,0.0008,0.0,0,2020-08-11 12:00:00,1978.1950000000002,news_close,False,0.20779999999999746,0.5077456873381171
1,2020-08-18 07:40:00,2020-08-18 07:45:00,2008.655,1994.0079999999998,2037.3880000000006,0.03,0.03,0.43941000000000485,0.0,0.0048,0.003599999999997271,0.0,0,2020-08-18 14:05:00,1993.908,sl,False,-0.44241000000000213,-1.0068273366559644
-1,2020-08-21 07:10:00,2020-08-21 07:15:00,1938.198,1948.12,1918.3240000000005,0.04,0.04,0.3968799999999919,0.0,0.0064,0.0008,0.0,0,2020-08-21 11:40:00,1918.3240000000005,tp,False,0.7949599999999828,2.003023583954845
-1,2020-08-25 08:20:00,2020-08-25 08:25:00,1926.2450000000001,1931.895,1914.9149999999997,0.08,0.08,0.4519999999999891,0.0,0.0128,0.0032,0.0,0,2020-08-25 13:30:00,1927.4650000000001,news_close,False,-0.09760000000000219,-0.21592920353983305
-1,2020-08-26 07:00:00,2020-08-26 07:05:00,1915.008,1923.2914999999998,1898.5010000000004,0.05,0.05,0.41417499999998886,0.0,0.008,0.0059999999999954525,0.0,0,2020-08-26 08:55:00,1923.3914999999997,sl,False,-0.4191749999999843,-1.0120721917063937
-1,2020-08-31 07:20:00,2020-08-31 07:25:00,1960.4180000000001,1968.943,1943.3679999999997,0.05,0.05,0.4262499999999932,0.0,0.008,0.0059999999999954525,0.0,0,2020-08-31 11:40:00,1969.043,sl,False,-0.43124999999998864,-1.011730205278582
1,2020-09-01 07:15:00,2020-09-01 07:20:00,1990.015,1978.4830000000002,2012.5089999999998,0.04,0.04,0.461279999999997,0.0,0.0064,0.0016,0.0,0,2020-09-01 13:15:00,1987.965,news_close,False,-0.08200000000000728,-0.17776621574750218
-1,2020-09-02 07:30:00,2020-09-02 07:35:00,1957.135,1965.8980000000001,1939.6989999999996,0.05,0.05,0.43815000000000737,0.0,0.008,0.0059999999999954525,0.0,0,2020-09-02 08:20:00,1965.998,sl,False,-0.4431500000000028,-1.011411617026122
-1,2020-09-08 09:30:00,2020-09-08 09:35:00,1920.795,1929.0529999999999,1904.3390000000004,0.05,0.05,0.41289999999999055,0.0,0.008,0.0059999999999954525,0.0,0,2020-09-08 15:30:00,1929.1529999999998,sl,False,-0.417899999999986,-1.0121094696052206
1,2020-09-10 11:00:00,2020-09-10 11:05:00,1951.698,1946.6815000000001,1961.2809999999997,0.09,0.09,0.4514849999999956,0.0,0.0144,0.010799999999991814,0.0,0,2020-09-10 11:35:00,1946.5815000000002,sl,False,-0.4604849999999874,-1.019934217083606
1,2020-09-15 10:50:00,2020-09-15 10:55:00,1969.678,1962.1015,1984.1410000000003,0.05,0.05,0.3788250000000062,0.0,0.008,0.0059999999999954525,0.0,0,2020-09-15 13:30:00,1962.0015,sl,False,-0.38382500000000164,-1.0131987065267483
1,2020-09-18 09:15:00,2020-09-18 09:20:00,1955.678,1951.0565000000001,1964.3809999999999,0.09,0.09,0.4159349999999972,0.0,0.0144,0.010799999999991814,0.0,0,2020-09-18 10:55:00,1950.9565000000002,sl,False,-0.424934999999989,-1.021637996321521
-1,2020-09-22 07:40:00,2020-09-22 07:45:00,1896.9080000000001,1909.143,1872.5880000000002,0.03,0.03,0.367049999999997,0.0,0.0048,0.003599999999997271,0.0,0,2020-09-22 12:30:00,1909.243,sl,False,-0.3700499999999943,-1.0081732733959878
1,2020-09-25 07:25:00,2020-09-25 07:30:00,1874.885,1867.7314999999999,1888.652,0.06,0.06,0.4292100000000073,0.0,0.0096,0.007199999999994542,0.0,0,2020-09-25 09:40:00,1867.6315,sl,False,-0.4352100000000018,-1.0139791710351447
1,2020-09-29 11:05:00,2020-09-29 11:10:00,1888.478,1881.233,1902.578,0.06,0.06,0.4347000000000071,0.0,0.0096,0.007199999999994542,0.0,0,2020-09-29 12:05:00,1881.133,sl,False,-0.44070000000000165,-1.013802622498262
1,2020-10-01 11:45:00,2020-10-01 11:50:00,1901.028,1892.2365,1917.861,0.04,0.04,0.3516600000000017,0.0,0.0064,0.0016,0.0,0,2020-10-01 12:00:00,1900.455,news_close,False,-0.02292000000000371,-0.06517659102543252
-1,2020-10-05 07:05:00,2020-10-05 07:10:00,1890.4180000000001,1896.9565,1877.4610000000002,0.06,0.06,0.3923099999999931,0.0,0.0096,0.007199999999994542,0.0,0,2020-10-05 08:45:00,1897.0565,sl,False,-0.3983099999999877,-1.0152940276821765
-1,2020-10-06 08:25:00,2020-10-06 08:30:00,1907.728,1911.258,1900.758,0.12,0.12,0.4235999999999967,0.0,0.0192,0.014399999999989085,0.0,0,2020-10-06 09:10:00,1911.358,sl,False,-0.4355999999999858,-1.0283286118979915
1,2020-10-09 07:50:00,2020-10-09 07:55:00,1913.2350000000001,1903.848,1931.5290000000002,0.04,0.04,0.37548000000000686,0.0,0.0064,0.0008,-0.021560000000000003,1,2020-10-11 23:10:00,1931.5290000000002,tp,False,0.7102000000000038,1.8914456162778066
1,2020-10-16 08:30:00,2020-10-16 08:35:00,1911.025,1906.628,1919.3090000000002,0.09,0.09,0.39573000000001457,0.0,0.0144,0.010799999999991814,0.0,0,2020-10-16 09:55:00,1906.528,sl,False,-0.40473000000000636,-1.0227427791675927
1,2020-10-21 07:55:00,2020-10-21 08:00:00,1920.555,1915.205,1930.7150000000001,0.08,0.08,0.4280000000000109,0.0,0.0128,0.009599999999992725,0.0,0,2020-10-21 08:55:00,1915.105,sl,False,-0.43600000000000366,-1.0186915887850292
-1,2020-10-29 11:45:00,2020-10-29 11:50:00,1875.018,1880.2665,1864.4910000000002,0.08,0.08,0.41987999999999376,0.0,0.0128,0.0032,0.0,0,2020-10-29 12:00:00,1872.1180000000002,news_close,False,0.2319999999999891,0.5525388206153962
1,2020-11-02 07:50:00,2020-11-02 07:55:00,1886.188,1879.4180000000001,1899.239,0.06,0.06,0.4061999999999989,0.0,0.0096,0.0024,0.0,0,2020-11-02 14:15:00,1889.2450000000001,news_close,False,0.18342000000000097,0.45155096011817203
1,2020-11-05 07:20:00,2020-11-05 07:25:00,1912.125,1906.4015,1923.0710000000004,0.07,0.07,0.40064500000000414,0.0,0.011200000000000002,0.0014000000000000002,0.0,0,2020-11-05 12:30:00,1923.0710000000004,tp,False,0.7662200000000258,1.9124661483358532
1,2020-11-06 07:45:00,2020-11-06 07:50:00,1947.9850000000001,1941.3380000000002,1960.7089999999998,0.06,0.06,0.39881999999999607,0.0,0.0096,0.0024,0.0,0,2020-11-06 13:00:00,1949.498,news_close,False,0.0907799999999952,0.22762148337594929
-1,2020-11-11 07:25:00,2020-11-11 07:30:00,1874.988,1880.333,1864.0879999999995,0.08,0.08,0.4276000000000022,0.0,0.0128,0.009599999999992725,0.0,0,2020-11-11 09:55:00,1880.433,sl,False,-0.43559999999999494,-1.0187090739008249
-1,2020-11-19 08:45:00,2020-11-19 08:50:00,1856.935,1865.4155,1839.9830000000002,0.05,0.05,0.42402500000000604,0.0,0.008,0.0059999999999954525,0.0,0,2020-11-19 09:45:00,1865.5155,sl,False,-0.4290250000000015,-1.0117917575614537
-1,2020-11-24 10:25:00,2020-11-24 10:30:00,1817.845,1828.688,1796.1889999999999,0.03,0.03,0.32529000000000224,0.0,0.0048,0.0012,0.0,0,2020-11-24 14:30:00,1804.9080000000001,news_close,False,0.38810999999999696,1.1931199852439185
1,2020-11-26 07:30:00,2020-11-26 07:35:00,1813.654,1810.0265,1820.369,0.11,0.11,0.399025000000006,0.0,0.0176,0.013199999999989996,0.0,0,2020-11-26 14:40:00,1809.9265,sl,False,-0.410024999999996,-1.0275671950378793
1,2020-12-01 07:25:00,2020-12-01 07:30:00,1788.355,1782.4425,1799.6399999999996,0.07,0.07,0.41387499999999366,0.0,0.011200000000000002,0.0014000000000000002,0.0,0,2020-12-01 11:00:00,1799.6399999999996,tp,False,0.789949999999974,1.9086680761099029
1,2020-12-02 07:45:00,2020-12-02 07:50:00,1815.555,1811.365,1823.485,0.1,0.1,0.4190000000000055,0.0,0.016,0.002,0.0,0,2020-12-02 08:35:00,1823.485,tp,False,0.7929999999999837,1.8926014319808433
1,2020-12-03 07:25:00,2020-12-03 07:30:00,1837.545,1831.648,1848.7990000000002,0.07,0.07,0.41279000000001137,0.0,0.011200000000000002,0.0028000000000000004,0.0,0,2020-12-03 13:00:00,1841.195,news_close,False,0.25549999999999046,0.6189587926063699
-1,2020-12-09 11:40:00,2020-12-09 11:45:00,1853.818,1862.9830000000002,1835.2479999999998,0.04,0.04,0.36660000000000764,0.0,0.0064,0.004799999999996363,0.0,0,2020-12-09 13:45:00,1863.083,sl,False,-0.370600000000004,-1.0109110747408518
-1,2020-12-10 08:50:00,2020-12-10 08:55:00,1831.768,1838.2314999999999,1818.9010000000003,0.06,0.06,0.3878099999999904,0.0,0.0096,0.007199999999994542,0.0,0,2020-12-10 10:50:00,1838.3314999999998,sl,False,-0.39380999999998495,-1.01547149377271
1,2020-12-15 07:05:00,2020-12-15 07:10:00,1841.9450000000002,1833.0715,1859.1520000000003,0.04,0.04,0.354940000000006,0.0,0.0064,0.0008,-0.021560000000000003,1,2020-12-16 08:30:00,1859.1520000000003,tp,False,0.6667200000000043,1.8784019834338004
1,2020-12-16 08:30:00,2020-12-16 08:35:00,1859.468,1854.638,1868.888,0.09,0.09,0.4347000000000139,0.0,0.0144,0.0036,0.0,0,2020-12-16 13:00:00,1857.525,news_close,False,-0.17486999999999853,-0.40227743271219907
1,2020-12-17 07:05:00,2020-12-17 07:10:00,1871.948,1866.5465,1882.2110000000002,0.08,0.08,0.43212000000001355,0.0,0.0128,0.0016,0.0,0,2020-12-17 08:35:00,1882.2110000000002,tp,False,0.8210400000000118,1.9000277700638388
-1,2020-12-22 07:10:00,2020-12-22 07:15:00,1867.055,1876.048,1849.1290000000001,0.05,0.05,0.44964999999999694,0.0,0.008,0.002,0.0,0,2020-12-22 13:00:00,1872.875,news_close,False,-0.2909999999999968,-0.647170021127541
-1,2020-12-24 10:50:00,2020-12-24 10:55:00,1871.395,1875.7579999999998,1863.1490000000006,0.1,0.1,0.4362999999999829,0.0,0.016,0.011999999999990905,0.0,0,2020-12-24 11:15:00,1875.8579999999997,sl,False,-0.44629999999997383,-1.0229200091679838
1,2020-12-29 08:10:00,2020-12-29 08:15:00,1883.005,1878.7565,1890.7219999999998,0.1,0.1,0.42485000000001494,0.0,0.016,0.011999999999990905,0.0,0,2020-12-29 08:50:00,1878.6565,sl,False,-0.43485000000000584,-1.0235377191949877
1,2021-01-04 08:00:00,2021-01-04 08:05:00,1927.645,1917.6664999999998,1947.0620000000001,0.04,0.04,0.3991400000000067,0.0,0.0064,0.0016,0.0,0,2021-01-04 14:15:00,1940.698,news_close,False,0.5221200000000045,1.3081124417497512
1,2021-01-05 09:25:00,2021-01-05 09:30:00,1944.4180000000001,1939.0465,1954.6210000000003,0.08,0.08,0.4297200000000157,0.0,0.0128,0.0032,0.0,0,2021-01-05 14:30:00,1949.378,news_close,False,0.3967999999999847,0.9233919761704603
1,2021-01-06 09:25:00,2021-01-06 09:30:00,1955.555,1948.2415,1969.6419999999998,0.06,0.06,0.4388099999999986,0.0,0.0096,0.007199999999994542,0.0,0,2021-01-06 11:50:00,1948.1415000000002,sl,False,-0.4448099999999931,-1.0136733438162178
-1,2021-01-08 07:55:00,2021-01-08 08:00:00,1904.705,1911.183,1891.8689999999997,0.06,0.06,0.3886800000000039,0.0,0.0096,0.0012,0.0,0,2021-01-08 08:00:00,1891.8689999999997,tp,False,0.7701600000000144,1.981475764124747
1,2021-01-12 07:30:00,2021-01-12 07:35:00,1860.8680000000002,1850.8285,1880.4070000000002,0.04,0.04,0.4015800000000036,0.0,0.0064,0.004799999999996363,0.0,0,2021-01-12 13:20:00,1850.7285000000002,sl,False,-0.40557999999999994,-1.009960655411117
-1,2021-01-13 09:10:00,2021-01-13 09:15:00,1849.788,1858.6685,1832.3869999999997,0.05,0.05,0.4440249999999992,0.0,0.008,0.002,0.0,0,2021-01-13 13:00:00,1854.7640000000001,news_close,False,-0.24880000000000566,-0.5603288103147482
1,2021-01-20 07:20:00,2021-01-20 07:25:00,1854.845,1846.8285,1870.3679999999997,0.05,0.05,0.40082499999999754,0.0,0.008,0.0059999999999954525,0.0,0,2021-01-20 12:50:00,1846.7285000000002,sl,False,-0.405824999999993,-1.0124742718143716
-1,2021-01-22 10:15:00,2021-01-22 10:20:00,1856.425,1863.466,1842.433,0.06,0.06,0.4224599999999964,0.0,0.0096,0.0012,0.0,0,2021-01-22 12:35:00,1842.433,tp,False,0.8395199999999977,1.987217724755018
1,2021-01-29 09:10:00,2021-01-29 09:15:00,1852.285,1845.5014999999999,1865.3420000000003,0.06,0.06,0.40701000000001386,0.0,0.0096,0.0012,0.0,0,2021-01-29 12:05:00,1865.3420000000003,tp,False,0.7834200000000145,1.924817572049797
1,2021-02-01 08:10:00,2021-02-01 08:15:00,1869.963,1857.9635,1893.374,0.03,0.03,0.35998499999999695,0.0,0.0048,0.003599999999997271,0.0,0,2021-02-01 10:20:00,1857.8635000000002,sl,False,-0.36298499999999423,-1.0083336805700163
-1,2021-02-02 07:10:00,2021-02-02 07:15:00,1851.055,1858.3,1836.6550000000002,0.06,0.06,0.4346999999999934,0.0,0.0096,0.0012,0.0,0,2021-02-02 13:20:00,1836.6550000000002,tp,False,0.8639999999999918,1.9875776397515639
-1,2021-02-03 07:45:00,2021-02-03 07:50:00,1835.265,1840.595,1824.6050000000002,0.08,0.08,0.4263999999999942,0.0,0.0128,0.0032,0.0,0,2021-02-03 12:45:00,1838.297,news_close,False,-0.24255999999999403,-0.568855534709187
-1,2021-02-04 09:05:00,2021-02-04 09:10:00,1815.156,1825.2365,1795.4120000000003,0.04,0.04,0.4032200000000012,0.0,0.0064,0.0016,0.0,0,2021-02-04 13:00:00,1816.912,news_close,False,-0.07024000000000342,-0.17419770844700963
1,2021-02-09 08:50:00,2021-02-09 08:55:00,1843.595,1836.473,1857.359,0.06,0.06,0.42732000000000425,0.0,0.0096,0.0024,0.0,0,2021-02-09 14:30:00,1840.7160000000001,news_close,False,-0.17273999999999431,-0.40424038191517503
1,2021-02-10 07:20:00,2021-02-10 07:25:00,1846.115,1839.615,1858.6349999999998,0.07,0.07,0.45500000000000007,0.0,0.011200000000000002,0.008399999999993635,0.0,0,2021-02-10 09:55:00,1839.515,sl,False,-0.4619999999999937,-1.0153846153846013
1,2021-02-11 08:05:00,2021-02-11 08:10:00,1844.6850000000002,1838.83,1855.9750000000004,0.07,0.07,0.40985000000001726,0.0,0.011200000000000002,0.0028000000000000004,0.0,0,2021-02-11 13:00:00,1843.265,news_close,False,-0.09940000000000511,-0.24252775405636434
-1,2021-02-12 07:50:00,2021-02-12 07:55:00,1816.685,1823.1979999999999,1803.779,0.06,0.06,0.3907799999999952,0.0,0.0096,0.007199999999994542,0.0,0,2021-02-12 15:45:00,1823.2979999999998,sl,False,-0.39677999999998975,-1.0153539075694626
-1,2021-02-17 08:00:00,2021-02-17 08:05:00,1784.975,1790.7350000000001,1773.5149999999994,0.07,0.07,0.4032000000000153,0.0,0.011200000000000002,0.008399999999993635,0.0,0,2021-02-17 11:55:00,1790.835,sl,False,-0.41020000000000895,-1.0173611111110947
1,2021-02-22 09:15:00,2021-02-22 09:20:00,1796.655,1787.74,1814.0049999999997,0.04,0.04,0.35659999999999853,0.0,0.0064,0.0008,-0.021560000000000003,1,2021-02-23 01:45:00,1814.0049999999997,tp,False,0.6724399999999873,1.885698261357235
-1,2021-02-24 07:45:00,2021-02-24 07:50:00,1804.935,1809.38,1796.0749999999996,0.1,0.1,0.4445000000000164,0.0,0.016,0.011999999999990905,0.0,0,2021-02-24 08:25:00,1809.48,sl,False,-0.4545000000000073,-1.0224971878514972
-1,2021-02-25 07:05:00,2021-02-25 07:10:00,1792.398,1798.6100000000001,1780.0339999999994,0.07,0.07,0.4348400000000152,0.0,0.011200000000000002,0.0028000000000000004,0.0,0,2021-02-25 13:00:00,1787.7050000000002,news_close,False,0.328509999999983,0.7554732775273009
-1,2021-02-26 07:15:00,2021-02-26 07:20:00,1757.565,1766.7115,1739.3320000000003,0.04,0.04,0.3658599999999933,0.0,0.0064,0.004799999999996363,0.0,0,2021-02-26 08:35:00,1766.8114999999998,sl,False,-0.3698599999999897,-1.0109331438254974
1,2021-03-11 07:25:00,2021-03-11 07:30:00,1736.578,1729.491,1750.1219999999998,0.06,0.06,0.4252199999999993,0.0,0.0096,0.0024,0.0,0,2021-03-11 13:00:00,1735.715,news_close,False,-0.05178000000000338,-0.12177225906590344
-1,2021-03-12 07:10:00,2021-03-12 07:15:00,1708.884,1718.7395000000001,1689.2329999999997,0.04,0.04,0.3942200000000048,0.0,0.0064,0.0016,0.0,0,2021-03-12 13:00:00,1706.775,news_close,False,0.08435999999999695,0.21399218710363738
1,2021-03-19 07:30:00,2021-03-19 07:35:00,1744.258,1735.908,1760.448,0.05,0.05,0.41750000000000687,0.0,0.008,0.0059999999999954525,0.0,0,2021-03-19 10:00:00,1735.808,sl,False,-0.4225000000000023,-1.0119760479041806
-1,2021-03-22 07:00:00,2021-03-22 07:05:00,1729.188,1736.212,1715.2000000000003,0.06,0.06,0.4214399999999932,0.0,0.0096,0.007199999999994542,0.0,0,2021-03-22 11:05:00,1736.312,sl,False,-0.4274399999999878,-1.0142369020501012
1,2021-03-24 09:55:00,2021-03-24 10:00:00,1734.699,1728.9665,1745.771,0.07,0.07,0.40127500000000516,0.0,0.011200000000000002,0.0028000000000000004,0.0,0,2021-03-24 12:00:00,1730.045,news_close,False,-0.3257799999999998,-0.8118621892716855
-1,2021-03-30 07:00:00,2021-03-30 07:05:00,1701.848,1708.213,1689.2440000000004,0.06,0.06,0.3819000000000005,0.0,0.0096,0.0012,0.0,0,2021-03-30 11:20:00,1689.2440000000004,tp,False,0.7562399999999752,1.9802042419480863
1,2021-03-31 10:30:00,2021-03-31 10:35:00,1688.9850000000001,1683.2415,1699.932,0.07,0.07,0.4020450000000028,0.0,0.011200000000000002,0.0028000000000000004,0.0,0,2021-03-31 11:45:00,1685.005,news_close,False,-0.2786000000000013,-0.6929572560285524
1,2021-04-01 07:10:00,2021-04-01 07:15:00,1718.2450000000001,1711.5929999999998,1731.459,0.06,0.06,0.39912000000001624,0.0,0.0096,0.007199999999994542,0.0,0,2021-04-01 11:05:00,1711.493,sl,False,-0.4051200000000108,-1.0150330727600578
1,2021-04-08 07:35:00,2021-04-08 07:40:00,1746.1280000000002,1739.1779999999999,1759.308,0.06,0.06,0.41700000000001636,0.0,0.0096,0.0024,0.0,0,2021-04-08 12:00:00,1749.6580000000001,news_close,False,0.21179999999999835,0.5079136690647243
1,2021-04-12 11:25:00,2021-04-12 11:30:00,1743.808,1739.188,1752.5379999999996,0.09,0.09,0.4157999999999902,0.0,0.0144,0.010799999999991814,0.0,0,2021-04-12 12:55:00,1739.0880000000002,sl,False,-0.42479999999998197,-1.0216450216450024
1,2021-04-16 08:15:00,2021-04-16 08:20:00,1766.585,1762.873,1773.4689999999998,0.11,0.11,0.4083199999999988,0.0,0.0176,0.0022,0.0,0,2021-04-16 10:20:00,1773.4689999999998,tp,False,0.7572399999999766,1.8545258620689138
1,2021-04-19 07:40:00,2021-04-19 07:45:00,1784.1380000000001,1778.2365,1795.4010000000003,0.07,0.07,0.4131050000000119,0.0,0.011200000000000002,0.008399999999993635,0.0,0,2021-04-19 12:10:00,1778.1365,sl,False,-0.4201050000000055,-1.0169448445310354
-1,2021-04-20 09:30:00,2021-04-20 09:35:00,1764.877,1770.533,1753.511,0.07,0.07,0.3959199999999965,0.0,0.011200000000000002,0.008399999999993635,0.0,0,2021-04-20 10:00:00,1770.6329999999998,sl,False,-0.4029199999999901,-1.0176803394625018
-1,2021-04-28 09:25:00,2021-04-28 09:30:00,1764.2350000000001,1770.8600000000001,1751.045,0.06,0.06,0.39749999999999996,0.0,0.0096,0.007199999999994542,0.0,0,2021-04-28 13:10:00,1770.96,sl,False,-0.40349999999999453,-1.0150943396226277
1,2021-05-03 07:10:00,2021-05-03 07:15:00,1780.155,1773.585,1792.7549999999997,0.06,0.06,0.39419999999999616,0.0,0.0096,0.0024,0.0,0,2021-05-03 13:15:00,1786.778,news_close,False,0.39738000000000284,1.0080669710806867
1,2021-05-06 07:10:00,2021-05-06 07:15:00,1795.1370000000002,1788.378,1808.3580000000002,0.06,0.06,0.4055400000000145,0.0,0.0096,0.007199999999994542,0.0,0,2021-05-06 11:00:00,1788.278,sl,False,-0.41154000000000907,-1.01479508803076
1,2021-05-07 08:35:00,2021-05-07 08:40:00,1822.598,1817.453,1832.3479999999997,0.08,0.08,0.4115999999999986,0.0,0.0128,0.0032,0.0,0,2021-05-07 12:00:00,1819.975,news_close,False,-0.2098400000000038,-0.5098153547133248
1,2021-05-10 10:50:00,2021-05-10 10:55:00,1840.008,1834.529,1850.336,0.07,0.07,0.383530000000003,0.0,0.011200000000000002,0.008399999999993635,0.0,0,2021-05-10 18:40:00,1834.429,sl,False,-0.3905299999999966,-1.0182515057492076
1,2021-05-11 09:45:00,2021-05-11 09:50:00,1838.575,1834.798,1845.529,0.11,0.11,0.4154700000000048,0.0,0.0176,0.013199999999989996,0.0,0,2021-05-11 12:35:00,1834.698,sl,False,-0.4264699999999948,-1.0264760391845136
-1,2021-05-13 09:50:00,2021-05-13 09:55:00,1811.688,1818.0349999999999,1799.0840000000005,0.06,0.06,0.38081999999998517,0.0,0.0096,0.0024,0.0,0,2021-05-13 12:00:00,1815.155,news_close,False,-0.20801999999999224,-0.5462423192059249
1,2021-05-14 09:00:00,2021-05-14 09:05:00,1836.538,1827.942,1853.1299999999999,0.04,0.04,0.34384000000000015,0.0,0.0064,0.0016,0.0,0,2021-05-14 12:00:00,1834.858,news_close,False,-0.06720000000000255,-0.1954397394136881
1,2021-05-21 09:00:00,2021-05-21 09:05:00,1877.278,1873.6015,1884.091,0.11,0.11,0.4044150000000036,0.0,0.0176,0.0022,0.0,0,2021-05-21 12:25:00,1884.091,tp,False,0.7494299999999862,1.8531211750305492
1,2021-05-26 07:40:00,2021-05-26 07:45:00,1908.268,1902.243,1919.838,0.07,0.07,0.4217500000000064,0.0,0.011200000000000002,0.008399999999993635,0.0,0,2021-05-26 13:10:00,1902.143,sl,False,-0.42875,-1.0165975103734286
-1,2021-06-02 11:10:00,2021-06-02 11:15:00,1894.725,1898.579,1887.1070000000004,0.1,0.1,0.3854000000000042,0.0,0.016,0.011999999999990905,0.0,0,2021-06-02 11:45:00,1898.6789999999999,sl,False,-0.3953999999999951,-1.0259470679812943
-1,2021-06-07 07:15:00,2021-06-07 07:20:00,1881.568,1886.913,1870.9979999999998,0.07,0.07,0.3741500000000019,0.0,0.011200000000000002,0.008399999999993635,0.0,0,2021-06-07 10:40:00,1887.013,sl,False,-0.3811499999999956,-1.0187090739008249
-1,2021-06-10 07:20:00,2021-06-10 07:25:00,1881.555,1885.923,1873.0079999999998,0.09,0.09,0.3931199999999944,0.0,0.0144,0.0036,0.0,0,2021-06-10 12:00:00,1876.145,news_close,False,0.4869000000000073,1.2385531135531498
-1,2021-06-14 07:15:00,2021-06-14 07:20:00,1857.758,1866.243,1840.8780000000002,0.04,0.04,0.339399999999996,0.0,0.0064,0.004799999999996363,0.0,0,2021-06-14 13:50:00,1866.3429999999998,sl,False,-0.3433999999999924,-1.0117855038302783
-1,2021-06-17 07:15:00,2021-06-17 07:20:00,1809.338,1817.453,1793.1979999999999,0.05,0.05,0.4057500000000005,0.0,0.008,0.001,0.0,0,2021-06-17 11:40:00,1793.1979999999999,tp,False,0.807000000000005,1.988909426987071
1,2021-06-23 08:15:00,2021-06-23 08:20:00,1784.348,1780.4279999999999,1791.6780000000006,0.1,0.1,0.3920000000000073,0.0,0.016,0.011999999999990905,0.0,0,2021-06-23 12:30:00,1780.328,sl,False,-0.4019999999999982,-1.0255102040816089
1,2021-06-24 08:20:00,2021-06-24 08:25:00,1780.248,1776.3429999999998,1787.5180000000003,0.1,0.1,0.39050000000002005,0.0,0.016,0.002,0.0,0,2021-06-24 11:55:00,1787.5180000000003,tp,False,0.727000000000021,1.8617157490396508
1,2021-06-25 07:15:00,2021-06-25 07:20:00,1781.9080000000001,1777.358,1790.4680000000003,0.09,0.09,0.40950000000001635,0.0,0.0144,0.0036,0.0,0,2021-06-25 12:00:00,1784.9180000000001,news_close,False,0.2708999999999992,0.6615384615384332
-1,2021-06-30 07:55:00,2021-06-30 08:00:00,1755.318,1760.1565,1746.0310000000002,0.08,0.08,0.3870800000000054,0.0,0.0128,0.009599999999992725,0.0,0,2021-06-30 10:35:00,1760.2565,sl,False,-0.3950799999999981,-1.0206675622610122
1,2021-07-01 11:15:00,2021-07-01 11:20:00,1779.218,1772.203,1792.708,0.06,0.06,0.420900000000006,0.0,0.0096,0.0024,0.0,0,2021-07-01 12:00:00,1776.708,news_close,False,-0.15059999999999946,-0.35780470420526805
1,2021-07-05 07:20:00,2021-07-05 07:25:00,1791.622,1787.693,1798.8379999999997,0.1,0.1,0.39290000000000874,0.0,0.016,0.002,-0.0539,1,2021-07-06 02:20:00,1798.8379999999997,tp,False,0.6676999999999667,1.6994146093152247
1,2021-07-06 07:40:00,2021-07-06 07:45:00,1807.488,1798.7179999999998,1824.6080000000002,0.04,0.04,0.3508000000000084,0.0,0.0064,0.0016,0.0,0,2021-07-06 13:15:00,1806.768,news_close,False,-0.028800000000001092,-0.08209806157354733
1,2021-07-07 07:35:00,2021-07-07 07:40:00,1805.048,1799.142,1816.1699999999998,0.07,0.07,0.41341999999999646,0.0,0.011200000000000002,0.0028000000000000004,0.0,0,2021-07-07 13:30:00,1802.868,news_close,False,-0.15260000000000448,-0.369116153064694
1,2021-07-08 07:25:00,2021-07-08 07:30:00,1806.078,1800.4879999999998,1816.4180000000003,0.07,0.07,0.39130000000001025,0.0,0.011200000000000002,0.0014000000000000002,0.0,0,2021-07-08 10:55:00,1816.4180000000003,tp,False,0.7238000000000262,1.8497316636851706
1,2021-07-14 10:05:00,2021-07-14 10:10:00,1815.1080000000002,1809.683,1825.4180000000003,0.07,0.07,0.37975000000001274,0.0,0.011200000000000002,0.0028000000000000004,0.0,0,2021-07-14 12:00:00,1816.778,news_close,False,0.1168999999999892,0.3078341013824497
1,2021-07-15 07:05:00,2021-07-15 07:10:00,1833.738,1828.0230000000001,1844.6879999999996,0.07,0.07,0.4000499999999943,0.0,0.011200000000000002,0.008399999999993635,0.0,0,2021-07-15 10:05:00,1827.9230000000002,sl,False,-0.4070499999999879,-1.0174978127733876
-1,2021-07-16 07:30:00,2021-07-16 07:35:00,1821.848,1827.4430000000002,1810.8379999999993,0.07,0.07,0.3916500000000179,0.0,0.011200000000000002,0.0028000000000000004,0.0,0,2021-07-16 12:00:00,1817.8580000000002,news_close,False,0.2792999999999847,0.7131367292224485
-1,2021-07-19 08:15:00,2021-07-19 08:20:00,1802.815,1810.228,1788.079,0.05,0.05,0.3706500000000006,0.0,0.008,0.0059999999999954525,0.0,0,2021-07-19 12:55:00,1810.328,sl,False,-0.37564999999999604,-1.0134898151895195
-1,2021-07-21 08:10:00,2021-07-21 08:15:00,1804.448,1809.333,1794.768,0.08,0.08,0.39079999999999926,0.0,0.0128,0.0016,0.0,0,2021-07-21 12:45:00,1794.768,tp,False,0.7744000000000051,1.9815762538382973
1,2021-07-26 07:20:00,2021-07-26 07:25:00,1809.6180000000002,1803.693,1820.9880000000003,0.07,0.07,0.4147500000000128,0.0,0.011200000000000002,0.008399999999993635,0.0,0,2021-07-26 12:25:00,1803.593,sl,False,-0.4217500000000064,-1.0168776371307857
1,2021-07-29 07:25:00,2021-07-29 07:30:00,1819.438,1813.778,1830.218,0.07,0.07,0.39620000000000577,0.0,0.011200000000000002,0.0028000000000000004,0.0,0,2021-07-29 12:00:00,1824.968,news_close,False,0.3870999999999981,0.9770318021201223
-1,2021-08-02 07:20:00,2021-08-02 07:25:00,1806.598,1811.8564999999999,1796.201,0.08,0.08,0.420679999999993,0.0,0.0128,0.0032,0.0,0,2021-08-02 13:15:00,1809.348,news_close,False,-0.22,-0.5229628220975651
1,2021-08-04 08:05:00,2021-08-04 08:10:00,1815.065,1811.7715,1821.0819999999999,0.13,0.13,0.4281549999999993,0.0,0.020800000000000003,0.015599999999988177,0.0,0,2021-08-04 08:40:00,1811.6715000000002,sl,False,-0.4411549999999875,-1.0303628358888446
-1,2021-08-10 08:35:00,2021-08-10 08:40:00,1729.198,1734.128,1719.3380000000004,0.08,0.08,0.3943999999999869,0.0,0.0128,0.0016,0.0,0,2021-08-10 14:10:00,1719.3380000000004,tp,False,0.7887999999999739,2.0
1,2021-08-12 07:30:00,2021-08-12 07:35:00,1756.188,1752.288,1763.4180000000001,0.11,0.11,0.42900000000001,0.0,0.0176,0.013199999999989996,0.0,0,2021-08-12 10:10:00,1752.188,sl,False,-0.44,-1.0256410256410018
1,2021-08-13 07:20:00,2021-08-13 07:25:00,1759.828,1755.458,1768.0279999999996,0.09,0.09,0.39329999999999016,0.0,0.0144,0.0018,0.0,0,2021-08-13 14:00:00,1768.0279999999996,tp,False,0.7379999999999631,1.8764302059496099
1,2021-08-17 07:05:00,2021-08-17 07:10:00,1793.718,1788.6280000000002,1803.4479999999996,0.08,0.08,0.40719999999999346,0.0,0.0128,0.0032,0.0,0,2021-08-17 12:00:00,1791.348,news_close,False,-0.18960000000000946,-0.46561886051083623
1,2021-08-23 10:25:00,2021-08-23 10:30:00,1788.9180000000001,1782.4715,1801.271,0.06,0.06,0.38679000000000086,0.0,0.0096,0.0012,0.0,0,2021-08-23 13:00:00,1801.271,tp,False,0.7411799999999903,1.916233615139969
-1,2021-09-01 08:05:00,2021-09-01 08:10:00,1809.625,1813.583,1801.7389999999998,0.11,0.11,0.4353800000000092,0.0,0.0176,0.013199999999989996,0.0,0,2021-09-01 09:30:00,1813.683,sl,False,-0.4463799999999992,-1.0252652854977027
1,2021-09-02 09:40:00,2021-09-02 09:45:00,1816.4350000000002,1813.223,1822.3580000000002,0.13,0.13,0.41756000000002813,0.0,0.020800000000000003,0.015599999999988177,0.0,0,2021-09-02 11:25:00,1813.123,sl,False,-0.4305600000000163,-1.0311332503113022
-1,2021-09-07 08:05:00,2021-09-07 08:10:00,1815.398,1821.3229999999999,1803.6680000000006,0.07,0.07,0.41474999999999684,0.0,0.011200000000000002,0.0014000000000000002,0.0,0,2021-09-07 14:00:00,1803.6680000000006,tp,False,0.8210999999999536,1.9797468354429413
-1,2021-09-16 07:10:00,2021-09-16 07:15:00,1783.588,1790.013,1770.768,0.06,0.06,0.38549999999999723,0.0,0.0096,0.0024,0.0,0,2021-09-16 12:00:00,1771.3870000000002,news_close,False,0.7320599999999876,1.8989883268482306
-1,2021-09-23 07:10:00,2021-09-23 07:15:00,1760.364,1764.126,1752.8400000000001,0.12,0.12,0.45143999999999324,0.0,0.0192,0.014399999999989085,0.0,0,2021-09-23 07:20:00,1764.2259999999999,sl,False,-0.4634399999999823,-1.02658160552895
-1,2021-09-28 07:00:00,2021-09-28 07:05:00,1736.234,1747.4160000000002,1713.9299999999994,0.04,0.04,0.4472800000000098,0.0,0.0064,0.0016,0.0,0,2021-09-28 13:30:00,1740.528,news_close,False,-0.17176000000000385,-0.38401001609729946
-1,2021-09-30 07:00:00,2021-09-30 07:05:00,1727.638,1731.366,1720.116,0.11,0.11,0.4100800000000072,0.0,0.0176,0.013199999999989996,0.0,0,2021-09-30 07:30:00,1731.466,sl,False,-0.4210799999999972,-1.026824034334739
1,2021-10-07 07:15:00,2021-10-07 07:20:00,1764.625,1760.013,1773.309,0.09,0.09,0.41508000000000717,0.0,0.0144,0.010799999999991814,0.0,0,2021-10-07 09:00:00,1759.913,sl,False,-0.424079999999999,-1.0216825672159384
-1,2021-10-11 08:50:00,2021-10-11 08:55:00,1753.458,1757.318,1745.8280000000002,0.11,0.11,0.424599999999989,0.0,0.0176,0.013199999999989996,0.0,0,2021-10-11 12:15:00,1757.418,sl,False,-0.435599999999979,-1.0259067357512726
1,2021-10-12 10:50:00,2021-10-12 10:55:00,1762.625,1756.473,1774.3380000000004,0.07,0.07,0.4306400000000031,0.0,0.011200000000000002,0.008399999999993635,0.0,0,2021-10-12 12:30:00,1756.373,sl,False,-0.43763999999999675,-1.016254876462924
1,2021-10-14 07:00:00,2021-10-14 07:05:00,1794.828,1790.378,1803.128,0.09,0.09,0.4005000000000041,0.0,0.0144,0.0036,0.0,0,2021-10-14 12:00:00,1795.548,news_close,False,0.06480000000000245,0.16179775280899325
-1,2021-10-18 09:45:00,2021-10-18 09:50:00,1761.748,1766.908,1751.5059999999999,0.08,0.08,0.41279999999998834,0.0,0.0128,0.009599999999992725,0.0,0,2021-10-18 12:05:00,1767.0079999999998,sl,False,-0.4207999999999811,-1.0193798449612232
1,2021-10-19 07:00:00,2021-10-19 07:05:00,1779.884,1771.131,1796.8799999999997,0.04,0.04,0.35011999999999716,0.0,0.0064,0.004799999999996363,0.0,0,2021-10-19 14:30:00,1771.0310000000002,sl,False,-0.35411999999999355,-1.011424654404194
1,2021-10-20 08:35:00,2021-10-20 08:40:00,1779.088,1772.336,1792.0819999999997,0.06,0.06,0.40511999999999715,0.0,0.0096,0.0024,0.0,0,2021-10-20 14:00:00,1779.964,news_close,False,0.05255999999999858,0.1297393364928884
1,2021-10-22 07:00:00,2021-10-22 07:05:00,1794.054,1788.516,1804.59,0.07,0.07,0.3876600000000008,0.0,0.011200000000000002,0.0014000000000000002,0.0,0,2021-10-22 12:40:00,1804.59,tp,False,0.7375199999999882,1.9024918743228258
1,2021-10-25 08:20:00,2021-10-25 08:25:00,1801.678,1796.569,1811.3560000000002,0.08,0.08,0.4087200000000121,0.0,0.0128,0.009599999999992725,-0.043120000000000006,1,2021-10-26 12:25:00,1796.469,sl,False,-0.4598400000000048,-1.1250733998825386
1,2021-11-02 07:15:00,2021-11-02 07:20:00,1796.1280000000002,1792.4609999999998,1802.9520000000007,0.11,0.11,0.4033700000000408,0.0,0.0176,0.013199999999989996,0.0,0,2021-11-02 08:00:00,1792.3609999999999,sl,False,-0.4143700000000308,-1.0272702481592308
1,2021-11-05 07:00:00,2021-11-05 07:05:00,1797.2640000000001,1793.4589999999998,1804.3640000000005,0.11,0.11,0.418550000000032,0.0,0.0176,0.013199999999989996,0.0,0,2021-11-05 10:15:00,1793.359,sl,False,-0.429550000000022,-1.0262812089355853
1,2021-11-11 07:40:00,2021-11-11 07:45:00,1855.768,1849.143,1868.7480000000003,0.06,0.06,0.39749999999999996,0.0,0.0096,0.007199999999994542,-0.03234,1,2021-11-12 10:25:00,1849.0430000000001,sl,False,-0.4358399999999945,-1.0964528301886656
1,2021-11-16 08:50:00,2021-11-16 08:55:00,1869.934,1865.2910000000002,1878.6799999999994,0.08,0.08,0.37143999999998417,0.0,0.0128,0.0032,0.0,0,2021-11-16 13:00:00,1870.588,news_close,False,0.05231999999999971,0.14085720439371618
-1,2021-11-18 10:15:00,2021-11-18 10:20:00,1862.398,1866.6460000000002,1854.052,0.09,0.09,0.3823200000000247,0.0,0.0144,0.010799999999991814,0.0,0,2021-11-18 12:40:00,1866.746,sl,False,-0.39132000000001654,-1.0235404896421618
-1,2021-11-19 07:00:00,2021-11-19 07:05:00,1857.128,1861.056,1849.5120000000002,0.1,0.1,0.39280000000001114,0.0,0.016,0.011999999999990905,0.0,0,2021-11-19 09:25:00,1861.156,sl,False,-0.40280000000000205,-1.0254582484724812
-1,2021-11-22 10:30:00,2021-11-22 10:35:00,1840.704,1844.971,1832.2299999999998,0.09,0.09,0.38403000000000476,0.0,0.0144,0.0018,0.0,0,2021-11-22 14:00:00,1832.2299999999998,tp,False,0.7626600000000143,1.9859385985470013
-1,2021-11-23 08:50:00,2021-11-23 08:55:00,1801.288,1807.788,1788.348,0.06,0.06,0.39,0.0,0.0096,0.0012,0.0,0,2021-11-23 13:05:00,1788.348,tp,False,0.7764000000000032,1.9907692307692388
1,2021-11-26 07:40:00,2021-11-26 07:45:00,1803.669,1796.618,1817.0780000000004,0.05,0.05,0.3525500000000079,0.0,0.008,0.0059999999999954525,0.0,0,2021-11-26 14:50:00,1796.518,sl,False,-0.35755000000000337,-1.014182385477224
-1,2021-12-02 07:40:00,2021-12-02 07:45:00,1774.85,1778.4665,1767.6769999999997,0.11,0.11,0.39781500000000963,0.0,0.0176,0.0022,0.0,0,2021-12-02 08:25:00,1767.6769999999997,tp,False,0.7890300000000252,1.9834093737038727
-1,2021-12-03 09:10:00,2021-12-03 09:15:00,1766.415,1771.8615,1755.4409999999998,0.07,0.07,0.38125500000000107,0.0,0.011200000000000002,0.008399999999993635,0.0,0,2021-12-03 10:30:00,1771.9615,sl,False,-0.3882549999999947,-1.018360414945361
1,2021-12-07 07:15:00,2021-12-07 07:20:00,1783.6680000000001,1779.9915,1790.451,0.11,0.11,0.4044150000000036,0.0,0.0176,0.013199999999989996,0.0,0,2021-12-07 09:00:00,1779.8915000000002,sl,False,-0.4154149999999936,-1.0271997824017158
1,2021-12-08 10:35:00,2021-12-08 10:40:00,1791.778,1787.943,1798.908,0.1,0.1,0.38350000000000367,0.0,0.016,0.011999999999990905,0.0,0,2021-12-08 11:20:00,1787.843,sl,False,-0.3934999999999946,-1.0260756192959344
-1,2021-12-10 08:15:00,2021-12-10 08:20:00,1770.595,1775.4065,1761.032,0.08,0.08,0.3849200000000019,0.0,0.0128,0.0032,0.0,0,2021-12-10 13:00:00,1773.6280000000002,news_close,False,-0.24264000000001035,-0.630364751117139
-1,2021-12-15 07:00:00,2021-12-15 07:05:00,1767.385,1770.5915,1760.9509999999998,0.12,0.12,0.3847800000000006,0.0,0.0192,0.014399999999989085,0.0,0,2021-12-15 09:25:00,1770.6915,sl,False,-0.39677999999998975,-1.0311866521128674
1,2021-12-16 07:05:00,2021-12-16 07:10:00,1785.3680000000002,1780.168,1795.168,0.07,0.07,0.36400000000001914,0.0,0.011200000000000002,0.0028000000000000004,0.0,0,2021-12-16 13:00:00,1783.898,news_close,False,-0.10290000000001784,-0.2826923076923418
1,2021-12-17 07:00:00,2021-12-17 07:05:00,1807.335,1802.138,1817.2310000000004,0.07,0.07,0.36379000000000816,0.0,0.011200000000000002,0.008399999999993635,0.0,0,2021-12-17 18:35:00,1802.038,sl,False,-0.37079000000000184,-1.0192418703097763
1,2021-12-28 07:10:00,2021-12-28 07:15:00,1815.9080000000001,1811.8629999999998,1823.5180000000005,0.09,0.09,0.364050000000027,0.0,0.0144,0.010799999999991814,0.0,0,2021-12-28 14:05:00,1811.763,sl,False,-0.3730500000000188,-1.0247218788627692
-1,2021-12-30 07:20:00,2021-12-30 07:25:00,1796.315,1801.2665000000002,1786.5109999999995,0.08,0.08,0.3961200000000099,0.0,0.0128,0.009599999999992725,0.0,0,2021-12-30 08:40:00,1801.3665,sl,False,-0.40412000000000264,-1.020195900232234
-1,2022-01-06 08:25:00,2022-01-06 08:30:00,1797.534,1805.433,1781.9279999999999,0.04,0.04,0.3159599999999955,0.0,0.0064,0.004799999999996363,0.0,0,2022-01-06 10:35:00,1805.533,sl,False,-0.31995999999999186,-1.012659830358262
1,2022-01-11 08:30:00,2022-01-11 08:35:00,1809.915,1805.375,1818.4040000000002,0.08,0.08,0.3631999999999971,0.0,0.0128,0.009599999999992725,0.0,0,2022-01-11 10:20:00,1805.275,sl,False,-0.3711999999999898,-1.0220264317180419
-1,2022-01-18 07:10:00,2022-01-18 07:15:00,1814.118,1818.9005,1804.7330000000004,0.08,0.08,0.3826000000000022,0.0,0.0128,0.009599999999992725,0.0,0,2022-01-18 13:35:00,1819.0004999999999,sl,False,-0.3905999999999949,-1.0209095661264835
1,2022-01-21 07:15:00,2022-01-21 07:20:00,1842.598,1839.103,1849.0780000000002,0.1,0.1,0.3494999999999891,0.0,0.016,0.011999999999990905,0.0,0,2022-01-21 07:35:00,1839.0030000000002,sl,False,-0.35949999999998,-1.0286123032903898
-1,2022-01-27 11:20:00,2022-01-27 11:25:00,1809.788,1815.8384999999998,1797.7470000000003,0.06,0.06,0.36302999999998975,0.0,0.0096,0.0024,0.0,0,2022-01-27 13:00:00,1807.178,news_close,False,0.156599999999994,0.43136930832162196
-1,2022-01-28 08:00:00,2022-01-28 08:05:00,1793.748,1797.1165,1787.1009999999999,0.11,0.11,0.3705350000000044,0.0,0.0176,0.0022,0.0,0,2022-01-28 10:55:00,1787.1009999999999,tp,False,0.7311700000000179,1.9732818762060513
1,2022-02-01 07:20:00,2022-02-01 07:25:00,1803.708,1799.51,1811.594,0.09,0.09,0.3778200000000083,0.0,0.0144,0.0036,0.0,0,2022-02-01 14:15:00,1804.318,news_close,False,0.05489999999999099,0.1453072891852993
-1,2022-02-02 07:35:00,2022-02-02 07:40:00,1795.738,1798.988,1789.298,0.11,0.11,0.3575,0.0,0.0176,0.013199999999989996,0.0,0,2022-02-02 08:15:00,1799.088,sl,False,-0.36849999999999,-1.030769230769203
1,2022-02-11 10:35:00,2022-02-11 10:40:00,1827.7440000000001,1824.453,1833.8460000000002,0.11,0.11,0.36201000000001843,0.0,0.0176,0.0022,0.0,0,2022-02-11 15:15:00,1833.8460000000002,tp,False,0.6712200000000098,1.8541476754785107
1,2022-02-17 08:25:00,2022-02-17 08:30:00,1884.558,1872.383,1908.098,0.03,0.03,0.36524999999999863,0.0,0.0048,0.0012,0.0,0,2022-02-17 13:00:00,1886.548,news_close,False,0.059700000000000274,0.1634496919917878
1,2022-02-24 09:45:00,2022-02-24 09:50:00,1949.948,1929.5005,1990.243,0.01,0.01,0.2044749999999999,0.0,0.0016,0.0004,0.0,0,2022-02-24 13:00:00,1962.548,news_close,False,0.12599999999999908,0.6162122508864122
-1,2022-02-25 11:25:00,2022-02-25 11:30:00,1903.528,1912.8395,1885.0849999999998,0.04,0.04,0.37246000000000096,0.0,0.0064,0.0016,0.0,0,2022-02-25 13:00:00,1895.798,news_close,False,0.30920000000000075,0.8301562583901626
-1,2022-02-28 07:25:00,2022-02-28 07:30:00,1900.608,1911.848,1878.158,0.03,0.03,0.3372000000000003,0.0,0.0048,0.003599999999997271,0.0,0,2022-02-28 12:55:00,1911.9479999999999,sl,False,-0.3401999999999975,-1.0088967971530167
1,2022-03-02 07:45:00,2022-03-02 07:50:00,1945.028,1937.288,1959.9379999999999,0.05,0.05,0.38700000000000045,0.0,0.008,0.0059999999999954525,0.0,0,2022-03-02 08:20:00,1937.188,sl,False,-0.3919999999999959,-1.012919896640815
1,2022-03-07 10:35:00,2022-03-07 10:40:00,2001.912,1988.5210000000002,2028.0639999999996,0.02,0.02,0.267819999999997,0.0,0.0032,0.0023999999999981814,0.0,0,2022-03-07 11:30:00,1988.4210000000003,sl,False,-0.2698199999999952,-1.00746770218803
-1,2022-03-11 11:25:00,2022-03-11 11:30:00,1980.798,1988.995,1964.4340000000002,0.04,0.04,0.32787999999999556,0.0,0.0064,0.0008,0.0,0,2022-03-11 12:30:00,1964.4340000000002,tp,False,0.6545599999999923,1.9963401244357726
-1,2022-03-14 08:10:00,2022-03-14 08:15:00,1969.638,1974.29,1960.2260000000003,0.08,0.08,0.3721600000000035,0.0,0.0128,0.0016,0.0,0,2022-03-14 09:55:00,1960.2260000000003,tp,False,0.7529599999999664,2.0232158211520836
-1,2022-03-15 10:55:00,2022-03-15 11:00:00,1921.646,1938.458,1888.0819999999997,0.02,0.02,0.33624000000000254,0.0,0.0032,0.0008,0.0,0,2022-03-15 12:00:00,1926.604,news_close,False,-0.09916000000000168,-0.29490839876279124
1,2022-03-17 08:25:00,2022-03-17 08:30:00,1939.3780000000002,1931.7505,1954.093,0.05,0.05,0.38137500000000274,0.0,0.008,0.002,0.0,0,2022-03-17 12:00:00,1943.098,news_close,False,0.18599999999999,0.48770894788590935
1,2022-03-24 11:40:00,2022-03-24 11:45:00,1952.1280000000002,1942.8785,1970.0870000000002,0.04,0.04,0.369980000000005,0.0,0.0064,0.0016,0.0,0,2022-03-24 12:00:00,1956.354,news_close,False,0.16903999999999542,0.4568895615979056
-1,2022-03-25 07:00:00,2022-03-25 07:05:00,1955.303,1959.7530000000002,1946.4299999999994,0.09,0.09,0.4005000000000041,0.0,0.0144,0.010799999999991814,0.0,0,2022-03-25 08:15:00,1959.853,sl,False,-0.40949999999999587,-1.0224719101123387
-1,2022-03-28 07:25:00,2022-03-28 07:30:00,1932.318,1945.618,1905.778,0.03,0.03,0.39899999999999863,0.0,0.0048,0.003599999999997271,0.0,0,2022-03-28 12:20:00,1945.7179999999998,sl,False,-0.4019999999999959,-1.0075187969924744
-1,2022-03-29 07:25:00,2022-03-29 07:30:00,1920.058,1925.143,1909.918,0.07,0.07,0.3559500000000026,0.0,0.011200000000000002,0.0014000000000000002,0.0,0,2022-03-29 09:05:00,1909.918,tp,False,0.7098000000000071,1.9941002949852562
-1,2022-04-01 07:00:00,2022-04-01 07:05:00,1931.4180000000001,1935.4180000000001,1923.454,0.1,0.1,0.4,0.0,0.016,0.011999999999990905,0.0,0,2022-04-01 09:05:00,1935.518,sl,False,-0.4099999999999909,-1.0249999999999773
1,2022-04-04 07:00:00,2022-04-04 07:05:00,1929.433,1922.0430000000001,1943.6729999999995,0.05,0.05,0.36949999999999367,0.0,0.008,0.002,-0.02695,1,2022-04-05 13:15:00,1934.6680000000001,news_close,False,0.23480000000000636,0.6354533152909618
1,2022-04-07 07:20:00,2022-04-07 07:25:00,1927.9060000000002,1923.801,1935.5490000000004,0.09,0.09,0.3694500000000221,0.0,0.0144,0.010799999999991814,0.0,0,2022-04-07 11:05:00,1923.701,sl,False,-0.3784500000000139,-1.024360535931767
1,2022-04-11 08:05:00,2022-04-11 08:10:00,1948.1080000000002,1943.775,1956.294,0.09,0.09,0.38997000000000753,0.0,0.0144,0.0018,0.0,0,2022-04-11 08:35:00,1956.294,tp,False,0.736739999999993,1.889222247865166
1,2022-04-13 08:15:00,2022-04-13 08:20:00,1974.928,1968.083,1988.078,0.05,0.05,0.3422500000000014,0.0,0.008,0.002,0.0,0,2022-04-13 12:00:00,1977.913,news_close,False,0.149249999999995,0.4360847333820143
1,2022-04-18 07:40:00,2022-04-18 07:45:00,1991.228,1986.568,2000.158,0.08,0.08,0.37280000000000657,0.0,0.0128,0.009599999999992725,0.0,0,2022-04-18 14:35:00,1986.468,sl,False,-0.3807999999999993,-1.0214592274677914
1,2022-04-19 07:25:00,2022-04-19 07:30:00,1979.8020000000001,1975.7150000000001,1987.5559999999998,0.09,0.09,0.367829999999999,0.0,0.0144,0.010799999999991814,0.0,0,2022-04-19 09:20:00,1975.6150000000002,sl,False,-0.37682999999999084,-1.0244678248103523
-1,2022-04-25 10:40:00,2022-04-25 10:45:00,1911.103,1922.3955,1888.638,0.03,0.03,0.33877500000000055,0.0,0.0048,0.0012,0.0,1,2022-04-26 12:00:00,1903.6080000000002,news_close,False,0.22484999999999672,0.6637148549922407
-1,2022-04-27 08:00:00,2022-04-27 08:05:00,1893.9080000000001,1901.307,1879.155,0.05,0.05,0.3699499999999944,0.0,0.008,0.0059999999999954525,0.0,0,2022-04-27 11:55:00,1901.407,sl,False,-0.37494999999998985,-1.0135153399107866
1,2022-04-29 07:35:00,2022-04-29 07:40:00,1913.2730000000001,1903.8204999999998,1931.6380000000006,0.04,0.04,0.3781000000000131,0.0,0.0064,0.0016,0.0,0,2022-04-29 12:00:00,1919.398,news_close,False,0.24499999999999092,0.6479767257338863
-1,2022-05-02 08:20:00,2022-05-02 08:25:00,1882.5330000000001,1890.498,1866.6630000000002,0.05,0.05,0.39824999999999594,0.0,0.008,0.001,0.0,0,2022-05-02 12:35:00,1866.6630000000002,tp,False,0.7934999999999945,1.9924670433145075
-1,2022-05-03 07:05:00,2022-05-03 07:10:00,1855.458,1861.7530000000002,1842.6579999999994,0.06,0.06,0.37770000000000437,0.0,0.0096,0.007199999999994542,0.0,0,2022-05-03 11:35:00,1861.853,sl,False,-0.3836999999999989,-1.015885623510708
1,2022-05-04 07:10:00,2022-05-04 07:15:00,1868.938,1864.798,1876.6929999999998,0.09,0.09,0.372600000000009,0.0,0.0144,0.0036,0.0,0,2022-05-04 11:45:00,1869.588,news_close,False,0.05849999999998772,0.15700483091783765
-1,2022-05-09 07:15:00,2022-05-09 07:20:00,1869.1580000000001,1875.638,1856.2580000000005,0.06,0.06,0.38879999999998743,0.0,0.0096,0.0012,0.0,0,2022-05-09 17:50:00,1856.2580000000005,tp,False,0.7739999999999781,1.990740740740749
-1,2022-05-12 07:10:00,2022-05-12 07:15:00,1846.858,1853.038,1834.603,0.06,0.06,0.3708000000000038,0.0,0.0096,0.007199999999994542,0.0,0,2022-05-12 07:50:00,1853.138,sl,False,-0.37679999999999836,-1.016181229773448
-1,2022-05-16 07:35:00,2022-05-16 07:40:00,1802.1,1811.058,1784.2439999999997,0.04,0.04,0.35832000000000336,0.0,0.0064,0.004799999999996363,0.0,0,2022-05-16 14:10:00,1811.158,sl,False,-0.3623199999999997,-1.0111632060727738
1,2022-05-17 11:30:00,2022-05-17 11:35:00,1832.7160000000001,1825.953,1845.7920000000001,0.05,0.05,0.3381500000000074,0.0,0.008,0.002,0.0,0,2022-05-17 12:00:00,1834.483,news_close,False,0.08834999999999127,0.26127458228593625
-1,2022-05-19 07:35:00,2022-05-19 07:40:00,1812.138,1815.1605,1806.0629999999999,0.13,0.13,0.39292500000000474,0.0,0.020800000000000003,0.015599999999988177,0.0,0,2022-05-19 08:40:00,1815.2604999999999,sl,False,-0.40592499999999293,-1.0330851943754864
1,2022-05-23 08:15:00,2022-05-23 08:20:00,1858.277,1851.888,1870.746,0.06,0.06,0.3833400000000074,0.0,0.0096,0.007199999999994542,0.0,0,2022-05-23 15:20:00,1851.788,sl,False,-0.38934000000000196,-1.0156519017060428
1,2022-05-24 07:55:00,2022-05-24 08:00:00,1860.1190000000001,1853.158,1873.4710000000005,0.05,0.05,0.348050000000012,0.0,0.008,0.002,0.0,0,2022-05-24 13:15:00,1860.618,news_close,False,0.024949999999989814,0.0716851027150954
-1,2022-05-26 11:25:00,2022-05-26 11:30:00,1842.638,1848.4855,1831.0329999999997,0.06,0.06,0.3508500000000049,0.0,0.0096,0.0024,0.0,0,2022-05-26 12:00:00,1846.603,news_close,False,-0.23790000000000872,-0.6780675502351586
-1,2022-06-01 09:10:00,2022-06-01 09:15:00,1829.308,1833.743,1820.498,0.08,0.08,0.3547999999999956,0.0,0.0128,0.009599999999992725,0.0,0,2022-06-01 12:15:00,1833.8429999999998,sl,False,-0.36279999999998835,-1.0225479143179055
1,2022-06-02 07:00:00,2022-06-02 07:05:00,1853.068,1848.3319999999999,1861.9910000000002,0.08,0.08,0.3788800000000083,0.0,0.0128,0.0032,0.0,0,2022-06-02 11:45:00,1855.088,news_close,False,0.16159999999999855,0.4265202702702571
-1,2022-06-16 07:10:00,2022-06-16 07:15:00,1827.618,1832.221,1818.292,0.08,0.08,0.36824000000000523,0.0,0.0128,0.009599999999992725,0.0,0,2022-06-16 08:15:00,1832.321,sl,False,-0.37623999999999796,-1.0217249619812965
1,2022-06-17 09:05:00,2022-06-17 09:10:00,1851.838,1846.393,1862.1579999999997,0.07,0.07,0.3811499999999956,0.0,0.011200000000000002,0.008399999999993635,0.0,0,2022-06-17 10:05:00,1846.2930000000001,sl,False,-0.3881499999999892,-1.0183654729109108
-1,2022-06-21 11:05:00,2022-06-21 11:10:00,1832.393,1837.4279999999999,1822.4430000000002,0.07,0.07,0.3524499999999898,0.0,0.011200000000000002,0.008399999999993635,0.0,0,2022-06-21 12:20:00,1837.5279999999998,sl,False,-0.3594499999999835,-1.0198609731876689
-1,2022-06-22 08:10:00,2022-06-22 08:15:00,1823.898,1827.816,1816.2420000000002,0.09,0.09,0.3526200000000108,0.0,0.0144,0.010799999999991814,0.0,0,2022-06-22 09:25:00,1827.916,sl,False,-0.3616200000000026,-1.0255232261357594
1,2022-06-27 07:20:00,2022-06-27 07:25:00,1838.9930000000002,1833.4105,1849.6570000000002,0.06,0.06,0.3349500000000125,0.0,0.0096,0.007199999999994542,0.0,0,2022-06-27 11:55:00,1833.3105,sl,False,-0.3409500000000071,-1.0179131213613803
-1,2022-06-29 08:40:00,2022-06-29 08:45:00,1815.808,1819.433,1808.588,0.1,0.1,0.36250000000000004,0.0,0.016,0.011999999999990905,0.0,0,2022-06-29 10:30:00,1819.533,sl,False,-0.37249999999999095,-1.0275862068965267
-1,2022-07-01 07:10:00,2022-07-01 07:15:00,1793.963,1801.076,1779.7459999999996,0.05,0.05,0.35565000000000285,0.0,0.008,0.002,0.0,0,2022-07-01 13:15:00,1792.332,news_close,False,0.0815499999999929,0.2292984675945234
-1,2022-07-04 10:00:00,2022-07-04 10:05:00,1805.278,1809.788,1796.318,0.08,0.08,0.3607999999999993,0.0,0.0128,0.009599999999992725,0.0,0,2022-07-04 14:20:00,1809.888,sl,False,-0.368799999999992,-1.0221729490021971
-1,2022-07-06 10:05:00,2022-07-06 10:10:00,1761.698,1767.892,1749.4179999999997,0.05,0.05,0.30969999999999803,0.0,0.008,0.0059999999999954525,0.0,0,2022-07-06 12:50:00,1767.992,sl,False,-0.3146999999999935,-1.01614465611881
-1,2022-07-08 07:30:00,2022-07-08 07:35:00,1739.129,1742.966,1731.5149999999999,0.09,0.09,0.345329999999999,0.0,0.0144,0.010799999999991814,0.0,0,2022-07-08 08:05:00,1743.0659999999998,sl,False,-0.3543299999999908,-1.0260620276257255
-1,2022-07-14 07:00:00,2022-07-14 07:05:00,1717.078,1727.089,1696.858,0.03,0.03,0.300329999999999,0.0,0.0048,0.0012,0.0,0,2022-07-14 12:00:00,1713.7440000000001,news_close,False,0.10001999999999497,0.33303366297071657
1,2022-07-18 07:20:00,2022-07-18 07:25:00,1720.088,1712.838,1733.778,0.05,0.05,0.36250000000000004,0.0,0.008,0.0059999999999954525,0.0,0,2022-07-18 12:05:00,1712.738,sl,False,-0.3674999999999955,-1.0137931034482632
1,2022-07-19 07:55:00,2022-07-19 08:00:00,1711.694,1708.126,1718.422,0.1,0.1,0.3567999999999984,0.0,0.016,0.011999999999990905,-0.0539,1,2022-07-20 05:55:00,1708.026,sl,False,-0.4206999999999893,-1.1790919282510963
-1,2022-07-21 07:05:00,2022-07-21 07:10:00,1687.958,1692.0439999999999,1679.8190000000004,0.08,0.08,0.32687999999998285,0.0,0.0128,0.009599999999992725,0.0,0,2022-07-21 07:30:00,1692.1439999999998,sl,False,-0.3348799999999756,-1.0244738130200477
1,2022-07-22 07:25:00,2022-07-22 07:30:00,1719.6380000000001,1716.001,1726.5669999999998,0.09,0.09,0.3273300000000154,0.0,0.0144,0.010799999999991814,0.0,0,2022-07-22 07:30:00,1715.901,sl,False,-0.3363300000000072,-1.0274951883420138
1,2022-07-25 08:30:00,2022-07-25 08:35:00,1729.045,1724.266,1738.0629999999999,0.07,0.07,0.33452999999999977,0.0,0.011200000000000002,0.008399999999993635,0.0,0,2022-07-25 12:45:00,1724.1660000000002,sl,False,-0.3415299999999934,-1.0209248796819228
-1,2022-07-26 10:15:00,2022-07-26 10:20:00,1717.034,1723.326,1704.5400000000002,0.05,0.05,0.3145999999999958,0.0,0.008,0.002,0.0,0,2022-07-26 13:30:00,1719.044,news_close,False,-0.10049999999999955,-0.31945327399873136
1,2022-07-28 07:05:00,2022-07-28 07:10:00,1743.288,1737.76,1753.681,0.06,0.06,0.3316800000000012,0.0,0.0096,0.007199999999994542,0.0,0,2022-07-28 11:20:00,1737.66,sl,False,-0.3376799999999957,-1.018089725036163
1,2022-08-01 07:10:00,2022-08-01 07:15:00,1766.545,1761.971,1775.063,0.07,0.07,0.32018000000000485,0.0,0.011200000000000002,0.0014000000000000002,0.0,0,2022-08-01 12:20:00,1775.063,tp,False,0.5962600000000021,1.862264975951006
1,2022-08-04 08:10:00,2022-08-04 08:15:00,1774.712,1768.886,1785.8239999999998,0.05,0.05,0.2913000000000011,0.0,0.008,0.001,0.0,0,2022-08-04 11:55:00,1785.8239999999998,tp,False,0.5555999999999927,1.9073120494335412
1,2022-08-08 07:20:00,2022-08-08 07:25:00,1777.499,1773.684,1784.616,0.09,0.09,0.3433500000000049,0.0,0.0144,0.010799999999991814,0.0,0,2022-08-08 08:25:00,1773.584,sl,False,-0.3523499999999967,-1.0262123197902773
1,2022-08-09 08:10:00,2022-08-09 08:15:00,1790.738,1786.558,1798.3899999999999,0.08,0.08,0.3344000000000051,0.0,0.0128,0.0016,0.0,0,2022-08-09 13:30:00,1798.3899999999999,tp,False,0.6121599999999853,1.8306220095693062
1,2022-08-10 10:05:00,2022-08-10 10:10:00,1794.856,1790.988,1802.0159999999998,0.09,0.09,0.34811999999999443,0.0,0.0144,0.010799999999991814,0.0,0,2022-08-10 10:40:00,1790.8880000000001,sl,False,-0.3571199999999862,-1.0258531540847753
-1,2022-08-16 07:55:00,2022-08-16 08:00:00,1775.844,1779.853,1767.886,0.08,0.08,0.32072000000000117,0.0,0.0128,0.009599999999992725,0.0,1,2022-08-17 05:30:00,1779.953,sl,False,-0.3287199999999939,-1.024943876278351
-1,2022-08-17 07:50:00,2022-08-17 07:55:00,1773.558,1777.9360000000001,1764.9219999999996,0.07,0.07,0.306460000000011,0.0,0.011200000000000002,0.0028000000000000004,0.0,0,2022-08-17 12:00:00,1769.354,news_close,False,0.2942799999999966,0.960255824577387
-1,2022-08-19 10:00:00,2022-08-19 10:05:00,1750.428,1755.056,1741.2320000000002,0.07,0.07,0.3239599999999951,0.0,0.011200000000000002,0.008399999999993635,0.0,0,2022-08-19 12:35:00,1755.156,sl,False,-0.3309599999999887,-1.0216076058772494
-1,2022-08-22 07:00:00,2022-08-22 07:05:00,1741.028,1745.323,1732.4979999999998,0.08,0.08,0.34360000000000585,0.0,0.0128,0.0016,0.0,0,2022-08-22 08:50:00,1732.4979999999998,tp,False,0.682400000000016,1.9860302677532142
1,2022-08-23 08:15:00,2022-08-23 08:20:00,1741.758,1737.2345,1750.3249999999998,0.07,0.07,0.3166450000000009,0.0,0.011200000000000002,0.008399999999993635,0.0,0,2022-08-23 10:05:00,1737.1345000000001,sl,False,-0.3236449999999946,-1.0221067757267401
1,2022-08-25 07:05:00,2022-08-25 07:10:00,1761.804,1755.688,1773.466,0.05,0.05,0.3057999999999993,0.0,0.008,0.002,0.0,0,2022-08-25 12:00:00,1762.358,news_close,False,0.027699999999992998,0.09058207979069019
-1,2022-08-29 07:40:00,2022-08-29 07:45:00,1720.534,1728.5430000000001,1704.4679999999998,0.04,0.04,0.3203600000000006,0.0,0.0064,0.004799999999996363,0.0,0,2022-08-29 10:45:00,1728.643,sl,False,-0.32435999999999693,-1.0124859533025232
-1,2022-08-30 07:05:00,2022-08-30 07:10:00,1732.221,1736.299,1724.125,0.08,0.08,0.326239999999998,0.0,0.0128,0.009599999999992725,0.0,0,2022-08-30 08:10:00,1736.399,sl,False,-0.3342399999999907,-1.024521824423715
-1,2022-08-31 07:10:00,2022-08-31 07:15:00,1720.044,1723.4560000000001,1713.3309999999994,0.1,0.1,0.3412000000000035,0.0,0.016,0.002,0.0,0,2022-08-31 09:00:00,1713.3309999999994,tp,False,0.6713000000000648,1.9674677608442497
-1,2022-09-01 08:15:00,2022-09-01 08:20:00,1701.494,1705.484,1693.6039999999998,0.08,0.08,0.31920000000000076,0.0,0.0128,0.009599999999992725,0.0,0,2022-09-01 09:15:00,1705.5839999999998,sl,False,-0.32719999999999344,-1.025062656641581
1,2022-09-05 09:50:00,2022-09-05 09:55:00,1714.2240000000002,1710.761,1720.6400000000003,0.1,0.1,0.3463000000000193,0.0,0.016,0.011999999999990905,0.0,0,2022-09-05 14:00:00,1710.661,sl,False,-0.3563000000000102,-1.0288766965058918
1,2022-09-08 07:00:00,2022-09-08 07:05:00,1722.3780000000002,1716.511,1733.5720000000003,0.05,0.05,0.2933500000000095,0.0,0.008,0.0059999999999954525,0.0,0,2022-09-08 08:05:00,1716.411,sl,False,-0.29835000000000494,-1.0170444861087278
1,2022-09-12 07:10:00,2022-09-12 07:15:00,1723.1680000000001,1716.268,1736.5059999999996,0.04,0.04,0.27600000000000363,0.0,0.0064,0.0016,0.0,0,2022-09-12 16:30:00,1732.278,news_close,False,0.364399999999996,1.320289855072432
1,2022-09-13 09:40:00,2022-09-13 09:45:00,1727.835,1723.676,1735.6219999999998,0.08,0.08,0.33272000000000845,0.0,0.0128,0.0032,0.0,0,2022-09-13 12:00:00,1729.634,news_close,False,0.14391999999999824,0.43255590286124845
-1,2022-09-15 07:05:00,2022-09-15 07:10:00,1686.015,1691.8365,1673.8890000000004,0.05,0.05,0.29107499999998937,0.0,0.008,0.002,0.0,0,2022-09-15 12:00:00,1686.41,news_close,False,-0.01974999999999909,-0.06785192819719939
-1,2022-09-16 07:45:00,2022-09-16 07:50:00,1657.078,1663.476,1644.3719999999996,0.05,0.05,0.31990000000000696,0.0,0.008,0.0059999999999954525,0.0,0,2022-09-16 09:20:00,1663.576,sl,False,-0.3249000000000024,-1.0156298843388414
-1,2022-09-28 07:10:00,2022-09-28 07:15:00,1618.028,1625.1799999999998,1604.084,0.04,0.04,0.2860799999999927,0.0,0.0064,0.004799999999996363,0.0,0,2022-09-28 10:00:00,1625.2799999999997,sl,False,-0.290079999999989,-1.013982102908265
1,2022-09-30 07:05:00,2022-09-30 07:10:00,1672.7150000000001,1664.433,1688.7390000000003,0.04,0.04,0.3312800000000061,0.0,0.0064,0.004799999999996363,0.0,0,2022-09-30 11:05:00,1664.333,sl,False,-0.33528000000000246,-1.012074378169513
1,2022-10-04 07:05:00,2022-10-04 07:10:00,1708.948,1700.8980000000001,1724.358,0.04,0.04,0.3219999999999982,0.0,0.0064,0.004799999999996363,0.0,0,2022-10-04 11:20:00,1700.7980000000002,sl,False,-0.32599999999999457,-1.0124223602484361
-1,2022-10-10 07:40:00,2022-10-10 07:45:00,1683.993,1690.853,1670.378,0.04,0.04,0.2744000000000051,0.0,0.0064,0.0008,0.0,0,2022-10-10 14:35:00,1670.378,tp,False,0.5446000000000004,1.9846938775509853
-1,2022-10-11 10:10:00,2022-10-11 10:15:00,1661.238,1667.423,1648.8680000000002,0.05,0.05,0.3092499999999973,0.0,0.008,0.0059999999999954525,0.0,0,2022-10-11 11:00:00,1667.523,sl,False,-0.31424999999999276,-1.0161681487469538
1,2022-10-13 09:00:00,2022-10-13 09:05:00,1676.075,1671.2965,1685.092,0.07,0.07,0.33449500000000854,0.0,0.011200000000000002,0.0028000000000000004,0.0,0,2022-10-13 12:00:00,1678.618,news_close,False,0.1780099999999925,0.5321753688395581
-1,2022-10-14 09:00:00,2022-10-14 09:05:00,1658.648,1665.2615,1645.5110000000002,0.05,0.05,0.33067500000000793,0.0,0.008,0.002,0.0,0,2022-10-14 12:00:00,1655.035,news_close,False,0.18064999999999146,0.5463067967036731
-1,2022-10-19 07:00:00,2022-10-19 07:05:00,1638.138,1646.4775,1621.5189999999998,0.04,0.04,0.33358000000000176,0.0,0.0064,0.004799999999996363,0.0,0,2022-10-19 07:50:00,1646.5774999999999,sl,False,-0.3375799999999981,-1.01199112656633
-1,2022-10-21 07:05:00,2022-10-21 07:10:00,1619.327,1623.8874999999998,1610.2390000000003,0.07,0.07,0.31923499999998745,0.0,0.011200000000000002,0.008399999999993635,0.0,0,2022-10-21 07:20:00,1623.9874999999997,sl,False,-0.32623499999998107,-1.0219274202389899
1,2022-10-26 07:00:00,2022-10-26 07:05:00,1666.9180000000001,1657.3425,1685.709,0.03,0.03,0.28726500000000443,0.0,0.0048,0.0012,0.0,0,2022-10-26 13:30:00,1662.257,news_close,False,-0.13983000000000173,-0.4867630933110528
1,2022-11-01 07:00:00,2022-11-01 07:05:00,1648.017,1638.8275,1666.0689999999995,0.03,0.03,0.27568499999999857,0.0,0.0048,0.0012,0.0,0,2022-11-01 13:15:00,1654.507,news_close,False,0.19470000000000026,0.7062408183252672
1,2022-11-02 08:15:00,2022-11-02 08:20:00,1654.237,1649.848,1662.7479999999998,0.07,0.07,0.30723000000000866,0.0,0.011200000000000002,0.0028000000000000004,0.0,0,2022-11-02 11:45:00,1655.088,news_close,False,0.059569999999991984,0.19389382547274128
-1,2022-11-03 07:05:00,2022-11-03 07:10:00,1631.257,1636.733,1620.3650000000002,0.06,0.06,0.32855999999999314,0.0,0.0096,0.0012,0.0,0,2022-11-03 09:45:00,1620.3650000000002,tp,False,0.6535199999999896,1.989043097151215
1,2022-11-09 08:00:00,2022-11-09 08:05:00,1714.718,1709.578,1724.3980000000001,0.06,0.06,0.308400000000006,0.0,0.0096,0.007199999999994542,0.0,0,2022-11-09 09:45:00,1709.478,sl,False,-0.3144000000000005,-1.0194552529182697
1,2022-11-11 08:55:00,2022-11-11 09:00:00,1765.3870000000002,1755.6680000000001,1784.408,0.03,0.03,0.2915700000000015,0.0,0.0048,0.003599999999997271,0.0,0,2022-11-11 11:00:00,1755.5680000000002,sl,False,-0.2945699999999988,-1.0102891243955046
1,2022-11-15 07:20:00,2022-11-15 07:25:00,1776.188,1770.2730000000001,1787.328,0.05,0.05,0.2957499999999982,0.0,0.008,0.002,0.0,0,2022-11-15 13:00:00,1775.097,news_close,False,-0.054550000000006094,-0.1844463229078831
1,2022-11-16 09:40:00,2022-11-16 09:45:00,1781.6380000000001,1775.7424999999998,1792.6190000000001,0.05,0.05,0.29477500000001555,0.0,0.008,0.002,0.0,0,2022-11-16 13:00:00,1780.685,news_close,False,-0.0476500000000101,-0.16164871512172874
-1,2022-11-21 07:40:00,2022-11-21 07:45:00,1742.648,1748.232,1731.8700000000001,0.05,0.05,0.279200000000003,0.0,0.008,0.0059999999999954525,0.0,1,2022-11-22 09:45:00,1748.3319999999999,sl,False,-0.28419999999999845,-1.017908309455571
-1,2022-11-25 07:55:00,2022-11-25 08:00:00,1751.327,1756.5525,1741.2990000000002,0.06,0.06,0.31353000000000064,0.0,0.0096,0.007199999999994542,0.0,2,2022-11-28 08:25:00,1756.6525,sl,False,-0.3195299999999952,-1.0191369246961839
1,2022-12-07 08:50:00,2022-12-07 08:55:00,1775.688,1771.818,1782.8280000000002,0.08,0.08,0.3096000000000095,0.0,0.0128,0.009599999999992725,0.0,0,2022-12-07 09:35:00,1771.718,sl,False,-0.3176000000000022,-1.0258397932816294
1,2022-12-09 11:25:00,2022-12-09 11:30:00,1798.478,1792.963,1808.7280000000003,0.05,0.05,0.275750000000005,0.0,0.008,0.002,0.0,0,2022-12-09 13:00:00,1800.478,news_close,False,0.1,0.36264732547596806
-1,2022-12-15 07:45:00,2022-12-15 07:50:00,1789.465,1798.615,1771.2249999999997,0.03,0.03,0.27450000000000274,0.0,0.0048,0.0012,0.0,0,2022-12-15 13:00:00,1777.615,news_close,False,0.35549999999999726,1.2950819672130918
1,2022-12-19 08:20:00,2022-12-19 08:25:00,1798.025,1793.5,1806.565,0.07,0.07,0.3167500000000064,0.0,0.011200000000000002,0.008399999999993635,0.0,0,2022-12-19 12:30:00,1793.4,sl,False,-0.32375000000000004,-1.0220994475137917
1,2022-12-27 08:25:00,2022-12-27 08:30:00,1807.9750000000001,1803.97,1815.3850000000002,0.08,0.08,0.32040000000000873,0.0,0.0128,0.009599999999992725,0.0,0,2022-12-27 14:10:00,1803.8700000000001,sl,False,-0.32840000000000147,-1.0249687890137096
1,2022-12-30 07:00:00,2022-12-30 07:05:00,1822.2350000000001,1817.3415,1831.5420000000001,0.06,0.06,0.29361000000000786,0.0,0.0096,0.007199999999994542,0.0,0,2022-12-30 07:40:00,1817.2415,sl,False,-0.2996100000000024,-1.020435271278207
1,2023-01-03 07:20:00,2023-01-03 07:25:00,1846.078,1835.376,1866.9419999999998,0.02,0.02,0.21403999999999998,0.0,0.0032,0.0023999999999981814,0.0,0,2023-01-03 08:50:00,1835.276,sl,False,-0.21603999999999815,-1.0093440478415163
1,2023-01-04 07:05:00,2023-01-04 07:10:00,1849.337,1842.4679999999998,1862.535,0.04,0.04,0.27476000000000567,0.0,0.0064,0.0008,0.0,0,2023-01-04 08:15:00,1862.535,tp,False,0.5279200000000037,1.92138593681756
1,2023-01-09 07:15:00,2023-01-09 07:20:00,1880.7150000000001,1873.4299999999998,1894.7750000000005,0.04,0.04,0.29140000000001237,0.0,0.0064,0.004799999999996363,0.0,0,2023-01-09 09:00:00,1873.33,sl,False,-0.2954000000000087,-1.013726835964297
1,2023-01-10 09:25:00,2023-01-10 09:30:00,1876.308,1871.83,1884.724,0.07,0.07,0.3134600000000046,0.0,0.011200000000000002,0.008399999999993635,0.0,0,2023-01-10 12:35:00,1871.73,sl,False,-0.32045999999999825,-1.0223313979454907
1,2023-01-11 08:45:00,2023-01-11 08:50:00,1885.1950000000002,1878.1765,1898.7220000000002,0.04,0.04,0.28074000000000526,0.0,0.0064,0.004799999999996363,0.0,0,2023-01-11 12:15:00,1878.0765000000001,sl,False,-0.2847400000000016,-1.0142480587019886
1,2023-01-13 08:05:00,2023-01-13 08:10:00,1901.795,1896.53,1911.785,0.05,0.05,0.26325000000000504,0.0,0.008,0.0059999999999954525,0.0,0,2023-01-13 12:25:00,1896.43,sl,False,-0.2682500000000005,-1.018993352326668
-1,2023-01-17 09:50:00,2023-01-17 09:55:00,1906.165,1912.8665,1892.9119999999996,0.04,0.04,0.26806000000000496,0.0,0.0064,0.004799999999996363,0.0,0,2023-01-17 11:55:00,1912.9665,sl,False,-0.2720600000000013,-1.0149220323807964
1,2023-01-19 07:45:00,2023-01-19 07:50:00,1911.7350000000001,1905.9465,1922.7720000000002,0.05,0.05,0.28942500000000565,0.0,0.008,0.002,0.0,0,2023-01-19 13:00:00,1907.905,news_close,False,-0.19150000000000775,-0.6616567331778664
1,2023-01-20 08:05:00,2023-01-20 08:10:00,1937.4550000000002,1928.873,1954.0190000000002,0.03,0.03,0.2574600000000032,0.0,0.0048,0.003599999999997271,0.0,0,2023-01-20 08:45:00,1928.7730000000001,sl,False,-0.26046000000000047,-1.0116522955022031
1,2023-01-24 07:00:00,2023-01-24 07:05:00,1940.328,1935.3,1949.8439999999998,0.06,0.06,0.30168000000000117,0.0,0.0096,0.007199999999994542,0.0,0,2023-01-24 09:30:00,1935.2,sl,False,-0.30767999999999573,-1.0198886237072213
-1,2023-01-31 08:05:00,2023-01-31 08:10:00,1911.395,1919.5965,1895.1119999999996,0.03,0.03,0.2460450000000037,0.0,0.0048,0.003599999999997271,0.0,0,2023-01-31 13:55:00,1919.6965,sl,False,-0.24904500000000096,-1.0121928915442184
1,2023-02-02 07:10:00,2023-02-02 07:15:00,1959.645,1953.9175,1970.5299999999997,0.05,0.05,0.2863749999999982,0.0,0.008,0.0059999999999954525,0.0,0,2023-02-02 09:15:00,1953.8175,sl,False,-0.29137499999999367,-1.017459624618055
-1,2023-02-03 07:30:00,2023-02-03 07:35:00,1912.968,1916.081,1906.7690000000005,0.09,0.09,0.2801699999999846,0.0,0.0144,0.010799999999991814,0.0,0,2023-02-03 09:20:00,1916.1809999999998,sl,False,-0.2891699999999764,-1.0321233536780965
1,2023-02-08 07:25:00,2023-02-08 07:30:00,1879.7450000000001,1875.415,1887.8950000000002,0.06,0.06,0.25980000000000925,0.0,0.0096,0.007199999999994542,0.0,0,2023-02-08 13:20:00,1875.315,sl,False,-0.2658000000000038,-1.0230946882216874
1,2023-02-09 07:35:00,2023-02-09 07:40:00,1881.7150000000001,1876.6765,1891.4409999999998,0.05,0.05,0.25192500000000567,0.0,0.008,0.002,0.0,0,2023-02-09 13:00:00,1881.9850000000001,news_close,False,0.01349999999999909,0.05358737719558911
-1,2023-02-13 09:35:00,2023-02-13 09:40:00,1856.025,1861.6215,1844.8320000000003,0.05,0.05,0.27982499999999394,0.0,0.008,0.0059999999999954525,0.0,0,2023-02-13 11:25:00,1861.7214999999999,sl,False,-0.2848249999999894,-1.0178683105512216
-1,2023-02-15 07:30:00,2023-02-15 07:35:00,1839.015,1850.9965,1814.9919999999997,0.02,0.02,0.23962999999999737,0.0,0.0032,0.0008,0.0,0,2023-02-15 13:00:00,1835.805,news_close,False,0.06420000000000073,0.2679130325919185
1,2023-02-16 08:05:00,2023-02-16 08:10:00,1842.9650000000001,1838.365,1851.6550000000002,0.06,0.06,0.2760000000000082,0.0,0.0096,0.007199999999994542,0.0,0,2023-02-16 08:40:00,1838.265,sl,False,-0.2820000000000027,-1.021739130434762
-1,2023-02-17 07:00:00,2023-02-17 07:05:00,1822.585,1828.6750000000002,1810.3749999999998,0.04,0.04,0.24360000000000584,0.0,0.0064,0.004799999999996363,0.0,0,2023-02-17 12:40:00,1828.775,sl,False,-0.24760000000000218,-1.0164203612479321
1,2023-02-20 07:25:00,2023-02-20 07:30:00,1845.785,1841.3215,1854.112,0.06,0.06,0.26781000000000404,0.0,0.0096,0.007199999999994542,0.0,0,2023-02-20 08:45:00,1841.2215,sl,False,-0.27380999999999855,-1.0224039430939638
-1,2023-02-21 07:15:00,2023-02-21 07:20:00,1836.215,1840.37,1827.995,0.06,0.06,0.24929999999999836,0.0,0.0096,0.0024,0.0,0,2023-02-21 14:15:00,1839.055,news_close,False,-0.1704000000000087,-0.6835138387485352
-1,2023-02-24 07:40:00,2023-02-24 07:45:00,1822.314,1825.315,1816.2220000000002,0.09,0.09,0.2700899999999979,0.0,0.0144,0.010799999999991814,0.0,0,2023-02-24 08:40:00,1825.415,sl,False,-0.2790899999999897,-1.0333222259246617
1,2023-03-01 09:00:00,2023-03-01 09:05:00,1837.295,1829.7515,1851.782,0.03,0.03,0.22630499999999984,0.0,0.0048,0.0012,0.0,0,2023-03-01 14:15:00,1837.505,news_close,False,0.006300000000001091,0.027838536488372312
1,2023-03-03 08:35:00,2023-03-03 08:40:00,1844.755,1841.0,1851.674,0.07,0.07,0.2628500000000077,0.0,0.011200000000000002,0.0028000000000000004,0.0,0,2023-03-03 14:15:00,1846.975,news_close,False,0.15539999999998602,0.5912117177096499
1,2023-03-06 07:35:00,2023-03-06 07:40:00,1857.075,1853.5214999999998,1863.5520000000004,0.07,0.07,0.24874500000001493,0.0,0.011200000000000002,0.008399999999993635,0.0,0,2023-03-06 08:30:00,1853.4215,sl,False,-0.25574500000000855,-1.0281412691712124
1,2023-03-10 08:00:00,2023-03-10 08:05:00,1836.698,1831.22,1847.114,0.05,0.05,0.2739000000000033,0.0,0.008,0.0059999999999954525,0.0,0,2023-03-10 10:00:00,1831.1200000000001,sl,False,-0.27889999999999876,-1.0182548375319291
1,2023-03-13 09:25:00,2023-03-13 09:30:00,1889.425,1880.4165,1906.8119999999997,0.03,0.03,0.27025499999999736,0.0,0.0048,0.0006,0.0,0,2023-03-13 13:40:00,1906.8119999999997,tp,False,0.5216099999999915,1.9300660487317407
1,2023-03-16 11:10:00,2023-03-16 11:15:00,1924.595,1915.87,1941.565,0.03,0.03,0.2617500000000041,0.0,0.0048,0.0012,0.0,0,2023-03-16 12:00:00,1926.815,news_close,False,0.06660000000000081,0.2544412607449848
1,2023-03-17 11:20:00,2023-03-17 11:25:00,1935.645,1926.2,1954.0549999999996,0.02,0.02,0.18889999999999874,0.0,0.0032,0.0004,0.0,0,2023-03-17 14:00:00,1954.0549999999996,tp,False,0.36819999999999253,1.9491794600317363
1,2023-03-20 07:05:00,2023-03-20 07:10:00,1997.255,1980.5900000000001,2030.1919999999998,0.01,0.01,0.16664999999999963,0.0,0.0016,0.0011999999999990907,0.0,0,2023-03-20 10:30:00,1980.4900000000002,sl,False,-0.16764999999999872,-1.0060006000600006
-1,2023-03-21 07:55:00,2023-03-21 08:00:00,1970.125,1978.3445000000002,1953.9259999999995,0.03,0.03,0.24658500000000458,0.0,0.0048,0.0012,0.0,0,2023-03-21 13:30:00,1965.0140000000001,news_close,False,0.15332999999999627,0.6218139789524644
-1,2023-03-22 07:20:00,2023-03-22 07:25:00,1937.475,1941.9850000000001,1928.545,0.06,0.06,0.2706000000000131,0.0,0.0096,0.007199999999994542,0.0,0,2023-03-22 08:05:00,1942.085,sl,False,-0.2766000000000076,-1.022172949002196
-1,2023-03-27 09:15:00,2023-03-27 09:20:00,1966.475,1972.5700000000002,1954.3419999999994,0.04,0.04,0.2438000000000102,0.0,0.0064,0.0008,0.0,0,2023-03-27 10:00:00,1954.3419999999994,tp,False,0.48532000000001974,1.9906480721903175
1,2023-04-05 07:10:00,2023-04-05 07:15:00,2026.545,2022.7315,2033.6919999999998,0.07,0.07,0.2669449999999984,0.0,0.011200000000000002,0.008399999999993635,0.0,0,2023-04-05 09:00:00,2022.6315000000002,sl,False,-0.273944999999992,-1.0262226301297783
1,2023-04-06 10:35:00,2023-04-06 10:40:00,2020.625,2014.145,2033.2040000000002,0.04,0.04,0.2592000000000007,0.0,0.0064,0.0016,0.0,0,2023-04-06 12:00:00,2018.395,news_close,False,-0.08920000000000072,-0.34413580246913766
1,2023-04-13 07:30:00,2023-04-13 07:35:00,2024.4550000000002,2019.1965,2034.4020000000003,0.05,0.05,0.262925000000007,0.0,0.008,0.002,0.0,0,2023-04-13 12:00:00,2028.505,news_close,False,0.20249999999999774,0.7701816107254629
-1,2023-04-19 08:05:00,2023-04-19 08:10:00,1985.304,1997.46,1961.112,0.02,0.02,0.24311999999999898,0.0,0.0032,0.0008,0.0,0,2023-04-19 14:00:00,1990.7150000000001,news_close,False,-0.10822000000000116,-0.44512997696611395
-1,2023-04-28 07:15:00,2023-04-28 07:20:00,1983.105,1987.33,1974.6850000000002,0.06,0.06,0.2534999999999945,0.0,0.0096,0.0024,0.0,0,2023-04-28 12:00:00,1983.365,news_close,False,-0.015599999999999455,-0.06153846153846072
-1,2023-05-12 09:30:00,2023-05-12 09:35:00,2004.594,2011.5149999999999,1990.8120000000004,0.04,0.04,0.27683999999999287,0.0,0.0064,0.004799999999996363,0.0,0,2023-05-12 12:40:00,2011.6149999999998,sl,False,-0.28083999999998926,-1.0144487790781553
1,2023-05-15 07:40:00,2023-05-15 07:45:00,2019.934,2013.865,2031.5319999999997,0.04,0.04,0.2427599999999984,0.0,0.0064,0.004799999999996363,0.0,0,2023-05-15 11:00:00,2013.765,sl,False,-0.24675999999999476,-1.016477179106922
-1,2023-05-17 08:15:00,2023-05-17 08:20:00,1986.385,1989.8195,1979.6059999999998,0.07,0.07,0.24041500000000499,0.0,0.011200000000000002,0.0014000000000000002,0.0,0,2023-05-17 13:50:00,1979.6059999999998,tp,False,0.4745300000000157,1.9737953122725531
-1,2023-05-18 07:00:00,2023-05-18 07:05:00,1977.084,1981.539,1968.2640000000001,0.06,0.06,0.26729999999999565,0.0,0.0096,0.0024,0.0,0,2023-05-18 12:00:00,1974.255,news_close,False,0.16973999999999706,0.6350168350168344
-1,2023-05-23 07:10:00,2023-05-23 07:15:00,1958.315,1965.5515,1943.6319999999996,0.03,0.03,0.21709499999999934,0.0,0.0048,0.0012,0.0,0,2023-05-23 13:15:00,1962.9750000000001,news_close,False,-0.13980000000000245,-0.6439577143646923
1,2023-05-24 11:35:00,2023-05-24 11:40:00,1981.895,1975.7515,1993.5519999999997,0.04,0.04,0.24573999999999616,0.0,0.0064,0.004799999999996363,0.0,0,2023-05-24 13:10:00,1975.6515000000002,sl,False,-0.24973999999999252,-1.0162773663221145
-1,2023-06-01 07:00:00,2023-06-01 07:05:00,1960.188,1963.905,1952.9340000000002,0.07,0.07,0.260189999999991,0.0,0.011200000000000002,0.008399999999993635,0.0,0,2023-06-01 10:35:00,1964.0049999999999,sl,False,-0.2671899999999846,-1.0269034167339017
-1,2023-06-05 07:40:00,2023-06-05 07:45:00,1939.674,1945.605,1928.0850000000003,0.04,0.04,0.23724000000000162,0.0,0.0064,0.004799999999996363,0.0,0,2023-06-05 09:40:00,1945.705,sl,False,-0.24123999999999796,-1.0168605631427934
-1,2023-06-06 07:25:00,2023-06-06 07:30:00,1957.144,1961.065,1949.4519999999998,0.06,0.06,0.23526000000000294,0.0,0.0096,0.007199999999994542,0.0,0,2023-06-06 08:50:00,1961.165,sl,False,-0.24125999999999748,-1.0255036980361918
-1,2023-06-07 07:00:00,2023-06-07 07:05:00,1956.625,1961.8365,1946.1420000000003,0.05,0.05,0.2605749999999944,0.0,0.008,0.0059999999999954525,0.0,0,2023-06-07 09:00:00,1961.9364999999998,sl,False,-0.26557499999998985,-1.019188333493219
-1,2023-06-15 07:00:00,2023-06-15 07:05:00,1930.375,1937.9099999999999,1915.2750000000003,0.03,0.03,0.22604999999999562,0.0,0.0048,0.0012,0.0,0,2023-06-15 12:00:00,1928.595,news_close,False,0.05339999999999918,0.23623092236231016
1,2023-06-16 08:45:00,2023-06-16 08:50:00,1963.505,1958.895,1972.134,0.05,0.05,0.23050000000000637,0.0,0.008,0.0059999999999954525,0.0,0,2023-06-16 13:25:00,1958.795,sl,False,-0.23550000000000182,-1.0216919739696109
-1,2023-06-22 08:30:00,2023-06-22 08:35:00,1926.465,1930.8545,1917.7459999999999,0.06,0.06,0.2633699999999999,0.0,0.0096,0.0024,0.0,0,2023-06-22 12:00:00,1927.335,news_close,False,-0.052200000000007095,-0.19820025059804502
-1,2023-06-28 08:05:00,2023-06-28 08:10:00,1909.075,1913.3045,1900.7749999999999,0.06,0.06,0.25376999999999494,0.0,0.0096,0.0024,0.0,0,2023-06-28 13:00:00,1907.045,news_close,False,0.12179999999999835,0.4799621704693257
-1,2023-06-30 08:20:00,2023-06-30 08:25:00,1902.635,1906.7150000000001,1894.5649999999996,0.06,0.06,0.24480000000000926,0.0,0.0096,0.0024,0.0,0,2023-06-30 12:00:00,1905.405,news_close,False,-0.1661999999999989,-0.6789215686274208
1,2023-07-04 07:35:00,2023-07-04 07:40:00,1927.815,1923.6799999999998,1935.5750000000003,0.06,0.06,0.2481000000000131,0.0,0.0096,0.007199999999994542,-0.03234,1,2023-07-05 02:00:00,1923.58,sl,False,-0.28644000000000763,-1.1545344619104898
1,2023-07-05 07:55:00,2023-07-05 08:00:00,1927.4650000000001,1923.895,1934.134,0.07,0.07,0.24990000000001147,0.0,0.011200000000000002,0.0014000000000000002,0.0,0,2023-07-05 13:20:00,1934.134,tp,False,0.46682999999999086,1.868067226890634
-1,2023-07-14 07:20:00,2023-07-14 07:25:00,1955.335,1959.58,1946.9050000000002,0.06,0.06,0.25469999999999343,0.0,0.0096,0.007199999999994542,0.0,0,2023-07-14 11:25:00,1959.6799999999998,sl,False,-0.260699999999988,-1.0235571260306036
1,2023-07-18 07:10:00,2023-07-18 07:15:00,1962.425,1958.2065,1970.592,0.06,0.06,0.25310999999999695,0.0,0.0096,0.0012,0.0,0,2023-07-18 11:15:00,1970.592,tp,False,0.4900200000000086,1.9359962071827053
1,2023-07-19 07:15:00,2023-07-19 07:20:00,1980.015,1976.33,1986.7550000000003,0.07,0.07,0.2579500000000121,0.0,0.011200000000000002,0.008399999999993635,0.0,0,2023-07-19 10:10:00,1976.23,sl,False,-0.26495000000000574,-1.027137042062389
-1,2023-07-21 07:30:00,2023-07-21 07:35:00,1967.598,1970.85,1961.265,0.08,0.08,0.2601599999999962,0.0,0.0128,0.0016,0.0,0,2023-07-21 08:55:00,1961.265,tp,False,0.5066399999999885,1.9474169741697258
1,2023-07-26 08:10:00,2023-07-26 08:15:00,1971.295,1966.3815,1980.5220000000002,0.05,0.05,0.24567500000000564,0.0,0.008,0.002,0.0,0,2023-07-26 13:30:00,1967.775,news_close,False,-0.1759999999999991,-0.7163936094433502
1,2023-07-31 11:10:00,2023-07-31 11:15:00,1959.4940000000001,1955.91,1966.155,0.07,0.07,0.2508800000000042,0.0,0.011200000000000002,0.0014000000000000002,0.0,0,2023-07-31 12:50:00,1966.155,tp,False,0.4662699999999882,1.8585379464284932
-1,2023-08-03 07:00:00,2023-08-03 07:05:00,1932.315,1935.76,1925.4850000000001,0.07,0.07,0.24114999999999556,0.0,0.011200000000000002,0.008399999999993635,0.0,0,2023-08-03 07:30:00,1935.86,sl,False,-0.2481499999999892,-1.0290275761973617
-1,2023-08-04 10:20:00,2023-08-04 10:25:00,1931.915,1934.98,1925.725,0.08,0.08,0.24520000000000436,0.0,0.0128,0.0032,0.0,0,2023-08-04 12:00:00,1932.385,news_close,False,-0.03760000000000218,-0.15334420880914157
-1,2023-08-09 11:10:00,2023-08-09 11:15:00,1923.855,1928.1950000000002,1915.2649999999996,0.06,0.06,0.26040000000000874,0.0,0.0096,0.0024,0.0,0,2023-08-09 14:00:00,1922.895,news_close,False,0.05760000000000218,0.22119815668202858
1,2023-08-16 09:05:00,2023-08-16 09:10:00,1906.855,1903.4099999999999,1913.1450000000002,0.07,0.07,0.2411500000000115,0.0,0.011200000000000002,0.008399999999993635,0.0,0,2023-08-16 11:55:00,1903.31,sl,False,-0.24815000000000512,-1.0290275761973597
1,2023-08-22 07:25:00,2023-08-22 07:30:00,1900.645,1896.885,1907.5649999999998,0.07,0.07,0.2631999999999994,0.0,0.011200000000000002,0.008399999999993635,0.0,0,2023-08-22 12:40:00,1896.785,sl,False,-0.270199999999993,-1.026595744680827
-1,2023-09-04 11:30:00,2023-09-04 11:35:00,1939.945,1943.0715,1933.7219999999998,0.08,0.08,0.2501200000000063,0.0,0.0128,0.0016,0.0,1,2023-09-05 08:25:00,1933.7219999999998,tp,False,0.4978400000000147,1.99040460578923
1,2023-09-11 07:05:00,2023-09-11 07:10:00,1929.315,1923.435,1940.4750000000001,0.04,0.04,0.23520000000000438,0.0,0.0064,0.004799999999996363,0.0,0,2023-09-11 14:30:00,1923.335,sl,False,-0.23920000000000075,-1.0170068027210726
-1,2023-09-14 07:05:00,2023-09-14 07:10:00,1906.2450000000001,1909.8415,1899.1420000000003,0.07,0.07,0.2517549999999915,0.0,0.011200000000000002,0.0028000000000000004,0.0,0,2023-09-14 12:00:00,1907.598,news_close,False,-0.09470999999998868,-0.37619908244123007
-1,2023-09-21 08:50:00,2023-09-21 08:55:00,1923.315,1927.255,1915.465,0.06,0.06,0.23640000000000327,0.0,0.0096,0.0024,0.0,0,2023-09-21 12:00:00,1920.835,news_close,False,0.1488000000000011,0.6294416243654781
-1,2023-09-27 08:20:00,2023-09-27 08:25:00,1895.295,1899.68,1886.525,0.06,0.06,0.26309999999999945,0.0,0.0096,0.0024,0.0,0,2023-09-27 12:00:00,1892.948,news_close,False,0.1408199999999988,0.5352337514253102
-1,2023-10-02 09:00:00,2023-10-02 09:05:00,1838.115,1843.99,1826.485,0.04,0.04,0.23500000000000001,0.0,0.0064,0.0016,0.0,0,2023-10-02 13:15:00,1837.375,news_close,False,0.029600000000000366,0.12595744680851217
-1,2023-10-05 07:10:00,2023-10-05 07:15:00,1821.525,1825.365,1813.9050000000002,0.07,0.07,0.2687999999999943,0.0,0.011200000000000002,0.0028000000000000004,0.0,0,2023-10-05 12:00:00,1823.105,news_close,False,-0.11059999999999491,-0.4114583333333231
1,2023-10-12 11:35:00,2023-10-12 11:40:00,1883.1480000000001,1878.46,1891.8940000000002,0.05,0.05,0.2344000000000051,0.0,0.008,0.002,0.0,0,2023-10-12 12:00:00,1883.465,news_close,False,0.015849999999988994,0.06761945392486625
1,2023-10-13 07:10:00,2023-10-13 07:15:00,1878.615,1873.99,1887.3849999999998,0.05,0.05,0.23125,0.0,0.008,0.001,0.0,0,2023-10-13 09:35:00,1887.3849999999998,tp,False,0.43849999999998773,1.896216216216163
1,2023-10-17 07:15:00,2023-10-17 07:20:00,1920.155,1916.125,1927.7049999999997,0.06,0.06,0.24179999999999835,0.0,0.0096,0.0024,0.0,0,2023-10-17 12:00:00,1923.855,news_close,False,0.22200000000000272,0.9181141439206131
1,2023-10-18 09:30:00,2023-10-18 09:35:00,1944.4550000000002,1933.1615000000002,1966.502,0.02,0.02,0.2258699999999999,0.0,0.0032,0.0008,0.0,0,2023-10-18 14:00:00,1956.9950000000001,news_close,False,0.2507999999999993,1.1103732235356596
1,2023-10-19 08:05:00,2023-10-19 08:10:00,1953.7150000000001,1949.17,1961.9349999999997,0.06,0.06,0.27270000000000433,0.0,0.0096,0.007199999999994542,0.0,0,2023-10-19 08:35:00,1949.0700000000002,sl,False,-0.2786999999999989,-1.0220022002200018
1,2023-10-20 07:35:00,2023-10-20 07:40:00,1982.065,1976.8665,1991.9519999999998,0.05,0.05,0.25992499999999835,0.0,0.008,0.0059999999999954525,0.0,0,2023-10-20 11:45:00,1976.7665000000002,sl,False,-0.2649249999999938,-1.0192363181686852
-1,2023-10-24 08:40:00,2023-10-24 08:45:00,1971.675,1976.55,1961.985,0.05,0.05,0.24375000000000002,0.0,0.008,0.001,0.0,0,2023-10-24 10:45:00,1961.985,tp,False,0.48450000000000276,1.9876923076923187
-1,2023-10-25 07:25:00,2023-10-25 07:30:00,1968.548,1973.7849999999999,1958.1340000000002,0.05,0.05,0.26184999999999264,0.0,0.008,0.0059999999999954525,0.0,0,2023-10-25 08:35:00,1973.8849999999998,sl,False,-0.2668499999999881,-1.0190949016612396
1,2023-10-26 07:45:00,2023-10-26 07:50:00,1990.055,1985.905,1997.815,0.06,0.06,0.24900000000000544,0.0,0.0096,0.007199999999994542,0.0,0,2023-10-26 11:35:00,1985.805,sl,False,-0.255,-1.0240963855421463
1,2023-10-31 08:15:00,2023-10-31 08:20:00,1997.765,1993.84,2005.174,0.06,0.06,0.2355000000000109,0.0,0.0096,0.0024,0.0,0,2023-10-31 13:15:00,1997.358,news_close,False,-0.024420000000009167,-0.1036942675159577
-1,2023-11-07 07:00:00,2023-11-07 07:05:00,1970.365,1973.9215,1963.372,0.07,0.07,0.24895499999999404,0.0,0.011200000000000002,0.0014000000000000002,0.0,0,2023-11-07 11:35:00,1963.372,tp,False,0.4895099999999957,1.9662589624631257
-1,2023-11-08 10:00:00,2023-11-08 10:05:00,1964.075,1967.92,1956.445,0.07,0.07,0.26915000000000194,0.0,0.011200000000000002,0.0028000000000000004,0.0,0,2023-11-08 13:45:00,1964.4950000000001,news_close,False,-0.029400000000005096,-0.10923276983096743
-1,2023-11-09 08:10:00,2023-11-09 08:15:00,1946.445,1951.12,1937.3050000000005,0.05,0.05,0.23374999999999774,0.0,0.008,0.002,0.0,0,2023-11-09 13:00:00,1945.9350000000002,news_close,False,0.025499999999988178,0.10909090909085957
1,2023-11-15 07:35:00,2023-11-15 07:40:00,1970.758,1965.98,1979.774,0.05,0.05,0.238900000000001,0.0,0.008,0.002,0.0,0,2023-11-15 13:00:00,1971.465,news_close,False,0.035349999999994,0.14796986186686417
1,2023-11-17 07:55:00,2023-11-17 08:00:00,1987.765,1984.2965,1994.1020000000003,0.08,0.08,0.2774800000000141,0.0,0.0128,0.009599999999992725,0.0,0,2023-11-17 13:45:00,1984.1965,sl,False,-0.28548000000000684,-1.0288309067319892
-1,2023-11-20 11:40:00,2023-11-20 11:45:00,1972.875,1979.1750000000002,1960.3349999999996,0.04,0.04,0.2520000000000073,0.0,0.0064,0.004799999999996363,0.0,0,2023-11-20 23:10:00,1979.275,sl,False,-0.25600000000000367,-1.0158730158730012
1,2023-11-22 07:05:00,2023-11-22 07:10:00,2001.635,1998.2815,2007.8019999999997,0.08,0.08,0.2682799999999952,0.0,0.0128,0.0032,0.0,0,2023-11-22 13:00:00,2001.7450000000001,news_close,False,0.008800000000010187,0.03280155061879508
-1,2023-12-05 09:10:00,2023-12-05 09:15:00,2028.705,2035.7545,2014.6059999999998,0.03,0.03,0.2114850000000024,0.0,0.0048,0.0012,0.0,0,2023-12-05 14:15:00,2025.808,news_close,False,0.08690999999999803,0.41095113128589283
-1,2023-12-11 07:55:00,2023-12-11 08:00:00,1992.705,2001.2350000000001,1975.7049999999995,0.03,0.03,0.255900000000006,0.0,0.0048,0.0012,0.0,0,2023-12-11 17:30:00,1978.905,news_close,False,0.41399999999999865,1.617819460726803
1,2023-12-14 08:25:00,2023-12-14 08:30:00,2040.2050000000002,2034.5515,2051.062,0.04,0.04,0.2261400000000049,0.0,0.0064,0.004799999999996363,0.0,0,2023-12-14 10:00:00,2034.4515000000001,sl,False,-0.23014000000000123,-1.0176881577783508
1,2023-12-15 07:25:00,2023-12-15 07:30:00,2037.6850000000002,2034.3,2043.8549999999998,0.08,0.08,0.27080000000001747,0.0,0.0128,0.0016,0.0,0,2023-12-15 09:05:00,2043.8549999999998,tp,False,0.49359999999996945,1.8227474150662393
1,2023-12-20 07:20:00,2023-12-20 07:25:00,2042.895,2039.4450000000002,2049.1649999999995,0.08,0.08,0.2759999999999855,0.0,0.0128,0.009599999999992725,0.0,0,2023-12-20 10:05:00,2039.3450000000003,sl,False,-0.28399999999997816,-1.0289855072463518
1,2023-12-22 10:05:00,2023-12-22 10:10:00,2054.2149999999997,2050.25,2061.5449999999996,0.07,0.07,0.27754999999997837,0.0,0.011200000000000002,0.0014000000000000002,0.0,0,2023-12-22 11:25:00,2061.5449999999996,tp,False,0.513099999999995,1.8486759142498108
-1,2024-01-05 09:50:00,2024-01-05 09:55:00,2039.078,2044.48,2028.6849999999997,0.05,0.05,0.27010000000000217,0.0,0.008,0.002,0.0,0,2024-01-05 13:00:00,2040.315,news_close,False,-0.061850000000004006,-0.22898926323585156
1,2024-01-15 08:45:00,2024-01-15 08:50:00,2058.4649999999997,2051.83,2070.6849999999995,0.04,0.04,0.26539999999999053,0.0,0.0064,0.004799999999996363,0.0,0,2024-01-15 11:15:00,2051.73,sl,False,-0.2693999999999869,-1.0150715900527376
-1,2024-01-16 08:30:00,2024-01-16 08:35:00,2045.445,2050.86,2034.6449999999995,0.05,0.05,0.27075000000000954,0.0,0.008,0.001,0.0,0,2024-01-16 13:10:00,2034.6449999999995,tp,False,0.5400000000000205,1.9944598337950192
1,2024-01-24 07:40:00,2024-01-24 07:45:00,2031.295,2025.99,2041.395,0.05,0.05,0.2652500000000032,0.0,0.008,0.0059999999999954525,0.0,0,2024-01-24 14:45:00,2025.89,sl,False,-0.27024999999999866,-1.018850141376043
1,2024-01-29 07:00:00,2024-01-29 07:05:00,2029.885,2024.065,2040.9549999999997,0.04,0.04,0.23279999999999745,0.0,0.0064,0.004799999999996363,0.0,0,2024-01-29 14:40:00,2023.9650000000001,sl,False,-0.23679999999999382,-1.017182130584177
1,2024-01-30 07:30:00,2024-01-30 07:35:00,2037.565,2032.8249999999998,2046.3850000000004,0.05,0.05,0.23700000000001184,0.0,0.008,0.0059999999999954525,0.0,0,2024-01-30 11:25:00,2032.725,sl,False,-0.2420000000000073,-1.0210970464134819
1,2024-01-31 08:20:00,2024-01-31 08:25:00,2038.9850000000001,2035.6315,2045.3709999999999,0.08,0.08,0.2682800000000134,0.0,0.0128,0.0032,0.0,0,2024-01-31 12:45:00,2038.358,news_close,False,-0.05016000000001441,-0.18696883852695656
-1,2024-02-01 10:05:00,2024-02-01 10:10:00,2038.905,2044.26,2028.3749999999998,0.05,0.05,0.26775000000000093,0.0,0.008,0.002,0.0,0,2024-02-01 13:00:00,2034.315,news_close,False,0.22949999999999593,0.857142857142839
-1,2024-02-05 08:00:00,2024-02-05 08:05:00,2026.238,2033.2399999999998,2012.4050000000007,0.03,0.03,0.21005999999999175,0.0,0.0048,0.0012,0.0,0,2024-02-05 14:15:00,2016.405,news_close,False,0.2949900000000025,1.4043130534133774
-1,2024-02-06 11:00:00,2024-02-06 11:05:00,2023.195,2026.5549999999998,2016.4150000000002,0.08,0.08,0.268799999999992,0.0,0.0128,0.009599999999992725,0.0,0,2024-02-06 11:30:00,2026.6549999999997,sl,False,-0.2767999999999847,-1.0297619047618787
1,2024-02-20 07:15:00,2024-02-20 07:20:00,2021.105,2017.87,2027.035,0.08,0.08,0.2588000000000102,0.0,0.0128,0.0016,0.0,0,2024-02-20 10:45:00,2027.035,tp,False,0.4744000000000051,1.8330757341575983
-1,2024-02-23 09:15:00,2024-02-23 09:20:00,2017.884,2022.66,2008.4039999999995,0.05,0.05,0.23880000000000337,0.0,0.008,0.0059999999999954525,0.0,0,2024-02-23 10:50:00,2022.76,sl,False,-0.24379999999999882,-1.020938023450567
1,2024-03-05 08:25:00,2024-03-05 08:30:00,2120.9449999999997,2115.01,2132.245,0.04,0.04,0.23739999999997963,0.0,0.0064,0.0008,0.0,0,2024-03-05 13:30:00,2132.245,tp,False,0.4520000000000073,1.9039595619210028
1,2024-03-08 08:10:00,2024-03-08 08:15:00,2163.785,2158.685,2173.2949999999996,0.05,0.05,0.25499999999999545,0.0,0.008,0.002,0.0,0,2024-03-08 13:00:00,2165.885,news_close,False,0.10500000000001819,0.41176470588243164
1,2024-03-15 09:50:00,2024-03-15 09:55:00,2170.345,2165.23,2180.035,0.05,0.05,0.2557499999999891,0.0,0.008,0.0059999999999954525,0.0,0,2024-03-15 12:00:00,2165.13,sl,False,-0.26074999999998455,-1.0195503421309704
-1,2024-03-19 08:05:00,2024-03-19 08:10:00,2153.505,2158.335,2143.8749999999995,0.05,0.05,0.24149999999999638,0.0,0.008,0.0059999999999954525,0.0,0,2024-03-19 12:40:00,2158.435,sl,False,-0.24649999999999184,-1.0207039337473935
1,2024-03-27 08:15:00,2024-03-27 08:20:00,2182.1549999999997,2177.4449999999997,2191.0350000000003,0.05,0.05,0.23550000000000182,0.0,0.008,0.0059999999999954525,0.0,0,2024-03-27 08:40:00,2177.345,sl,False,-0.24049999999999727,-1.0212314225052883
1,2024-03-28 10:20:00,2024-03-28 10:25:00,2206.375,2193.885,2230.815,0.02,0.02,0.24979999999999564,0.0,0.0032,0.0008,0.0,0,2024-03-28 12:00:00,2210.275,news_close,False,0.07800000000000182,0.31224979983988466
1,2024-04-02 08:05:00,2024-04-02 08:10:00,2262.2749999999996,2253.1915,2279.9019999999996,0.03,0.03,0.2725049999999919,0.0,0.0048,0.0012,0.0,0,2024-04-02 13:30:00,2258.355,news_close,False,-0.11759999999998853,-0.43155171464740844
1,2024-04-09 07:10:00,2024-04-09 07:15:00,2355.285,2343.035,2379.0739999999996,0.02,0.02,0.245,0.0,0.0032,0.0023999999999981814,0.0,0,2024-04-09 15:50:00,2342.935,sl,False,-0.2469999999999982,-1.008163265306115
-1,2024-04-11 08:10:00,2024-04-11 08:15:00,2332.245,2339.98,2316.5650000000005,0.03,0.03,0.2320500000000038,0.0,0.0048,0.0012,0.0,0,2024-04-11 12:00:00,2337.315,news_close,False,-0.1521000000000049,-0.6554621848739599
1,2024-04-12 07:05:00,2024-04-12 07:10:00,2397.615,2384.875,2422.555,0.02,0.02,0.25479999999999564,0.0,0.0032,0.0004,0.0,0,2024-04-12 14:50:00,2422.555,tp,False,0.4988000000000011,1.9576138147567097
1,2024-04-17 08:20:00,2024-04-17 08:25:00,2386.5249999999996,2379.34,2400.354999999999,0.03,0.03,0.21554999999998473,0.0,0.0048,0.003599999999997271,0.0,0,2024-04-17 12:40:00,2379.2400000000002,sl,False,-0.21854999999998198,-1.013917884481547
-1,2024-04-22 11:05:00,2024-04-22 11:10:00,2351.055,2368.8599999999997,2315.7150000000006,0.01,0.01,0.17804999999999838,0.0,0.0016,0.0002,0.0,1,2024-04-23 01:35:00,2315.7150000000006,tp,False,0.3533999999999924,1.984835720303261
-1,2024-04-23 09:15:00,2024-04-23 09:20:00,2295.015,2314.8565,2255.4820000000004,0.01,0.01,0.19841499999999998,0.0,0.0016,0.0011999999999990907,0.0,0,2024-04-23 13:15:00,2314.9565,sl,False,-0.19941499999999907,-1.0050399415366735
-1,2024-04-24 09:15:00,2024-04-24 09:20:00,2314.945,2323.4700000000003,2298.044999999999,0.03,0.03,0.2557500000000027,0.0,0.0048,0.0012,0.0,0,2024-04-24 12:00:00,2316.1949999999997,news_close,False,-0.03749999999998636,-0.1466275659823498
-1,2024-04-30 07:25:00,2024-04-30 07:30:00,2316.885,2327.3599999999997,2295.9650000000006,0.02,0.02,0.20949999999998908,0.0,0.0032,0.0008,0.0,0,2024-04-30 13:15:00,2306.145,news_close,False,0.21480000000000474,1.0252983293556845
-1,2024-05-02 07:05:00,2024-05-02 07:10:00,2310.895,2319.3514999999998,2294.0420000000004,0.03,0.03,0.25369499999999334,0.0,0.0048,0.0012,0.0,0,2024-05-02 12:00:00,2299.004,news_close,False,0.35673000000000227,1.4061372908414105
-1,2024-05-03 07:00:00,2024-05-03 07:05:00,2297.655,2303.42,2286.3050000000003,0.04,0.04,0.23059999999999492,0.0,0.0064,0.0016,0.0,0,2024-05-03 12:00:00,2298.375,news_close,False,-0.028799999999992,-0.12489158716388826
-1,2024-05-08 07:55:00,2024-05-08 08:00:00,2305.485,2314.1099999999997,2288.295000000001,0.03,0.03,0.2587499999999863,0.0,0.0048,0.003599999999997271,0.0,0,2024-05-08 10:15:00,2314.2099999999996,sl,False,-0.2617499999999836,-1.0115942028985407
-1,2024-05-09 09:45:00,2024-05-09 09:50:00,2307.435,2313.688,2294.9889999999996,0.04,0.04,0.2501200000000063,0.0,0.0064,0.004799999999996363,0.0,0,2024-05-09 11:25:00,2313.788,sl,False,-0.2541200000000026,-1.0159923236846164
1,2024-05-10 07:00:00,2024-05-10 07:05:00,2369.4779999999996,2357.465,2392.984999999999,0.02,0.02,0.24025999999998932,0.0,0.0032,0.0023999999999981814,0.0,0,2024-05-10 15:00:00,2357.3650000000002,sl,False,-0.24225999999998749,-1.0083243153250572
-1,2024-05-13 07:40:00,2024-05-13 07:45:00,2346.735,2355.81,2328.7349999999997,0.03,0.03,0.27224999999999455,0.0,0.0048,0.0012,0.0,1,2024-05-14 12:00:00,2343.595,news_close,False,0.09420000000000982,0.3460055096419163
1,2024-05-15 07:05:00,2024-05-15 07:10:00,2361.605,2357.8345,2368.5460000000007,0.07,0.07,0.26393500000000586,0.0,0.011200000000000002,0.0014000000000000002,0.0,0,2024-05-15 08:25:00,2368.5460000000007,tp,False,0.48587000000005,1.8408699111525155
1,2024-05-17 07:10:00,2024-05-17 07:15:00,2386.7949999999996,2380.1715,2399.6220000000008,0.04,0.04,0.2649399999999878,0.0,0.0064,0.0008,0.0,0,2024-05-17 13:10:00,2399.6220000000008,tp,False,0.5130800000000454,1.9365894164719144
-1,2024-05-22 08:25:00,2024-05-22 08:30:00,2410.544,2418.779,2393.9840000000004,0.03,0.03,0.24705000000000382,0.0,0.0048,0.003599999999997271,0.0,0,2024-05-22 10:00:00,2418.879,sl,False,-0.2500500000000011,-1.0121432908318042
1,2024-05-30 10:55:00,2024-05-30 11:00:00,2340.725,2331.108,2359.419,0.02,0.02,0.19233999999999468,0.0,0.0032,0.0008,0.0,0,2024-05-30 12:00:00,2335.725,news_close,False,-0.1,-0.5199126546740291
-1,2024-06-18 07:00:00,2024-06-18 07:05:00,2318.355,2322.0950000000003,2310.8749999999995,0.07,0.07,0.2618000000000166,0.0,0.011200000000000002,0.0014000000000000002,0.0,0,2024-06-18 08:55:00,2310.8749999999995,tp,False,0.5236000000000332,2.0
-1,2024-06-26 10:20:00,2024-06-26 10:25:00,2308.665,2316.673,2292.739000000001,0.03,0.03,0.24023999999999432,0.0,0.0048,0.003599999999997271,0.0,0,2024-06-26 12:20:00,2316.7729999999997,sl,False,-0.24323999999999157,-1.0124875124875015
1,2024-06-28 07:45:00,2024-06-28 07:50:00,2328.615,2323.545,2338.1549999999997,0.05,0.05,0.25349999999998546,0.0,0.008,0.002,0.0,0,2024-06-28 12:00:00,2333.778,news_close,False,0.25815000000000055,1.0183431952663327
-1,2024-07-02 07:20:00,2024-07-02 07:25:00,2324.375,2329.4965,2314.261,0.05,0.05,0.2560750000000098,0.0,0.008,0.0059999999999954525,0.0,0,2024-07-02 07:55:00,2329.5965,sl,False,-0.2610750000000053,-1.0195255296299728
1,2024-07-03 07:10:00,2024-07-03 07:15:00,2342.7949999999996,2333.8815,2360.0819999999994,0.03,0.03,0.26740499999998973,0.0,0.0048,0.0012,0.0,0,2024-07-03 11:45:00,2344.658,news_close,False,0.05589000000000851,0.20900880686602963
1,2024-07-05 07:40:00,2024-07-05 07:45:00,2366.955,2361.053,2378.2190000000005,0.04,0.04,0.23608000000000176,0.0,0.0064,0.0016,0.0,0,2024-07-05 12:00:00,2365.705,news_close,False,-0.05,-0.21179261267366836
-1,2024-07-09 07:20:00,2024-07-09 07:25:00,2360.195,2364.518,2351.909,0.06,0.06,0.2593799999999919,0.0,0.0096,0.007199999999994542,0.0,0,2024-07-09 09:15:00,2364.618,sl,False,-0.26537999999998646,-1.0231320842007663
1,2024-07-10 07:00:00,2024-07-10 07:05:00,2372.845,2367.9265,2382.3009999999995,0.05,0.05,0.24592499999998838,0.0,0.008,0.002,0.0,0,2024-07-10 13:30:00,2380.355,news_close,False,0.37550000000001094,1.52688827894695
1,2024-07-11 08:10:00,2024-07-11 08:15:00,2383.325,2377.25,2395.055,0.04,0.04,0.24299999999999272,0.0,0.0064,0.0016,0.0,0,2024-07-11 12:00:00,2380.675,news_close,False,-0.10599999999998545,-0.43621399176950054
1,2024-07-16 07:10:00,2024-07-16 07:15:00,2434.305,2426.7664999999997,2448.872000000001,0.03,0.03,0.22615500000000338,0.0,0.0048,0.0012,0.0,0,2024-07-16 12:00:00,2439.405,news_close,False,0.1530000000000109,0.6765271605757495
-1,2024-07-19 10:05:00,2024-07-19 10:10:00,2411.945,2427.7165,2380.702,0.01,0.01,0.15771499999999833,0.0,0.0016,0.0004,0.0,3,2024-07-23 13:30:00,2404.565,news_close,False,0.07380000000000109,0.46793266334845685
1,2024-07-30 07:05:00,2024-07-30 07:10:00,2391.475,2383.6215,2406.0119999999997,0.03,0.03,0.23560499999999138,0.0,0.0048,0.0012,0.0,0,2024-07-30 13:30:00,2394.358,news_close,False,0.08649000000000796,0.3670974724645535
-1,2024-08-05 10:55:00,2024-08-05 11:00:00,2408.418,2436.2815,2352.6910000000003,0.01,0.01,0.2786349999999993,0.0,0.0016,0.0004,0.0,0,2024-08-05 13:15:00,2391.185,news_close,False,0.17233000000000176,0.6184793726559915
1,2024-08-09 10:40:00,2024-08-09 10:45:00,2430.145,2422.83,2444.145,0.03,0.03,0.21945000000000162,0.0,0.0048,0.003599999999997271,0.0,0,2024-08-09 13:40:00,2422.73,sl,False,-0.2224499999999989,-1.013670539986317
1,2024-08-12 07:10:00,2024-08-12 07:15:00,2437.788,2430.375,2452.044,0.03,0.03,0.2223900000000003,0.0,0.0048,0.0006,0.0,0,2024-08-12 13:35:00,2452.044,tp,False,0.42767999999999573,1.9231080534196463
-1,2024-08-27 07:55:00,2024-08-27 08:00:00,2504.838,2511.5315,2491.5110000000004,0.04,0.04,0.2677399999999943,0.0,0.0064,0.004799999999996363,0.0,0,2024-08-27 08:15:00,2511.6315,sl,False,-0.2717399999999907,-1.0149398670351701
1,2024-08-30 08:20:00,2024-08-30 08:25:00,2525.305,2517.9415,2539.3120000000004,0.03,0.03,0.2209049999999979,0.0,0.0048,0.003599999999997271,0.0,0,2024-08-30 10:30:00,2517.8415,sl,False,-0.2239049999999952,-1.0135804984042793
1,2024-09-03 07:15:00,2024-09-03 07:20:00,2499.895,2494.126,2510.893,0.05,0.05,0.28844999999998894,0.0,0.008,0.0059999999999954525,0.0,0,2024-09-03 10:35:00,2494.0260000000003,sl,False,-0.2934499999999844,-1.017334026694386
-1,2024-09-04 07:55:00,2024-09-04 08:00:00,2482.025,2490.1949999999997,2465.745000000001,0.03,0.03,0.24509999999998852,0.0,0.0048,0.003599999999997271,0.0,0,2024-09-04 11:10:00,2490.2949999999996,sl,False,-0.2480999999999858,-1.0122399020807729
1,2024-09-05 08:05:00,2024-09-05 08:10:00,2507.1949999999997,2500.24,2520.565,0.04,0.04,0.2781999999999971,0.0,0.0064,0.0016,0.0,0,2024-09-05 11:45:00,2514.605,news_close,False,0.2964000000000124,1.0654205607477192
1,2024-09-13 07:45:00,2024-09-13 07:50:00,2570.335,2563.38,2583.885,0.04,0.04,0.2781999999999971,0.0,0.0064,0.0008,0.0,0,2024-09-13 16:05:00,2583.885,tp,False,0.5420000000000073,1.948238677210686
1,2024-09-20 07:05:00,2024-09-20 07:10:00,2607.924,2595.816,2631.600000000001,0.02,0.02,0.2421600000000035,0.0,0.0032,0.0004,-0.010780000000000001,2,2024-09-23 13:40:00,2631.600000000001,tp,False,0.4627400000000168,1.9108853650479438
1,2024-09-26 07:00:00,2024-09-26 07:05:00,2663.475,2659.3115,2671.862,0.07,0.07,0.29144500000000795,0.0,0.011200000000000002,0.0014000000000000002,0.0,0,2024-09-26 10:20:00,2671.862,tp,False,0.587090000000012,2.014410952323752
-1,2024-09-30 10:15:00,2024-09-30 10:20:00,2646.255,2656.5715,2625.7119999999995,0.02,0.02,0.20632999999999813,0.0,0.0032,0.0008,0.0,0,2024-09-30 13:15:00,2639.055,news_close,False,0.14400000000000546,0.6979111132651905
-1,2024-10-08 07:00:00,2024-10-08 07:05:00,2631.975,2640.88,2614.2249999999995,0.03,0.03,0.267150000000006,0.0,0.0048,0.003599999999997271,0.0,0,2024-10-08 09:45:00,2640.98,sl,False,-0.2701500000000033,-1.011229646266132
-1,2024-10-09 07:05:00,2024-10-09 07:10:00,2610.354,2617.3195,2596.542999999999,0.04,0.04,0.2786200000000099,0.0,0.0064,0.004799999999996363,0.0,0,2024-10-09 08:40:00,2617.4195,sl,False,-0.28262000000000626,-1.0143564711793704
1,2024-10-16 08:50:00,2024-10-16 08:55:00,2678.8039999999996,2668.0515,2699.5409999999993,0.02,0.02,0.215049999999992,0.0,0.0032,0.0023999999999981814,0.0,0,2024-10-16 15:05:00,2667.9515,sl,False,-0.2170499999999902,-1.0093001627528402
1,2024-10-17 10:25:00,2024-10-17 10:30:00,2686.9249999999997,2679.8,2700.605,0.04,0.04,0.2849999999999818,0.0,0.0064,0.0016,0.0,0,2024-10-17 12:00:00,2681.145,news_close,False,-0.23119999999998983,-0.8112280701754546
1,2024-10-21 08:35:00,2024-10-21 08:40:00,2732.9249999999997,2726.7915000000003,2744.7419999999997,0.04,0.04,0.24533999999997833,0.0,0.0064,0.004799999999996363,0.0,0,2024-10-21 14:40:00,2726.6915000000004,sl,False,-0.2493399999999747,-1.0163039047851827
1,2024-10-22 10:30:00,2024-10-22 10:35:00,2738.0449999999996,2728.7650000000003,2756.0949999999993,0.03,0.03,0.2783999999999787,0.0,0.0048,0.0006,-0.01617,1,2024-10-23 08:15:00,2756.0949999999993,tp,False,0.5253299999999917,1.8869612068966664
-1,2024-10-25 08:15:00,2024-10-25 08:20:00,2723.275,2729.4065,2711.072,0.04,0.04,0.2452599999999984,0.0,0.0064,0.0016,0.0,0,2024-10-25 12:00:00,2724.245,news_close,False,-0.038799999999992,-0.15819946179561387
-1,2024-11-04 08:00:00,2024-11-04 08:05:00,2735.095,2739.385,2726.574999999999,0.06,0.06,0.2574000000000251,0.0,0.0096,0.007199999999994542,0.0,0,2024-11-04 09:20:00,2739.485,sl,False,-0.2634000000000196,-1.0233100233099997
-1,2024-11-06 11:55:00,2024-11-06 12:00:00,2698.995,2725.425,2646.7649999999994,0.01,0.01,0.2643000000000029,0.0,0.0016,0.0004,0.0,0,2024-11-06 15:00:00,2659.9449999999997,news_close,False,0.39050000000000185,1.4774877033673761
-1,2024-11-08 07:00:00,2024-11-08 07:05:00,2684.885,2698.04,2658.7550000000006,0.02,0.02,0.2630999999999949,0.0,0.0032,0.0023999999999981814,0.0,0,2024-11-08 13:50:00,2698.14,sl,False,-0.2650999999999931,-1.0076016723679144
-1,2024-11-11 09:20:00,2024-11-11 09:25:00,2666.295,2676.2,2646.5450000000005,0.02,0.02,0.19809999999999492,0.0,0.0032,0.0004,0.0,0,2024-11-11 13:30:00,2646.5450000000005,tp,False,0.3949999999999909,1.9939424533064163
-1,2024-11-12 07:20:00,2024-11-12 07:25:00,2600.165,2615.1549999999997,2570.035,0.01,0.01,0.1498999999999978,0.0,0.0016,0.0011999999999990907,0.0,0,2024-11-12 13:25:00,2615.2549999999997,sl,False,-0.1508999999999969,-1.0066711140760447
-1,2024-11-14 07:10:00,2024-11-14 07:15:00,2550.775,2563.14,2526.1349999999998,0.02,0.02,0.24729999999999563,0.0,0.0032,0.0008,0.0,0,2024-11-14 13:00:00,2552.2549999999997,news_close,False,-0.02959999999999127,-0.11969268095427332
1,2024-11-19 09:00:00,2024-11-19 09:05:00,2627.285,2618.71,2643.8049999999994,0.03,0.03,0.25724999999999454,0.0,0.0048,0.003599999999997271,-0.01617,1,2024-11-20 08:00:00,2618.61,sl,False,-0.27641999999999184,-1.074518950437309
1,2024-11-21 07:25:00,2024-11-21 07:30:00,2663.515,2656.1845000000003,2677.6959999999995,0.04,0.04,0.293219999999983,0.0,0.0064,0.0016,0.0,0,2024-11-21 13:00:00,2663.125,news_close,False,-0.015599999999994908,-0.053202373644348315
1,2024-11-22 07:30:00,2024-11-22 07:35:00,2694.065,2680.9165,2719.7320000000004,0.02,0.02,0.2629700000000048,0.0,0.0032,0.0004,-0.010780000000000001,1,2024-11-24 23:40:00,2719.7320000000004,tp,False,0.5025600000000074,1.9110925200593156
1,2024-11-27 07:30:00,2024-11-27 07:35:00,2648.105,2637.3999999999996,2669.035000000001,0.02,0.02,0.21410000000000765,0.0,0.0032,0.0008,0.0,0,2024-11-27 13:00:00,2651.1150000000002,news_close,False,0.06020000000000437,0.28117702008408324
1,2024-11-28 08:30:00,2024-11-28 08:35:00,2640.105,2630.1365,2659.5620000000004,0.03,0.03,0.29905499999999846,0.0,0.0048,0.0006,-0.01617,1,2024-11-29 02:20:00,2659.5620000000004,tp,False,0.56754000000001,1.8977780007022553
1,2024-12-09 09:00:00,2024-12-09 09:05:00,2650.875,2638.9849999999997,2674.115000000001,0.02,0.02,0.23780000000000656,0.0,0.0032,0.0004,0.0,0,2024-12-09 14:55:00,2674.115000000001,tp,False,0.4648000000000229,1.9545836837679147
1,2024-12-10 10:40:00,2024-12-10 10:45:00,2673.875,2665.715,2689.5950000000003,0.03,0.03,0.24479999999999563,0.0,0.0048,0.0006,0.0,0,2024-12-10 14:40:00,2689.5950000000003,tp,False,0.4716000000000076,1.9264705882353597
-1,2024-12-13 08:50:00,2024-12-13 08:55:00,2678.385,2685.635,2663.945,0.04,0.04,0.29,0.0,0.0064,0.0008,0.0,0,2024-12-13 12:00:00,2663.945,tp,False,0.5776000000000022,1.9917241379310422
-1,2024-12-17 08:55:00,2024-12-17 09:00:00,2644.045,2652.3795,2627.496,0.03,0.03,0.250034999999998,0.0,0.0048,0.0012,0.0,0,2024-12-17 13:00:00,2642.855,news_close,False,0.03570000000000163,0.1427800107984959
-1,2024-12-18 08:00:00,2024-12-18 08:05:00,2642.345,2647.04,2633.345,0.06,0.06,0.28170000000000983,0.0,0.0096,0.007199999999994542,0.0,0,2024-12-18 08:20:00,2647.14,sl,False,-0.28770000000000434,-1.0212992545260713
1,2024-12-23 07:05:00,2024-12-23 07:10:00,2633.2349999999997,2625.04,2649.0849999999996,0.03,0.03,0.24584999999999127,0.0,0.0048,0.003599999999997271,0.0,0,2024-12-23 10:00:00,2624.94,sl,False,-0.24884999999998852,-1.0122025625381224
-1,2024-12-24 11:25:00,2024-12-24 11:30:00,2612.8650000000002,2617.2799999999997,2604.284,0.07,0.07,0.30904999999996563,0.0,0.011200000000000002,0.008399999999993635,0.0,0,2024-12-24 16:30:00,2617.3799999999997,sl,False,-0.3160499999999593,-1.0226500566251235
1,2024-12-26 11:05:00,2024-12-26 11:10:00,2629.738,2623.635,2641.104,0.05,0.05,0.30514999999998055,0.0,0.008,0.002,0.0,0,2024-12-26 13:00:00,2626.478,news_close,False,-0.16299999999998818,-0.5341635261346832
-1,2024-12-30 07:00:00,2024-12-30 07:05:00,2617.578,2623.0465000000004,2606.7519999999986,0.05,0.05,0.2734250000000202,0.0,0.008,0.001,0.0,0,2024-12-30 13:55:00,2606.7519999999986,tp,False,0.5413000000000693,1.9797019292311577
1,2025-01-02 08:55:00,2025-01-02 09:00:00,2636.5449999999996,2629.3729999999996,2650.2980000000007,0.04,0.04,0.286880000000001,0.0,0.0064,0.0016,0.0,0,2025-01-02 13:00:00,2643.135,news_close,False,0.26360000000002404,0.9188510875628245
-1,2025-01-06 07:30:00,2025-01-06 07:35:00,2628.395,2638.65,2607.8940000000002,0.03,0.03,0.30765000000000325,0.0,0.0048,0.003599999999997271,0.0,0,2025-01-06 11:15:00,2638.75,sl,False,-0.31065000000000054,-1.0097513408093524
1,2025-01-08 07:05:00,2025-01-08 07:10:00,2653.7949999999996,2648.97,2662.515000000001,0.06,0.06,0.2894999999999891,0.0,0.0096,0.007199999999994542,0.0,0,2025-01-08 11:25:00,2648.87,sl,False,-0.2954999999999836,-1.0207253886010181
1,2025-01-09 10:35:00,2025-01-09 10:40:00,2667.9649999999997,2661.04,2681.2749999999996,0.04,0.04,0.2769999999999891,0.0,0.0064,0.0008,-0.021560000000000003,1,2025-01-10 09:25:00,2681.2749999999996,tp,False,0.5108399999999979,1.8441877256318338
-1,2025-01-14 09:40:00,2025-01-14 09:45:00,2665.495,2670.607,2655.1210000000005,0.06,0.06,0.30672000000000477,0.0,0.0096,0.007199999999994542,0.0,0,2025-01-14 12:20:00,2670.707,sl,False,-0.31271999999999933,-1.0195618153364452
1,2025-01-15 08:05:00,2025-01-15 08:10:00,2683.9249999999997,2676.2200000000003,2698.854999999999,0.04,0.04,0.3081999999999789,0.0,0.0064,0.0016,0.0,0,2025-01-15 13:00:00,2684.425,news_close,False,0.02000000000001819,0.06489292667105633
1,2025-01-16 08:20:00,2025-01-16 08:25:00,2702.475,2695.8665,2715.152,0.04,0.04,0.26433999999999286,0.0,0.0064,0.0016,0.0,0,2025-01-16 13:00:00,2703.545,news_close,False,0.04280000000000655,0.16191268820461416
1,2025-01-21 07:35:00,2025-01-21 07:40:00,2731.245,2716.075,2761.1050000000005,0.02,0.02,0.30340000000000145,0.0,0.0032,0.0004,-0.010780000000000001,1,2025-01-22 09:25:00,2761.1050000000005,tp,False,0.5864200000000116,1.9328279499011496
-1,2025-01-23 09:20:00,2025-01-23 09:25:00,2745.935,2752.7365,2732.4220000000005,0.04,0.04,0.2720600000000013,0.0,0.0064,0.004799999999996363,0.0,0,2025-01-23 11:00:00,2752.8365,sl,False,-0.2760599999999977,-1.0147026391237093
1,2025-01-24 11:30:00,2025-01-24 11:35:00,2778.995,2766.095,2804.345,0.02,0.02,0.25800000000000184,0.0,0.0032,0.0008,0.0,0,2025-01-24 14:30:00,2774.198,news_close,False,-0.09594000000000051,-0.3718604651162784
-1,2025-01-27 07:25:00,2025-01-27 07:30:00,2748.455,2761.49,2722.6550000000007,0.02,0.02,0.2606999999999971,0.0,0.0032,0.0023999999999981814,0.0,0,2025-01-27 09:05:00,2761.5899999999997,sl,False,-0.26269999999999527,-1.0076716532412666
-1,2025-01-28 08:20:00,2025-01-28 08:25:00,2737.035,2741.37,2728.3350000000005,0.07,0.07,0.30345000000000255,0.0,0.011200000000000002,0.008399999999993635,0.0,0,2025-01-28 08:55:00,2741.47,sl,False,-0.31044999999999623,-1.0230680507496905
1,2025-01-30 07:10:00,2025-01-30 07:15:00,2766.475,2762.3615,2774.1620000000003,0.07,0.07,0.2879449999999952,0.0,0.011200000000000002,0.0014000000000000002,0.0,0,2025-01-30 08:50:00,2774.1620000000003,tp,False,0.5380900000000247,1.8687249301082975
1,2025-01-31 07:25:00,2025-01-31 07:30:00,2799.665,2795.6400000000003,2807.1749999999997,0.07,0.07,0.2817499999999746,0.0,0.011200000000000002,0.008399999999993635,0.0,0,2025-01-31 08:05:00,2795.5400000000004,sl,False,-0.2887499999999682,-1.024844720496874
1,2025-02-05 07:55:00,2025-02-05 08:00:00,2864.125,2850.51,2890.935,0.02,0.02,0.27229999999999566,0.0,0.0032,0.0008,0.0,0,2025-02-05 12:45:00,2867.165,news_close,False,0.06079999999999927,0.22328314359162776
-1,2025-02-06 07:40:00,2025-02-06 07:45:00,2858.125,2865.7215,2842.9919999999997,0.04,0.04,0.30386000000000424,0.0,0.0064,0.004799999999996363,0.0,0,2025-02-06 11:35:00,2865.8215,sl,False,-0.3078600000000006,-1.0131639570854876
1,2025-02-10 07:25:00,2025-02-10 07:30:00,2892.345,2878.8415,2918.7220000000007,0.02,0.02,0.2700699999999961,0.0,0.0032,0.0004,0.0,0,2025-02-10 23:35:00,2918.7220000000007,tp,False,0.5275400000000172,1.9533454289629535
1,2025-02-14 08:15:00,2025-02-14 08:20:00,2937.305,2929.775,2951.645,0.04,0.04,0.3011999999999898,0.0,0.0064,0.004799999999996363,0.0,0,2025-02-14 11:45:00,2929.675,sl,False,-0.3051999999999862,-1.0132802124833882
1,2025-02-19 08:35:00,2025-02-19 08:40:00,2939.9849999999997,2931.7325,2955.8,0.03,0.03,0.247574999999988,0.0,0.0048,0.003599999999997271,0.0,0,2025-02-19 12:00:00,2931.6325,sl,False,-0.2505749999999853,-1.0121175401393414
1,2025-02-20 07:25:00,2025-02-20 07:30:00,2949.1749999999997,2941.2299999999996,2964.3450000000007,0.03,0.03,0.2383500000000049,0.0,0.0048,0.003599999999997271,0.0,0,2025-02-20 12:20:00,2941.1299999999997,sl,False,-0.24135000000000217,-1.0125865324103094
1,2025-02-24 08:50:00,2025-02-24 08:55:00,2946.828,2932.8149999999996,2974.3050000000007,0.02,0.02,0.2802600000000075,0.0,0.0032,0.0023999999999981814,0.0,0,2025-02-24 15:00:00,2932.7149999999997,sl,False,-0.2822600000000057,-1.0071362306429676
-1,2025-02-27 08:05:00,2025-02-27 08:10:00,2888.045,2903.635,2857.524999999999,0.01,0.01,0.15590000000000145,0.0,0.0016,0.0004,0.0,0,2025-02-27 13:00:00,2885.0049999999997,news_close,False,0.030400000000004184,0.19499679281593266
-1,2025-02-28 08:15:00,2025-02-28 08:20:00,2854.285,2870.855,2821.2049999999995,0.01,0.01,0.16570000000000165,0.0,0.0016,0.0004,0.0,0,2025-02-28 13:00:00,2856.325,news_close,False,-0.020399999999999637,-0.12311406155702737
1,2025-03-04 07:25:00,2025-03-04 07:30:00,2899.225,2887.9365,2921.862,0.02,0.02,0.22577000000000225,0.0,0.0032,0.0004,0.0,0,2025-03-04 12:20:00,2921.862,tp,False,0.4527400000000034,2.00531514373034
1,2025-03-14 09:05:00,2025-03-14 09:10:00,2994.0049999999997,2987.4175,3007.039,0.04,0.04,0.26349999999998547,0.0,0.0064,0.004799999999996363,0.0,0,2025-03-14 10:40:00,2987.3175,sl,False,-0.2674999999999818,-1.0151802656546358
1,2025-03-17 09:30:00,2025-03-17 09:35:00,2993.1549999999997,2987.435,3004.0850000000005,0.05,0.05,0.28599999999999,0.0,0.008,0.002,0.0,0,2025-03-17 12:00:00,2997.325,news_close,False,0.20850000000000365,0.7290209790210174
1,2025-03-18 07:10:00,2025-03-18 07:15:00,3018.1749999999997,3008.3485,3037.498,0.03,0.03,0.29479499999999004,0.0,0.0048,0.0006,0.0,0,2025-03-18 13:30:00,3037.498,tp,False,0.5796900000000096,1.9664173408640893
1,2025-03-27 09:55:00,2025-03-27 10:00:00,3039.995,3029.925,3059.595,0.03,0.03,0.30209999999999126,0.0,0.0048,0.0012,0.0,0,2025-03-27 12:00:00,3054.445,news_close,False,0.43350000000000816,1.4349553128103962
-1,2025-04-04 08:15:00,2025-04-04 08:20:00,3086.535,3101.1765,3057.201,0.02,0.02,0.2928300000000036,0.0,0.0032,0.0023999999999981814,0.0,0,2025-04-04 10:25:00,3101.2765,sl,False,-0.29483000000000176,-1.0068299013079198
1,2025-04-11 08:20:00,2025-04-11 08:25:00,3223.205,3202.3,3264.475,0.01,0.01,0.20904999999999746,0.0,0.0016,0.0004,0.0,0,2025-04-11 12:00:00,3213.465,news_close,False,-0.09739999999999782,-0.46591724467830187
1,2025-04-16 07:10:00,2025-04-16 07:15:00,3297.035,3273.14,3344.1949999999997,0.01,0.01,0.23894999999999983,0.0,0.0016,0.0004,0.0,0,2025-04-16 12:00:00,3306.435,news_close,False,0.09400000000000092,0.3933877380205105
1,2025-04-21 07:00:00,2025-04-21 07:05:00,3394.1949999999997,3370.12,3441.805,0.01,0.01,0.2407499999999982,0.0,0.0016,0.0002,0.0,0,2025-04-21 23:30:00,3441.805,tp,False,0.4761000000000013,1.9775700934579643
-1,2025-05-01 09:50:00,2025-05-01 09:55:00,3220.339,3248.35,3164.3949999999995,0.01,0.01,0.2801099999999997,0.0,0.0016,0.0004,0.0,0,2025-05-01 12:00:00,3205.2949999999996,news_close,False,0.15044000000000324,0.5370747206454729
1,2025-05-05 08:35:00,2025-05-05 08:40:00,3272.805,3256.545,3304.8750000000005,0.01,0.01,0.16259999999999764,0.0,0.0016,0.0002,0.0,0,2025-05-05 09:30:00,3304.8750000000005,tp,False,0.3207000000000062,1.9723247232472993
-1,2025-05-12 07:00:00,2025-05-12 07:05:00,3254.325,3274.105,3214.8249999999994,0.01,0.01,0.197800000000002,0.0,0.0016,0.0002,0.0,0,2025-05-12 09:55:00,3214.8249999999994,tp,False,0.39500000000000457,1.9969666329625915
-1,2025-05-14 11:55:00,2025-05-14 12:00:00,3219.885,3238.1525,3183.6799999999994,0.01,0.01,0.18267499999999928,0.0,0.0016,0.0002,0.0,0,2025-05-14 13:00:00,3183.6799999999994,tp,False,0.36205000000000837,1.981935130696646
-1,2025-05-27 07:25:00,2025-05-27 07:30:00,3304.645,3327.248,3259.7090000000003,0.01,0.01,0.22603000000000065,0.0,0.0016,0.0004,0.0,0,2025-05-27 12:00:00,3288.305,news_close,False,0.16340000000000146,0.7229128876697828
1,2025-06-02 07:00:00,2025-06-02 07:05:00,3345.778,3323.1965,3390.401,0.01,0.01,0.2258149999999978,0.0,0.0016,0.0004,0.0,0,2025-06-02 13:15:00,3356.225,news_close,False,0.10447000000000117,0.46263534309059273
1,2025-06-05 09:25:00,2025-06-05 09:30:00,3387.8889999999997,3372.45,3418.3650000000007,0.02,0.02,0.308779999999997,0.0,0.0032,0.0008,0.0,0,2025-06-05 12:00:00,3392.325,news_close,False,0.08872000000000299,0.2873243085692203
-1,2025-06-06 07:45:00,2025-06-06 07:50:00,3355.555,3365.5915,3335.872,0.03,0.03,0.3010950000000048,0.0,0.0048,0.003599999999997271,0.0,0,2025-06-06 08:40:00,3365.6915,sl,False,-0.30409500000000206,-1.009963632740488
1,2025-06-11 07:50:00,2025-06-11 07:55:00,3346.428,3333.865,3371.0140000000006,0.02,0.02,0.25126000000000204,0.0,0.0032,0.0023999999999981814,0.0,0,2025-06-11 09:05:00,3333.765,sl,False,-0.2532600000000002,-1.0079598821937361
1,2025-06-23 11:10:00,2025-06-23 11:15:00,3374.575,3360.0115,3403.162,0.02,0.02,0.291269999999995,0.0,0.0032,0.0023999999999981814,0.0,0,2025-06-23 12:20:00,3359.9115,sl,False,-0.29326999999999315,-1.0068664812716661
-1,2025-06-25 09:10:00,2025-06-25 09:15:00,3322.005,3329.2315,3307.6809999999996,0.04,0.04,0.2890599999999904,0.0,0.0064,0.004799999999996363,0.0,0,2025-06-25 10:15:00,3329.3315,sl,False,-0.2930599999999868,-1.0138379575174583
1,2025-06-26 07:15:00,2025-06-26 07:20:00,3344.1549999999997,3335.9915,3360.011,0.04,0.04,0.32653999999998634,0.0,0.0064,0.004799999999996363,0.0,0,2025-06-26 11:35:00,3335.8915,sl,False,-0.3305399999999827,-1.0122496478226144
-1,2025-06-27 07:15:00,2025-06-27 07:20:00,3286.495,3304.2365,3251.1319999999996,0.01,0.01,0.17741500000000088,0.0,0.0016,0.0004,0.0,0,2025-06-27 12:00:00,3281.335,news_close,False,0.05159999999999854,0.290843502522325
1,2025-06-30 07:20:00,2025-06-30 07:25:00,3296.105,3277.25,3333.2750000000005,0.01,0.01,0.1885500000000002,0.0,0.0016,0.0011999999999990907,0.0,0,2025-06-30 09:30:00,3277.15,sl,False,-0.18954999999999927,-1.0053036329885923
1,2025-07-01 07:10:00,2025-07-01 07:15:00,3336.2749999999996,3322.0115,3364.2619999999993,0.02,0.02,0.28526999999999136,0.0,0.0032,0.0008,0.0,0,2025-07-01 13:00:00,3354.385,news_close,False,0.3622000000000116,1.2696743436043838
1,2025-07-02 11:00:00,2025-07-02 11:05:00,3346.785,3336.4865,3366.7519999999995,0.03,0.03,0.30895499999999626,0.0,0.0048,0.0012,0.0,0,2025-07-02 11:45:00,3342.188,news_close,False,-0.13790999999999257,-0.4463756857794638
-1,2025-07-07 07:45:00,2025-07-07 07:50:00,3303.915,3317.25,3277.4249999999997,0.02,0.02,0.2667000000000007,0.0,0.0032,0.0023999999999981814,0.0,0,2025-07-07 14:10:00,3317.35,sl,False,-0.26869999999999894,-1.0074990626171663
-1,2025-07-09 08:35:00,2025-07-09 08:40:00,3283.995,3296.1814999999997,3259.6820000000002,0.02,0.02,0.24372999999999592,0.0,0.0032,0.0023999999999981814,0.0,0,2025-07-09 12:50:00,3296.2814999999996,sl,False,-0.24572999999999412,-1.0082058015016544
1,2025-07-11 10:25:00,2025-07-11 10:30:00,3345.605,3333.41,3369.6740000000004,0.02,0.02,0.24390000000000328,0.0,0.0032,0.0004,-0.010780000000000001,1,2025-07-13 22:25:00,3369.6740000000004,tp,False,0.4706000000000083,1.929479294792956
1,2025-07-14 07:25:00,2025-07-14 07:30:00,3374.5449999999996,3363.27,3396.6150000000007,0.02,0.02,0.22549999999999273,0.0,0.0032,0.0023999999999981814,0.0,0,2025-07-14 12:05:00,3363.17,sl,False,-0.2274999999999909,-1.008869179600879
1,2025-07-21 11:20:00,2025-07-21 11:25:00,3371.785,3358.9915,3396.772,0.02,0.02,0.2558699999999953,0.0,0.0032,0.0004,0.0,0,2025-07-21 14:25:00,3396.772,tp,False,0.4997400000000016,1.9531011841951411
-1,2025-07-24 07:50:00,2025-07-24 07:55:00,3368.295,3381.4215,3342.222,0.02,0.02,0.26252999999999704,0.0,0.0032,0.0008,0.0,0,2025-07-24 12:00:00,3362.1949999999997,news_close,False,0.12200000000000728,0.46470879518534514
-1,2025-07-25 07:35:00,2025-07-25 07:40:00,3353.675,3363.855,3333.225,0.03,0.03,0.30539999999999506,0.0,0.0048,0.0012,0.0,0,2025-07-25 12:00:00,3340.9849999999997,news_close,False,0.38070000000001525,1.2465618860511507
1,2025-08-04 11:10:00,2025-08-04 11:15:00,3363.805,3353.6215,3383.6319999999996,0.03,0.03,0.3055049999999892,0.0,0.0048,0.0006,0.0,0,2025-08-04 13:50:00,3383.6319999999996,tp,False,0.5948099999999931,1.946973044631067
1,2025-08-07 07:05:00,2025-08-07 07:10:00,3387.928,3376.2715,3410.7010000000005,0.02,0.02,0.23313000000000103,0.0,0.0032,0.0023999999999981814,0.0,0,2025-08-07 08:20:00,3376.1715,sl,False,-0.2351299999999992,-1.0085789044738909
1,2025-08-08 07:50:00,2025-08-08 07:55:00,3403.305,3391.584,3425.817,0.02,0.02,0.23442000000000007,0.0,0.0032,0.0023999999999981814,0.0,0,2025-08-08 10:20:00,3391.484,sl,False,-0.23641999999999827,-1.008531695247838
-1,2025-08-11 07:00:00,2025-08-11 07:05:00,3362.335,3377.48,3332.105,0.02,0.02,0.30289999999999967,0.0,0.0032,0.0008,0.0,1,2025-08-12 12:00:00,3347.5449999999996,news_close,False,0.2958000000000084,0.9765599207659581
1,2025-08-19 10:05:00,2025-08-19 10:10:00,3341.745,3333.6400000000003,3357.4749999999995,0.04,0.04,0.32419999999998256,0.0,0.0064,0.004799999999996363,0.0,0,2025-08-19 13:00:00,3333.5400000000004,sl,False,-0.3281999999999789,-1.0123380629241103
1,2025-08-25 11:40:00,2025-08-25 11:45:00,3369.805,3364.455,3379.965,0.06,0.06,0.3209999999999945,0.0,0.0096,0.007199999999994542,0.0,0,2025-08-25 12:55:00,3364.355,sl,False,-0.3269999999999891,-1.01869158878503
1,2025-08-28 08:35:00,2025-08-28 08:40:00,3399.535,3391.16,3415.895000000001,0.03,0.03,0.25125,0.0,0.0048,0.0012,0.0,0,2025-08-28 12:00:00,3403.875,news_close,False,0.13020000000000437,0.518208955223898
1,2025-09-03 11:30:00,2025-09-03 11:35:00,3548.725,3536.453,3572.8189999999995,0.02,0.02,0.2454399999999987,0.0,0.0032,0.0008,0.0,0,2025-09-03 13:30:00,3560.199,news_close,False,0.2294800000000032,0.9349739243807221
1,2025-09-08 07:00:00,2025-09-08 07:05:00,3600.105,3589.0,3621.7750000000005,0.03,0.03,0.33315000000000056,0.0,0.0048,0.0006,0.0,0,2025-09-08 10:15:00,3621.7750000000005,tp,False,0.6501000000000158,1.951373255290454
-1,2025-09-11 09:05:00,2025-09-11 09:10:00,3621.085,3635.645,3592.3039999999996,0.02,0.02,0.2911999999999989,0.0,0.0032,0.0008,0.0,0,2025-09-11 12:00:00,3616.7749999999996,news_close,False,0.086200000000008,0.2960164835165121
1,2025-09-16 08:10:00,2025-09-16 08:15:00,3695.845,3684.2349999999997,3718.615000000001,0.02,0.02,0.23220000000000254,0.0,0.0032,0.0008,0.0,0,2025-09-16 12:00:00,3697.065,news_close,False,0.024400000000005095,0.10508182601207935
-1,2025-09-17 07:15:00,2025-09-17 07:20:00,3669.275,3682.725,3642.5249999999996,0.02,0.02,0.26899999999999635,0.0,0.0032,0.0008,0.0,0,2025-09-17 14:00:00,3678.7949999999996,news_close,False,-0.19039999999999055,-0.7078066914497886
1,2025-09-22 08:40:00,2025-09-22 08:45:00,3722.055,3702.44,3760.685,0.01,0.01,0.19614999999999783,0.0,0.0016,0.0002,-0.005390000000000001,1,2025-09-23 08:30:00,3760.685,tp,False,0.3809100000000011,1.9419321947489436
1,2025-09-24 07:35:00,2025-09-24 07:40:00,3778.125,3763.562,3806.6510000000007,0.02,0.02,0.291260000000002,0.0,0.0032,0.0023999999999981814,0.0,0,2025-09-24 09:40:00,3763.462,sl,False,-0.29326000000000024,-1.0068667170225853
1,2025-09-26 09:00:00,2025-09-26 09:05:00,3754.078,3744.06,3773.865,0.03,0.03,0.30054000000000086,0.0,0.0048,0.003599999999997271,0.0,0,2025-09-26 10:45:00,3743.96,sl,False,-0.30353999999999814,-1.0099820323417756
1,2025-09-29 11:15:00,2025-09-29 11:20:00,3822.305,3791.62,3883.195,0.01,0.01,0.30684999999999946,0.0,0.0016,0.0004,-0.005390000000000001,1,2025-09-30 13:15:00,3816.785,news_close,False,-0.06058999999999982,-0.19745804138830023
1,2025-10-01 07:50:00,2025-10-01 07:55:00,3878.115,3864.175,3905.1549999999997,0.02,0.02,0.278799999999992,0.0,0.0032,0.0008,0.0,0,2025-10-01 11:45:00,3881.765,news_close,False,0.07300000000000183,0.26183644189384475
1,2025-10-02 07:15:00,2025-10-02 07:20:00,3874.1949999999997,3863.3,3895.4449999999993,0.03,0.03,0.3268499999999858,0.0,0.0048,0.003599999999997271,0.0,0,2025-10-02 07:30:00,3863.2000000000003,sl,False,-0.32984999999998305,-1.0091785222579084
1,2025-10-06 08:00:00,2025-10-06 08:05:00,3945.285,3921.8064999999997,3992.0620000000004,0.01,0.01,0.2347850000000017,0.0,0.0016,0.0002,-0.005390000000000001,1,2025-10-07 23:45:00,3992.0620000000004,tp,False,0.462380000000005,1.9693762378346218
1,2025-10-08 08:05:00,2025-10-08 08:10:00,4038.785,4010.415,4094.6250000000005,0.01,0.01,0.2836999999999989,0.0,0.0016,0.0004,0.0,0,2025-10-08 14:00:00,4037.728,news_close,False,-0.01056999999999789,-0.03725766654916437
1,2025-10-13 08:50:00,2025-10-13 08:55:00,4078.305,4051.0215,4132.272000000001,0.01,0.01,0.27283500000000005,0.0,0.0016,0.0002,-0.005390000000000001,1,2025-10-14 01:10:00,4132.272000000001,tp,False,0.5342800000000101,1.9582531566698187
1,2025-10-15 07:05:00,2025-10-15 07:10:00,4200.485000000001,4176.8099999999995,4247.385000000001,0.01,0.01,0.23675000000001092,0.0,0.0016,0.001200000000003638,0.0,0,2025-10-15 09:20:00,4176.709999999999,sl,False,-0.23775000000001456,-1.0042238648363404
1,2025-10-16 10:55:00,2025-10-16 11:00:00,4242.6050000000005,4222.5650000000005,4282.535,0.01,0.01,0.20039999999999963,0.0,0.0016,0.0004,0.0,0,2025-10-16 12:00:00,4240.245,news_close,False,-0.02360000000000582,-0.11776447105791349
1,2025-10-29 07:05:00,2025-10-29 07:10:00,3985.365,3964.1,4026.485,0.01,0.01,0.21264999999999873,0.0,0.0016,0.0002,0.0,0,2025-10-29 09:45:00,4026.485,tp,False,0.41120000000000345,1.9336938631554474
1,2025-11-06 07:00:00,2025-11-06 07:05:00,3997.2549999999997,3978.4764999999998,4034.332,0.01,0.01,0.18778499999999895,0.0,0.0016,0.0011999999999990907,0.0,0,2025-11-06 15:00:00,3978.3765,sl,False,-0.18878499999999804,-1.005325238970094
1,2025-11-07 07:15:00,2025-11-07 07:20:00,4008.835,3996.315,4033.3350000000005,0.02,0.02,0.2503999999999996,0.0,0.0032,0.0023999999999981814,0.0,0,2025-11-07 11:30:00,3996.215,sl,False,-0.25239999999999785,-1.0079872204472773
1,2025-11-10 07:10:00,2025-11-10 07:15:00,4078.555,4044.615,4145.835000000001,0.01,0.01,0.33940000000000053,0.0,0.0016,0.0002,-0.005390000000000001,1,2025-11-11 03:30:00,4145.835000000001,tp,False,0.667410000000011,1.9664407778432822
1,2025-11-13 07:55:00,2025-11-13 08:00:00,4220.125,4199.375,4261.145,0.01,0.01,0.20750000000000002,0.0,0.0016,0.001200000000003638,0.0,0,2025-11-13 14:40:00,4199.275,sl,False,-0.20850000000000365,-1.0048192771084512
-1,2025-11-14 07:20:00,2025-11-14 07:25:00,4162.5779999999995,4190.205,4107.404999999999,0.01,0.01,0.27627000000000407,0.0,0.0016,0.0002,0.0,0,2025-11-14 13:05:00,4107.404999999999,tp,False,0.5517300000000068,1.9970680855684608
-1,2025-11-18 07:20:00,2025-11-18 07:25:00,4003.445,4024.6769999999997,3961.161000000001,0.01,0.01,0.21231999999999518,0.0,0.0016,0.0011999999999990907,0.0,0,2025-11-18 08:05:00,4024.7769999999996,sl,False,-0.21331999999999426,-1.0047098718914804
1,2025-11-19 09:45:00,2025-11-19 09:50:00,4103.5650000000005,4076.8315000000002,4156.4619999999995,0.01,0.01,0.26733500000000276,0.0,0.0016,0.0004,0.0,0,2025-11-19 15:00:00,4127.565,news_close,False,0.23999999999999092,0.8977500140273007
1,2025-11-26 11:30:00,2025-11-26 11:35:00,4172.165,4150.85,4214.195,0.01,0.01,0.213149999999996,0.0,0.0016,0.0004,0.0,0,2025-11-26 12:00:00,4171.254999999999,news_close,False,-0.00910000000000764,-0.04269293924470002
1,2025-12-01 10:00:00,2025-12-01 10:05:00,4258.665,4235.76,4304.454000000001,0.01,0.01,0.22904999999999745,0.0,0.0016,0.0004,0.0,0,2025-12-01 14:15:00,4246.865,news_close,False,-0.11800000000000183,-0.5151713599650868
-1,2025-12-02 09:25:00,2025-12-02 09:30:00,4194.334999999999,4213.685,4155.754999999999,0.01,0.01,0.19350000000001275,0.0,0.0016,0.001200000000003638,0.0,0,2025-12-02 13:00:00,4213.785000000001,sl,False,-0.19450000000001638,-1.0051679586563491
-1,2025-12-03 07:25:00,2025-12-03 07:30:00,4202.275,4215.96,4175.205,0.02,0.02,0.273700000000008,0.0,0.0032,0.0008,0.0,0,2025-12-03 12:45:00,4214.155000000001,news_close,False,-0.23760000000002038,-0.8681037632444774
1,2025-12-05 07:25:00,2025-12-05 07:30:00,4230.125,4211.735000000001,4266.455,0.01,0.01,0.18389999999999418,0.0,0.0016,0.0004,0.0,0,2025-12-05 14:30:00,4231.605,news_close,False,0.014799999999995634,0.08047852093526972
1,2025-12-12 07:05:00,2025-12-12 07:10:00,4287.125,4273.5815,4313.551999999999,0.02,0.02,0.27086999999999534,0.0,0.0032,0.0004,0.0,0,2025-12-12 09:05:00,4313.551999999999,tp,False,0.5285399999999754,1.9512681360061448
1,2025-12-15 08:50:00,2025-12-15 08:55:00,4347.455,4323.5650000000005,4394.844999999998,0.01,0.01,0.23889999999999417,0.0,0.0016,0.001200000000003638,0.0,0,2025-12-15 14:20:00,4323.465,sl,False,-0.2398999999999978,-1.0041858518208608
1,2026-01-02 07:55:00,2026-01-02 08:00:00,4382.725,4361.285,4425.004999999999,0.01,0.01,0.2144000000000051,0.0,0.0016,0.0004,0.0,0,2026-01-02 14:15:00,4370.004999999999,news_close,False,-0.12720000000001164,-0.5932835820895924
1,2026-01-05 08:15:00,2026-01-05 08:20:00,4427.585,4398.0599999999995,4486.005000000001,0.01,0.01,0.29525000000000545,0.0,0.0016,0.001200000000003638,0.0,0,2026-01-05 13:25:00,4397.959999999999,sl,False,-0.2962500000000091,-1.00338696020323
1,2026-01-20 07:20:00,2026-01-20 07:25:00,4719.225,4688.085,4780.784999999999,0.01,0.01,0.3114000000000033,0.0,0.0016,0.0002,0.0,0,2026-01-20 23:45:00,4780.784999999999,tp,False,0.6155999999999858,1.9768786127166966
1,2026-01-22 07:00:00,2026-01-22 07:05:00,4830.995,4800.6900000000005,4891.124999999999,0.01,0.01,0.3030499999999938,0.0,0.0016,0.0004,0.0,0,2026-01-22 13:00:00,4819.344999999999,news_close,False,-0.11650000000000546,-0.38442501237422155
1,2026-02-10 09:05:00,2026-02-10 09:10:00,5057.479,5032.045,5107.915,0.01,0.01,0.25434000000000195,0.0,0.0016,0.001200000000003638,0.0,0,2026-02-10 12:40:00,5031.945,sl,False,-0.2553400000000056,-1.0039317449084046
1,2026-02-11 09:40:00,2026-02-11 09:45:00,5064.535,5046.025,5100.865000000002,0.01,0.01,0.18510000000000218,0.0,0.0016,0.0002,0.0,0,2026-02-11 10:45:00,5100.865000000002,tp,False,0.36330000000001744,1.9627228525122267
1,2026-02-12 09:50:00,2026-02-12 09:55:00,5079.168000000001,5061.181500000001,5114.141999999999,0.01,0.01,0.17986499999999978,0.0,0.0016,0.001200000000003638,0.0,0,2026-02-12 10:25:00,5061.0815,sl,False,-0.1808650000000034,-1.005559725349588
1,2026-02-19 07:00:00,2026-02-19 07:05:00,5019.915,4989.8665,5079.652,0.01,0.01,0.3004849999999988,0.0,0.0016,0.001200000000003638,0.0,0,2026-02-19 10:00:00,4989.7665,sl,False,-0.3014850000000024,-1.0033279531424317
1,2026-02-20 08:50:00,2026-02-20 08:55:00,5030.365000000001,5005.495,5079.385,0.01,0.01,0.248700000000008,0.0,0.0016,0.0004,0.0,0,2026-02-20 13:00:00,5024.9349999999995,news_close,False,-0.054300000000012005,-0.21833534378773728
-1,2026-03-13 07:15:00,2026-03-13 07:20:00,5077.995,5106.84,5020.125000000001,0.01,0.01,0.28845000000000254,0.0,0.0016,0.001200000000003638,0.0,0,2026-03-13 11:55:00,5106.9400000000005,sl,False,-0.2894500000000062,-1.0034668053388929
-1,2026-03-16 09:40:00,2026-03-16 09:45:00,4981.214999999999,5009.025,4925.835000000001,0.01,0.01,0.278100000000004,0.0,0.0016,0.001200000000003638,0.0,0,2026-03-16 11:15:00,5009.125,sl,False,-0.2791000000000076,-1.0035958288385602
-1,2026-03-18 10:30:00,2026-03-18 10:35:00,4980.474999999999,4998.745,4943.605,0.01,0.01,0.18270000000000436,0.0,0.0016,0.0002,0.0,0,2026-03-18 11:40:00,4943.605,tp,False,0.3686999999999989,2.018062397372688
1,2026-04-09 10:20:00,2026-04-09 10:25:00,4738.205,4715.34,4783.304999999999,0.01,0.01,0.22864999999999783,0.0,0.0016,0.0004,0.0,0,2026-04-09 12:00:00,4756.594999999999,news_close,False,0.18389999999999418,0.8042860266783115
1,2026-04-14 07:00:00,2026-04-14 07:05:00,4786.795,4767.07,4825.795000000002,0.01,0.01,0.19725000000000364,0.0,0.0016,0.001200000000003638,0.0,0,2026-04-14 10:35:00,4766.969999999999,sl,False,-0.19825000000000728,-1.0050697084917801
-1,2026-04-23 10:05:00,2026-04-23 10:10:00,4691.094999999999,4722.8315,4627.691000000001,0.01,0.01,0.3173650000000089,0.0,0.0016,0.0004,0.0,0,2026-04-23 12:00:00,4720.765,news_close,False,-0.29670000000000984,-0.9348856994312591
