time_server,strategy,side,entry,sl,tp1,tp2,lots_tp1,lots_tp2,outcome
2025.06.02 07:05:00,fvg,1,3343.135,3339.606,0.000,0.000,0.00,0.00,no_room
2025.06.02 07:10:00,fvg,1,3345.599,3339.596,0.000,0.000,0.00,0.00,no_room
2025.06.02 07:15:00,fvg,1,3348.318,3342.736,0.000,0.000,0.00,0.00,no_room
2025.06.02 07:20:00,fvg,1,3351.190,3345.165,0.000,0.000,0.00,0.00,no_room
2025.06.02 07:25:00,fvg,1,3354.364,3347.888,0.000,0.000,0.00,0.00,no_room
2025.06.02 09:05:00,fvg,-1,3352.502,0.000,0.000,0.000,0.00,0.00,against_bias
2025.06.02 09:10:00,fvg,-1,3351.885,0.000,0.000,0.000,0.00,0.00,against_bias
2025.06.02 09:35:00,fvg,-1,3347.677,0.000,0.000,0.000,0.00,0.00,against_bias
2025.06.02 09:40:00,fvg,-1,3346.124,0.000,0.000,0.000,0.00,0.00,against_bias
2025.06.02 10:30:00,fvg,1,3348.762,3346.139,0.000,0.000,0.00,0.00,sl_too_tight
2025.06.02 11:30:00,fvg,1,3352.292,3348.718,0.000,0.000,0.00,0.00,no_room
2025.06.02 11:40:00,fvg,1,3354.786,3351.976,0.000,0.000,0.00,0.00,sl_too_tight
2025.06.02 11:55:00,fvg,-1,3355.399,0.000,0.000,0.000,0.00,0.00,against_bias
2025.06.02 12:30:00,fvg,1,3360.101,3356.669,0.000,0.000,0.00,0.00,no_room
2025.06.02 13:00:00,fvg,-1,3356.705,0.000,0.000,0.000,0.00,0.00,against_bias
2025.06.02 13:20:00,fvg,1,3355.518,3352.403,0.000,0.000,0.00,0.00,no_room
2025.06.02 13:45:00,fvg,1,3358.877,3349.913,0.000,0.000,0.00,0.00,no_room
2025.06.02 13:50:00,fvg,1,3364.979,3353.901,0.000,0.000,0.00,0.00,no_room
2025.06.02 14:00:00,fvg,1,3370.761,3364.488,0.000,0.000,0.00,0.00,no_room
2025.06.02 15:20:00,fvg,-1,3376.435,0.000,0.000,0.000,0.00,0.00,against_bias
2025.06.02 15:35:00,fvg,-1,3373.825,0.000,0.000,0.000,0.00,0.00,against_bias
2025.06.02 15:50:00,fvg,1,3374.211,3370.720,3381.194,3388.177,7.16,7.16,signal
2025.06.03 07:10:00,fvg,-1,3355.722,3361.691,0.000,0.000,0.00,0.00,no_room
2025.06.03 07:40:00,fvg,-1,3356.403,3360.788,0.000,0.000,0.00,0.00,no_room
2025.06.03 07:50:00,fvg,1,3357.783,0.000,0.000,0.000,0.00,0.00,against_bias
2025.06.03 08:05:00,fvg,1,3359.648,0.000,0.000,0.000,0.00,0.00,against_bias
2025.06.03 08:10:00,fvg,1,3361.423,0.000,0.000,0.000,0.00,0.00,against_bias
2025.06.03 08:50:00,fvg,-1,3362.227,3364.177,0.000,0.000,0.00,0.00,sl_too_tight
2025.06.03 09:40:00,fvg,-1,3358.914,3360.561,0.000,0.000,0.00,0.00,price_inside_zone
2025.06.03 10:00:00,fvg,-1,3356.964,3360.826,0.000,0.000,0.00,0.00,no_room
2025.06.03 10:35:00,fvg,1,3356.942,0.000,0.000,0.000,0.00,0.00,against_bias
2025.06.03 10:55:00,fvg,-1,3356.582,3358.878,0.000,0.000,0.00,0.00,sl_too_tight
2025.06.03 12:10:00,fvg,-1,3356.360,3360.244,0.000,0.000,0.00,0.00,no_room
2025.06.03 12:15:00,fvg,-1,3355.159,3360.252,0.000,0.000,0.00,0.00,no_room
2025.06.03 12:45:00,fvg,1,3357.952,0.000,0.000,0.000,0.00,0.00,against_bias
2025.06.03 12:50:00,fvg,1,3359.133,0.000,0.000,0.000,0.00,0.00,against_bias
2025.06.03 13:10:00,fvg,1,3360.548,0.000,0.000,0.000,0.00,0.00,against_bias
2025.06.03 13:35:00,fvg,-1,3359.663,3362.399,0.000,0.000,0.00,0.00,sl_too_tight
2025.06.03 13:40:00,fvg,-1,3356.736,3362.416,0.000,0.000,0.00,0.00,no_room
2025.06.03 13:55:00,fvg,-1,3347.105,3354.190,0.000,0.000,0.00,0.00,no_room
2025.06.03 14:10:00,fvg,-1,3339.718,3346.447,0.000,0.000,0.00,0.00,no_room
2025.06.03 14:30:00,fvg,1,3342.663,0.000,0.000,0.000,0.00,0.00,against_bias
2025.06.03 14:35:00,fvg,1,3345.179,0.000,0.000,0.000,0.00,0.00,against_bias
2025.06.03 15:20:00,fvg,1,3347.110,0.000,0.000,0.000,0.00,0.00,against_bias
2025.06.04 07:10:00,fvg,1,3358.595,3354.226,0.000,0.000,0.00,0.00,no_room
2025.06.04 07:15:00,fvg,1,3359.770,3355.331,0.000,0.000,0.00,0.00,price_inside_zone
2025.06.04 07:35:00,fvg,1,3361.410,3358.229,0.000,0.000,0.00,0.00,no_room
2025.06.04 07:55:00,fvg,-1,3359.648,0.000,0.000,0.000,0.00,0.00,against_bias
2025.06.04 08:00:00,fvg,-1,3357.365,0.000,0.000,0.000,0.00,0.00,against_bias
2025.06.04 08:05:00,fvg,-1,3355.671,0.000,0.000,0.000,0.00,0.00,against_bias
2025.06.04 08:40:00,fvg,1,3355.219,3353.562,0.000,0.000,0.00,0.00,sl_too_tight
2025.06.04 08:50:00,fvg,1,3360.115,3354.965,0.000,0.000,0.00,0.00,no_room
2025.06.04 08:55:00,fvg,1,3360.889,3356.518,0.000,0.000,0.00,0.00,no_room
2025.06.04 09:00:00,fvg,1,3361.918,3359.864,0.000,0.000,0.00,0.00,sl_too_tight
2025.06.04 09:30:00,fvg,1,3362.782,3360.789,0.000,0.000,0.00,0.00,sl_too_tight
2025.06.04 09:45:00,fvg,-1,3362.039,0.000,0.000,0.000,0.00,0.00,against_bias
2025.06.04 10:15:00,fvg,-1,3360.912,0.000,0.000,0.000,0.00,0.00,against_bias
2025.06.04 10:20:00,fvg,-1,3360.543,0.000,0.000,0.000,0.00,0.00,against_bias
2025.06.04 10:30:00,fvg,-1,3358.859,0.000,0.000,0.000,0.00,0.00,against_bias
2025.06.04 10:50:00,fvg,-1,3354.526,0.000,0.000,0.000,0.00,0.00,against_bias
2025.06.04 10:55:00,fvg,-1,3351.764,0.000,0.000,0.000,0.00,0.00,against_bias
2025.06.04 12:25:00,fvg,1,3351.145,0.000,0.000,0.000,0.00,0.00,against_bias
2025.06.04 12:55:00,fvg,1,3356.452,0.000,0.000,0.000,0.00,0.00,against_bias
2025.06.04 13:10:00,fvg,1,3359.908,0.000,0.000,0.000,0.00,0.00,against_bias
2025.06.04 13:20:00,fvg,-1,3359.505,3363.277,0.000,0.000,0.00,0.00,no_room
2025.06.04 14:10:00,fvg,1,3356.286,0.000,0.000,0.000,0.00,0.00,against_bias
2025.06.04 14:15:00,fvg,1,3363.157,3350.728,0.000,0.000,0.00,0.00,no_room
2025.06.04 14:35:00,fvg,1,3368.746,3363.424,0.000,0.000,0.00,0.00,no_room
2025.06.04 14:40:00,fvg,1,3372.072,3363.440,0.000,0.000,0.00,0.00,no_room
2025.06.04 14:45:00,fvg,1,3378.522,3368.226,0.000,0.000,0.00,0.00,no_room
2025.06.04 14:50:00,fvg,1,3381.308,3371.563,0.000,0.000,0.00,0.00,no_room
2025.06.04 15:00:00,fvg,-1,3380.895,0.000,0.000,0.000,0.00,0.00,against_bias
2025.06.04 15:05:00,fvg,-1,3378.978,0.000,0.000,0.000,0.00,0.00,against_bias
2025.06.04 15:20:00,fvg,-1,3374.340,0.000,0.000,0.000,0.00,0.00,against_bias
2025.06.05 07:10:00,fvg,1,3368.555,0.000,0.000,0.000,0.00,0.00,against_bias
2025.06.05 07:15:00,fvg,1,3370.923,0.000,0.000,0.000,0.00,0.00,against_bias
2025.06.05 07:50:00,fvg,-1,3371.376,3373.408,0.000,0.000,0.00,0.00,sl_too_tight
2025.06.05 08:10:00,fvg,1,3371.690,0.000,0.000,0.000,0.00,0.00,against_bias
2025.06.05 08:50:00,fvg,1,3374.478,0.000,0.000,0.000,0.00,0.00,against_bias
2025.06.05 09:20:00,fvg,1,3377.624,3373.795,0.000,0.000,0.00,0.00,no_room
2025.06.05 09:25:00,fvg,1,3379.241,3375.031,0.000,0.000,0.00,0.00,no_room
2025.06.05 09:30:00,fvg,1,3382.329,3377.358,0.000,0.000,0.00,0.00,no_room
2025.06.05 09:55:00,fvg,1,3386.850,3383.646,0.000,0.000,0.00,0.00,no_room
2025.06.05 10:00:00,fvg,1,3388.198,3384.295,0.000,0.000,0.00,0.00,no_room
2025.06.05 10:35:00,fvg,1,3394.190,3389.976,0.000,0.000,0.00,0.00,no_room
2025.06.05 11:25:00,fvg,-1,3399.192,0.000,0.000,0.000,0.00,0.00,against_bias
2025.06.05 12:55:00,fvg,-1,3384.711,0.000,0.000,0.000,0.00,0.00,against_bias
2025.06.05 13:40:00,fvg,1,3381.369,3376.794,0.000,0.000,0.00,0.00,no_room
2025.06.05 13:55:00,fvg,-1,3381.292,0.000,0.000,0.000,0.00,0.00,against_bias
2025.06.05 14:10:00,fvg,-1,3376.437,0.000,0.000,0.000,0.00,0.00,against_bias
2025.06.05 14:50:00,fvg,-1,3375.099,0.000,0.000,0.000,0.00,0.00,against_bias
2025.06.05 15:25:00,fvg,-1,3365.823,0.000,0.000,0.000,0.00,0.00,against_bias
2025.06.05 15:40:00,fvg,-1,3356.887,0.000,0.000,0.000,0.00,0.00,against_bias
2025.06.06 07:20:00,fvg,1,3360.595,0.000,0.000,0.000,0.00,0.00,against_bias
2025.06.06 07:55:00,fvg,-1,3355.966,3360.211,0.000,0.000,0.00,0.00,no_room
2025.06.06 08:05:00,fvg,1,3359.419,0.000,0.000,0.000,0.00,0.00,against_bias
2025.06.06 08:35:00,fvg,1,3363.311,0.000,0.000,0.000,0.00,0.00,against_bias
2025.06.06 08:50:00,fvg,1,3365.070,0.000,0.000,0.000,0.00,0.00,against_bias
2025.06.06 09:05:00,fvg,-1,3365.386,3368.060,0.000,0.000,0.00,0.00,sl_too_tight
2025.06.06 09:10:00,fvg,-1,3365.290,3368.068,0.000,0.000,0.00,0.00,sl_too_tight
2025.06.06 09:15:00,fvg,-1,3361.319,3365.666,0.000,0.000,0.00,0.00,no_room
2025.06.06 09:50:00,fvg,-1,3357.541,3359.627,0.000,0.000,0.00,0.00,sl_too_tight
2025.06.06 10:10:00,fvg,1,3357.054,0.000,0.000,0.000,0.00,0.00,against_bias
2025.06.06 11:00:00,fvg,1,3359.321,0.000,0.000,0.000,0.00,0.00,against_bias
2025.06.06 11:05:00,fvg,1,3360.587,0.000,0.000,0.000,0.00,0.00,against_bias
2025.06.06 11:10:00,fvg,1,3361.689,0.000,0.000,0.000,0.00,0.00,against_bias
2025.06.06 11:40:00,fvg,1,3362.158,0.000,0.000,0.000,0.00,0.00,against_bias
2025.06.06 12:55:00,fvg,1,3355.354,0.000,0.000,0.000,0.00,0.00,against_bias
2025.06.06 13:05:00,fvg,-1,3353.586,3359.941,0.000,0.000,0.00,0.00,no_room
2025.06.06 14:05:00,fvg,-1,3345.028,3352.799,0.000,0.000,0.00,0.00,no_room
2025.06.06 14:20:00,fvg,-1,3335.780,3343.477,0.000,0.000,0.00,0.00,no_room
2025.06.06 14:25:00,fvg,-1,3325.260,3342.793,0.000,0.000,0.00,0.00,no_room
2025.06.06 14:40:00,fvg,1,3327.831,0.000,0.000,0.000,0.00,0.00,against_bias
2025.06.06 14:45:00,fvg,1,3330.516,0.000,0.000,0.000,0.00,0.00,against_bias
2025.06.06 15:00:00,fvg,-1,3327.407,3334.438,0.000,0.000,0.00,0.00,no_room
2025.06.06 15:40:00,fvg,1,3331.938,0.000,0.000,0.000,0.00,0.00,against_bias
2025.06.09 07:30:00,fvg,1,3325.206,3322.485,0.000,0.000,0.00,0.00,sl_too_tight
2025.06.09 07:40:00,fvg,-1,3324.473,0.000,0.000,0.000,0.00,0.00,against_bias
2025.06.09 07:50:00,fvg,1,3324.538,3321.256,0.000,0.000,0.00,0.00,no_room
2025.06.09 08:55:00,fvg,-1,3322.660,0.000,0.000,0.000,0.00,0.00,against_bias
2025.06.09 09:25:00,fvg,-1,3321.303,0.000,0.000,0.000,0.00,0.00,against_bias
2025.06.09 09:30:00,fvg,-1,3319.574,0.000,0.000,0.000,0.00,0.00,against_bias
2025.06.09 09:40:00,fvg,1,3319.879,3316.581,0.000,0.000,0.00,0.00,no_room
2025.06.09 09:45:00,fvg,1,3321.026,3317.836,0.000,0.000,0.00,0.00,no_room
2025.06.09 10:05:00,fvg,-1,3319.574,0.000,0.000,0.000,0.00,0.00,against_bias
2025.06.09 10:40:00,fvg,-1,3315.621,0.000,0.000,0.000,0.00,0.00,against_bias
2025.06.09 10:45:00,fvg,-1,3315.202,0.000,0.000,0.000,0.00,0.00,against_bias
2025.06.09 11:05:00,fvg,1,3314.165,3311.878,0.000,0.000,0.00,0.00,sl_too_tight
2025.06.09 11:10:00,fvg,1,3314.950,3312.064,0.000,0.000,0.00,0.00,sl_too_tight
2025.06.09 11:15:00,fvg,1,3316.141,3313.959,0.000,0.000,0.00,0.00,sl_too_tight
2025.06.09 12:00:00,fvg,-1,3317.891,0.000,0.000,0.000,0.00,0.00,against_bias
2025.06.09 12:15:00,fvg,-1,3316.428,0.000,0.000,0.000,0.00,0.00,against_bias
2025.06.09 12:35:00,fvg,1,3317.723,3312.638,0.000,0.000,0.00,0.00,no_room
2025.06.09 12:40:00,fvg,1,3318.803,3313.931,0.000,0.000,0.00,0.00,no_room
2025.06.09 12:55:00,fvg,-1,3318.449,0.000,0.000,0.000,0.00,0.00,against_bias
2025.06.09 13:10:00,fvg,-1,3317.157,0.000,0.000,0.000,0.00,0.00,against_bias
2025.06.09 13:25:00,fvg,-1,3314.987,0.000,0.000,0.000,0.00,0.00,against_bias
2025.06.09 13:55:00,fvg,1,3317.519,3312.098,0.000,0.000,0.00,0.00,no_room
2025.06.09 14:15:00,fvg,1,3321.707,3316.946,0.000,0.000,0.00,0.00,no_room
2025.06.09 14:40:00,fvg,-1,3319.746,0.000,0.000,0.000,0.00,0.00,against_bias
2025.06.09 14:55:00,fvg,1,3319.694,3315.772,0.000,0.000,0.00,0.00,no_room
2025.06.09 15:10:00,fvg,1,3321.379,3319.688,0.000,0.000,0.00,0.00,sl_too_tight
2025.06.09 15:25:00,fvg,1,3325.432,3322.187,0.000,0.000,0.00,0.00,no_room
2025.06.09 15:30:00,fvg,1,3328.664,3322.981,0.000,0.000,0.00,0.00,no_room
2025.06.10 07:25:00,fvg,-1,3326.545,0.000,0.000,0.000,0.00,0.00,against_bias
2025.06.10 07:35:00,fvg,1,3327.675,3323.672,0.000,0.000,0.00,0.00,no_room
2025.06.10 07:40:00,fvg,1,3329.089,3323.684,0.000,0.000,0.00,0.00,no_room
2025.06.10 08:20:00,fvg,1,3331.755,3326.556,0.000,0.000,0.00,0.00,no_room
2025.06.10 08:30:00,fvg,-1,3330.845,0.000,0.000,0.000,0.00,0.00,against_bias
2025.06.10 09:00:00,fvg,1,3328.103,3325.944,0.000,0.000,0.00,0.00,sl_too_tight
2025.06.10 09:35:00,fvg,-1,3329.357,0.000,0.000,0.000,0.00,0.00,against_bias
2025.06.10 10:30:00,fvg,1,3332.740,3328.210,0.000,0.000,0.00,0.00,no_room
2025.06.10 11:00:00,fvg,1,3334.472,3332.626,0.000,0.000,0.00,0.00,sl_too_tight
2025.06.10 11:20:00,fvg,1,3338.986,3333.713,0.000,0.000,0.00,0.00,no_room
2025.06.10 11:25:00,fvg,1,3339.800,3336.023,0.000,0.000,0.00,0.00,no_room
2025.06.10 11:50:00,fvg,-1,3338.108,0.000,0.000,0.000,0.00,0.00,against_bias
2025.06.10 12:00:00,fvg,-1,3335.113,0.000,0.000,0.000,0.00,0.00,against_bias
2025.06.10 12:15:00,fvg,-1,3332.590,0.000,0.000,0.000,0.00,0.00,against_bias
2025.06.10 12:30:00,fvg,1,3335.563,3327.899,0.000,0.000,0.00,0.00,no_room
2025.06.10 13:30:00,fvg,1,3341.563,3337.830,0.000,0.000,0.00,0.00,no_room
2025.06.10 13:50:00,fvg,1,3345.573,3342.262,0.000,0.000,0.00,0.00,no_room
2025.06.10 14:05:00,fvg,-1,3343.727,0.000,0.000,0.000,0.00,0.00,against_bias
2025.06.10 14:10:00,fvg,-1,3341.490,0.000,0.000,0.000,0.00,0.00,against_bias
2025.06.11 07:25:00,fvg,1,3338.364,3334.926,0.000,0.000,0.00,0.00,no_room
2025.06.11 07:50:00,fvg,1,3339.725,3335.878,0.000,0.000,0.00,0.00,no_room
2025.06.11 07:55:00,fvg,1,3342.233,3335.858,0.000,0.000,0.00,0.00,no_room
2025.06.11 08:00:00,fvg,1,3345.275,3339.452,0.000,0.000,0.00,0.00,no_room
2025.06.11 09:05:00,fvg,-1,3344.701,0.000,0.000,0.000,0.00,0.00,against_bias
2025.06.11 09:10:00,fvg,-1,3341.323,0.000,0.000,0.000,0.00,0.00,against_bias
2025.06.11 09:55:00,fvg,-1,3335.479,0.000,0.000,0.000,0.00,0.00,against_bias
2025.06.11 10:35:00,fvg,-1,3333.742,3335.579,0.000,0.000,0.00,0.00,sl_too_tight
2025.06.11 11:40:00,fvg,1,3332.121,0.000,0.000,0.000,0.00,0.00,against_bias
2025.06.11 11:45:00,fvg,1,3333.004,0.000,0.000,0.000,0.00,0.00,against_bias
2025.06.11 12:20:00,fvg,1,3333.621,0.000,0.000,0.000,0.00,0.00,against_bias
2025.06.11 12:25:00,fvg,1,3337.664,0.000,0.000,0.000,0.00,0.00,against_bias
2025.06.11 12:30:00,fvg,1,3339.740,0.000,0.000,0.000,0.00,0.00,against_bias
2025.06.11 12:40:00,fvg,1,3355.478,0.000,0.000,0.000,0.00,0.00,against_bias
2025.06.11 12:55:00,fvg,-1,3352.703,0.000,0.000,0.000,0.00,0.00,against_bias
2025.06.11 13:00:00,fvg,-1,3343.180,0.000,0.000,0.000,0.00,0.00,against_bias
2025.06.11 13:05:00,fvg,-1,3339.175,0.000,0.000,0.000,0.00,0.00,against_bias
2025.06.11 13:35:00,fvg,-1,3338.553,0.000,0.000,0.000,0.00,0.00,against_bias
2025.06.11 13:50:00,fvg,-1,3334.523,0.000,0.000,0.000,0.00,0.00,against_bias
2025.06.11 14:50:00,fvg,1,3337.870,3333.376,0.000,0.000,0.00,0.00,no_room
2025.06.11 15:50:00,fvg,-1,3335.741,0.000,0.000,0.000,0.00,0.00,against_bias
2025.06.11 15:55:00,fvg,-1,3334.169,0.000,0.000,0.000,0.00,0.00,against_bias
2025.06.12 07:10:00,fvg,-1,3373.536,0.000,0.000,0.000,0.00,0.00,against_bias
2025.06.12 07:15:00,fvg,-1,3372.830,0.000,0.000,0.000,0.00,0.00,against_bias
2025.06.12 07:40:00,fvg,-1,3362.058,0.000,0.000,0.000,0.00,0.00,against_bias
2025.06.12 07:45:00,fvg,-1,3354.538,3370.969,0.000,0.000,0.00,0.00,no_room
2025.06.12 07:50:00,fvg,-1,3345.266,3362.530,0.000,0.000,0.00,0.00,no_room
2025.06.12 08:05:00,fvg,1,3346.192,0.000,0.000,0.000,0.00,0.00,against_bias
2025.06.12 08:25:00,fvg,1,3354.661,0.000,0.000,0.000,0.00,0.00,against_bias
2025.06.12 08:35:00,fvg,1,3357.650,0.000,0.000,0.000,0.00,0.00,against_bias
2025.06.12 09:05:00,fvg,-1,3357.896,3360.562,0.000,0.000,0.00,0.00,sl_too_tight
2025.06.12 09:15:00,fvg,1,3358.480,0.000,0.000,0.000,0.00,0.00,against_bias
2025.06.12 09:20:00,fvg,1,3360.838,0.000,0.000,0.000,0.00,0.00,against_bias
2025.06.12 09:55:00,fvg,1,3363.982,0.000,0.000,0.000,0.00,0.00,against_bias
2025.06.12 10:10:00,fvg,-1,3363.901,3367.307,0.000,0.000,0.00,0.00,no_room
2025.06.12 10:20:00,fvg,1,3366.348,0.000,0.000,0.000,0.00,0.00,against_bias
2025.06.12 10:25:00,fvg,1,3370.631,0.000,0.000,0.000,0.00,0.00,against_bias
2025.06.12 10:35:00,fvg,1,3379.182,3370.224,0.000,0.000,0.00,0.00,no_room
2025.06.12 10:40:00,fvg,1,3380.909,3372.815,0.000,0.000,0.00,0.00,no_room
2025.06.12 11:10:00,fvg,1,3383.612,3380.873,0.000,0.000,0.00,0.00,sl_too_tight
2025.06.12 11:45:00,fvg,-1,3377.134,0.000,0.000,0.000,0.00,0.00,against_bias
2025.06.12 13:20:00,fvg,-1,3385.971,0.000,0.000,0.000,0.00,0.00,against_bias
2025.06.12 13:40:00,fvg,1,3387.718,3378.862,0.000,0.000,0.00,0.00,no_room
2025.06.12 13:45:00,fvg,1,3389.929,3380.048,0.000,0.000,0.00,0.00,no_room
2025.06.12 15:15:00,fvg,-1,3382.745,0.000,0.000,0.000,0.00,0.00,against_bias
2025.06.12 15:30:00,fvg,1,3386.734,3377.340,0.000,0.000,0.00,0.00,no_room
2025.06.13 08:20:00,fvg,1,3420.464,3415.419,3428.329,3436.194,4.90,4.91,signal
2025.06.13 10:25:00,fvg,-1,3418.521,0.000,0.000,0.000,0.00,0.00,against_bias
2025.06.13 10:45:00,fvg,-1,3417.316,0.000,0.000,0.000,0.00,0.00,against_bias
2025.06.13 11:20:00,fvg,1,3416.400,3412.790,0.000,0.000,0.00,0.00,no_room
2025.06.13 11:25:00,fvg,1,3417.363,3413.496,0.000,0.000,0.00,0.00,no_room
2025.06.13 12:10:00,fvg,1,3423.517,3419.350,0.000,0.000,0.00,0.00,no_room
2025.06.13 12:35:00,fvg,1,3426.613,3421.424,0.000,0.000,0.00,0.00,no_room
2025.06.13 12:45:00,fvg,1,3430.912,3426.279,0.000,0.000,0.00,0.00,no_room
2025.06.13 13:00:00,fvg,1,3435.861,3429.222,3443.902,3451.943,3.69,3.69,signal
2025.06.13 14:20:00,fvg,-1,3431.028,0.000,0.000,0.000,0.00,0.00,against_bias
2025.06.13 14:35:00,fvg,1,3433.676,3425.629,0.000,0.000,0.00,0.00,no_room
2025.06.13 15:00:00,fvg,-1,3429.729,0.000,0.000,0.000,0.00,0.00,against_bias
2025.06.13 15:35:00,fvg,-1,3426.216,0.000,0.000,0.000,0.00,0.00,against_bias
2025.06.13 15:40:00,fvg,-1,3425.017,0.000,0.000,0.000,0.00,0.00,against_bias
2025.06.16 07:20:00,fvg,-1,3412.862,3420.225,0.000,0.000,0.00,0.00,no_room
2025.06.16 07:55:00,fvg,-1,3413.489,3416.488,0.000,0.000,0.00,0.00,sl_too_tight
2025.06.16 08:20:00,fvg,1,3414.208,0.000,0.000,0.000,0.00,0.00,against_bias
2025.06.16 09:15:00,fvg,1,3416.789,0.000,0.000,0.000,0.00,0.00,against_bias
2025.06.16 09:30:00,fvg,1,3417.697,0.000,0.000,0.000,0.00,0.00,against_bias
2025.06.16 09:55:00,fvg,-1,3414.455,3418.998,0.000,0.000,0.00,0.00,no_room
2025.06.16 10:00:00,fvg,-1,3413.374,3416.765,0.000,0.000,0.00,0.00,no_room
2025.06.16 10:40:00,fvg,1,3416.095,0.000,0.000,0.000,0.00,0.00,against_bias
2025.06.16 10:45:00,fvg,1,3417.418,0.000,0.000,0.000,0.00,0.00,against_bias
2025.06.16 10:50:00,fvg,1,3418.415,0.000,0.000,0.000,0.00,0.00,against_bias
2025.06.16 11:25:00,fvg,1,3419.992,0.000,0.000,0.000,0.00,0.00,against_bias
2025.06.16 11:35:00,fvg,-1,3419.989,3422.936,0.000,0.000,0.00,0.00,sl_too_tight
2025.06.16 11:40:00,fvg,-1,3419.210,3422.757,0.000,0.000,0.00,0.00,no_room
2025.06.16 11:50:00,fvg,-1,3415.825,3419.817,0.000,0.000,0.00,0.00,no_room
2025.06.16 13:00:00,fvg,1,3415.266,0.000,0.000,0.000,0.00,0.00,against_bias
2025.06.16 13:45:00,fvg,-1,3412.553,3417.881,0.000,0.000,0.00,0.00,no_room
2025.06.16 14:00:00,fvg,-1,3394.241,3410.940,0.000,0.000,0.00,0.00,no_room
2025.06.16 14:55:00,fvg,1,3395.806,0.000,0.000,0.000,0.00,0.00,against_bias
2025.06.16 15:10:00,fvg,1,3399.320,0.000,0.000,0.000,0.00,0.00,against_bias
2025.06.16 15:35:00,fvg,1,3403.197,0.000,0.000,0.000,0.00,0.00,against_bias
2025.06.16 15:55:00,fvg,-1,3403.510,3405.504,0.000,0.000,0.00,0.00,sl_too_tight
2025.06.17 07:10:00,fvg,1,3387.004,0.000,0.000,0.000,0.00,0.00,against_bias
2025.06.17 07:25:00,fvg,1,3388.456,0.000,0.000,0.000,0.00,0.00,against_bias
2025.06.17 07:35:00,fvg,-1,3388.379,3391.539,0.000,0.000,0.00,0.00,no_room
2025.06.17 07:40:00,fvg,-1,3386.563,3391.532,0.000,0.000,0.00,0.00,no_room
2025.06.17 07:50:00,fvg,1,3387.850,0.000,0.000,0.000,0.00,0.00,against_bias
2025.06.17 08:15:00,fvg,-1,3386.565,3388.964,0.000,0.000,0.00,0.00,sl_too_tight
2025.06.17 10:05:00,fvg,1,3385.327,0.000,0.000,0.000,0.00,0.00,against_bias
2025.06.17 10:10:00,fvg,1,3386.599,0.000,0.000,0.000,0.00,0.00,against_bias
2025.06.17 10:15:00,fvg,1,3387.335,0.000,0.000,0.000,0.00,0.00,against_bias
2025.06.17 10:20:00,fvg,1,3391.402,0.000,0.000,0.000,0.00,0.00,against_bias
2025.06.17 10:25:00,fvg,1,3393.137,0.000,0.000,0.000,0.00,0.00,against_bias
2025.06.17 10:45:00,fvg,1,3395.757,3392.527,0.000,0.000,0.00,0.00,no_room
2025.06.17 11:25:00,fvg,-1,3396.614,0.000,0.000,0.000,0.00,0.00,against_bias
2025.06.17 11:30:00,fvg,-1,3394.769,0.000,0.000,0.000,0.00,0.00,against_bias
2025.06.17 12:00:00,fvg,-1,3392.850,0.000,0.000,0.000,0.00,0.00,against_bias
2025.06.17 12:05:00,fvg,-1,3388.744,0.000,0.000,0.000,0.00,0.00,against_bias
2025.06.17 12:10:00,fvg,-1,3387.636,0.000,0.000,0.000,0.00,0.00,against_bias
2025.06.17 13:15:00,fvg,1,3389.795,3385.438,0.000,0.000,0.00,0.00,no_room
2025.06.17 13:20:00,fvg,1,3393.269,3387.683,0.000,0.000,0.00,0.00,no_room
2025.06.17 14:10:00,fvg,-1,3389.539,0.000,0.000,0.000,0.00,0.00,against_bias
2025.06.17 14:35:00,fvg,-1,3383.829,0.000,0.000,0.000,0.00,0.00,against_bias
2025.06.17 14:40:00,fvg,-1,3376.447,0.000,0.000,0.000,0.00,0.00,against_bias
2025.06.17 14:55:00,fvg,1,3377.423,0.000,0.000,0.000,0.00,0.00,against_bias
2025.06.17 15:00:00,fvg,1,3382.886,0.000,0.000,0.000,0.00,0.00,against_bias
2025.06.17 15:05:00,fvg,1,3383.952,0.000,0.000,0.000,0.00,0.00,against_bias
2025.06.17 15:35:00,fvg,-1,3382.025,3387.203,0.000,0.000,0.00,0.00,price_inside_zone
2025.06.17 15:55:00,fvg,-1,3375.916,3379.188,0.000,0.000,0.00,0.00,no_room
2025.06.18 07:45:00,fvg,1,3383.251,3376.751,0.000,0.000,0.00,0.00,no_room
2025.06.18 08:10:00,fvg,1,3386.653,3384.083,0.000,0.000,0.00,0.00,sl_too_tight
2025.06.18 08:20:00,fvg,-1,3386.623,0.000,0.000,0.000,0.00,0.00,against_bias
2025.06.18 08:40:00,fvg,-1,3385.692,0.000,0.000,0.000,0.00,0.00,against_bias
2025.06.18 09:20:00,fvg,-1,3382.819,0.000,0.000,0.000,0.00,0.00,against_bias
2025.06.18 09:40:00,fvg,-1,3381.752,0.000,0.000,0.000,0.00,0.00,against_bias
2025.06.18 09:55:00,fvg,-1,3379.967,0.000,0.000,0.000,0.00,0.00,against_bias
2025.06.18 10:00:00,fvg,-1,3378.632,0.000,0.000,0.000,0.00,0.00,against_bias
2025.06.18 10:30:00,fvg,-1,3377.881,3379.682,0.000,0.000,0.00,0.00,sl_too_tight
2025.06.18 10:40:00,fvg,1,3379.708,0.000,0.000,0.000,0.00,0.00,against_bias
2025.06.18 10:50:00,fvg,-1,3378.576,3382.651,0.000,0.000,0.00,0.00,no_room
2025.06.18 11:05:00,fvg,1,3379.945,0.000,0.000,0.000,0.00,0.00,against_bias
2025.06.18 11:15:00,fvg,1,3381.505,0.000,0.000,0.000,0.00,0.00,against_bias
2025.06.18 11:25:00,fvg,1,3382.977,0.000,0.000,0.000,0.00,0.00,against_bias
2025.06.18 11:30:00,fvg,1,3383.784,0.000,0.000,0.000,0.00,0.00,against_bias
2025.06.18 11:35:00,fvg,1,3385.037,0.000,0.000,0.000,0.00,0.00,against_bias
2025.06.18 11:45:00,fvg,-1,3384.748,3387.273,0.000,0.000,0.00,0.00,sl_too_tight
2025.06.18 12:30:00,fvg,1,3386.322,0.000,0.000,0.000,0.00,0.00,against_bias
2025.06.18 13:10:00,fvg,1,3388.246,3385.297,0.000,0.000,0.00,0.00,sl_too_tight
2025.06.18 13:15:00,fvg,1,3389.755,3385.341,0.000,0.000,0.00,0.00,no_room
2025.06.18 13:20:00,fvg,1,3390.622,3387.978,0.000,0.000,0.00,0.00,sl_too_tight
2025.06.18 14:10:00,fvg,-1,3390.609,0.000,0.000,0.000,0.00,0.00,against_bias
2025.06.18 14:25:00,fvg,-1,3381.633,0.000,0.000,0.000,0.00,0.00,against_bias
2025.06.18 14:35:00,fvg,1,3382.613,3373.357,0.000,0.000,0.00,0.00,no_room
2025.06.18 14:40:00,fvg,1,3384.873,3376.285,0.000,0.000,0.00,0.00,no_room
2025.06.18 15:30:00,fvg,1,3387.350,3380.779,0.000,0.000,0.00,0.00,no_room
2025.06.18 15:55:00,fvg,1,3390.060,3386.111,0.000,0.000,0.00,0.00,no_room
2025.06.19 07:25:00,fvg,-1,3354.615,3359.104,0.000,0.000,0.00,0.00,no_room
2025.06.19 07:45:00,fvg,1,3365.307,0.000,0.000,0.000,0.00,0.00,against_bias
2025.06.19 08:30:00,fvg,1,3365.366,0.000,0.000,0.000,0.00,0.00,against_bias
2025.06.19 08:50:00,fvg,1,3368.250,0.000,0.000,0.000,0.00,0.00,against_bias
2025.06.19 09:05:00,fvg,-1,3369.436,3371.354,0.000,0.000,0.00,0.00,sl_too_tight
2025.06.19 09:10:00,fvg,-1,3366.998,3370.395,0.000,0.000,0.00,0.00,no_room
2025.06.19 09:20:00,fvg,1,3367.374,0.000,0.000,0.000,0.00,0.00,against_bias
2025.06.19 09:25:00,fvg,1,3368.989,0.000,0.000,0.000,0.00,0.00,against_bias
2025.06.19 09:30:00,fvg,1,3372.059,0.000,0.000,0.000,0.00,0.00,against_bias
2025.06.19 09:40:00,fvg,-1,3372.046,3373.935,0.000,0.000,0.00,0.00,sl_too_tight
2025.06.19 10:10:00,fvg,1,3371.467,0.000,0.000,0.000,0.00,0.00,against_bias
2025.06.19 10:15:00,fvg,1,3371.727,0.000,0.000,0.000,0.00,0.00,against_bias
2025.06.19 11:00:00,fvg,-1,3374.998,0.000,0.000,0.000,0.00,0.00,against_bias
2025.06.19 11:45:00,fvg,-1,3373.338,0.000,0.000,0.000,0.00,0.00,against_bias
2025.06.19 12:00:00,fvg,-1,3372.135,0.000,0.000,0.000,0.00,0.00,against_bias
2025.06.19 12:15:00,fvg,-1,3368.706,0.000,0.000,0.000,0.00,0.00,against_bias
2025.06.19 12:20:00,fvg,-1,3367.652,0.000,0.000,0.000,0.00,0.00,against_bias
2025.06.19 12:40:00,fvg,1,3367.375,3364.296,0.000,0.000,0.00,0.00,no_room
2025.06.19 13:50:00,fvg,1,3367.756,3361.827,0.000,0.000,0.00,0.00,no_room
2025.06.19 14:30:00,fvg,-1,3364.843,0.000,0.000,0.000,0.00,0.00,against_bias
2025.06.19 16:00:00,fvg,1,3368.443,3365.087,0.000,0.000,0.00,0.00,no_room
2025.06.20 07:10:00,fvg,1,3347.432,0.000,0.000,0.000,0.00,0.00,against_bias
2025.06.20 07:15:00,fvg,1,3351.551,0.000,0.000,0.000,0.00,0.00,against_bias
2025.06.20 07:45:00,fvg,-1,3349.380,3352.406,0.000,0.000,0.00,0.00,no_room
2025.06.20 08:25:00,fvg,1,3348.702,0.000,0.000,0.000,0.00,0.00,against_bias
2025.06.20 09:15:00,fvg,1,3352.858,0.000,0.000,0.000,0.00,0.00,against_bias
2025.06.20 09:35:00,fvg,1,3355.526,3352.359,0.000,0.000,0.00,0.00,no_room
2025.06.20 09:55:00,fvg,-1,3356.683,0.000,0.000,0.000,0.00,0.00,against_bias
2025.06.20 11:10:00,fvg,-1,3355.038,0.000,0.000,0.000,0.00,0.00,against_bias
2025.06.20 11:25:00,fvg,-1,3353.731,0.000,0.000,0.000,0.00,0.00,against_bias
2025.06.20 11:30:00,fvg,-1,3353.194,0.000,0.000,0.000,0.00,0.00,against_bias
2025.06.20 11:55:00,fvg,-1,3351.421,0.000,0.000,0.000,0.00,0.00,against_bias
2025.06.20 13:15:00,fvg,1,3348.680,3342.627,0.000,0.000,0.00,0.00,no_room
2025.06.20 13:20:00,fvg,1,3350.611,3345.847,0.000,0.000,0.00,0.00,no_room
2025.06.20 13:30:00,fvg,1,3355.488,3350.241,0.000,0.000,0.00,0.00,no_room
2025.06.20 13:35:00,fvg,1,3356.543,3351.013,0.000,0.000,0.00,0.00,no_room
2025.06.20 13:40:00,fvg,1,3359.376,3355.090,0.000,0.000,0.00,0.00,no_room
2025.06.20 13:45:00,fvg,1,3362.479,3356.176,0.000,0.000,0.00,0.00,no_room
2025.06.20 13:55:00,fvg,1,3366.826,3362.108,0.000,0.000,0.00,0.00,no_room
2025.06.20 14:00:00,fvg,1,3369.939,3363.668,0.000,0.000,0.00,0.00,no_room
2025.06.20 14:25:00,fvg,-1,3369.267,0.000,0.000,0.000,0.00,0.00,against_bias
2025.06.20 15:00:00,fvg,1,3368.944,3364.847,0.000,0.000,0.00,0.00,no_room
2025.06.20 15:15:00,fvg,-1,3369.143,0.000,0.000,0.000,0.00,0.00,against_bias
2025.06.20 15:20:00,fvg,-1,3368.055,0.000,0.000,0.000,0.00,0.00,against_bias
2025.06.20 16:00:00,fvg,1,3368.306,3366.117,0.000,0.000,0.00,0.00,sl_too_tight
2025.06.23 07:35:00,fvg,1,3355.624,0.000,0.000,0.000,0.00,0.00,against_bias
2025.06.23 08:10:00,fvg,1,3360.308,0.000,0.000,0.000,0.00,0.00,against_bias
2025.06.23 09:05:00,fvg,1,3361.571,0.000,0.000,0.000,0.00,0.00,against_bias
2025.06.23 09:10:00,fvg,1,3362.589,0.000,0.000,0.000,0.00,0.00,against_bias
2025.06.23 09:20:00,fvg,1,3365.206,3362.344,0.000,0.000,0.00,0.00,sl_too_tight
2025.06.23 09:40:00,fvg,-1,3364.239,0.000,0.000,0.000,0.00,0.00,against_bias
2025.06.23 09:50:00,fvg,1,3364.459,3361.528,0.000,0.000,0.00,0.00,sl_too_tight
2025.06.23 09:55:00,fvg,1,3365.772,3362.224,0.000,0.000,0.00,0.00,no_room
2025.06.23 10:25:00,fvg,1,3366.075,3363.915,0.000,0.000,0.00,0.00,sl_too_tight
2025.06.23 11:05:00,fvg,1,3367.838,3365.527,0.000,0.000,0.00,0.00,sl_too_tight
2025.06.23 11:10:00,fvg,1,3371.010,3366.247,0.000,0.000,0.00,0.00,no_room
2025.06.23 11:15:00,fvg,1,3371.950,3367.648,0.000,0.000,0.00,0.00,no_room
2025.06.23 11:20:00,fvg,1,3374.486,3370.820,0.000,0.000,0.00,0.00,no_room
2025.06.23 11:25:00,fvg,1,3375.185,3371.722,0.000,0.000,0.00,0.00,no_room
2025.06.23 12:15:00,fvg,-1,3371.509,0.000,0.000,0.000,0.00,0.00,against_bias
2025.06.23 12:20:00,fvg,-1,3369.216,0.000,0.000,0.000,0.00,0.00,against_bias
2025.06.23 12:25:00,fvg,-1,3364.566,0.000,0.000,0.000,0.00,0.00,against_bias
2025.06.23 12:40:00,fvg,-1,3359.620,0.000,0.000,0.000,0.00,0.00,against_bias
2025.06.23 12:55:00,fvg,1,3361.356,3357.804,0.000,0.000,0.00,0.00,no_room
2025.06.23 13:10:00,fvg,1,3362.155,3359.363,0.000,0.000,0.00,0.00,sl_too_tight
2025.06.23 13:20:00,fvg,1,3366.588,3361.810,0.000,0.000,0.00,0.00,no_room
2025.06.23 13:40:00,fvg,1,3373.817,3365.976,0.000,0.000,0.00,0.00,no_room
2025.06.23 13:45:00,fvg,1,3376.266,3367.940,0.000,0.000,0.00,0.00,no_room
2025.06.23 13:50:00,fvg,1,3378.861,3373.453,0.000,0.000,0.00,0.00,no_room
2025.06.23 14:10:00,fvg,-1,3376.377,0.000,0.000,0.000,0.00,0.00,against_bias
2025.06.23 14:25:00,fvg,1,3377.745,3370.970,0.000,0.000,0.00,0.00,no_room
2025.06.23 14:50:00,fvg,1,3383.059,3378.166,0.000,0.000,0.00,0.00,no_room
2025.06.23 15:00:00,fvg,1,3384.582,3382.607,0.000,0.000,0.00,0.00,sl_too_tight
2025.06.23 15:20:00,fvg,1,3386.782,3384.171,0.000,0.000,0.00,0.00,sl_too_tight
2025.06.24 07:40:00,fvg,1,3325.063,0.000,0.000,0.000,0.00,0.00,against_bias
2025.06.24 08:00:00,fvg,1,3326.896,0.000,0.000,0.000,0.00,0.00,against_bias
2025.06.24 08:30:00,fvg,-1,3328.426,3332.721,0.000,0.000,0.00,0.00,no_room
2025.06.24 09:10:00,fvg,-1,3325.428,3329.067,0.000,0.000,0.00,0.00,no_room
2025.06.24 10:10:00,fvg,1,3320.577,0.000,0.000,0.000,0.00,0.00,against_bias
2025.06.24 10:20:00,fvg,1,3322.826,0.000,0.000,0.000,0.00,0.00,against_bias
2025.06.24 10:40:00,fvg,1,3325.907,0.000,0.000,0.000,0.00,0.00,against_bias
2025.06.24 11:35:00,fvg,-1,3324.582,3328.809,0.000,0.000,0.00,0.00,no_room
2025.06.24 11:55:00,fvg,-1,3321.089,3324.664,0.000,0.000,0.00,0.00,no_room
2025.06.24 12:20:00,fvg,-1,3316.134,3321.141,0.000,0.000,0.00,0.00,no_room
2025.06.24 12:35:00,fvg,-1,3313.517,3319.300,0.000,0.000,0.00,0.00,no_room
2025.06.24 12:40:00,fvg,-1,3309.711,3317.847,0.000,0.000,0.00,0.00,price_inside_zone
2025.06.24 12:55:00,fvg,1,3312.728,0.000,0.000,0.000,0.00,0.00,against_bias
2025.06.24 13:30:00,fvg,-1,3313.427,3318.450,0.000,0.000,0.00,0.00,no_room
2025.06.24 13:40:00,fvg,-1,3309.425,3314.040,0.000,0.000,0.00,0.00,no_room
2025.06.24 13:45:00,fvg,-1,3302.213,3314.038,0.000,0.000,0.00,0.00,no_room
2025.06.24 14:25:00,fvg,-1,3304.821,3310.813,0.000,0.000,0.00,0.00,no_room
2025.06.24 14:35:00,fvg,1,3304.898,0.000,0.000,0.000,0.00,0.00,against_bias
2025.06.24 15:05:00,fvg,-1,3304.589,3308.699,0.000,0.000,0.00,0.00,no_room
2025.06.24 15:10:00,fvg,-1,3303.069,3307.764,0.000,0.000,0.00,0.00,no_room
2025.06.24 15:25:00,fvg,1,3304.016,0.000,0.000,0.000,0.00,0.00,against_bias
2025.06.24 15:30:00,fvg,1,3306.270,0.000,0.000,0.000,0.00,0.00,against_bias
2025.06.24 15:35:00,fvg,1,3312.049,0.000,0.000,0.000,0.00,0.00,against_bias
2025.06.25 07:10:00,fvg,-1,3330.845,0.000,0.000,0.000,0.00,0.00,against_bias
2025.06.25 07:15:00,fvg,-1,3330.245,0.000,0.000,0.000,0.00,0.00,against_bias
2025.06.25 07:20:00,fvg,-1,3328.006,0.000,0.000,0.000,0.00,0.00,against_bias
2025.06.25 07:30:00,fvg,1,3329.779,3326.522,0.000,0.000,0.00,0.00,no_room
2025.06.25 07:35:00,fvg,1,3332.017,3326.514,0.000,0.000,0.00,0.00,no_room
2025.06.25 08:00:00,fvg,-1,3331.703,0.000,0.000,0.000,0.00,0.00,against_bias
2025.06.25 08:20:00,fvg,-1,3328.912,0.000,0.000,0.000,0.00,0.00,against_bias
2025.06.25 08:35:00,fvg,1,3328.383,3326.368,0.000,0.000,0.00,0.00,sl_too_tight
2025.06.25 08:55:00,fvg,-1,3328.968,0.000,0.000,0.000,0.00,0.00,against_bias
2025.06.25 09:00:00,fvg,-1,3328.013,0.000,0.000,0.000,0.00,0.00,against_bias
2025.06.25 09:05:00,fvg,-1,3327.323,0.000,0.000,0.000,0.00,0.00,against_bias
2025.06.25 09:10:00,fvg,-1,3326.629,0.000,0.000,0.000,0.00,0.00,against_bias
2025.06.25 09:15:00,fvg,-1,3324.304,3327.522,0.000,0.000,0.00,0.00,no_room
2025.06.25 10:05:00,fvg,1,3325.070,0.000,0.000,0.000,0.00,0.00,against_bias
2025.06.25 11:10:00,fvg,1,3326.015,0.000,0.000,0.000,0.00,0.00,against_bias
2025.06.25 11:15:00,fvg,1,3327.033,0.000,0.000,0.000,0.00,0.00,against_bias
2025.06.25 11:20:00,fvg,1,3328.120,0.000,0.000,0.000,0.00,0.00,against_bias
2025.06.25 11:30:00,fvg,-1,3326.964,3329.750,0.000,0.000,0.00,0.00,sl_too_tight
2025.06.25 11:50:00,fvg,-1,3325.428,3328.755,0.000,0.000,0.00,0.00,no_room
2025.06.25 12:15:00,fvg,1,3324.688,0.000,0.000,0.000,0.00,0.00,against_bias
2025.06.25 12:30:00,fvg,1,3327.474,0.000,0.000,0.000,0.00,0.00,against_bias
2025.06.25 12:40:00,fvg,-1,3326.321,3329.771,0.000,0.000,0.00,0.00,no_room
2025.06.25 12:50:00,fvg,-1,3320.716,3326.595,0.000,0.000,0.00,0.00,no_room
2025.06.25 13:10:00,fvg,-1,3318.463,3322.650,0.000,0.000,0.00,0.00,no_room
2025.06.25 14:10:00,fvg,1,3318.092,0.000,0.000,0.000,0.00,0.00,against_bias
2025.06.25 14:15:00,fvg,1,3319.412,0.000,0.000,0.000,0.00,0.00,against_bias
2025.06.25 14:55:00,fvg,1,3322.968,0.000,0.000,0.000,0.00,0.00,against_bias
2025.06.25 15:00:00,fvg,1,3323.075,0.000,0.000,0.000,0.00,0.00,against_bias
2025.06.25 15:45:00,fvg,1,3324.498,0.000,0.000,0.000,0.00,0.00,against_bias
2025.06.25 15:50:00,fvg,1,3325.280,0.000,0.000,0.000,0.00,0.00,against_bias
2025.06.26 07:05:00,fvg,1,3339.662,3336.634,0.000,0.000,0.00,0.00,no_room
2025.06.26 07:10:00,fvg,1,3341.182,3338.681,0.000,0.000,0.00,0.00,sl_too_tight
2025.06.26 09:10:00,fvg,-1,3345.098,0.000,0.000,0.000,0.00,0.00,against_bias
2025.06.26 09:20:00,fvg,-1,3342.185,0.000,0.000,0.000,0.00,0.00,against_bias
2025.06.26 10:35:00,fvg,1,3340.247,3337.651,0.000,0.000,0.00,0.00,sl_too_tight
2025.06.26 11:05:00,fvg,1,3342.050,3339.919,0.000,0.000,0.00,0.00,sl_too_tight
2025.06.26 11:40:00,fvg,-1,3336.777,0.000,0.000,0.000,0.00,0.00,against_bias
2025.06.26 11:45:00,fvg,-1,3335.654,0.000,0.000,0.000,0.00,0.00,against_bias
2025.06.26 12:10:00,fvg,1,3334.089,3331.243,0.000,0.000,0.00,0.00,sl_too_tight
2025.06.26 12:30:00,fvg,1,3336.808,3334.004,0.000,0.000,0.00,0.00,sl_too_tight
2025.06.26 12:40:00,fvg,-1,3336.084,0.000,0.000,0.000,0.00,0.00,against_bias
2025.06.26 13:00:00,fvg,-1,3327.318,3335.909,0.000,0.000,0.00,0.00,no_room
2025.06.26 13:05:00,fvg,-1,3324.885,3332.248,0.000,0.000,0.00,0.00,no_room
2025.06.26 13:25:00,fvg,1,3322.369,0.000,0.000,0.000,0.00,0.00,against_bias
2025.06.26 13:35:00,fvg,-1,3321.565,3326.132,0.000,0.000,0.00,0.00,no_room
2025.06.26 13:40:00,fvg,-1,3315.450,3325.032,0.000,0.000,0.00,0.00,no_room
2025.06.26 13:50:00,fvg,1,3319.732,0.000,0.000,0.000,0.00,0.00,against_bias
2025.06.26 13:55:00,fvg,1,3324.726,0.000,0.000,0.000,0.00,0.00,against_bias
2025.06.26 14:05:00,fvg,-1,3321.741,3329.335,0.000,0.000,0.00,0.00,no_room
2025.06.26 14:30:00,fvg,-1,3318.589,3324.475,0.000,0.000,0.00,0.00,no_room
2025.06.26 14:35:00,fvg,-1,3315.588,3322.028,0.000,0.000,0.00,0.00,no_room
2025.06.26 14:50:00,fvg,1,3317.125,0.000,0.000,0.000,0.00,0.00,against_bias
2025.06.26 15:10:00,fvg,1,3320.513,0.000,0.000,0.000,0.00,0.00,against_bias
2025.06.26 16:00:00,fvg,1,3324.022,0.000,0.000,0.000,0.00,0.00,against_bias
2025.06.27 07:15:00,fvg,-1,3288.576,3295.760,0.000,0.000,0.00,0.00,no_room
2025.06.27 08:50:00,fvg,1,3287.623,0.000,0.000,0.000,0.00,0.00,against_bias
2025.06.27 08:55:00,fvg,1,3288.436,0.000,0.000,0.000,0.00,0.00,against_bias
2025.06.27 10:00:00,fvg,-1,3285.597,3288.298,0.000,0.000,0.00,0.00,sl_too_tight
2025.06.27 10:15:00,fvg,1,3288.350,0.000,0.000,0.000,0.00,0.00,against_bias
2025.06.27 10:50:00,fvg,-1,3285.373,3287.850,0.000,0.000,0.00,0.00,sl_too_tight
2025.06.27 11:05:00,fvg,1,3285.449,0.000,0.000,0.000,0.00,0.00,against_bias
2025.06.27 11:15:00,fvg,-1,3285.413,3288.242,0.000,0.000,0.00,0.00,sl_too_tight
2025.06.27 11:55:00,fvg,-1,3280.226,3283.235,0.000,0.000,0.00,0.00,no_room
2025.06.27 12:15:00,fvg,-1,3278.044,3282.666,0.000,0.000,0.00,0.00,no_room
2025.06.27 12:30:00,fvg,1,3278.133,0.000,0.000,0.000,0.00,0.00,against_bias
2025.06.27 12:40:00,fvg,-1,3276.924,3281.775,0.000,0.000,0.00,0.00,no_room
2025.06.27 13:05:00,fvg,-1,3270.756,3276.804,0.000,0.000,0.00,0.00,no_room
2025.06.27 13:10:00,fvg,-1,3268.899,3273.153,0.000,0.000,0.00,0.00,no_room
2025.06.27 13:30:00,fvg,-1,3259.408,3264.557,0.000,0.000,0.00,0.00,no_room
2025.06.27 13:55:00,fvg,1,3269.460,0.000,0.000,0.000,0.00,0.00,against_bias
2025.06.27 14:00:00,fvg,1,3271.764,0.000,0.000,0.000,0.00,0.00,against_bias
2025.06.27 14:20:00,fvg,-1,3270.925,3277.809,0.000,0.000,0.00,0.00,no_room
2025.06.27 14:25:00,fvg,-1,3269.697,3275.645,0.000,0.000,0.00,0.00,no_room
2025.06.27 14:35:00,fvg,1,3273.102,0.000,0.000,0.000,0.00,0.00,against_bias
2025.06.27 14:45:00,fvg,-1,3269.592,3278.611,0.000,0.000,0.00,0.00,no_room
2025.06.27 15:05:00,fvg,1,3271.618,0.000,0.000,0.000,0.00,0.00,against_bias
2025.06.30 08:00:00,fvg,-1,3293.525,0.000,0.000,0.000,0.00,0.00,against_bias
2025.06.30 08:10:00,fvg,1,3294.834,3290.487,0.000,0.000,0.00,0.00,no_room
2025.06.30 08:20:00,fvg,-1,3294.769,0.000,0.000,0.000,0.00,0.00,against_bias
2025.06.30 08:45:00,fvg,-1,3290.645,0.000,0.000,0.000,0.00,0.00,against_bias
2025.06.30 09:10:00,fvg,-1,3287.265,0.000,0.000,0.000,0.00,0.00,against_bias
2025.06.30 09:15:00,fvg,-1,3283.830,0.000,0.000,0.000,0.00,0.00,against_bias
2025.06.30 09:30:00,fvg,1,3284.244,3281.797,0.000,0.000,0.00,0.00,sl_too_tight
2025.06.30 09:40:00,fvg,-1,3283.956,0.000,0.000,0.000,0.00,0.00,against_bias
2025.06.30 09:50:00,fvg,1,3284.547,3278.348,0.000,0.000,0.00,0.00,no_room
2025.06.30 10:05:00,fvg,1,3287.361,3285.457,0.000,0.000,0.00,0.00,sl_too_tight
2025.06.30 10:45:00,fvg,-1,3285.546,0.000,0.000,0.000,0.00,0.00,against_bias
2025.06.30 10:50:00,fvg,-1,3283.287,0.000,0.000,0.000,0.00,0.00,against_bias
2025.06.30 11:10:00,fvg,-1,3282.136,0.000,0.000,0.000,0.00,0.00,against_bias
2025.06.30 11:15:00,fvg,-1,3281.541,0.000,0.000,0.000,0.00,0.00,against_bias
2025.06.30 11:30:00,fvg,-1,3276.477,3281.760,0.000,0.000,0.00,0.00,no_room
2025.06.30 11:40:00,fvg,1,3277.295,0.000,0.000,0.000,0.00,0.00,against_bias
2025.06.30 12:10:00,fvg,1,3280.573,0.000,0.000,0.000,0.00,0.00,against_bias
2025.06.30 12:30:00,fvg,1,3283.348,0.000,0.000,0.000,0.00,0.00,against_bias
2025.06.30 12:40:00,fvg,1,3286.286,0.000,0.000,0.000,0.00,0.00,against_bias
2025.06.30 12:45:00,fvg,1,3287.404,0.000,0.000,0.000,0.00,0.00,against_bias
2025.06.30 13:00:00,fvg,-1,3284.477,3289.266,0.000,0.000,0.00,0.00,no_room
2025.06.30 13:20:00,fvg,-1,3282.270,3285.416,0.000,0.000,0.00,0.00,no_room
2025.06.30 13:50:00,fvg,1,3282.819,0.000,0.000,0.000,0.00,0.00,against_bias
2025.06.30 13:55:00,fvg,1,3283.513,0.000,0.000,0.000,0.00,0.00,against_bias
2025.06.30 14:20:00,fvg,-1,3282.460,3289.120,0.000,0.000,0.00,0.00,no_room
2025.06.30 14:30:00,fvg,1,3284.053,0.000,0.000,0.000,0.00,0.00,against_bias
2025.06.30 14:40:00,fvg,1,3287.267,0.000,0.000,0.000,0.00,0.00,against_bias
2025.06.30 15:25:00,fvg,1,3288.284,0.000,0.000,0.000,0.00,0.00,against_bias
2025.06.30 15:35:00,fvg,-1,3288.249,3291.049,0.000,0.000,0.00,0.00,sl_too_tight
2025.06.30 16:00:00,fvg,1,3289.010,3286.299,0.000,0.000,0.00,0.00,sl_too_tight
2025.07.01 07:15:00,fvg,1,3333.589,3330.447,0.000,0.000,0.00,0.00,no_room
2025.07.01 07:20:00,fvg,1,3335.889,3330.734,0.000,0.000,0.00,0.00,no_room
2025.07.01 07:50:00,fvg,1,3336.664,3333.260,0.000,0.000,0.00,0.00,no_room
2025.07.01 08:10:00,fvg,1,3340.419,3337.594,0.000,0.000,0.00,0.00,sl_too_tight
2025.07.01 08:20:00,fvg,-1,3339.864,0.000,0.000,0.000,0.00,0.00,against_bias
2025.07.01 09:20:00,fvg,1,3339.331,3337.988,0.000,0.000,0.00,0.00,sl_too_tight
2025.07.01 09:25:00,fvg,1,3340.286,3338.348,0.000,0.000,0.00,0.00,sl_too_tight
2025.07.01 09:30:00,fvg,1,3342.587,3339.133,0.000,0.000,0.00,0.00,no_room
2025.07.01 10:55:00,fvg,1,3348.043,3344.958,0.000,0.000,0.00,0.00,no_room
2025.07.01 11:40:00,fvg,-1,3349.598,0.000,0.000,0.000,0.00,0.00,against_bias
2025.07.01 11:45:00,fvg,-1,3349.384,0.000,0.000,0.000,0.00,0.00,against_bias
2025.07.01 12:20:00,fvg,1,3350.521,3348.071,0.000,0.000,0.00,0.00,sl_too_tight
2025.07.01 12:25:00,fvg,1,3352.595,3348.686,0.000,0.000,0.00,0.00,no_room
2025.07.01 13:10:00,fvg,-1,3352.568,0.000,0.000,0.000,0.00,0.00,against_bias
2025.07.01 13:15:00,fvg,-1,3349.834,0.000,0.000,0.000,0.00,0.00,against_bias
2025.07.01 14:50:00,fvg,-1,3347.700,0.000,0.000,0.000,0.00,0.00,against_bias
2025.07.02 07:50:00,fvg,1,3329.879,3327.670,0.000,0.000,0.00,0.00,sl_too_tight
2025.07.02 07:55:00,fvg,1,3335.254,3327.675,0.000,0.000,0.00,0.00,no_room
2025.07.02 08:05:00,fvg,-1,3334.667,0.000,0.000,0.000,0.00,0.00,against_bias
2025.07.02 08:20:00,fvg,1,3335.359,3333.236,0.000,0.000,0.00,0.00,sl_too_tight
2025.07.02 09:00:00,fvg,-1,3334.780,0.000,0.000,0.000,0.00,0.00,against_bias
2025.07.02 09:15:00,fvg,1,3334.835,3332.839,0.000,0.000,0.00,0.00,sl_too_tight
2025.07.02 09:20:00,fvg,1,3336.344,3333.651,0.000,0.000,0.00,0.00,sl_too_tight
2025.07.02 09:25:00,fvg,1,3337.479,3334.632,0.000,0.000,0.00,0.00,sl_too_tight
2025.07.02 10:05:00,fvg,1,3341.686,3339.965,0.000,0.000,0.00,0.00,sl_too_tight
2025.07.02 10:10:00,fvg,1,3342.420,3339.965,0.000,0.000,0.00,0.00,sl_too_tight
2025.07.02 10:20:00,fvg,-1,3341.942,0.000,0.000,0.000,0.00,0.00,against_bias
2025.07.02 10:35:00,fvg,1,3342.689,3340.403,0.000,0.000,0.00,0.00,sl_too_tight
2025.07.02 11:50:00,fvg,-1,3342.415,0.000,0.000,0.000,0.00,0.00,against_bias
2025.07.02 12:25:00,fvg,1,3346.758,3337.437,0.000,0.000,0.00,0.00,no_room
2025.07.02 12:35:00,fvg,-1,3346.755,0.000,0.000,0.000,0.00,0.00,against_bias
2025.07.02 13:05:00,fvg,-1,3346.595,0.000,0.000,0.000,0.00,0.00,against_bias
2025.07.02 13:55:00,fvg,-1,3338.717,0.000,0.000,0.000,0.00,0.00,against_bias
2025.07.02 14:30:00,fvg,1,3336.716,0.000,0.000,0.000,0.00,0.00,against_bias
2025.07.02 15:05:00,fvg,1,3342.566,0.000,0.000,0.000,0.00,0.00,against_bias
2025.07.03 07:15:00,fvg,-1,3359.301,0.000,0.000,0.000,0.00,0.00,against_bias
2025.07.03 07:20:00,fvg,-1,3357.747,0.000,0.000,0.000,0.00,0.00,against_bias
2025.07.03 07:50:00,fvg,-1,3355.593,0.000,0.000,0.000,0.00,0.00,against_bias
2025.07.03 08:50:00,fvg,1,3357.043,3353.778,0.000,0.000,0.00,0.00,no_room
2025.07.03 09:00:00,fvg,-1,3357.010,0.000,0.000,0.000,0.00,0.00,against_bias
2025.07.03 09:10:00,fvg,-1,3355.098,0.000,0.000,0.000,0.00,0.00,against_bias
2025.07.03 09:20:00,fvg,-1,3353.500,0.000,0.000,0.000,0.00,0.00,against_bias
2025.07.03 09:35:00,fvg,-1,3351.047,0.000,0.000,0.000,0.00,0.00,against_bias
2025.07.03 09:40:00,fvg,-1,3349.644,0.000,0.000,0.000,0.00,0.00,against_bias
2025.07.03 09:45:00,fvg,-1,3347.645,3351.276,0.000,0.000,0.00,0.00,no_room
2025.07.03 10:25:00,fvg,1,3348.234,0.000,0.000,0.000,0.00,0.00,against_bias
2025.07.03 10:30:00,fvg,1,3348.667,0.000,0.000,0.000,0.00,0.00,against_bias
2025.07.03 10:40:00,fvg,1,3350.268,0.000,0.000,0.000,0.00,0.00,against_bias
2025.07.03 10:50:00,fvg,1,3353.233,0.000,0.000,0.000,0.00,0.00,against_bias
2025.07.03 10:55:00,fvg,1,3353.824,0.000,0.000,0.000,0.00,0.00,against_bias
2025.07.03 11:05:00,fvg,-1,3353.717,3355.553,0.000,0.000,0.00,0.00,sl_too_tight
2025.07.03 11:10:00,fvg,-1,3351.600,3355.111,0.000,0.000,0.00,0.00,no_room
2025.07.03 11:20:00,fvg,-1,3348.110,3351.788,0.000,0.000,0.00,0.00,no_room
2025.07.03 12:20:00,fvg,1,3347.526,0.000,0.000,0.000,0.00,0.00,against_bias
2025.07.03 12:25:00,fvg,1,3349.241,0.000,0.000,0.000,0.00,0.00,against_bias
2025.07.03 12:40:00,fvg,-1,3329.828,3352.250,0.000,0.000,0.00,0.00,no_room
2025.07.03 12:45:00,fvg,-1,3320.135,3350.414,0.000,0.000,0.00,0.00,no_room
2025.07.03 13:00:00,fvg,1,3320.543,0.000,0.000,0.000,0.00,0.00,against_bias
2025.07.03 13:05:00,fvg,1,3322.071,0.000,0.000,0.000,0.00,0.00,against_bias
2025.07.03 13:10:00,fvg,1,3326.282,0.000,0.000,0.000,0.00,0.00,against_bias
2025.07.03 13:25:00,fvg,1,3328.232,0.000,0.000,0.000,0.00,0.00,against_bias
2025.07.03 14:05:00,fvg,-1,3332.886,3337.103,0.000,0.000,0.00,0.00,no_room
2025.07.03 14:25:00,fvg,-1,3328.314,3335.148,0.000,0.000,0.00,0.00,no_room
2025.07.03 15:20:00,fvg,1,3327.251,0.000,0.000,0.000,0.00,0.00,against_bias
2025.07.03 15:45:00,fvg,-1,3328.276,3330.434,0.000,0.000,0.00,0.00,sl_too_tight
2025.07.04 07:20:00,fvg,-1,3338.950,0.000,0.000,0.000,0.00,0.00,against_bias
2025.07.04 07:45:00,fvg,1,3340.322,0.000,0.000,0.000,0.00,0.00,against_bias
2025.07.04 07:50:00,fvg,1,3340.936,0.000,0.000,0.000,0.00,0.00,against_bias
2025.07.04 08:25:00,fvg,1,3342.901,0.000,0.000,0.000,0.00,0.00,against_bias
2025.07.04 09:10:00,fvg,-1,3341.717,3343.338,0.000,0.000,0.00,0.00,sl_too_tight
2025.07.04 09:15:00,fvg,-1,3340.928,3343.230,0.000,0.000,0.00,0.00,sl_too_tight
2025.07.04 09:30:00,fvg,-1,3339.533,3342.306,0.000,0.000,0.00,0.00,sl_too_tight
2025.07.04 09:35:00,fvg,-1,3338.713,3342.332,0.000,0.000,0.00,0.00,no_room
2025.07.04 09:40:00,fvg,-1,3336.079,3339.737,0.000,0.000,0.00,0.00,no_room
2025.07.04 09:55:00,fvg,1,3335.531,0.000,0.000,0.000,0.00,0.00,against_bias
2025.07.04 10:05:00,fvg,-1,3335.485,3337.080,0.000,0.000,0.00,0.00,sl_too_tight
2025.07.04 10:55:00,fvg,1,3335.994,0.000,0.000,0.000,0.00,0.00,against_bias
2025.07.04 11:50:00,fvg,-1,3336.621,3338.009,0.000,0.000,0.00,0.00,sl_too_tight
2025.07.04 12:15:00,fvg,1,3336.263,0.000,0.000,0.000,0.00,0.00,against_bias
2025.07.04 12:45:00,fvg,-1,3333.749,3337.134,0.000,0.000,0.00,0.00,no_room
2025.07.04 13:00:00,fvg,1,3333.621,0.000,0.000,0.000,0.00,0.00,against_bias
2025.07.04 13:45:00,fvg,1,3335.518,0.000,0.000,0.000,0.00,0.00,against_bias
2025.07.04 13:50:00,fvg,1,3336.502,0.000,0.000,0.000,0.00,0.00,against_bias
2025.07.04 14:05:00,fvg,-1,3333.873,3338.064,0.000,0.000,0.00,0.00,no_room
2025.07.04 14:30:00,fvg,1,3333.327,0.000,0.000,0.000,0.00,0.00,against_bias
2025.07.04 14:40:00,fvg,-1,3333.089,3334.426,0.000,0.000,0.00,0.00,sl_too_tight
2025.07.04 15:00:00,fvg,1,3332.616,0.000,0.000,0.000,0.00,0.00,against_bias
2025.07.04 15:05:00,fvg,1,3332.812,0.000,0.000,0.000,0.00,0.00,against_bias
2025.07.04 15:50:00,fvg,1,3332.718,0.000,0.000,0.000,0.00,0.00,against_bias
2025.07.04 16:00:00,fvg,-1,3332.705,3333.539,0.000,0.000,0.00,0.00,sl_too_tight
2025.07.07 07:10:00,fvg,-1,3308.574,3310.977,0.000,0.000,0.00,0.00,sl_too_tight
2025.07.07 07:20:00,fvg,1,3310.202,0.000,0.000,0.000,0.00,0.00,against_bias
2025.07.07 07:50:00,fvg,-1,3306.713,3311.013,0.000,0.000,0.00,0.00,no_room
2025.07.07 07:55:00,fvg,-1,3304.620,3309.539,0.000,0.000,0.00,0.00,no_room
2025.07.07 08:00:00,fvg,-1,3302.965,3306.990,0.000,0.000,0.00,0.00,no_room
2025.07.07 08:15:00,fvg,1,3304.103,0.000,0.000,0.000,0.00,0.00,against_bias
2025.07.07 08:20:00,fvg,1,3306.723,0.000,0.000,0.000,0.00,0.00,against_bias
2025.07.07 08:30:00,fvg,1,3308.213,0.000,0.000,0.000,0.00,0.00,against_bias
2025.07.07 09:10:00,fvg,1,3310.461,0.000,0.000,0.000,0.00,0.00,against_bias
2025.07.07 09:20:00,fvg,-1,3310.310,3312.139,0.000,0.000,0.00,0.00,sl_too_tight
2025.07.07 09:25:00,fvg,-1,3309.804,3312.128,0.000,0.000,0.00,0.00,sl_too_tight
2025.07.07 09:35:00,fvg,-1,3308.265,3310.886,0.000,0.000,0.00,0.00,sl_too_tight
2025.07.07 10:45:00,fvg,-1,3305.548,3309.077,0.000,0.000,0.00,0.00,no_room
2025.07.07 10:50:00,fvg,-1,3302.952,3309.081,0.000,0.000,0.00,0.00,no_room
2025.07.07 11:15:00,fvg,1,3303.846,0.000,0.000,0.000,0.00,0.00,against_bias
2025.07.07 11:35:00,fvg,-1,3302.603,3304.851,0.000,0.000,0.00,0.00,sl_too_tight
2025.07.07 12:45:00,fvg,1,3307.841,0.000,0.000,0.000,0.00,0.00,against_bias
2025.07.07 13:25:00,fvg,1,3308.293,0.000,0.000,0.000,0.00,0.00,against_bias
2025.07.07 14:00:00,fvg,1,3314.249,3309.812,0.000,0.000,0.00,0.00,no_room
2025.07.07 14:30:00,fvg,-1,3316.714,0.000,0.000,0.000,0.00,0.00,against_bias
2025.07.07 14:45:00,fvg,1,3318.160,3314.083,0.000,0.000,0.00,0.00,no_room
2025.07.07 15:40:00,fvg,1,3320.158,3318.169,0.000,0.000,0.00,0.00,sl_too_tight
2025.07.08 07:05:00,fvg,1,3335.717,0.000,0.000,0.000,0.00,0.00,against_bias
2025.07.08 07:10:00,fvg,1,3337.142,0.000,0.000,0.000,0.00,0.00,against_bias
2025.07.08 07:25:00,fvg,-1,3336.906,0.000,0.000,0.000,0.00,0.00,against_bias
2025.07.08 07:30:00,fvg,-1,3335.069,0.000,0.000,0.000,0.00,0.00,against_bias
2025.07.08 07:35:00,fvg,-1,3333.689,0.000,0.000,0.000,0.00,0.00,against_bias
2025.07.08 07:55:00,fvg,1,3332.973,3330.303,0.000,0.000,0.00,0.00,sl_too_tight
2025.07.08 08:10:00,fvg,-1,3331.559,0.000,0.000,0.000,0.00,0.00,against_bias
2025.07.08 08:15:00,fvg,-1,3330.224,0.000,0.000,0.000,0.00,0.00,against_bias
2025.07.08 08:25:00,fvg,-1,3327.321,0.000,0.000,0.000,0.00,0.00,against_bias
2025.07.08 08:35:00,fvg,1,3328.121,3324.262,0.000,0.000,0.00,0.00,no_room
2025.07.08 08:45:00,fvg,-1,3328.050,3329.891,0.000,0.000,0.00,0.00,sl_too_tight
2025.07.08 08:55:00,fvg,-1,3325.796,3328.320,0.000,0.000,0.00,0.00,sl_too_tight
2025.07.08 09:55:00,fvg,-1,3323.725,3326.422,0.000,0.000,0.00,0.00,sl_too_tight
2025.07.08 10:00:00,fvg,-1,3323.041,3325.046,0.000,0.000,0.00,0.00,sl_too_tight
2025.07.08 10:10:00,fvg,1,3323.080,0.000,0.000,0.000,0.00,0.00,against_bias
2025.07.08 10:25:00,fvg,-1,3322.721,3325.169,0.000,0.000,0.00,0.00,sl_too_tight
2025.07.08 10:40:00,fvg,1,3324.252,0.000,0.000,0.000,0.00,0.00,against_bias
2025.07.08 11:05:00,fvg,-1,3324.975,3327.282,0.000,0.000,0.00,0.00,sl_too_tight
2025.07.08 11:45:00,fvg,-1,3321.884,3326.237,0.000,0.000,0.00,0.00,no_room
2025.07.08 12:05:00,fvg,1,3324.701,0.000,0.000,0.000,0.00,0.00,against_bias
2025.07.08 12:10:00,fvg,1,3327.232,0.000,0.000,0.000,0.00,0.00,against_bias
2025.07.08 12:40:00,fvg,1,3328.516,0.000,0.000,0.000,0.00,0.00,against_bias
2025.07.08 12:50:00,fvg,-1,3327.610,3330.112,0.000,0.000,0.00,0.00,sl_too_tight
2025.07.08 13:00:00,fvg,1,3327.779,0.000,0.000,0.000,0.00,0.00,against_bias
2025.07.08 13:10:00,fvg,-1,3326.881,3328.958,0.000,0.000,0.00,0.00,sl_too_tight
2025.07.08 13:15:00,fvg,-1,3324.981,3328.883,0.000,0.000,0.00,0.00,no_room
2025.07.08 13:35:00,fvg,1,3324.073,0.000,0.000,0.000,0.00,0.00,against_bias
2025.07.08 13:55:00,fvg,-1,3317.368,3325.871,0.000,0.000,0.00,0.00,no_room
2025.07.08 14:10:00,fvg,-1,3312.925,3317.417,0.000,0.000,0.00,0.00,no_room
2025.07.08 14:15:00,fvg,-1,3310.444,3316.321,0.000,0.000,0.00,0.00,no_room
2025.07.08 14:20:00,fvg,-1,3307.541,3313.332,0.000,0.000,0.00,0.00,no_room
2025.07.08 15:15:00,fvg,-1,3293.015,3298.928,0.000,0.000,0.00,0.00,no_room
2025.07.08 15:50:00,fvg,1,3296.972,0.000,0.000,0.000,0.00,0.00,against_bias
2025.07.08 15:55:00,fvg,1,3298.345,0.000,0.000,0.000,0.00,0.00,against_bias
2025.07.09 07:50:00,fvg,1,3291.908,0.000,0.000,0.000,0.00,0.00,against_bias
2025.07.09 08:05:00,fvg,-1,3292.677,3296.308,0.000,0.000,0.00,0.00,no_room
2025.07.09 08:20:00,fvg,-1,3289.588,3292.753,0.000,0.000,0.00,0.00,no_room
2025.07.09 08:25:00,fvg,-1,3286.681,3291.165,0.000,0.000,0.00,0.00,no_room
2025.07.09 08:50:00,fvg,1,3287.022,0.000,0.000,0.000,0.00,0.00,against_bias
2025.07.09 09:00:00,fvg,-1,3286.166,3289.846,0.000,0.000,0.00,0.00,no_room
2025.07.09 09:10:00,fvg,1,3286.516,0.000,0.000,0.000,0.00,0.00,against_bias
2025.07.09 09:15:00,fvg,1,3286.972,0.000,0.000,0.000,0.00,0.00,against_bias
2025.07.09 10:10:00,fvg,1,3289.690,0.000,0.000,0.000,0.00,0.00,against_bias
2025.07.09 10:40:00,fvg,1,3293.339,0.000,0.000,0.000,0.00,0.00,against_bias
2025.07.09 10:45:00,fvg,1,3294.500,0.000,0.000,0.000,0.00,0.00,against_bias
2025.07.09 11:20:00,fvg,-1,3293.448,3296.121,0.000,0.000,0.00,0.00,sl_too_tight
2025.07.09 11:25:00,fvg,-1,3292.735,3295.037,0.000,0.000,0.00,0.00,sl_too_tight
2025.07.09 11:30:00,fvg,-1,3290.345,3293.655,0.000,0.000,0.00,0.00,no_room
2025.07.09 11:35:00,fvg,-1,3289.267,3292.951,0.000,0.000,0.00,0.00,no_room
2025.07.09 11:40:00,fvg,-1,3286.965,3290.558,0.000,0.000,0.00,0.00,no_room
2025.07.09 12:10:00,fvg,1,3287.180,0.000,0.000,0.000,0.00,0.00,against_bias
2025.07.09 12:15:00,fvg,1,3289.308,0.000,0.000,0.000,0.00,0.00,against_bias
2025.07.09 12:40:00,fvg,1,3292.183,0.000,0.000,0.000,0.00,0.00,against_bias
2025.07.09 13:00:00,fvg,1,3295.517,3292.618,0.000,0.000,0.00,0.00,sl_too_tight
2025.07.09 13:20:00,fvg,1,3297.275,3294.432,0.000,0.000,0.00,0.00,sl_too_tight
2025.07.09 13:55:00,fvg,1,3297.733,3291.465,0.000,0.000,0.00,0.00,no_room
2025.07.09 14:00:00,fvg,1,3299.771,3292.809,0.000,0.000,0.00,0.00,no_room
2025.07.09 14:15:00,fvg,1,3303.286,3299.172,0.000,0.000,0.00,0.00,no_room
2025.07.09 14:20:00,fvg,1,3305.891,3301.457,0.000,0.000,0.00,0.00,no_room
2025.07.09 14:40:00,fvg,1,3308.836,3305.404,0.000,0.000,0.00,0.00,no_room
2025.07.09 15:00:00,fvg,1,3311.494,3308.535,0.000,0.000,0.00,0.00,sl_too_tight
2025.07.09 15:10:00,fvg,-1,3311.270,0.000,0.000,0.000,0.00,0.00,against_bias
2025.07.09 15:15:00,fvg,-1,3309.316,0.000,0.000,0.000,0.00,0.00,against_bias
2025.07.10 07:05:00,fvg,1,3325.211,3323.824,0.000,0.000,0.00,0.00,sl_too_tight
2025.07.10 07:10:00,fvg,1,3326.926,3323.945,0.000,0.000,0.00,0.00,sl_too_tight
2025.07.10 07:45:00,fvg,-1,3324.665,0.000,0.000,0.000,0.00,0.00,against_bias
2025.07.10 07:50:00,fvg,-1,3323.259,0.000,0.000,0.000,0.00,0.00,against_bias
2025.07.10 07:55:00,fvg,-1,3321.370,0.000,0.000,0.000,0.00,0.00,against_bias
2025.07.10 08:35:00,fvg,1,3321.224,3319.922,0.000,0.000,0.00,0.00,sl_too_tight
2025.07.10 08:45:00,fvg,1,3324.021,3321.041,0.000,0.000,0.00,0.00,sl_too_tight
2025.07.10 08:50:00,fvg,1,3325.304,3321.640,0.000,0.000,0.00,0.00,no_room
2025.07.10 08:55:00,fvg,1,3327.573,3323.830,0.000,0.000,0.00,0.00,no_room
2025.07.10 09:35:00,fvg,-1,3327.152,0.000,0.000,0.000,0.00,0.00,against_bias
2025.07.10 09:40:00,fvg,-1,3325.974,0.000,0.000,0.000,0.00,0.00,against_bias
2025.07.10 10:15:00,fvg,-1,3324.382,0.000,0.000,0.000,0.00,0.00,against_bias
2025.07.10 10:35:00,fvg,1,3325.193,3322.039,0.000,0.000,0.00,0.00,no_room
2025.07.10 11:20:00,fvg,1,3328.605,3326.684,0.000,0.000,0.00,0.00,sl_too_tight
2025.07.10 11:45:00,fvg,-1,3326.137,0.000,0.000,0.000,0.00,0.00,against_bias
2025.07.10 12:00:00,fvg,-1,3321.722,3326.375,0.000,0.000,0.00,0.00,no_room
2025.07.10 13:30:00,fvg,-1,3325.558,3329.631,0.000,0.000,0.00,0.00,no_room
2025.07.10 13:50:00,fvg,-1,3321.573,3328.638,0.000,0.000,0.00,0.00,no_room
2025.07.10 13:55:00,fvg,-1,3319.549,3328.651,0.000,0.000,0.00,0.00,no_room
2025.07.10 14:05:00,fvg,-1,3314.445,3319.965,0.000,0.000,0.00,0.00,no_room
2025.07.10 14:15:00,fvg,1,3314.932,0.000,0.000,0.000,0.00,0.00,against_bias
2025.07.10 14:20:00,fvg,1,3317.848,0.000,0.000,0.000,0.00,0.00,against_bias
2025.07.10 14:30:00,fvg,-1,3317.188,3322.029,0.000,0.000,0.00,0.00,no_room
2025.07.10 14:35:00,fvg,-1,3316.144,3319.925,0.000,0.000,0.00,0.00,no_room
2025.07.10 15:10:00,fvg,1,3317.187,0.000,0.000,0.000,0.00,0.00,against_bias
2025.07.10 15:30:00,fvg,1,3320.107,0.000,0.000,0.000,0.00,0.00,against_bias
2025.07.11 07:05:00,fvg,-1,3333.161,0.000,0.000,0.000,0.00,0.00,against_bias
2025.07.11 07:45:00,fvg,1,3336.288,3334.089,0.000,0.000,0.00,0.00,sl_too_tight
2025.07.11 07:50:00,fvg,1,3338.192,3334.554,0.000,0.000,0.00,0.00,no_room
2025.07.11 07:55:00,fvg,1,3339.039,3336.077,0.000,0.000,0.00,0.00,sl_too_tight
2025.07.11 08:30:00,fvg,-1,3341.653,0.000,0.000,0.000,0.00,0.00,against_bias
2025.07.11 08:35:00,fvg,-1,3339.506,0.000,0.000,0.000,0.00,0.00,against_bias
2025.07.11 08:40:00,fvg,-1,3338.298,0.000,0.000,0.000,0.00,0.00,against_bias
2025.07.11 09:00:00,fvg,-1,3335.468,0.000,0.000,0.000,0.00,0.00,against_bias
2025.07.11 09:40:00,fvg,1,3335.286,3333.230,0.000,0.000,0.00,0.00,sl_too_tight
2025.07.11 09:55:00,fvg,1,3336.828,3335.328,0.000,0.000,0.00,0.00,sl_too_tight
2025.07.11 10:00:00,fvg,1,3337.822,3335.342,0.000,0.000,0.00,0.00,sl_too_tight
2025.07.11 10:05:00,fvg,1,3339.486,3336.631,0.000,0.000,0.00,0.00,sl_too_tight
2025.07.11 10:10:00,fvg,1,3340.938,3337.633,0.000,0.000,0.00,0.00,no_room
2025.07.11 10:35:00,fvg,1,3344.170,3342.544,0.000,0.000,0.00,0.00,sl_too_tight
2025.07.11 11:40:00,fvg,1,3346.872,3341.791,0.000,0.000,0.00,0.00,no_room
2025.07.11 12:40:00,fvg,1,3349.662,3344.641,0.000,0.000,0.00,0.00,no_room
2025.07.11 13:30:00,fvg,-1,3354.092,0.000,0.000,0.000,0.00,0.00,against_bias
2025.07.11 14:35:00,fvg,1,3355.183,3349.949,0.000,0.000,0.00,0.00,no_room
2025.07.11 14:40:00,fvg,1,3356.407,3352.847,0.000,0.000,0.00,0.00,no_room
2025.07.11 15:40:00,fvg,-1,3363.950,0.000,0.000,0.000,0.00,0.00,against_bias
2025.07.11 15:45:00,fvg,-1,3363.247,0.000,0.000,0.000,0.00,0.00,against_bias
2025.07.14 07:35:00,fvg,1,3371.519,3368.943,0.000,0.000,0.00,0.00,sl_too_tight
2025.07.14 08:30:00,fvg,-1,3369.784,0.000,0.000,0.000,0.00,0.00,against_bias
2025.07.14 08:35:00,fvg,-1,3367.894,0.000,0.000,0.000,0.00,0.00,against_bias
2025.07.14 09:05:00,fvg,-1,3366.685,0.000,0.000,0.000,0.00,0.00,against_bias
2025.07.14 09:25:00,fvg,1,3367.567,3366.125,0.000,0.000,0.00,0.00,sl_too_tight
2025.07.14 09:35:00,fvg,-1,3367.103,0.000,0.000,0.000,0.00,0.00,against_bias
2025.07.14 09:40:00,fvg,-1,3366.030,0.000,0.000,0.000,0.00,0.00,against_bias
2025.07.14 09:55:00,fvg,1,3366.464,3364.604,0.000,0.000,0.00,0.00,sl_too_tight
2025.07.14 10:05:00,fvg,1,3370.197,3366.270,0.000,0.000,0.00,0.00,no_room
2025.07.14 10:10:00,fvg,1,3372.574,3366.693,0.000,0.000,0.00,0.00,no_room
2025.07.14 10:15:00,fvg,1,3373.891,3370.010,0.000,0.000,0.00,0.00,no_room
2025.07.14 10:25:00,fvg,-1,3373.583,0.000,0.000,0.000,0.00,0.00,against_bias
2025.07.14 10:35:00,fvg,-1,3371.149,0.000,0.000,0.000,0.00,0.00,against_bias
2025.07.14 11:55:00,fvg,-1,3368.947,0.000,0.000,0.000,0.00,0.00,against_bias
2025.07.14 12:15:00,fvg,-1,3363.317,3366.850,0.000,0.000,0.00,0.00,no_room
2025.07.14 12:30:00,fvg,-1,3360.302,3363.421,0.000,0.000,0.00,0.00,no_room
2025.07.14 12:45:00,fvg,-1,3352.594,3359.076,0.000,0.000,0.00,0.00,no_room
2025.07.14 13:35:00,fvg,1,3355.119,0.000,0.000,0.000,0.00,0.00,against_bias
2025.07.14 13:40:00,fvg,1,3356.435,0.000,0.000,0.000,0.00,0.00,against_bias
2025.07.14 14:05:00,fvg,-1,3356.311,3359.407,0.000,0.000,0.00,0.00,no_room
2025.07.14 14:25:00,fvg,-1,3350.402,3355.456,0.000,0.000,0.00,0.00,no_room
2025.07.14 14:45:00,fvg,-1,3343.895,3352.810,0.000,0.000,0.00,0.00,no_room
2025.07.14 15:10:00,fvg,1,3345.575,0.000,0.000,0.000,0.00,0.00,against_bias
2025.07.14 15:15:00,fvg,1,3347.117,0.000,0.000,0.000,0.00,0.00,against_bias
2025.07.15 07:20:00,fvg,1,3360.284,3357.528,0.000,0.000,0.00,0.00,sl_too_tight
2025.07.15 07:30:00,fvg,1,3361.958,3360.069,0.000,0.000,0.00,0.00,sl_too_tight
2025.07.15 07:50:00,fvg,1,3363.605,3361.568,0.000,0.000,0.00,0.00,sl_too_tight
2025.07.15 08:25:00,fvg,-1,3359.114,0.000,0.000,0.000,0.00,0.00,against_bias
2025.07.15 08:30:00,fvg,-1,3358.463,0.000,0.000,0.000,0.00,0.00,against_bias
2025.07.15 08:40:00,fvg,1,3361.115,3356.528,0.000,0.000,0.00,0.00,no_room
2025.07.15 09:25:00,fvg,-1,3362.730,0.000,0.000,0.000,0.00,0.00,against_bias
2025.07.15 10:35:00,fvg,-1,3363.406,0.000,0.000,0.000,0.00,0.00,against_bias
2025.07.15 11:25:00,fvg,-1,3359.802,0.000,0.000,0.000,0.00,0.00,against_bias
2025.07.15 11:30:00,fvg,-1,3358.787,0.000,0.000,0.000,0.00,0.00,against_bias
2025.07.15 12:10:00,fvg,-1,3354.291,3356.284,0.000,0.000,0.00,0.00,sl_too_tight
2025.07.15 13:20:00,fvg,-1,3346.936,3352.896,0.000,0.000,0.00,0.00,no_room
2025.07.15 13:25:00,fvg,-1,3344.759,3349.157,0.000,0.000,0.00,0.00,no_room
2025.07.15 13:35:00,fvg,-1,3342.336,3345.235,0.000,0.000,0.00,0.00,sl_too_tight
2025.07.15 13:55:00,fvg,1,3339.578,0.000,0.000,0.000,0.00,0.00,against_bias
2025.07.15 14:00:00,fvg,1,3343.059,0.000,0.000,0.000,0.00,0.00,against_bias
2025.07.15 14:40:00,fvg,1,3349.862,0.000,0.000,0.000,0.00,0.00,against_bias
2025.07.15 14:55:00,fvg,-1,3347.894,3351.488,0.000,0.000,0.00,0.00,no_room
2025.07.15 15:25:00,fvg,-1,3342.893,3347.554,0.000,0.000,0.00,0.00,no_room
2025.07.15 15:30:00,fvg,-1,3340.578,3346.034,0.000,0.000,0.00,0.00,no_room
2025.07.15 15:35:00,fvg,-1,3334.203,3343.256,0.000,0.000,0.00,0.00,no_room
2025.07.15 15:40:00,fvg,-1,3329.992,3340.950,0.000,0.000,0.00,0.00,no_room
2025.07.15 15:55:00,fvg,-1,3329.835,3333.855,0.000,0.000,0.00,0.00,no_room
2025.07.16 07:25:00,fvg,1,3338.615,3336.790,0.000,0.000,0.00,0.00,sl_too_tight
2025.07.16 07:50:00,fvg,-1,3337.464,0.000,0.000,0.000,0.00,0.00,against_bias
2025.07.16 08:10:00,fvg,1,3339.662,3336.244,0.000,0.000,0.00,0.00,no_room
2025.07.16 09:20:00,fvg,-1,3340.607,0.000,0.000,0.000,0.00,0.00,against_bias
2025.07.16 10:05:00,fvg,-1,3340.171,0.000,0.000,0.000,0.00,0.00,against_bias
2025.07.16 10:15:00,fvg,-1,3339.143,0.000,0.000,0.000,0.00,0.00,against_bias
2025.07.16 10:35:00,fvg,1,3338.490,3336.873,0.000,0.000,0.00,0.00,sl_too_tight
2025.07.16 10:50:00,fvg,-1,3338.146,0.000,0.000,0.000,0.00,0.00,against_bias
2025.07.16 11:05:00,fvg,-1,3336.037,3338.927,0.000,0.000,0.00,0.00,sl_too_tight
2025.07.16 11:35:00,fvg,1,3335.948,0.000,0.000,0.000,0.00,0.00,against_bias
2025.07.16 11:55:00,fvg,1,3338.308,0.000,0.000,0.000,0.00,0.00,against_bias
2025.07.16 12:25:00,fvg,-1,3337.148,3339.211,0.000,0.000,0.00,0.00,sl_too_tight
2025.07.16 13:25:00,fvg,1,3336.838,0.000,0.000,0.000,0.00,0.00,against_bias
2025.07.16 13:35:00,fvg,-1,3334.890,3339.717,0.000,0.000,0.00,0.00,no_room
2025.07.16 13:40:00,fvg,-1,3330.557,3339.106,0.000,0.000,0.00,0.00,no_room
2025.07.16 13:55:00,fvg,-1,3326.151,3331.624,0.000,0.000,0.00,0.00,no_room
2025.07.16 15:00:00,fvg,1,3330.033,0.000,0.000,0.000,0.00,0.00,against_bias
2025.07.16 15:05:00,fvg,1,3337.300,0.000,0.000,0.000,0.00,0.00,against_bias
2025.07.16 15:10:00,fvg,1,3344.884,0.000,0.000,0.000,0.00,0.00,against_bias
2025.07.16 15:15:00,fvg,1,3347.882,3336.674,0.000,0.000,0.00,0.00,no_room
2025.07.16 15:25:00,fvg,1,3364.994,3346.084,0.000,0.000,0.00,0.00,no_room
2025.07.16 15:50:00,fvg,-1,3362.486,0.000,0.000,0.000,0.00,0.00,against_bias
2025.07.17 07:25:00,fvg,-1,3330.894,3336.078,0.000,0.000,0.00,0.00,no_room
2025.07.17 07:30:00,fvg,-1,3329.835,3334.255,0.000,0.000,0.00,0.00,no_room
2025.07.17 07:55:00,fvg,-1,3327.069,3330.225,0.000,0.000,0.00,0.00,no_room
2025.07.17 08:10:00,fvg,1,3327.121,0.000,0.000,0.000,0.00,0.00,against_bias
2025.07.17 08:20:00,fvg,1,3328.987,0.000,0.000,0.000,0.00,0.00,against_bias
2025.07.17 08:30:00,fvg,1,3329.936,0.000,0.000,0.000,0.00,0.00,against_bias
2025.07.17 09:25:00,fvg,1,3330.724,0.000,0.000,0.000,0.00,0.00,against_bias
2025.07.17 09:35:00,fvg,-1,3330.589,3332.706,0.000,0.000,0.00,0.00,sl_too_tight
2025.07.17 09:40:00,fvg,-1,3329.404,3332.434,0.000,0.000,0.00,0.00,no_room
2025.07.17 09:45:00,fvg,-1,3328.842,3330.770,0.000,0.000,0.00,0.00,sl_too_tight
2025.07.17 09:55:00,fvg,-1,3326.821,3329.099,0.000,0.000,0.00,0.00,sl_too_tight
2025.07.17 10:00:00,fvg,-1,3326.212,3329.100,0.000,0.000,0.00,0.00,sl_too_tight
2025.07.17 10:35:00,fvg,1,3328.684,0.000,0.000,0.000,0.00,0.00,against_bias
2025.07.17 10:40:00,fvg,1,3329.594,0.000,0.000,0.000,0.00,0.00,against_bias
2025.07.17 11:00:00,fvg,-1,3328.013,3331.292,0.000,0.000,0.00,0.00,no_room
2025.07.17 11:05:00,fvg,-1,3326.670,3330.564,0.000,0.000,0.00,0.00,no_room
2025.07.17 11:30:00,fvg,-1,3326.401,3328.511,0.000,0.000,0.00,0.00,price_inside_zone
2025.07.17 12:30:00,fvg,1,3326.243,0.000,0.000,0.000,0.00,0.00,against_bias
2025.07.17 12:40:00,fvg,-1,3319.443,3328.977,0.000,0.000,0.00,0.00,no_room
2025.07.17 13:20:00,fvg,1,3316.605,0.000,0.000,0.000,0.00,0.00,against_bias
2025.07.17 14:00:00,fvg,1,3318.714,0.000,0.000,0.000,0.00,0.00,against_bias
2025.07.17 14:15:00,fvg,1,3322.678,0.000,0.000,0.000,0.00,0.00,against_bias
2025.07.17 14:20:00,fvg,1,3324.392,0.000,0.000,0.000,0.00,0.00,against_bias
2025.07.17 14:25:00,fvg,1,3326.100,0.000,0.000,0.000,0.00,0.00,against_bias
2025.07.17 14:35:00,fvg,1,3329.647,3325.730,0.000,0.000,0.00,0.00,no_room
2025.07.17 14:40:00,fvg,1,3330.330,3326.447,0.000,0.000,0.00,0.00,no_room
2025.07.17 15:30:00,fvg,1,3334.304,3331.024,0.000,0.000,0.00,0.00,no_room
2025.07.17 15:35:00,fvg,1,3335.468,3332.622,0.000,0.000,0.00,0.00,sl_too_tight
2025.07.18 07:15:00,fvg,1,3343.209,3340.467,0.000,0.000,0.00,0.00,sl_too_tight
2025.07.18 07:45:00,fvg,1,3347.824,3343.907,0.000,0.000,0.00,0.00,no_room
2025.07.18 08:20:00,fvg,-1,3347.648,0.000,0.000,0.000,0.00,0.00,against_bias
2025.07.18 08:35:00,fvg,1,3348.383,3346.113,0.000,0.000,0.00,0.00,sl_too_tight
2025.07.18 09:10:00,fvg,1,3349.198,3346.774,0.000,0.000,0.00,0.00,sl_too_tight
2025.07.18 09:15:00,fvg,1,3351.658,3347.228,0.000,0.000,0.00,0.00,no_room
2025.07.18 09:40:00,fvg,1,3353.175,3351.353,0.000,0.000,0.00,0.00,sl_too_tight
2025.07.18 10:10:00,fvg,-1,3350.483,0.000,0.000,0.000,0.00,0.00,against_bias
2025.07.18 11:10:00,fvg,1,3352.396,3349.626,0.000,0.000,0.00,0.00,sl_too_tight
2025.07.18 11:45:00,fvg,1,3354.912,3351.827,0.000,0.000,0.00,0.00,no_room
2025.07.18 11:50:00,fvg,1,3355.477,3352.805,0.000,0.000,0.00,0.00,sl_too_tight
2025.07.18 12:00:00,fvg,-1,3355.397,0.000,0.000,0.000,0.00,0.00,against_bias
2025.07.18 12:10:00,fvg,1,3357.028,3353.265,0.000,0.000,0.00,0.00,no_room
2025.07.18 13:40:00,fvg,-1,3356.364,0.000,0.000,0.000,0.00,0.00,against_bias
2025.07.18 14:20:00,fvg,-1,3355.229,0.000,0.000,0.000,0.00,0.00,against_bias
2025.07.18 15:50:00,fvg,1,3354.557,3352.236,0.000,0.000,0.00,0.00,sl_too_tight
2025.07.18 16:00:00,fvg,-1,3354.439,0.000,0.000,0.000,0.00,0.00,against_bias
2025.07.21 07:20:00,fvg,-1,3368.441,0.000,0.000,0.000,0.00,0.00,against_bias
2025.07.21 07:25:00,fvg,-1,3366.797,0.000,0.000,0.000,0.00,0.00,against_bias
2025.07.21 07:40:00,fvg,1,3366.327,3364.802,0.000,0.000,0.00,0.00,sl_too_tight
2025.07.21 08:30:00,fvg,1,3364.554,3362.996,0.000,0.000,0.00,0.00,sl_too_tight
2025.07.21 08:55:00,fvg,1,3365.553,3363.997,0.000,0.000,0.00,0.00,sl_too_tight
2025.07.21 09:35:00,fvg,-1,3365.372,0.000,0.000,0.000,0.00,0.00,against_bias
2025.07.21 09:40:00,fvg,-1,3364.553,0.000,0.000,0.000,0.00,0.00,against_bias
2025.07.21 10:00:00,fvg,1,3364.853,3363.628,0.000,0.000,0.00,0.00,sl_too_tight
2025.07.21 10:05:00,fvg,1,3366.021,3363.621,0.000,0.000,0.00,0.00,sl_too_tight
2025.07.21 10:10:00,fvg,1,3366.538,3364.717,0.000,0.000,0.00,0.00,sl_too_tight
2025.07.21 10:25:00,fvg,-1,3366.438,0.000,0.000,0.000,0.00,0.00,against_bias
2025.07.21 10:30:00,fvg,-1,3365.754,0.000,0.000,0.000,0.00,0.00,against_bias
2025.07.21 10:40:00,fvg,-1,3363.899,0.000,0.000,0.000,0.00,0.00,against_bias
2025.07.21 11:00:00,fvg,1,3364.587,3363.367,0.000,0.000,0.00,0.00,sl_too_tight
2025.07.21 11:05:00,fvg,1,3365.260,3363.640,0.000,0.000,0.00,0.00,sl_too_tight
2025.07.21 11:10:00,fvg,1,3366.515,3364.444,0.000,0.000,0.00,0.00,sl_too_tight
2025.07.21 11:15:00,fvg,1,3367.874,3365.117,0.000,0.000,0.00,0.00,sl_too_tight
2025.07.21 11:20:00,fvg,1,3369.434,3366.369,0.000,0.000,0.00,0.00,no_room
2025.07.21 11:25:00,fvg,1,3369.913,3367.719,0.000,0.000,0.00,0.00,sl_too_tight
2025.07.21 11:30:00,fvg,1,3371.384,3369.271,0.000,0.000,0.00,0.00,sl_too_tight
2025.07.21 11:50:00,fvg,1,3373.370,3370.682,0.000,0.000,0.00,0.00,sl_too_tight
2025.07.21 12:05:00,fvg,1,3374.965,3372.977,0.000,0.000,0.00,0.00,sl_too_tight
2025.07.21 12:25:00,fvg,1,3378.168,3374.308,0.000,0.000,0.00,0.00,no_room
2025.07.21 12:30:00,fvg,1,3380.568,3375.104,0.000,0.000,0.00,0.00,no_room
2025.07.21 12:35:00,fvg,1,3381.554,3377.930,0.000,0.000,0.00,0.00,no_room
2025.07.21 12:45:00,fvg,1,3384.732,3381.319,0.000,0.000,0.00,0.00,no_room
2025.07.21 13:35:00,fvg,-1,3387.315,0.000,0.000,0.000,0.00,0.00,against_bias
2025.07.21 13:45:00,fvg,1,3387.688,3383.400,0.000,0.000,0.00,0.00,no_room
2025.07.21 14:15:00,fvg,1,3391.225,3385.816,0.000,0.000,0.00,0.00,no_room
2025.07.21 14:20:00,fvg,1,3393.611,3387.802,0.000,0.000,0.00,0.00,no_room
2025.07.21 14:35:00,fvg,1,3397.495,3393.709,0.000,0.000,0.00,0.00,no_room
2025.07.21 14:40:00,fvg,1,3399.193,3395.352,0.000,0.000,0.00,0.00,no_room
2025.07.21 15:30:00,fvg,1,3399.597,3395.363,0.000,0.000,0.00,0.00,no_room
2025.07.21 15:45:00,fvg,-1,3398.198,0.000,0.000,0.000,0.00,0.00,against_bias
2025.07.22 07:40:00,fvg,1,3385.202,0.000,0.000,0.000,0.00,0.00,against_bias
2025.07.22 09:25:00,fvg,-1,3388.049,3390.311,0.000,0.000,0.00,0.00,sl_too_tight
2025.07.22 09:30:00,fvg,-1,3386.211,3389.407,0.000,0.000,0.00,0.00,no_room
2025.07.22 10:30:00,fvg,1,3387.391,0.000,0.000,0.000,0.00,0.00,against_bias
2025.07.22 11:15:00,fvg,1,3387.634,0.000,0.000,0.000,0.00,0.00,against_bias
2025.07.22 11:20:00,fvg,1,3387.988,0.000,0.000,0.000,0.00,0.00,against_bias
2025.07.22 11:30:00,fvg,-1,3387.933,3388.859,0.000,0.000,0.00,0.00,sl_too_tight
2025.07.22 11:45:00,fvg,1,3388.446,0.000,0.000,0.000,0.00,0.00,against_bias
2025.07.22 12:10:00,fvg,1,3391.960,3389.860,0.000,0.000,0.00,0.00,sl_too_tight
2025.07.22 12:15:00,fvg,1,3393.143,3390.838,0.000,0.000,0.00,0.00,sl_too_tight
2025.07.22 12:25:00,fvg,1,3395.146,3392.958,0.000,0.000,0.00,0.00,sl_too_tight
2025.07.22 12:30:00,fvg,1,3397.675,3393.552,0.000,0.000,0.00,0.00,no_room
2025.07.22 12:50:00,fvg,1,3401.537,3397.935,0.000,0.000,0.00,0.00,no_room
2025.07.22 13:05:00,fvg,1,3406.397,3400.626,3414.540,3422.683,4.25,4.25,signal
2025.07.22 13:30:00,fvg,1,3406.397,0.000,3414.540,0.000,0.00,0.00,missed_move
2025.07.22 13:50:00,fvg,1,3416.411,3412.698,0.000,0.000,0.00,0.00,no_room
2025.07.22 14:05:00,fvg,-1,3412.889,0.000,0.000,0.000,0.00,0.00,against_bias
2025.07.22 14:20:00,fvg,1,3415.315,3407.919,0.000,0.000,0.00,0.00,no_room
2025.07.22 14:30:00,fvg,1,3419.481,3414.900,0.000,0.000,0.00,0.00,no_room
2025.07.22 14:35:00,fvg,1,3421.489,3415.789,0.000,0.000,0.00,0.00,no_room
2025.07.23 07:10:00,fvg,1,3425.410,0.000,0.000,0.000,0.00,0.00,against_bias
2025.07.23 07:15:00,fvg,1,3427.347,0.000,0.000,0.000,0.00,0.00,against_bias
2025.07.23 07:20:00,fvg,1,3428.188,0.000,0.000,0.000,0.00,0.00,against_bias
2025.07.23 07:30:00,fvg,-1,3428.088,3429.927,0.000,0.000,0.00,0.00,sl_too_tight
2025.07.23 07:50:00,fvg,-1,3423.216,3427.374,0.000,0.000,0.00,0.00,no_room
2025.07.23 07:55:00,fvg,-1,3421.484,3426.459,0.000,0.000,0.00,0.00,no_room
2025.07.23 08:10:00,fvg,1,3421.815,0.000,0.000,0.000,0.00,0.00,against_bias
2025.07.23 08:20:00,fvg,1,3424.435,0.000,0.000,0.000,0.00,0.00,against_bias
2025.07.23 08:25:00,fvg,1,3425.679,0.000,0.000,0.000,0.00,0.00,against_bias
2025.07.23 09:05:00,fvg,1,3428.249,0.000,0.000,0.000,0.00,0.00,against_bias
2025.07.23 09:25:00,fvg,1,3432.135,3429.075,0.000,0.000,0.00,0.00,no_room
2025.07.23 10:10:00,fvg,-1,3428.567,0.000,0.000,0.000,0.00,0.00,against_bias
2025.07.23 10:15:00,fvg,-1,3425.957,0.000,0.000,0.000,0.00,0.00,against_bias
2025.07.23 11:30:00,fvg,1,3422.608,3420.154,0.000,0.000,0.00,0.00,sl_too_tight
2025.07.23 11:35:00,fvg,1,3425.257,3420.417,0.000,0.000,0.00,0.00,no_room
2025.07.23 11:40:00,fvg,1,3426.541,3422.400,0.000,0.000,0.00,0.00,no_room
2025.07.23 11:50:00,fvg,1,3428.361,3426.342,0.000,0.000,0.00,0.00,sl_too_tight
2025.07.23 13:00:00,fvg,-1,3422.611,3427.594,0.000,0.000,0.00,0.00,no_room
2025.07.23 13:10:00,fvg,-1,3415.555,3422.937,0.000,0.000,0.00,0.00,no_room
2025.07.23 13:30:00,fvg,-1,3412.428,3417.916,0.000,0.000,0.00,0.00,no_room
2025.07.23 13:50:00,fvg,1,3411.592,0.000,0.000,0.000,0.00,0.00,against_bias
2025.07.23 14:10:00,fvg,1,3416.545,0.000,0.000,0.000,0.00,0.00,against_bias
2025.07.23 14:25:00,fvg,-1,3414.873,3420.208,0.000,0.000,0.00,0.00,no_room
2025.07.23 14:30:00,fvg,-1,3413.274,3417.379,0.000,0.000,0.00,0.00,no_room
2025.07.23 14:40:00,fvg,1,3413.977,0.000,0.000,0.000,0.00,0.00,against_bias
2025.07.23 15:45:00,fvg,-1,3411.686,3413.840,0.000,0.000,0.00,0.00,sl_too_tight
2025.07.23 16:00:00,fvg,-1,3407.484,3411.269,0.000,0.000,0.00,0.00,no_room
2025.07.24 07:55:00,fvg,-1,3371.958,3377.606,0.000,0.000,0.00,0.00,no_room
2025.07.24 08:00:00,fvg,-1,3368.599,3377.606,0.000,0.000,0.00,0.00,no_room
2025.07.24 08:05:00,fvg,-1,3368.080,3372.255,0.000,0.000,0.00,0.00,no_room
2025.07.24 08:35:00,fvg,1,3371.905,0.000,0.000,0.000,0.00,0.00,against_bias
2025.07.24 08:55:00,fvg,-1,3371.780,3374.026,0.000,0.000,0.00,0.00,sl_too_tight
2025.07.24 09:10:00,fvg,-1,3368.549,3371.234,0.000,0.000,0.00,0.00,sl_too_tight
2025.07.24 09:20:00,fvg,-1,3366.519,3368.784,0.000,0.000,0.00,0.00,sl_too_tight
2025.07.24 09:25:00,fvg,-1,3365.242,3368.294,0.000,0.000,0.00,0.00,no_room
2025.07.24 10:15:00,fvg,-1,3362.825,3364.631,0.000,0.000,0.00,0.00,sl_too_tight
2025.07.24 10:30:00,fvg,1,3363.917,0.000,0.000,0.000,0.00,0.00,against_bias
2025.07.24 10:50:00,fvg,1,3364.493,0.000,0.000,0.000,0.00,0.00,against_bias
2025.07.24 11:30:00,fvg,-1,3363.715,3366.040,0.000,0.000,0.00,0.00,sl_too_tight
2025.07.24 11:40:00,fvg,1,3363.823,0.000,0.000,0.000,0.00,0.00,against_bias
2025.07.24 11:50:00,fvg,-1,3363.691,3366.335,0.000,0.000,0.00,0.00,sl_too_tight
2025.07.24 12:55:00,fvg,-1,3355.845,3362.187,0.000,0.000,0.00,0.00,no_room
2025.07.24 13:15:00,fvg,1,3357.061,0.000,0.000,0.000,0.00,0.00,against_bias
2025.07.24 13:45:00,fvg,1,3363.039,0.000,0.000,0.000,0.00,0.00,against_bias
2025.07.24 13:50:00,fvg,1,3365.034,0.000,0.000,0.000,0.00,0.00,against_bias
2025.07.24 13:55:00,fvg,1,3368.162,0.000,0.000,0.000,0.00,0.00,against_bias
2025.07.24 14:20:00,fvg,1,3369.503,3365.253,0.000,0.000,0.00,0.00,no_room
2025.07.24 14:25:00,fvg,1,3371.858,3367.770,0.000,0.000,0.00,0.00,no_room
2025.07.24 14:40:00,fvg,1,3374.075,3371.376,0.000,0.000,0.00,0.00,sl_too_tight
2025.07.24 15:30:00,fvg,1,3373.513,3370.096,0.000,0.000,0.00,0.00,no_room
2025.07.24 15:55:00,fvg,-1,3372.607,0.000,0.000,0.000,0.00,0.00,against_bias
2025.07.25 07:25:00,fvg,1,3358.018,0.000,0.000,0.000,0.00,0.00,against_bias
2025.07.25 07:40:00,fvg,-1,3356.903,3360.219,0.000,0.000,0.00,0.00,no_room
2025.07.25 07:45:00,fvg,-1,3354.395,3359.212,0.000,0.000,0.00,0.00,no_room
2025.07.25 08:25:00,fvg,-1,3351.035,3354.838,0.000,0.000,0.00,0.00,no_room
2025.07.25 08:35:00,fvg,-1,3348.139,3351.266,0.000,0.000,0.00,0.00,no_room
2025.07.25 09:00:00,fvg,-1,3346.170,3348.951,0.000,0.000,0.00,0.00,sl_too_tight
2025.07.25 09:25:00,fvg,1,3346.662,0.000,0.000,0.000,0.00,0.00,against_bias
2025.07.25 10:35:00,fvg,-1,3344.116,3346.771,0.000,0.000,0.00,0.00,sl_too_tight
2025.07.25 11:55:00,fvg,1,3341.078,0.000,0.000,0.000,0.00,0.00,against_bias
2025.07.25 12:40:00,fvg,-1,3340.010,3342.222,0.000,0.000,0.00,0.00,sl_too_tight
2025.07.25 13:30:00,fvg,1,3340.617,0.000,0.000,0.000,0.00,0.00,against_bias
2025.07.25 13:35:00,fvg,1,3342.003,0.000,0.000,0.000,0.00,0.00,against_bias
2025.07.25 13:40:00,fvg,1,3343.713,0.000,0.000,0.000,0.00,0.00,against_bias
2025.07.25 14:20:00,fvg,-1,3340.263,3345.005,0.000,0.000,0.00,0.00,no_room
2025.07.25 14:25:00,fvg,-1,3339.446,3342.662,0.000,0.000,0.00,0.00,no_room
2025.07.25 15:35:00,fvg,-1,3331.021,3334.429,0.000,0.000,0.00,0.00,no_room
2025.07.28 07:40:00,fvg,-1,3338.853,0.000,0.000,0.000,0.00,0.00,against_bias
2025.07.28 08:15:00,fvg,1,3337.022,3334.417,0.000,0.000,0.00,0.00,sl_too_tight
2025.07.28 08:50:00,fvg,-1,3333.966,0.000,0.000,0.000,0.00,0.00,against_bias
2025.07.28 09:00:00,fvg,1,3334.454,3332.207,0.000,0.000,0.00,0.00,sl_too_tight
2025.07.28 09:05:00,fvg,1,3335.884,3333.152,0.000,0.000,0.00,0.00,sl_too_tight
2025.07.28 09:10:00,fvg,1,3336.425,3334.264,0.000,0.000,0.00,0.00,sl_too_tight
2025.07.28 11:50:00,fvg,1,3336.564,3334.693,0.000,0.000,0.00,0.00,sl_too_tight
2025.07.28 12:20:00,fvg,-1,3335.501,3338.140,0.000,0.000,0.00,0.00,sl_too_tight
2025.07.28 12:30:00,fvg,-1,3331.348,3335.720,0.000,0.000,0.00,0.00,no_room
2025.07.28 13:50:00,fvg,-1,3322.648,3327.525,0.000,0.000,0.00,0.00,no_room
2025.07.28 13:55:00,fvg,-1,3318.312,3327.599,0.000,0.000,0.00,0.00,no_room
2025.07.28 14:00:00,fvg,-1,3309.499,3323.096,0.000,0.000,0.00,0.00,no_room
2025.07.28 14:35:00,fvg,1,3311.128,0.000,0.000,0.000,0.00,0.00,against_bias
2025.07.28 15:00:00,fvg,-1,3309.720,3315.299,0.000,0.000,0.00,0.00,no_room
2025.07.28 15:05:00,fvg,-1,3309.558,3312.552,0.000,0.000,0.00,0.00,sl_too_tight
2025.07.28 15:30:00,fvg,1,3312.708,0.000,0.000,0.000,0.00,0.00,against_bias
2025.07.28 15:35:00,fvg,1,3313.139,0.000,0.000,0.000,0.00,0.00,against_bias
2025.07.28 15:40:00,fvg,1,3315.431,0.000,0.000,0.000,0.00,0.00,against_bias
2025.07.29 07:05:00,fvg,-1,3318.691,0.000,0.000,0.000,0.00,0.00,against_bias
2025.07.29 07:15:00,fvg,-1,3314.933,0.000,0.000,0.000,0.00,0.00,against_bias
2025.07.29 08:10:00,fvg,1,3321.664,3316.293,0.000,0.000,0.00,0.00,no_room
2025.07.29 08:15:00,fvg,1,3323.903,3316.294,0.000,0.000,0.00,0.00,no_room
2025.07.29 08:20:00,fvg,1,3326.037,3321.359,0.000,0.000,0.00,0.00,no_room
2025.07.29 09:10:00,fvg,-1,3324.474,0.000,0.000,0.000,0.00,0.00,against_bias
2025.07.29 09:35:00,fvg,1,3324.103,3320.589,0.000,0.000,0.00,0.00,no_room
2025.07.29 10:55:00,fvg,-1,3325.094,0.000,0.000,0.000,0.00,0.00,against_bias
2025.07.29 11:05:00,fvg,-1,3322.201,0.000,0.000,0.000,0.00,0.00,against_bias
2025.07.29 11:10:00,fvg,-1,3320.343,0.000,0.000,0.000,0.00,0.00,against_bias
2025.07.29 11:40:00,fvg,-1,3319.721,0.000,0.000,0.000,0.00,0.00,against_bias
2025.07.29 11:45:00,fvg,-1,3317.116,0.000,0.000,0.000,0.00,0.00,against_bias
2025.07.29 12:10:00,fvg,1,3317.695,3314.650,0.000,0.000,0.00,0.00,no_room
2025.07.29 12:15:00,fvg,1,3319.713,3315.000,0.000,0.000,0.00,0.00,no_room
2025.07.29 12:30:00,fvg,1,3321.132,3317.374,0.000,0.000,0.00,0.00,no_room
2025.07.29 13:40:00,fvg,-1,3317.784,0.000,0.000,0.000,0.00,0.00,against_bias
2025.07.29 14:25:00,fvg,1,3318.373,3314.195,0.000,0.000,0.00,0.00,no_room
2025.07.29 14:30:00,fvg,1,3322.701,3316.660,0.000,0.000,0.00,0.00,no_room
2025.07.29 14:45:00,fvg,1,3325.425,3322.622,0.000,0.000,0.00,0.00,sl_too_tight
2025.07.29 15:10:00,fvg,1,3330.927,3326.431,0.000,0.000,0.00,0.00,no_room
2025.07.29 15:20:00,fvg,-1,3330.608,0.000,0.000,0.000,0.00,0.00,against_bias
2025.07.29 15:30:00,fvg,-1,3327.029,0.000,0.000,0.000,0.00,0.00,against_bias
2025.07.30 07:10:00,fvg,1,3329.089,0.000,0.000,0.000,0.00,0.00,against_bias
2025.07.30 07:30:00,fvg,-1,3327.927,3331.678,0.000,0.000,0.00,0.00,no_room
2025.07.30 07:50:00,fvg,1,3329.252,0.000,0.000,0.000,0.00,0.00,against_bias
2025.07.30 08:15:00,fvg,1,3330.613,3327.258,0.000,0.000,0.00,0.00,no_room
2025.07.30 09:00:00,fvg,1,3332.199,3329.426,0.000,0.000,0.00,0.00,price_inside_zone
2025.07.30 09:40:00,fvg,-1,3330.432,0.000,0.000,0.000,0.00,0.00,against_bias
2025.07.30 11:10:00,fvg,-1,3327.883,0.000,0.000,0.000,0.00,0.00,against_bias
2025.07.30 11:25:00,fvg,1,3327.325,3325.357,0.000,0.000,0.00,0.00,sl_too_tight
2025.07.30 11:30:00,fvg,1,3328.074,3326.380,0.000,0.000,0.00,0.00,sl_too_tight
2025.07.30 11:50:00,fvg,-1,3326.594,0.000,0.000,0.000,0.00,0.00,against_bias
2025.07.30 12:00:00,fvg,1,3328.929,3323.752,0.000,0.000,0.00,0.00,no_room
2025.07.30 12:05:00,fvg,1,3329.430,3325.746,0.000,0.000,0.00,0.00,no_room
2025.07.30 12:20:00,fvg,-1,3328.836,0.000,0.000,0.000,0.00,0.00,against_bias
2025.07.30 12:40:00,fvg,-1,3324.373,0.000,0.000,0.000,0.00,0.00,against_bias
2025.07.30 12:55:00,fvg,-1,3320.456,0.000,0.000,0.000,0.00,0.00,against_bias
2025.07.30 13:00:00,fvg,-1,3313.959,3324.951,0.000,0.000,0.00,0.00,no_room
2025.07.30 13:35:00,fvg,-1,3308.126,3312.420,0.000,0.000,0.00,0.00,no_room
2025.07.30 14:15:00,fvg,1,3305.353,0.000,0.000,0.000,0.00,0.00,against_bias
2025.07.30 14:30:00,fvg,-1,3303.651,3307.502,0.000,0.000,0.00,0.00,no_room
2025.07.30 14:35:00,fvg,-1,3303.049,3307.491,0.000,0.000,0.00,0.00,no_room
2025.07.30 15:00:00,fvg,-1,3303.026,3306.684,0.000,0.000,0.00,0.00,no_room
2025.07.30 15:15:00,fvg,-1,3301.224,3303.595,0.000,0.000,0.00,0.00,sl_too_tight
2025.07.30 15:25:00,fvg,-1,3298.467,3301.502,0.000,0.000,0.00,0.00,no_room
2025.07.30 15:30:00,fvg,-1,3293.559,3301.430,0.000,0.000,0.00,0.00,no_room
2025.07.30 16:00:00,fvg,-1,3290.732,3294.291,0.000,0.000,0.00,0.00,no_room
2025.07.31 07:50:00,fvg,1,3304.015,3299.097,0.000,0.000,0.00,0.00,no_room
2025.07.31 07:55:00,fvg,1,3305.133,3300.961,0.000,0.000,0.00,0.00,no_room
2025.07.31 08:15:00,fvg,1,3307.309,3303.253,0.000,0.000,0.00,0.00,no_room
2025.07.31 08:25:00,fvg,1,3310.787,3306.564,0.000,0.000,0.00,0.00,no_room
2025.07.31 09:10:00,fvg,1,3310.755,3308.594,0.000,0.000,0.00,0.00,sl_too_tight
2025.07.31 09:25:00,fvg,-1,3310.298,0.000,0.000,0.000,0.00,0.00,against_bias
2025.07.31 09:55:00,fvg,1,3307.514,3304.577,0.000,0.000,0.00,0.00,sl_too_tight
2025.07.31 10:25:00,fvg,-1,3304.989,0.000,0.000,0.000,0.00,0.00,against_bias
2025.07.31 10:40:00,fvg,-1,3303.483,0.000,0.000,0.000,0.00,0.00,against_bias
2025.07.31 10:50:00,fvg,-1,3301.108,0.000,0.000,0.000,0.00,0.00,against_bias
2025.07.31 10:55:00,fvg,-1,3299.456,0.000,0.000,0.000,0.00,0.00,against_bias
2025.07.31 11:00:00,fvg,-1,3297.121,0.000,0.000,0.000,0.00,0.00,against_bias
2025.07.31 11:10:00,fvg,1,3298.360,3293.563,0.000,0.000,0.00,0.00,no_room
2025.07.31 11:15:00,fvg,1,3300.754,3294.903,0.000,0.000,0.00,0.00,no_room
2025.07.31 11:40:00,fvg,1,3304.805,3301.101,0.000,0.000,0.00,0.00,no_room
2025.07.31 13:10:00,fvg,-1,3307.015,0.000,0.000,0.000,0.00,0.00,against_bias
2025.07.31 13:20:00,fvg,1,3307.283,3304.519,0.000,0.000,0.00,0.00,sl_too_tight
2025.07.31 13:50:00,fvg,-1,3304.770,0.000,0.000,0.000,0.00,0.00,against_bias
2025.07.31 14:25:00,fvg,-1,3298.332,0.000,0.000,0.000,0.00,0.00,against_bias
2025.07.31 15:20:00,fvg,1,3296.420,3290.958,0.000,0.000,0.00,0.00,no_room
2025.08.01 07:40:00,fvg,-1,3288.420,0.000,0.000,0.000,0.00,0.00,against_bias
2025.08.01 07:45:00,fvg,-1,3287.832,3291.299,0.000,0.000,0.00,0.00,no_room
2025.08.01 08:55:00,fvg,1,3290.486,0.000,0.000,0.000,0.00,0.00,against_bias
2025.08.01 09:00:00,fvg,1,3292.584,0.000,0.000,0.000,0.00,0.00,against_bias
2025.08.01 10:40:00,fvg,1,3294.935,0.000,0.000,0.000,0.00,0.00,against_bias
2025.08.01 10:55:00,fvg,1,3296.638,0.000,0.000,0.000,0.00,0.00,against_bias
2025.08.01 11:00:00,fvg,1,3298.057,0.000,0.000,0.000,0.00,0.00,against_bias
2025.08.01 11:50:00,fvg,-1,3299.678,0.000,0.000,0.000,0.00,0.00,against_bias
2025.08.01 11:55:00,fvg,-1,3298.916,0.000,0.000,0.000,0.00,0.00,against_bias
2025.08.01 12:20:00,fvg,1,3300.383,3297.167,0.000,0.000,0.00,0.00,no_room
2025.08.01 12:40:00,fvg,1,3327.786,3300.229,0.000,0.000,0.00,0.00,no_room
2025.08.01 12:50:00,fvg,1,3338.776,3327.225,0.000,0.000,0.00,0.00,no_room
2025.08.01 13:15:00,fvg,1,3345.925,3338.871,0.000,0.000,0.00,0.00,no_room
2025.08.01 13:20:00,fvg,1,3349.108,3339.125,0.000,0.000,0.00,0.00,no_room
2025.08.01 14:10:00,fvg,1,3344.344,3338.240,0.000,0.000,0.00,0.00,no_room
2025.08.01 14:35:00,fvg,-1,3346.662,0.000,0.000,0.000,0.00,0.00,against_bias
2025.08.01 15:15:00,fvg,1,3348.556,3341.109,0.000,0.000,0.00,0.00,no_room
2025.08.04 07:10:00,fvg,-1,3360.675,0.000,0.000,0.000,0.00,0.00,against_bias
2025.08.04 07:25:00,fvg,-1,3358.910,0.000,0.000,0.000,0.00,0.00,against_bias
2025.08.04 07:30:00,fvg,-1,3356.156,0.000,0.000,0.000,0.00,0.00,against_bias
2025.08.04 08:20:00,fvg,1,3356.173,3354.280,0.000,0.000,0.00,0.00,sl_too_tight
2025.08.04 08:25:00,fvg,1,3357.623,3354.820,0.000,0.000,0.00,0.00,sl_too_tight
2025.08.04 08:30:00,fvg,1,3358.465,3355.948,0.000,0.000,0.00,0.00,sl_too_tight
2025.08.04 09:30:00,fvg,1,3360.595,3357.751,0.000,0.000,0.00,0.00,sl_too_tight
2025.08.04 10:05:00,fvg,-1,3358.295,0.000,0.000,0.000,0.00,0.00,against_bias
2025.08.04 10:30:00,fvg,-1,3356.486,0.000,0.000,0.000,0.00,0.00,against_bias
2025.08.04 10:40:00,fvg,1,3357.137,3353.006,0.000,0.000,0.00,0.00,no_room
2025.08.04 11:10:00,fvg,1,3359.559,3356.748,0.000,0.000,0.00,0.00,sl_too_tight
2025.08.04 11:15:00,fvg,1,3361.583,3357.421,0.000,0.000,0.00,0.00,no_room
2025.08.04 11:25:00,fvg,1,3365.360,3361.346,0.000,0.000,0.00,0.00,no_room
2025.08.04 12:20:00,fvg,-1,3368.735,0.000,0.000,0.000,0.00,0.00,against_bias
2025.08.04 12:35:00,fvg,-1,3364.660,0.000,0.000,0.000,0.00,0.00,against_bias
2025.08.04 12:55:00,fvg,1,3366.260,3361.144,0.000,0.000,0.00,0.00,no_room
2025.08.04 13:10:00,fvg,1,3370.142,3365.129,0.000,0.000,0.00,0.00,no_room
2025.08.04 13:20:00,fvg,1,3372.821,3369.839,0.000,0.000,0.00,0.00,sl_too_tight
2025.08.04 13:25:00,fvg,1,3374.455,3370.481,0.000,0.000,0.00,0.00,no_room
2025.08.04 13:55:00,fvg,1,3381.171,3374.077,0.000,0.000,0.00,0.00,no_room
2025.08.04 14:00:00,fvg,1,3382.571,3375.647,0.000,0.000,0.00,0.00,no_room
2025.08.04 14:10:00,fvg,-1,3382.119,0.000,0.000,0.000,0.00,0.00,against_bias
2025.08.04 14:20:00,fvg,-1,3378.141,0.000,0.000,0.000,0.00,0.00,against_bias
2025.08.04 14:50:00,fvg,-1,3376.825,0.000,0.000,0.000,0.00,0.00,against_bias
2025.08.04 14:55:00,fvg,-1,3373.697,0.000,0.000,0.000,0.00,0.00,against_bias
2025.08.04 15:45:00,fvg,1,3373.921,3370.380,0.000,0.000,0.00,0.00,no_room
2025.08.05 07:10:00,fvg,1,3367.791,0.000,0.000,0.000,0.00,0.00,against_bias
2025.08.05 07:15:00,fvg,1,3368.617,0.000,0.000,0.000,0.00,0.00,against_bias
2025.08.05 07:30:00,fvg,1,3373.295,0.000,0.000,0.000,0.00,0.00,against_bias
2025.08.05 07:50:00,fvg,-1,3373.411,3375.745,0.000,0.000,0.00,0.00,sl_too_tight
2025.08.05 08:50:00,fvg,-1,3369.345,3373.670,0.000,0.000,0.00,0.00,no_room
2025.08.05 08:55:00,fvg,-1,3368.357,3371.870,0.000,0.000,0.00,0.00,no_room
2025.08.05 09:00:00,fvg,-1,3367.769,3369.540,0.000,0.000,0.00,0.00,sl_too_tight
2025.08.05 09:10:00,fvg,-1,3365.815,3367.962,0.000,0.000,0.00,0.00,sl_too_tight
2025.08.05 09:40:00,fvg,-1,3364.057,3366.164,0.000,0.000,0.00,0.00,sl_too_tight
2025.08.05 10:00:00,fvg,-1,3361.396,3365.511,0.000,0.000,0.00,0.00,no_room
2025.08.05 10:15:00,fvg,-1,3358.029,3362.010,0.000,0.000,0.00,0.00,no_room
2025.08.05 11:05:00,fvg,-1,3354.292,3357.050,0.000,0.000,0.00,0.00,sl_too_tight
2025.08.05 11:55:00,fvg,1,3352.505,0.000,0.000,0.000,0.00,0.00,against_bias
2025.08.05 12:30:00,fvg,1,3357.503,0.000,0.000,0.000,0.00,0.00,against_bias
2025.08.05 12:35:00,fvg,1,3360.163,0.000,0.000,0.000,0.00,0.00,against_bias
2025.08.05 12:40:00,fvg,1,3362.929,0.000,0.000,0.000,0.00,0.00,against_bias
2025.08.05 13:00:00,fvg,1,3365.651,0.000,0.000,0.000,0.00,0.00,against_bias
2025.08.05 13:40:00,fvg,1,3375.564,0.000,0.000,0.000,0.00,0.00,against_bias
2025.08.05 13:45:00,fvg,1,3376.559,3368.947,0.000,0.000,0.00,0.00,no_room
2025.08.05 14:25:00,fvg,1,3375.421,3370.048,0.000,0.000,0.00,0.00,no_room
2025.08.05 14:30:00,fvg,1,3378.942,3372.413,0.000,0.000,0.00,0.00,no_room
2025.08.05 15:00:00,fvg,1,3384.978,3381.880,0.000,0.000,0.00,0.00,no_room
2025.08.05 15:50:00,fvg,1,3386.588,3381.986,0.000,0.000,0.00,0.00,no_room
2025.08.05 15:55:00,fvg,1,3388.861,3383.616,0.000,0.000,0.00,0.00,no_room
2025.08.06 07:30:00,fvg,-1,3371.049,3373.013,0.000,0.000,0.00,0.00,sl_too_tight
2025.08.06 07:40:00,fvg,1,3371.123,0.000,0.000,0.000,0.00,0.00,against_bias
2025.08.06 07:45:00,fvg,1,3373.272,0.000,0.000,0.000,0.00,0.00,against_bias
2025.08.06 07:50:00,fvg,1,3374.341,0.000,0.000,0.000,0.00,0.00,against_bias
2025.08.06 07:55:00,fvg,1,3375.377,0.000,0.000,0.000,0.00,0.00,against_bias
2025.08.06 08:05:00,fvg,-1,3374.697,3377.036,0.000,0.000,0.00,0.00,sl_too_tight
2025.08.06 08:10:00,fvg,-1,3372.873,3376.251,0.000,0.000,0.00,0.00,no_room
2025.08.06 08:15:00,fvg,-1,3370.875,3374.927,0.000,0.000,0.00,0.00,no_room
2025.08.06 08:25:00,fvg,-1,3367.782,3371.113,0.000,0.000,0.00,0.00,no_room
2025.08.06 09:35:00,fvg,-1,3364.547,3367.999,0.000,0.000,0.00,0.00,no_room
2025.08.06 09:50:00,fvg,-1,3362.539,3364.319,0.000,0.000,0.00,0.00,sl_too_tight
2025.08.06 09:55:00,fvg,-1,3360.980,3364.107,0.000,0.000,0.00,0.00,no_room
2025.08.06 10:20:00,fvg,1,3361.932,0.000,0.000,0.000,0.00,0.00,against_bias
2025.08.06 10:25:00,fvg,1,3363.678,0.000,0.000,0.000,0.00,0.00,against_bias
2025.08.06 10:40:00,fvg,-1,3361.915,3365.651,0.000,0.000,0.00,0.00,no_room
2025.08.06 10:55:00,fvg,1,3363.098,0.000,0.000,0.000,0.00,0.00,against_bias
2025.08.06 11:20:00,fvg,1,3363.543,0.000,0.000,0.000,0.00,0.00,against_bias
2025.08.06 11:30:00,fvg,1,3365.588,0.000,0.000,0.000,0.00,0.00,against_bias
2025.08.06 12:20:00,fvg,-1,3362.551,3364.380,0.000,0.000,0.00,0.00,price_inside_zone
2025.08.06 12:30:00,fvg,1,3364.084,0.000,0.000,0.000,0.00,0.00,against_bias
2025.08.06 12:40:00,fvg,-1,3363.591,3365.580,0.000,0.000,0.00,0.00,sl_too_tight
2025.08.06 13:00:00,fvg,1,3367.037,0.000,0.000,0.000,0.00,0.00,against_bias
2025.08.06 13:40:00,fvg,-1,3367.811,3371.344,0.000,0.000,0.00,0.00,no_room
2025.08.06 14:00:00,fvg,1,3371.095,0.000,0.000,0.000,0.00,0.00,against_bias
2025.08.06 14:25:00,fvg,1,3372.654,0.000,0.000,0.000,0.00,0.00,against_bias
2025.08.06 14:30:00,fvg,1,3374.893,0.000,0.000,0.000,0.00,0.00,against_bias
2025.08.06 14:50:00,fvg,1,3377.260,0.000,0.000,0.000,0.00,0.00,against_bias
2025.08.06 15:05:00,fvg,1,3378.522,3375.673,0.000,0.000,0.00,0.00,sl_too_tight
2025.08.06 15:55:00,fvg,1,3375.981,3369.810,0.000,0.000,0.00,0.00,no_room
2025.08.07 07:30:00,fvg,1,3389.916,3387.611,0.000,0.000,0.00,0.00,sl_too_tight
2025.08.07 07:35:00,fvg,1,3392.035,3387.875,0.000,0.000,0.00,0.00,no_room
2025.08.07 08:10:00,fvg,-1,3392.228,0.000,0.000,0.000,0.00,0.00,against_bias
2025.08.07 08:15:00,fvg,-1,3386.772,0.000,0.000,0.000,0.00,0.00,against_bias
2025.08.07 08:25:00,fvg,-1,3379.888,0.000,0.000,0.000,0.00,0.00,against_bias
2025.08.07 08:30:00,fvg,-1,3376.448,0.000,0.000,0.000,0.00,0.00,against_bias
2025.08.07 09:05:00,fvg,-1,3378.889,0.000,0.000,0.000,0.00,0.00,against_bias
2025.08.07 09:40:00,fvg,-1,3375.665,0.000,0.000,0.000,0.00,0.00,against_bias
2025.08.07 09:50:00,fvg,1,3377.915,3373.338,0.000,0.000,0.00,0.00,no_room
2025.08.07 10:05:00,fvg,-1,3377.034,0.000,0.000,0.000,0.00,0.00,against_bias
2025.08.07 11:00:00,fvg,-1,3373.247,0.000,0.000,0.000,0.00,0.00,against_bias
2025.08.07 11:15:00,fvg,1,3374.654,3371.458,0.000,0.000,0.00,0.00,no_room
2025.08.07 11:20:00,fvg,1,3378.939,3372.407,0.000,0.000,0.00,0.00,no_room
2025.08.07 11:45:00,fvg,-1,3380.066,0.000,0.000,0.000,0.00,0.00,against_bias
2025.08.07 12:25:00,fvg,1,3378.326,3375.013,0.000,0.000,0.00,0.00,no_room
2025.08.07 12:35:00,fvg,1,3381.334,3377.991,0.000,0.000,0.00,0.00,no_room
2025.08.07 12:40:00,fvg,1,3384.569,3378.716,0.000,0.000,0.00,0.00,no_room
2025.08.07 12:55:00,fvg,-1,3383.751,0.000,0.000,0.000,0.00,0.00,against_bias
2025.08.07 14:05:00,fvg,-1,3384.883,0.000,0.000,0.000,0.00,0.00,against_bias
2025.08.07 14:45:00,fvg,1,3386.594,3380.021,0.000,0.000,0.00,0.00,no_room
2025.08.07 15:25:00,fvg,-1,3387.973,0.000,0.000,0.000,0.00,0.00,against_bias
2025.08.07 15:30:00,fvg,-1,3386.862,0.000,0.000,0.000,0.00,0.00,against_bias
2025.08.07 15:55:00,fvg,1,3387.867,3384.975,0.000,0.000,0.00,0.00,sl_too_tight
2025.08.07 16:00:00,fvg,1,3389.439,3385.710,0.000,0.000,0.00,0.00,no_room
2025.08.08 07:05:00,fvg,1,3393.494,0.000,0.000,0.000,0.00,0.00,against_bias
2025.08.08 07:10:00,fvg,1,3397.453,0.000,0.000,0.000,0.00,0.00,against_bias
2025.08.08 07:50:00,fvg,1,3398.132,0.000,0.000,0.000,0.00,0.00,against_bias
2025.08.08 07:55:00,fvg,1,3400.652,0.000,0.000,0.000,0.00,0.00,against_bias
2025.08.08 08:30:00,fvg,-1,3399.889,0.000,0.000,0.000,0.00,0.00,against_bias
2025.08.08 08:55:00,fvg,-1,3398.182,0.000,0.000,0.000,0.00,0.00,against_bias
2025.08.08 09:20:00,fvg,1,3398.417,3395.642,0.000,0.000,0.00,0.00,sl_too_tight
2025.08.08 09:25:00,fvg,1,3399.337,3396.589,0.000,0.000,0.00,0.00,sl_too_tight
2025.08.08 10:15:00,fvg,-1,3399.144,0.000,0.000,0.000,0.00,0.00,against_bias
2025.08.08 10:20:00,fvg,-1,3397.181,0.000,0.000,0.000,0.00,0.00,against_bias
2025.08.08 10:25:00,fvg,-1,3393.387,0.000,0.000,0.000,0.00,0.00,against_bias
2025.08.08 11:25:00,fvg,-1,3383.681,3388.312,0.000,0.000,0.00,0.00,no_room
2025.08.08 11:40:00,fvg,1,3384.538,0.000,0.000,0.000,0.00,0.00,against_bias
2025.08.08 12:30:00,fvg,1,3391.671,0.000,0.000,0.000,0.00,0.00,against_bias
2025.08.08 12:35:00,fvg,1,3394.306,0.000,0.000,0.000,0.00,0.00,against_bias
2025.08.08 12:40:00,fvg,1,3398.479,0.000,0.000,0.000,0.00,0.00,against_bias
2025.08.08 12:55:00,fvg,-1,3396.810,3402.345,0.000,0.000,0.00,0.00,no_room
2025.08.08 14:00:00,fvg,1,3398.867,0.000,0.000,0.000,0.00,0.00,against_bias
2025.08.08 14:10:00,fvg,-1,3397.097,3402.169,0.000,0.000,0.00,0.00,no_room
2025.08.08 14:15:00,fvg,-1,3391.951,3401.785,0.000,0.000,0.00,0.00,no_room
2025.08.08 15:05:00,fvg,1,3390.601,0.000,0.000,0.000,0.00,0.00,against_bias
2025.08.08 15:25:00,fvg,1,3392.150,0.000,0.000,0.000,0.00,0.00,against_bias
2025.08.11 07:05:00,fvg,-1,3365.849,3369.242,0.000,0.000,0.00,0.00,no_room
2025.08.11 07:10:00,fvg,-1,3363.640,3368.523,0.000,0.000,0.00,0.00,no_room
2025.08.11 07:40:00,fvg,-1,3363.197,3366.719,0.000,0.000,0.00,0.00,no_room
2025.08.11 08:30:00,fvg,1,3364.181,0.000,0.000,0.000,0.00,0.00,against_bias
2025.08.11 09:10:00,fvg,-1,3359.819,3363.725,0.000,0.000,0.00,0.00,no_room
2025.08.11 09:15:00,fvg,-1,3358.559,3362.132,0.000,0.000,0.00,0.00,no_room
2025.08.11 09:30:00,fvg,1,3360.366,0.000,0.000,0.000,0.00,0.00,against_bias
2025.08.11 10:00:00,fvg,-1,3355.137,3359.638,0.000,0.000,0.00,0.00,no_room
2025.08.11 10:10:00,fvg,1,3355.892,0.000,0.000,0.000,0.00,0.00,against_bias
2025.08.11 10:15:00,fvg,1,3357.711,0.000,0.000,0.000,0.00,0.00,against_bias
2025.08.11 10:20:00,fvg,1,3359.338,0.000,0.000,0.000,0.00,0.00,against_bias
2025.08.11 10:25:00,fvg,1,3361.211,0.000,0.000,0.000,0.00,0.00,against_bias
2025.08.11 10:50:00,fvg,-1,3360.952,3363.720,0.000,0.000,0.00,0.00,sl_too_tight
2025.08.11 11:15:00,fvg,-1,3355.547,3359.148,0.000,0.000,0.00,0.00,no_room
2025.08.11 11:30:00,fvg,-1,3352.827,3356.066,0.000,0.000,0.00,0.00,no_room
2025.08.11 11:35:00,fvg,-1,3352.308,3355.450,0.000,0.000,0.00,0.00,no_room
2025.08.11 11:50:00,fvg,1,3352.985,0.000,0.000,0.000,0.00,0.00,against_bias
2025.08.11 12:05:00,fvg,1,3354.378,0.000,0.000,0.000,0.00,0.00,against_bias
2025.08.11 12:35:00,fvg,-1,3350.369,3356.934,0.000,0.000,0.00,0.00,no_room
2025.08.11 12:45:00,fvg,1,3351.436,0.000,0.000,0.000,0.00,0.00,against_bias
2025.08.11 13:10:00,fvg,-1,3353.897,3359.242,0.000,0.000,0.00,0.00,no_room
2025.08.11 13:15:00,fvg,-1,3352.774,3359.259,0.000,0.000,0.00,0.00,no_room
2025.08.11 13:40:00,fvg,1,3351.985,0.000,0.000,0.000,0.00,0.00,against_bias
2025.08.11 13:50:00,fvg,1,3357.973,0.000,0.000,0.000,0.00,0.00,against_bias
2025.08.11 13:55:00,fvg,1,3359.456,0.000,0.000,0.000,0.00,0.00,against_bias
2025.08.11 14:05:00,fvg,-1,3359.406,3363.283,0.000,0.000,0.00,0.00,no_room
2025.08.11 14:35:00,fvg,-1,3352.653,3358.897,0.000,0.000,0.00,0.00,no_room
2025.08.11 14:40:00,fvg,-1,3350.975,3356.677,0.000,0.000,0.00,0.00,no_room
2025.08.11 14:45:00,fvg,-1,3349.016,3353.063,0.000,0.000,0.00,0.00,no_room
2025.08.11 15:30:00,fvg,1,3348.230,0.000,0.000,0.000,0.00,0.00,against_bias
2025.08.11 15:35:00,fvg,1,3349.539,0.000,0.000,0.000,0.00,0.00,against_bias
2025.08.11 15:50:00,fvg,-1,3349.587,3352.521,0.000,0.000,0.00,0.00,sl_too_tight
2025.08.12 07:35:00,fvg,1,3348.296,0.000,0.000,0.000,0.00,0.00,against_bias
2025.08.12 07:40:00,fvg,1,3353.135,0.000,0.000,0.000,0.00,0.00,against_bias
2025.08.12 07:45:00,fvg,1,3353.967,0.000,0.000,0.000,0.00,0.00,against_bias
2025.08.12 08:30:00,fvg,-1,3351.161,3354.008,0.000,0.000,0.00,0.00,sl_too_tight
2025.08.12 08:45:00,fvg,-1,3347.914,3351.207,0.000,0.000,0.00,0.00,no_room
2025.08.12 09:30:00,fvg,-1,3349.629,3351.651,0.000,0.000,0.00,0.00,sl_too_tight
2025.08.12 09:35:00,fvg,-1,3349.144,3350.733,0.000,0.000,0.00,0.00,sl_too_tight
2025.08.12 10:15:00,fvg,1,3346.840,0.000,0.000,0.000,0.00,0.00,against_bias
2025.08.12 10:20:00,fvg,1,3348.294,0.000,0.000,0.000,0.00,0.00,against_bias
2025.08.12 10:45:00,fvg,-1,3347.872,3350.407,0.000,0.000,0.00,0.00,sl_too_tight
2025.08.12 11:50:00,fvg,1,3344.600,0.000,0.000,0.000,0.00,0.00,against_bias
2025.08.12 12:15:00,fvg,-1,3345.749,3348.658,0.000,0.000,0.00,0.00,sl_too_tight
2025.08.12 12:20:00,fvg,-1,3344.702,3346.823,0.000,0.000,0.00,0.00,sl_too_tight
2025.08.12 12:30:00,fvg,-1,3341.595,3345.002,0.000,0.000,0.00,0.00,no_room
2025.08.12 12:40:00,fvg,1,3344.068,0.000,0.000,0.000,0.00,0.00,against_bias
2025.08.12 14:10:00,fvg,-1,3344.803,3349.444,0.000,0.000,0.00,0.00,no_room
2025.08.12 14:20:00,fvg,-1,3336.326,3345.445,0.000,0.000,0.00,0.00,no_room
2025.08.12 14:25:00,fvg,-1,3335.047,3343.663,0.000,0.000,0.00,0.00,no_room
2025.08.12 15:05:00,fvg,1,3336.856,0.000,0.000,0.000,0.00,0.00,against_bias
2025.08.12 15:10:00,fvg,1,3340.203,0.000,0.000,0.000,0.00,0.00,against_bias
2025.08.12 15:25:00,fvg,1,3344.866,0.000,0.000,0.000,0.00,0.00,against_bias
2025.08.12 15:30:00,fvg,1,3347.827,0.000,0.000,0.000,0.00,0.00,against_bias
2025.08.12 15:35:00,fvg,1,3349.842,0.000,0.000,0.000,0.00,0.00,against_bias
2025.08.13 07:30:00,fvg,1,3359.030,3356.000,0.000,0.000,0.00,0.00,no_room
2025.08.13 07:50:00,fvg,-1,3357.610,0.000,0.000,0.000,0.00,0.00,against_bias
2025.08.13 08:40:00,fvg,1,3356.748,3353.373,0.000,0.000,0.00,0.00,no_room
2025.08.13 08:45:00,fvg,1,3358.960,3353.393,0.000,0.000,0.00,0.00,no_room
2025.08.13 08:50:00,fvg,1,3359.904,3356.500,0.000,0.000,0.00,0.00,no_room
2025.08.13 09:25:00,fvg,1,3360.599,3358.394,0.000,0.000,0.00,0.00,sl_too_tight
2025.08.13 09:30:00,fvg,1,3361.655,3358.595,0.000,0.000,0.00,0.00,no_room
2025.08.13 09:50:00,fvg,1,3363.921,3362.326,0.000,0.000,0.00,0.00,sl_too_tight
2025.08.13 10:40:00,fvg,1,3365.387,3363.429,0.000,0.000,0.00,0.00,sl_too_tight
2025.08.13 11:10:00,fvg,-1,3364.993,0.000,0.000,0.000,0.00,0.00,against_bias
2025.08.13 11:15:00,fvg,-1,3363.585,0.000,0.000,0.000,0.00,0.00,against_bias
2025.08.13 11:30:00,fvg,-1,3361.049,0.000,0.000,0.000,0.00,0.00,against_bias
2025.08.13 12:05:00,fvg,1,3361.289,3358.755,0.000,0.000,0.00,0.00,sl_too_tight
2025.08.13 12:15:00,fvg,-1,3358.344,0.000,0.000,0.000,0.00,0.00,against_bias
2025.08.13 12:25:00,fvg,1,3358.474,3356.162,0.000,0.000,0.00,0.00,sl_too_tight
2025.08.13 13:10:00,fvg,-1,3357.344,0.000,0.000,0.000,0.00,0.00,against_bias
2025.08.13 13:45:00,fvg,1,3359.523,3356.090,0.000,0.000,0.00,0.00,no_room
2025.08.13 14:50:00,fvg,-1,3364.276,0.000,0.000,0.000,0.00,0.00,against_bias
2025.08.13 15:20:00,fvg,-1,3358.396,0.000,0.000,0.000,0.00,0.00,against_bias
2025.08.14 07:05:00,fvg,1,3361.565,3357.796,0.000,0.000,0.00,0.00,no_room
2025.08.14 07:10:00,fvg,1,3362.530,3360.098,0.000,0.000,0.00,0.00,sl_too_tight
2025.08.14 07:40:00,fvg,-1,3359.199,0.000,0.000,0.000,0.00,0.00,against_bias
2025.08.14 07:45:00,fvg,-1,3357.398,3362.937,0.000,0.000,0.00,0.00,no_room
2025.08.14 07:50:00,fvg,-1,3352.652,3359.506,0.000,0.000,0.00,0.00,no_room
2025.08.14 07:55:00,fvg,-1,3351.482,3357.726,0.000,0.000,0.00,0.00,no_room
2025.08.14 08:00:00,fvg,-1,3349.142,3353.010,0.000,0.000,0.00,0.00,no_room
2025.08.14 08:05:00,fvg,-1,3346.226,3351.854,0.000,0.000,0.00,0.00,no_room
2025.08.14 08:30:00,fvg,1,3347.465,0.000,0.000,0.000,0.00,0.00,against_bias
2025.08.14 08:45:00,fvg,-1,3346.923,3350.703,0.000,0.000,0.00,0.00,no_room
2025.08.14 09:10:00,fvg,1,3349.047,0.000,0.000,0.000,0.00,0.00,against_bias
2025.08.14 09:15:00,fvg,1,3351.107,0.000,0.000,0.000,0.00,0.00,against_bias
2025.08.14 09:20:00,fvg,1,3354.591,0.000,0.000,0.000,0.00,0.00,against_bias
2025.08.14 09:50:00,fvg,-1,3355.362,3357.442,0.000,0.000,0.00,0.00,sl_too_tight
2025.08.14 10:00:00,fvg,1,3355.990,0.000,0.000,0.000,0.00,0.00,against_bias
2025.08.14 10:20:00,fvg,1,3356.302,0.000,0.000,0.000,0.00,0.00,against_bias
2025.08.14 10:45:00,fvg,-1,3357.359,3359.285,0.000,0.000,0.00,0.00,sl_too_tight
2025.08.14 10:50:00,fvg,-1,3354.532,3358.823,0.000,0.000,0.00,0.00,no_room
2025.08.14 11:05:00,fvg,1,3354.999,0.000,0.000,0.000,0.00,0.00,against_bias
2025.08.14 12:20:00,fvg,-1,3355.419,3358.604,0.000,0.000,0.00,0.00,no_room
2025.08.14 12:35:00,fvg,-1,3353.126,3356.351,0.000,0.000,0.00,0.00,no_room
2025.08.14 12:40:00,fvg,-1,3351.827,3356.088,0.000,0.000,0.00,0.00,no_room
2025.08.14 13:10:00,fvg,1,3352.881,0.000,0.000,0.000,0.00,0.00,against_bias
2025.08.14 13:30:00,fvg,-1,3347.806,3356.559,0.000,0.000,0.00,0.00,no_room
2025.08.14 14:15:00,fvg,-1,3339.512,3346.438,0.000,0.000,0.00,0.00,no_room
2025.08.14 14:25:00,fvg,1,3342.068,0.000,0.000,0.000,0.00,0.00,against_bias
2025.08.14 15:10:00,fvg,-1,3338.834,3342.310,0.000,0.000,0.00,0.00,no_room
2025.08.15 07:25:00,fvg,1,3344.236,3340.721,0.000,0.000,0.00,0.00,no_room
2025.08.15 07:30:00,fvg,1,3344.305,3341.529,0.000,0.000,0.00,0.00,sl_too_tight
2025.08.15 07:40:00,fvg,-1,3342.850,0.000,0.000,0.000,0.00,0.00,against_bias
2025.08.15 08:00:00,fvg,1,3345.004,3342.434,0.000,0.000,0.00,0.00,sl_too_tight
2025.08.15 08:05:00,fvg,1,3345.887,3343.376,0.000,0.000,0.00,0.00,sl_too_tight
2025.08.15 08:15:00,fvg,-1,3344.396,0.000,0.000,0.000,0.00,0.00,against_bias
2025.08.15 08:20:00,fvg,-1,3341.854,0.000,0.000,0.000,0.00,0.00,against_bias
2025.08.15 08:55:00,fvg,1,3340.775,3338.103,0.000,0.000,0.00,0.00,sl_too_tight
2025.08.15 09:25:00,fvg,1,3341.664,3338.346,0.000,0.000,0.00,0.00,no_room
2025.08.15 09:30:00,fvg,1,3342.425,3338.395,0.000,0.000,0.00,0.00,no_room
2025.08.15 09:45:00,fvg,-1,3342.135,0.000,0.000,0.000,0.00,0.00,against_bias
2025.08.15 10:10:00,fvg,-1,3341.966,0.000,0.000,0.000,0.00,0.00,against_bias
2025.08.15 11:35:00,fvg,1,3339.749,0.000,0.000,0.000,0.00,0.00,against_bias
2025.08.15 11:40:00,fvg,1,3341.289,0.000,0.000,0.000,0.00,0.00,against_bias
2025.08.15 12:10:00,fvg,-1,3341.414,3344.374,0.000,0.000,0.00,0.00,sl_too_tight
2025.08.15 12:15:00,fvg,-1,3340.925,3343.106,0.000,0.000,0.00,0.00,sl_too_tight
2025.08.15 12:45:00,fvg,1,3341.024,0.000,0.000,0.000,0.00,0.00,against_bias
2025.08.15 14:10:00,fvg,1,3337.325,0.000,0.000,0.000,0.00,0.00,against_bias
2025.08.15 14:25:00,fvg,1,3340.620,0.000,0.000,0.000,0.00,0.00,against_bias
2025.08.18 07:10:00,fvg,1,3349.647,3347.581,0.000,0.000,0.00,0.00,sl_too_tight
2025.08.18 07:20:00,fvg,1,3353.421,3349.434,0.000,0.000,0.00,0.00,no_room
2025.08.18 07:35:00,fvg,-1,3352.696,0.000,0.000,0.000,0.00,0.00,against_bias
2025.08.18 07:40:00,fvg,-1,3350.485,0.000,0.000,0.000,0.00,0.00,against_bias
2025.08.18 08:00:00,fvg,-1,3349.690,0.000,0.000,0.000,0.00,0.00,against_bias
2025.08.18 08:15:00,fvg,-1,3347.267,3350.187,0.000,0.000,0.00,0.00,sl_too_tight
2025.08.18 08:20:00,fvg,-1,3346.632,3348.484,0.000,0.000,0.00,0.00,sl_too_tight
2025.08.18 08:35:00,fvg,1,3347.130,0.000,0.000,0.000,0.00,0.00,against_bias
2025.08.18 09:15:00,fvg,1,3349.908,0.000,0.000,0.000,0.00,0.00,against_bias
2025.08.18 09:25:00,fvg,-1,3349.638,3351.189,0.000,0.000,0.00,0.00,sl_too_tight
2025.08.18 09:40:00,fvg,1,3349.601,0.000,0.000,0.000,0.00,0.00,against_bias
2025.08.18 11:00:00,fvg,-1,3347.671,3349.699,0.000,0.000,0.00,0.00,sl_too_tight
2025.08.18 11:50:00,fvg,-1,3347.084,3348.668,0.000,0.000,0.00,0.00,sl_too_tight
2025.08.18 12:55:00,fvg,-1,3346.847,3349.021,0.000,0.000,0.00,0.00,sl_too_tight
2025.08.18 13:40:00,fvg,-1,3341.389,3344.397,0.000,0.000,0.00,0.00,no_room
2025.08.18 14:00:00,fvg,-1,3337.818,3340.427,0.000,0.000,0.00,0.00,sl_too_tight
2025.08.18 14:05:00,fvg,-1,3337.003,3339.685,0.000,0.000,0.00,0.00,sl_too_tight
2025.08.19 07:15:00,fvg,1,3338.496,3334.757,0.000,0.000,0.00,0.00,no_room
2025.08.19 08:10:00,fvg,-1,3339.064,0.000,0.000,0.000,0.00,0.00,against_bias
2025.08.19 08:15:00,fvg,-1,3338.263,0.000,0.000,0.000,0.00,0.00,against_bias
2025.08.19 09:50:00,fvg,1,3338.453,3336.741,0.000,0.000,0.00,0.00,sl_too_tight
2025.08.19 10:10:00,fvg,1,3340.629,3338.567,0.000,0.000,0.00,0.00,sl_too_tight
2025.08.19 10:15:00,fvg,1,3341.363,3339.092,0.000,0.000,0.00,0.00,sl_too_tight
2025.08.19 10:20:00,fvg,1,3342.718,3340.494,0.000,0.000,0.00,0.00,sl_too_tight
2025.08.19 10:25:00,fvg,1,3343.728,3341.224,0.000,0.000,0.00,0.00,sl_too_tight
2025.08.19 11:20:00,fvg,-1,3343.098,0.000,0.000,0.000,0.00,0.00,against_bias
2025.08.19 11:35:00,fvg,-1,3341.950,0.000,0.000,0.000,0.00,0.00,against_bias
2025.08.19 12:00:00,fvg,-1,3340.934,0.000,0.000,0.000,0.00,0.00,against_bias
2025.08.19 12:10:00,fvg,-1,3339.382,0.000,0.000,0.000,0.00,0.00,against_bias
2025.08.19 12:15:00,fvg,-1,3338.787,0.000,0.000,0.000,0.00,0.00,against_bias
2025.08.19 13:15:00,fvg,-1,3330.692,3335.760,0.000,0.000,0.00,0.00,no_room
2025.08.19 13:35:00,fvg,1,3331.548,0.000,0.000,0.000,0.00,0.00,against_bias
2025.08.19 13:40:00,fvg,1,3334.431,0.000,0.000,0.000,0.00,0.00,against_bias
2025.08.19 14:40:00,fvg,-1,3333.099,3336.995,0.000,0.000,0.00,0.00,no_room
2025.08.19 14:45:00,fvg,-1,3329.074,3336.988,0.000,0.000,0.00,0.00,no_room
2025.08.19 14:50:00,fvg,-1,3326.998,3333.426,0.000,0.000,0.00,0.00,no_room
2025.08.19 14:55:00,fvg,-1,3324.298,3329.406,0.000,0.000,0.00,0.00,no_room
2025.08.19 15:25:00,fvg,1,3324.175,0.000,0.000,0.000,0.00,0.00,against_bias
2025.08.19 15:50:00,fvg,-1,3323.822,3326.453,0.000,0.000,0.00,0.00,sl_too_tight
2025.08.20 07:15:00,fvg,1,3324.641,3321.461,0.000,0.000,0.00,0.00,no_room
2025.08.20 07:20:00,fvg,1,3325.463,3322.408,0.000,0.000,0.00,0.00,no_room
2025.08.20 07:50:00,fvg,1,3325.344,3323.477,0.000,0.000,0.00,0.00,sl_too_tight
2025.08.20 08:45:00,fvg,1,3322.920,3320.725,0.000,0.000,0.00,0.00,sl_too_tight
2025.08.20 09:00:00,fvg,1,3324.078,3322.933,0.000,0.000,0.00,0.00,sl_too_tight
2025.08.20 09:15:00,fvg,1,3325.914,3323.361,0.000,0.000,0.00,0.00,sl_too_tight
2025.08.20 10:35:00,fvg,1,3326.788,3323.698,0.000,0.000,0.00,0.00,no_room
2025.08.20 11:15:00,fvg,1,3327.353,3325.575,0.000,0.000,0.00,0.00,sl_too_tight
2025.08.20 12:00:00,fvg,1,3330.550,3328.799,0.000,0.000,0.00,0.00,sl_too_tight
2025.08.20 12:05:00,fvg,1,3332.062,3329.531,0.000,0.000,0.00,0.00,sl_too_tight
2025.08.20 12:10:00,fvg,1,3333.126,3330.372,0.000,0.000,0.00,0.00,sl_too_tight
2025.08.20 12:25:00,fvg,1,3335.642,3333.072,0.000,0.000,0.00,0.00,sl_too_tight
2025.08.20 12:30:00,fvg,1,3336.715,3334.433,0.000,0.000,0.00,0.00,sl_too_tight
2025.08.20 12:40:00,fvg,1,3338.496,3336.509,0.000,0.000,0.00,0.00,sl_too_tight
2025.08.20 13:00:00,fvg,1,3342.016,3338.884,0.000,0.000,0.00,0.00,no_room
2025.08.20 13:30:00,fvg,-1,3340.826,0.000,0.000,0.000,0.00,0.00,against_bias
2025.08.20 13:40:00,fvg,1,3341.602,3338.640,0.000,0.000,0.00,0.00,sl_too_tight
2025.08.20 14:35:00,fvg,1,3344.138,3341.198,0.000,0.000,0.00,0.00,sl_too_tight
2025.08.20 14:55:00,fvg,1,3346.482,3345.102,0.000,0.000,0.00,0.00,sl_too_tight
2025.08.20 15:10:00,fvg,-1,3345.476,0.000,0.000,0.000,0.00,0.00,against_bias
2025.08.20 15:15:00,fvg,-1,3344.302,0.000,0.000,0.000,0.00,0.00,against_bias
2025.08.21 07:45:00,fvg,1,3339.103,0.000,0.000,0.000,0.00,0.00,against_bias
2025.08.21 08:50:00,fvg,-1,3339.201,3341.092,0.000,0.000,0.00,0.00,sl_too_tight
2025.08.21 09:00:00,fvg,1,3339.398,0.000,0.000,0.000,0.00,0.00,against_bias
2025.08.21 09:25:00,fvg,-1,3339.391,3340.788,0.000,0.000,0.00,0.00,sl_too_tight
2025.08.21 10:40:00,fvg,-1,3337.152,3339.801,0.000,0.000,0.00,0.00,sl_too_tight
2025.08.21 10:45:00,fvg,-1,3333.749,3339.679,0.000,0.000,0.00,0.00,no_room
2025.08.21 10:50:00,fvg,-1,3331.656,3337.353,0.000,0.000,0.00,0.00,no_room
2025.08.21 11:30:00,fvg,1,3330.852,0.000,0.000,0.000,0.00,0.00,against_bias
2025.08.21 11:45:00,fvg,1,3332.621,0.000,0.000,0.000,0.00,0.00,against_bias
2025.08.21 12:10:00,fvg,1,3337.688,0.000,0.000,0.000,0.00,0.00,against_bias
2025.08.21 12:15:00,fvg,1,3340.616,0.000,0.000,0.000,0.00,0.00,against_bias
2025.08.21 12:30:00,fvg,-1,3338.194,3342.372,0.000,0.000,0.00,0.00,no_room
2025.08.21 12:40:00,fvg,1,3340.693,0.000,0.000,0.000,0.00,0.00,against_bias
2025.08.21 13:25:00,fvg,1,3343.919,0.000,0.000,0.000,0.00,0.00,against_bias
2025.08.21 13:55:00,fvg,-1,3341.017,0.000,0.000,0.000,0.00,0.00,against_bias
2025.08.21 14:15:00,fvg,1,3342.454,3337.571,0.000,0.000,0.00,0.00,no_room
2025.08.21 14:50:00,fvg,-1,3343.538,0.000,0.000,0.000,0.00,0.00,against_bias
2025.08.21 15:10:00,fvg,-1,3342.404,0.000,0.000,0.000,0.00,0.00,against_bias
2025.08.21 15:20:00,fvg,-1,3339.780,0.000,0.000,0.000,0.00,0.00,against_bias
2025.08.21 15:35:00,fvg,1,3341.259,3338.059,0.000,0.000,0.00,0.00,no_room
2025.08.21 16:00:00,fvg,-1,3343.897,0.000,0.000,0.000,0.00,0.00,against_bias
2025.08.22 07:05:00,fvg,1,3328.839,0.000,0.000,0.000,0.00,0.00,against_bias
2025.08.22 07:10:00,fvg,1,3330.935,0.000,0.000,0.000,0.00,0.00,against_bias
2025.08.22 07:35:00,fvg,-1,3332.629,3335.206,0.000,0.000,0.00,0.00,sl_too_tight
2025.08.22 07:40:00,fvg,-1,3330.514,3333.737,0.000,0.000,0.00,0.00,no_room
2025.08.22 07:50:00,fvg,-1,3328.371,3330.714,0.000,0.000,0.00,0.00,sl_too_tight
2025.08.22 07:55:00,fvg,-1,3328.037,3330.660,0.000,0.000,0.00,0.00,sl_too_tight
2025.08.22 08:35:00,fvg,1,3328.753,0.000,0.000,0.000,0.00,0.00,against_bias
2025.08.22 09:45:00,fvg,1,3330.422,0.000,0.000,0.000,0.00,0.00,against_bias
2025.08.22 10:10:00,fvg,1,3330.770,0.000,0.000,0.000,0.00,0.00,against_bias
2025.08.22 10:25:00,fvg,-1,3330.170,3331.525,0.000,0.000,0.00,0.00,sl_too_tight
2025.08.22 11:10:00,fvg,-1,3330.608,3331.473,0.000,0.000,0.00,0.00,sl_too_tight
2025.08.22 11:40:00,fvg,1,3329.886,0.000,0.000,0.000,0.00,0.00,against_bias
2025.08.22 13:35:00,fvg,1,3328.722,0.000,0.000,0.000,0.00,0.00,against_bias
2025.08.22 13:40:00,fvg,1,3330.561,0.000,0.000,0.000,0.00,0.00,against_bias
2025.08.22 13:45:00,fvg,1,3332.614,3328.430,0.000,0.000,0.00,0.00,no_room
2025.08.22 14:10:00,fvg,1,3347.767,3332.619,0.000,0.000,0.00,0.00,no_room
2025.08.22 14:20:00,fvg,1,3357.202,3347.224,0.000,0.000,0.00,0.00,no_room
2025.08.22 14:40:00,fvg,1,3371.362,3360.940,0.000,0.000,0.00,0.00,no_room
2025.08.22 15:50:00,fvg,-1,3373.131,0.000,0.000,0.000,0.00,0.00,against_bias
2025.08.22 15:55:00,fvg,-1,3369.952,0.000,0.000,0.000,0.00,0.00,against_bias
2025.08.25 07:20:00,fvg,-1,3368.010,0.000,0.000,0.000,0.00,0.00,against_bias
2025.08.25 07:35:00,fvg,1,3368.316,3366.432,0.000,0.000,0.00,0.00,sl_too_tight
2025.08.25 08:00:00,fvg,-1,3367.201,0.000,0.000,0.000,0.00,0.00,against_bias
2025.08.25 08:05:00,fvg,-1,3366.771,0.000,0.000,0.000,0.00,0.00,against_bias
2025.08.25 08:25:00,fvg,-1,3365.199,0.000,0.000,0.000,0.00,0.00,against_bias
2025.08.25 08:30:00,fvg,-1,3364.639,0.000,0.000,0.000,0.00,0.00,against_bias
2025.08.25 08:55:00,fvg,1,3364.297,3363.408,0.000,0.000,0.00,0.00,sl_too_tight
2025.08.25 09:15:00,fvg,-1,3363.324,3364.495,0.000,0.000,0.00,0.00,sl_too_tight
2025.08.25 09:20:00,fvg,-1,3362.769,3363.982,0.000,0.000,0.00,0.00,sl_too_tight
2025.08.25 09:40:00,fvg,1,3363.652,0.000,0.000,0.000,0.00,0.00,against_bias
2025.08.25 09:50:00,fvg,1,3366.219,0.000,0.000,0.000,0.00,0.00,against_bias
2025.08.25 10:30:00,fvg,-1,3366.619,3368.223,0.000,0.000,0.00,0.00,sl_too_tight
2025.08.25 10:40:00,fvg,1,3366.875,0.000,0.000,0.000,0.00,0.00,against_bias
2025.08.25 11:10:00,fvg,1,3366.765,0.000,0.000,0.000,0.00,0.00,against_bias
2025.08.25 11:40:00,fvg,1,3368.751,0.000,0.000,0.000,0.00,0.00,against_bias
2025.08.25 11:55:00,fvg,1,3370.255,3368.360,0.000,0.000,0.00,0.00,sl_too_tight
2025.08.25 12:10:00,fvg,-1,3369.804,0.000,0.000,0.000,0.00,0.00,against_bias
2025.08.25 12:15:00,fvg,-1,3369.306,0.000,0.000,0.000,0.00,0.00,against_bias
2025.08.25 12:40:00,fvg,-1,3367.871,0.000,0.000,0.000,0.00,0.00,against_bias
2025.08.25 13:05:00,fvg,-1,3364.948,0.000,0.000,0.000,0.00,0.00,against_bias
2025.08.25 13:10:00,fvg,-1,3364.047,0.000,0.000,0.000,0.00,0.00,against_bias
2025.08.25 13:40:00,fvg,1,3365.462,3362.187,0.000,0.000,0.00,0.00,no_room
2025.08.25 13:55:00,fvg,1,3369.372,3366.313,0.000,0.000,0.00,0.00,no_room
2025.08.25 14:50:00,fvg,1,3373.956,3371.219,0.000,0.000,0.00,0.00,sl_too_tight
2025.08.25 15:40:00,fvg,-1,3373.512,0.000,0.000,0.000,0.00,0.00,against_bias
2025.08.25 15:55:00,fvg,1,3373.194,3371.665,0.000,0.000,0.00,0.00,sl_too_tight
2025.08.26 07:15:00,fvg,-1,3374.379,0.000,0.000,0.000,0.00,0.00,against_bias
2025.08.26 07:20:00,fvg,-1,3372.971,0.000,0.000,0.000,0.00,0.00,against_bias
2025.08.26 07:35:00,fvg,1,3370.578,3367.033,0.000,0.000,0.00,0.00,no_room
2025.08.26 07:40:00,fvg,1,3373.012,3368.851,0.000,0.000,0.00,0.00,no_room
2025.08.26 07:45:00,fvg,1,3374.146,3370.311,0.000,0.000,0.00,0.00,no_room
2025.08.26 07:50:00,fvg,1,3377.210,3372.743,0.000,0.000,0.00,0.00,no_room
2025.08.26 08:35:00,fvg,1,3378.258,3375.362,0.000,0.000,0.00,0.00,sl_too_tight
2025.08.26 09:05:00,fvg,-1,3376.691,0.000,0.000,0.000,0.00,0.00,against_bias
2025.08.26 09:35:00,fvg,-1,3375.315,0.000,0.000,0.000,0.00,0.00,against_bias
2025.08.26 09:40:00,fvg,-1,3373.504,0.000,0.000,0.000,0.00,0.00,against_bias
2025.08.26 09:55:00,fvg,-1,3371.457,0.000,0.000,0.000,0.00,0.00,against_bias
2025.08.26 10:05:00,fvg,1,3371.840,3369.791,0.000,0.000,0.00,0.00,sl_too_tight
2025.08.26 10:35:00,fvg,-1,3370.770,0.000,0.000,0.000,0.00,0.00,against_bias
2025.08.26 10:40:00,fvg,-1,3369.208,0.000,0.000,0.000,0.00,0.00,against_bias
2025.08.26 11:00:00,fvg,1,3370.660,3368.763,0.000,0.000,0.00,0.00,sl_too_tight
2025.08.26 11:15:00,fvg,1,3375.462,3370.487,0.000,0.000,0.00,0.00,no_room
2025.08.26 13:00:00,fvg,-1,3375.505,0.000,0.000,0.000,0.00,0.00,against_bias
2025.08.26 13:05:00,fvg,-1,3374.520,0.000,0.000,0.000,0.00,0.00,against_bias
2025.08.26 13:35:00,fvg,1,3373.534,3370.377,0.000,0.000,0.00,0.00,no_room
2025.08.26 13:40:00,fvg,1,3375.531,3370.372,0.000,0.000,0.00,0.00,no_room
2025.08.26 14:55:00,fvg,1,3377.470,3373.286,0.000,0.000,0.00,0.00,no_room
2025.08.26 15:30:00,fvg,1,3381.744,3379.319,0.000,0.000,0.00,0.00,sl_too_tight
2025.08.26 15:45:00,fvg,1,3383.309,3381.361,0.000,0.000,0.00,0.00,sl_too_tight
2025.08.26 15:50:00,fvg,1,3384.305,3382.563,0.000,0.000,0.00,0.00,sl_too_tight
2025.08.27 07:45:00,fvg,1,3377.005,0.000,0.000,0.000,0.00,0.00,against_bias
2025.08.27 07:50:00,fvg,1,3377.677,0.000,0.000,0.000,0.00,0.00,against_bias
2025.08.27 07:55:00,fvg,1,3379.025,0.000,0.000,0.000,0.00,0.00,against_bias
2025.08.27 08:00:00,fvg,1,3380.232,0.000,0.000,0.000,0.00,0.00,against_bias
2025.08.27 08:10:00,fvg,1,3381.637,0.000,0.000,0.000,0.00,0.00,against_bias
2025.08.27 08:40:00,fvg,-1,3383.153,0.000,0.000,0.000,0.00,0.00,against_bias
2025.08.27 09:05:00,fvg,1,3384.075,3382.829,0.000,0.000,0.00,0.00,sl_too_tight
2025.08.27 10:00:00,fvg,-1,3379.449,0.000,0.000,0.000,0.00,0.00,against_bias
2025.08.27 10:35:00,fvg,-1,3376.513,0.000,0.000,0.000,0.00,0.00,against_bias
2025.08.27 11:30:00,fvg,-1,3375.653,0.000,0.000,0.000,0.00,0.00,against_bias
2025.08.27 11:55:00,fvg,1,3376.649,3374.731,0.000,0.000,0.00,0.00,sl_too_tight
2025.08.27 12:30:00,fvg,1,3379.771,3376.357,0.000,0.000,0.00,0.00,no_room
2025.08.27 13:35:00,fvg,-1,3382.170,0.000,0.000,0.000,0.00,0.00,against_bias
2025.08.27 13:40:00,fvg,-1,3381.695,0.000,0.000,0.000,0.00,0.00,against_bias
2025.08.27 14:25:00,fvg,1,3380.621,3377.885,0.000,0.000,0.00,0.00,sl_too_tight
2025.08.27 14:30:00,fvg,1,3381.750,3378.753,0.000,0.000,0.00,0.00,sl_too_tight
2025.08.27 15:00:00,fvg,1,3384.575,3382.873,0.000,0.000,0.00,0.00,sl_too_tight
2025.08.27 15:15:00,fvg,1,3387.688,3384.932,0.000,0.000,0.00,0.00,sl_too_tight
2025.08.27 15:55:00,fvg,-1,3387.386,0.000,0.000,0.000,0.00,0.00,against_bias
2025.08.28 07:20:00,fvg,1,3395.795,3393.595,0.000,0.000,0.00,0.00,sl_too_tight
2025.08.28 07:30:00,fvg,-1,3395.604,0.000,0.000,0.000,0.00,0.00,against_bias
2025.08.28 08:40:00,fvg,1,3396.801,3394.441,0.000,0.000,0.00,0.00,sl_too_tight
2025.08.28 08:45:00,fvg,1,3398.074,3395.127,0.000,0.000,0.00,0.00,sl_too_tight
2025.08.28 09:35:00,fvg,-1,3399.553,0.000,0.000,0.000,0.00,0.00,against_bias
2025.08.28 10:10:00,fvg,-1,3396.493,0.000,0.000,0.000,0.00,0.00,against_bias
2025.08.28 10:15:00,fvg,-1,3396.097,0.000,0.000,0.000,0.00,0.00,against_bias
2025.08.28 10:35:00,fvg,1,3396.423,3394.173,0.000,0.000,0.00,0.00,sl_too_tight
2025.08.28 10:50:00,fvg,1,3397.038,3395.004,0.000,0.000,0.00,0.00,sl_too_tight
2025.08.28 11:25:00,fvg,1,3398.860,3396.078,0.000,0.000,0.00,0.00,sl_too_tight
2025.08.28 11:30:00,fvg,1,3401.401,3397.027,0.000,0.000,0.00,0.00,no_room
2025.08.28 11:35:00,fvg,1,3404.071,3398.671,0.000,0.000,0.00,0.00,no_room
2025.08.28 12:15:00,fvg,1,3406.081,3403.425,0.000,0.000,0.00,0.00,sl_too_tight
2025.08.28 12:40:00,fvg,-1,3405.079,0.000,0.000,0.000,0.00,0.00,against_bias
2025.08.28 12:55:00,fvg,-1,3400.901,0.000,0.000,0.000,0.00,0.00,against_bias
2025.08.28 13:25:00,fvg,1,3400.934,3396.411,0.000,0.000,0.00,0.00,no_room
2025.08.28 13:30:00,fvg,1,3403.067,3397.776,0.000,0.000,0.00,0.00,no_room
2025.08.28 15:25:00,fvg,-1,3409.216,0.000,0.000,0.000,0.00,0.00,against_bias
2025.08.28 15:30:00,fvg,-1,3408.542,0.000,0.000,0.000,0.00,0.00,against_bias
2025.08.28 15:55:00,fvg,1,3408.314,3405.488,0.000,0.000,0.00,0.00,sl_too_tight
2025.08.28 16:00:00,fvg,1,3409.156,3405.963,3413.272,3417.387,7.68,7.68,signal
2025.08.28 16:15:00,fvg,1,3409.156,0.000,3413.272,0.000,0.00,0.00,missed_move
2025.08.29 07:10:00,fvg,1,3410.728,0.000,0.000,0.000,0.00,0.00,against_bias
2025.08.29 07:20:00,fvg,-1,3410.210,3412.311,0.000,0.000,0.00,0.00,sl_too_tight
2025.08.29 07:25:00,fvg,-1,3409.252,3411.148,0.000,0.000,0.00,0.00,sl_too_tight
2025.08.29 07:50:00,fvg,1,3409.701,0.000,0.000,0.000,0.00,0.00,against_bias
2025.08.29 09:00:00,fvg,-1,3411.348,0.000,0.000,0.000,0.00,0.00,against_bias
2025.08.29 09:35:00,fvg,-1,3409.016,0.000,0.000,0.000,0.00,0.00,against_bias
2025.08.29 09:40:00,fvg,-1,3407.933,0.000,0.000,0.000,0.00,0.00,against_bias
2025.08.29 10:45:00,fvg,1,3407.080,0.000,0.000,0.000,0.00,0.00,against_bias
2025.08.29 11:00:00,fvg,-1,3405.831,3407.539,0.000,0.000,0.00,0.00,sl_too_tight
2025.08.29 11:35:00,fvg,1,3406.962,0.000,0.000,0.000,0.00,0.00,against_bias
2025.08.29 11:55:00,fvg,1,3409.197,0.000,0.000,0.000,0.00,0.00,against_bias
2025.08.29 12:20:00,fvg,-1,3409.237,3410.616,0.000,0.000,0.00,0.00,sl_too_tight
2025.08.29 12:40:00,fvg,1,3411.388,0.000,0.000,0.000,0.00,0.00,against_bias
2025.08.29 13:05:00,fvg,1,3416.566,3413.601,0.000,0.000,0.00,0.00,sl_too_tight
2025.08.29 13:20:00,fvg,1,3417.874,3413.384,0.000,0.000,0.00,0.00,no_room
2025.08.29 13:40:00,fvg,1,3420.540,3416.124,0.000,0.000,0.00,0.00,no_room
2025.08.29 13:45:00,fvg,1,3423.223,3417.055,0.000,0.000,0.00,0.00,no_room
2025.08.29 14:00:00,fvg,1,3426.252,3423.011,0.000,0.000,0.00,0.00,no_room
2025.08.29 14:05:00,fvg,1,3428.723,3424.639,0.000,0.000,0.00,0.00,no_room
2025.08.29 14:10:00,fvg,1,3429.278,3425.960,0.000,0.000,0.00,0.00,no_room
2025.08.29 14:15:00,fvg,1,3432.441,3428.409,0.000,0.000,0.00,0.00,no_room
2025.08.29 14:35:00,fvg,1,3435.852,3432.786,0.000,0.000,0.00,0.00,no_room
2025.08.29 14:40:00,fvg,1,3436.798,3433.737,0.000,0.000,0.00,0.00,no_room
2025.08.29 15:05:00,fvg,1,3439.680,3436.049,3446.067,3452.454,6.75,6.76,signal
2025.09.01 07:05:00,fvg,-1,3481.047,0.000,0.000,0.000,0.00,0.00,against_bias
2025.09.01 07:35:00,fvg,-1,3472.433,0.000,0.000,0.000,0.00,0.00,against_bias
2025.09.01 07:55:00,fvg,1,3472.666,3467.461,3483.076,3493.485,4.83,4.84,signal
2025.09.01 13:10:00,fvg,1,3471.619,3468.598,0.000,0.000,0.00,0.00,no_room
2025.09.01 13:15:00,fvg,1,3475.412,3468.597,3485.878,3496.344,3.65,3.66,signal
2025.09.02 07:05:00,fvg,1,3485.323,0.000,0.000,0.000,0.00,0.00,against_bias
2025.09.02 07:25:00,fvg,-1,3483.587,3487.077,3477.189,3470.791,7.30,7.30,signal
2025.09.02 08:10:00,fvg,-1,3473.269,3479.130,0.000,0.000,0.00,0.00,no_room
2025.09.02 08:20:00,fvg,1,3476.560,0.000,0.000,0.000,0.00,0.00,against_bias
2025.09.02 08:40:00,fvg,1,3477.623,0.000,0.000,0.000,0.00,0.00,against_bias
2025.09.02 08:45:00,fvg,1,3478.477,0.000,0.000,0.000,0.00,0.00,against_bias
2025.09.02 09:00:00,fvg,-1,3477.657,3481.774,0.000,0.000,0.00,0.00,no_room
2025.09.02 09:25:00,fvg,1,3478.074,0.000,0.000,0.000,0.00,0.00,against_bias
2025.09.02 10:15:00,fvg,1,3480.457,0.000,0.000,0.000,0.00,0.00,against_bias
2025.09.02 10:40:00,fvg,1,3481.016,0.000,0.000,0.000,0.00,0.00,against_bias
2025.09.02 10:45:00,fvg,1,3482.526,0.000,0.000,0.000,0.00,0.00,against_bias
2025.09.02 11:05:00,fvg,1,3484.431,0.000,0.000,0.000,0.00,0.00,against_bias
2025.09.02 11:25:00,fvg,-1,3482.595,3485.369,0.000,0.000,0.00,0.00,sl_too_tight
2025.09.02 11:45:00,fvg,1,3482.314,0.000,0.000,0.000,0.00,0.00,against_bias
2025.09.02 11:50:00,fvg,1,3483.617,0.000,0.000,0.000,0.00,0.00,against_bias
2025.09.02 12:00:00,fvg,1,3486.721,0.000,0.000,0.000,0.00,0.00,against_bias
2025.09.02 12:05:00,fvg,1,3489.249,0.000,0.000,0.000,0.00,0.00,against_bias
2025.09.02 12:10:00,fvg,1,3490.387,0.000,0.000,0.000,0.00,0.00,against_bias
2025.09.02 12:25:00,fvg,-1,3487.601,3492.303,3478.197,3468.794,5.56,5.57,signal
2025.09.02 14:05:00,fvg,1,3488.727,0.000,0.000,0.000,0.00,0.00,against_bias
2025.09.02 14:30:00,fvg,1,3500.795,3495.767,3508.193,3515.592,5.23,5.23,signal
2025.09.02 15:10:00,fvg,1,3512.645,3508.985,3519.965,3527.285,7.34,7.35,signal
2025.09.03 07:25:00,fvg,-1,3532.004,0.000,0.000,0.000,0.00,0.00,against_bias
2025.09.03 07:40:00,fvg,1,3534.933,3529.021,0.000,0.000,0.00,0.00,no_room
2025.09.03 08:10:00,fvg,1,3536.997,3533.511,0.000,0.000,0.00,0.00,no_room
2025.09.03 08:30:00,fvg,1,3538.494,3535.693,0.000,0.000,0.00,0.00,sl_too_tight
2025.09.03 10:00:00,fvg,-1,3536.524,0.000,0.000,0.000,0.00,0.00,against_bias
2025.09.03 10:35:00,fvg,1,3536.632,3534.325,0.000,0.000,0.00,0.00,sl_too_tight
2025.09.03 10:55:00,fvg,1,3538.677,3534.714,0.000,0.000,0.00,0.00,no_room
2025.09.03 11:00:00,fvg,1,3539.482,3534.716,0.000,0.000,0.00,0.00,no_room
2025.09.03 11:10:00,fvg,1,3541.932,3539.253,0.000,0.000,0.00,0.00,sl_too_tight
2025.09.03 11:20:00,fvg,1,3545.491,3541.678,0.000,0.000,0.00,0.00,no_room
2025.09.03 13:00:00,fvg,1,3548.641,3544.696,3556.531,3564.421,7.02,7.02,signal
2025.09.03 13:15:00,fvg,1,3548.641,0.000,3556.531,0.000,0.00,0.00,missed_move
2025.09.03 14:25:00,fvg,1,3558.499,3552.332,3570.833,3583.167,4.49,4.49,signal
2025.09.04 07:40:00,fvg,1,3538.219,0.000,0.000,0.000,0.00,0.00,against_bias
2025.09.04 08:05:00,fvg,1,3541.099,0.000,0.000,0.000,0.00,0.00,against_bias
2025.09.04 08:10:00,fvg,1,3542.839,0.000,0.000,0.000,0.00,0.00,against_bias
2025.09.04 08:55:00,fvg,-1,3539.762,0.000,0.000,0.000,0.00,0.00,against_bias
2025.09.04 09:05:00,fvg,1,3540.770,3537.008,0.000,0.000,0.00,0.00,no_room
2025.09.04 09:35:00,fvg,-1,3540.843,0.000,0.000,0.000,0.00,0.00,against_bias
2025.09.04 10:10:00,fvg,1,3540.419,3536.396,0.000,0.000,0.00,0.00,no_room
2025.09.04 10:15:00,fvg,1,3542.828,3538.068,0.000,0.000,0.00,0.00,no_room
2025.09.04 10:25:00,fvg,-1,3542.137,0.000,0.000,0.000,0.00,0.00,against_bias
2025.09.04 10:30:00,fvg,-1,3541.098,0.000,0.000,0.000,0.00,0.00,against_bias
2025.09.04 11:10:00,fvg,-1,3540.044,0.000,0.000,0.000,0.00,0.00,against_bias
2025.09.04 11:35:00,fvg,1,3539.529,3536.489,0.000,0.000,0.00,0.00,no_room
2025.09.04 11:45:00,fvg,1,3543.420,3539.270,0.000,0.000,0.00,0.00,no_room
2025.09.04 12:10:00,fvg,1,3546.175,3542.818,0.000,0.000,0.00,0.00,no_room
2025.09.04 12:30:00,fvg,-1,3547.239,0.000,0.000,0.000,0.00,0.00,against_bias
2025.09.04 13:10:00,fvg,-1,3545.429,0.000,0.000,0.000,0.00,0.00,against_bias
2025.09.04 13:25:00,fvg,1,3549.590,3542.855,3563.031,3576.471,4.12,4.13,signal
2025.09.04 14:10:00,fvg,-1,3542.448,0.000,0.000,0.000,0.00,0.00,against_bias
2025.09.04 14:45:00,fvg,1,3543.524,3539.479,0.000,0.000,0.00,0.00,no_room
2025.09.04 15:10:00,fvg,1,3546.196,3542.778,0.000,0.000,0.00,0.00,no_room
2025.09.04 15:30:00,fvg,-1,3545.151,0.000,0.000,0.000,0.00,0.00,against_bias
2025.09.04 15:40:00,fvg,1,3545.204,3542.010,0.000,0.000,0.00,0.00,no_room
2025.09.04 15:45:00,fvg,1,3548.038,3543.823,3556.468,3564.898,6.52,6.53,signal
2025.09.05 08:30:00,fvg,1,3547.648,3544.498,3550.824,3554.001,8.65,8.65,signal
2025.09.05 11:25:00,fvg,-1,3551.246,0.000,0.000,0.000,0.00,0.00,against_bias
2025.09.05 11:30:00,fvg,-1,3550.243,0.000,0.000,0.000,0.00,0.00,against_bias
2025.09.05 11:45:00,fvg,1,3550.610,3548.356,0.000,0.000,0.00,0.00,sl_too_tight
2025.09.05 11:55:00,fvg,-1,3550.557,0.000,0.000,0.000,0.00,0.00,against_bias
2025.09.05 12:35:00,fvg,1,3554.893,3549.212,0.000,0.000,0.00,0.00,no_room
2025.09.05 12:40:00,fvg,1,3574.171,3549.476,0.000,0.000,0.00,0.00,no_room
2025.09.05 13:20:00,fvg,1,3579.231,3572.536,3592.621,3606.011,4.13,4.13,signal
2025.09.08 07:20:00,fvg,1,3604.462,3597.396,3618.594,3632.725,4.02,4.03,signal
2025.09.08 10:15:00,fvg,1,3604.462,0.000,3618.594,0.000,0.00,0.00,missed_move
2025.09.08 10:20:00,fvg,1,3616.396,3614.089,0.000,0.000,0.00,0.00,sl_too_tight
2025.09.08 12:00:00,fvg,1,3617.732,3613.248,3622.259,3626.786,6.35,6.35,signal
2025.09.08 13:25:00,fvg,-1,3627.053,0.000,0.000,0.000,0.00,0.00,against_bias
2025.09.08 13:50:00,fvg,1,3630.961,3622.484,3647.914,3664.867,3.41,3.41,signal
2025.09.09 13:40:00,fvg,1,3663.243,3656.146,3677.437,3691.632,4.19,4.19,signal
2025.09.09 14:10:00,fvg,-1,3663.161,0.000,0.000,0.000,0.00,0.00,against_bias
2025.09.09 14:15:00,fvg,-1,3651.938,0.000,0.000,0.000,0.00,0.00,against_bias
2025.09.09 14:40:00,fvg,-1,3642.378,0.000,0.000,0.000,0.00,0.00,against_bias
2025.09.09 14:50:00,fvg,1,3643.071,3635.252,0.000,0.000,0.00,0.00,no_room
2025.09.09 15:10:00,fvg,-1,3643.332,0.000,0.000,0.000,0.00,0.00,against_bias
2025.09.09 15:20:00,fvg,-1,3636.231,3643.983,0.000,0.000,0.00,0.00,no_room
2025.09.09 15:30:00,fvg,1,3638.590,0.000,0.000,0.000,0.00,0.00,against_bias
2025.09.09 15:50:00,fvg,1,3641.912,0.000,0.000,0.000,0.00,0.00,against_bias
2025.09.10 07:35:00,fvg,-1,3644.921,0.000,0.000,0.000,0.00,0.00,against_bias
2025.09.10 08:05:00,fvg,-1,3644.683,0.000,0.000,0.000,0.00,0.00,against_bias
2025.09.10 09:40:00,fvg,1,3647.285,3645.524,0.000,0.000,0.00,0.00,sl_too_tight
2025.09.10 09:45:00,fvg,1,3649.355,3645.546,0.000,0.000,0.00,0.00,no_room
2025.09.10 09:50:00,fvg,1,3651.039,3647.110,0.000,0.000,0.00,0.00,no_room
2025.09.10 09:55:00,fvg,1,3653.758,3649.184,0.000,0.000,0.00,0.00,no_room
2025.09.10 11:05:00,fvg,-1,3655.287,0.000,0.000,0.000,0.00,0.00,against_bias
2025.09.10 11:10:00,fvg,-1,3654.835,0.000,0.000,0.000,0.00,0.00,against_bias
2025.09.10 11:35:00,fvg,-1,3655.102,0.000,0.000,0.000,0.00,0.00,against_bias
2025.09.10 11:40:00,fvg,-1,3653.377,0.000,0.000,0.000,0.00,0.00,against_bias
2025.09.10 11:45:00,fvg,-1,3652.003,0.000,0.000,0.000,0.00,0.00,against_bias
2025.09.10 12:55:00,fvg,-1,3645.303,0.000,0.000,0.000,0.00,0.00,against_bias
2025.09.10 13:40:00,fvg,1,3648.585,3645.576,0.000,0.000,0.00,0.00,no_room
2025.09.10 14:40:00,fvg,1,3654.087,3650.095,0.000,0.000,0.00,0.00,no_room
2025.09.10 14:50:00,fvg,-1,3649.572,0.000,0.000,0.000,0.00,0.00,against_bias
2025.09.10 14:55:00,fvg,-1,3646.938,0.000,0.000,0.000,0.00,0.00,against_bias
2025.09.10 15:30:00,fvg,-1,3644.632,0.000,0.000,0.000,0.00,0.00,against_bias
2025.09.10 15:40:00,fvg,1,3645.238,3638.063,0.000,0.000,0.00,0.00,no_room
2025.09.11 07:05:00,fvg,-1,3633.377,3636.487,0.000,0.000,0.00,0.00,no_room
2025.09.11 07:10:00,fvg,-1,3630.370,3635.559,0.000,0.000,0.00,0.00,no_room
2025.09.11 07:45:00,fvg,1,3627.724,0.000,0.000,0.000,0.00,0.00,against_bias
2025.09.11 08:05:00,fvg,1,3629.357,0.000,0.000,0.000,0.00,0.00,against_bias
2025.09.11 08:40:00,fvg,-1,3627.982,3630.322,0.000,0.000,0.00,0.00,sl_too_tight
2025.09.11 09:05:00,fvg,-1,3626.232,3630.724,0.000,0.000,0.00,0.00,no_room
2025.09.11 09:10:00,fvg,-1,3623.746,3629.384,0.000,0.000,0.00,0.00,no_room
2025.09.11 09:20:00,fvg,-1,3619.475,3624.011,3613.046,3606.617,6.49,6.49,signal
2025.09.11 10:35:00,fvg,-1,3621.580,3624.065,0.000,0.000,0.00,0.00,sl_too_tight
2025.09.11 11:05:00,fvg,-1,3622.226,3624.166,0.000,0.000,0.00,0.00,sl_too_tight
2025.09.11 11:45:00,fvg,-1,3618.639,3621.859,3614.341,3610.044,9.05,9.06,signal
2025.09.11 12:30:00,fvg,1,3621.476,0.000,0.000,0.000,0.00,0.00,against_bias
2025.09.11 12:40:00,fvg,1,3636.630,0.000,0.000,0.000,0.00,0.00,against_bias
2025.09.11 13:10:00,fvg,1,3632.323,3626.323,0.000,0.000,0.00,0.00,no_room
2025.09.11 13:25:00,fvg,-1,3629.713,0.000,0.000,0.000,0.00,0.00,against_bias
2025.09.11 13:50:00,fvg,1,3626.662,3617.620,3637.240,3647.818,3.19,3.19,signal
2025.09.12 07:15:00,fvg,1,3652.039,3649.270,0.000,0.000,0.00,0.00,sl_too_tight
2025.09.12 08:20:00,fvg,-1,3645.848,0.000,0.000,0.000,0.00,0.00,against_bias
2025.09.12 08:55:00,fvg,-1,3641.995,0.000,0.000,0.000,0.00,0.00,against_bias
2025.09.12 09:25:00,fvg,1,3642.926,3637.397,0.000,0.000,0.00,0.00,no_room
2025.09.12 09:45:00,fvg,-1,3644.567,0.000,0.000,0.000,0.00,0.00,against_bias
2025.09.12 10:00:00,fvg,1,3645.782,3643.481,0.000,0.000,0.00,0.00,sl_too_tight
2025.09.12 10:25:00,fvg,1,3649.706,3646.465,0.000,0.000,0.00,0.00,no_room
2025.09.12 10:30:00,fvg,1,3650.035,3647.057,0.000,0.000,0.00,0.00,sl_too_tight
2025.09.12 11:00:00,fvg,1,3650.802,3648.934,0.000,0.000,0.00,0.00,sl_too_tight
2025.09.12 11:35:00,fvg,-1,3649.228,0.000,0.000,0.000,0.00,0.00,against_bias
2025.09.12 12:10:00,fvg,-1,3646.230,0.000,0.000,0.000,0.00,0.00,against_bias
2025.09.12 12:30:00,fvg,-1,3643.363,0.000,0.000,0.000,0.00,0.00,against_bias
2025.09.12 13:00:00,fvg,1,3644.065,3637.932,0.000,0.000,0.00,0.00,no_room
2025.09.12 13:10:00,fvg,1,3647.329,3642.952,0.000,0.000,0.00,0.00,no_room
2025.09.12 13:15:00,fvg,1,3647.883,3642.964,0.000,0.000,0.00,0.00,no_room
2025.09.12 14:40:00,fvg,-1,3651.940,0.000,0.000,0.000,0.00,0.00,against_bias
2025.09.12 14:45:00,fvg,-1,3650.650,0.000,0.000,0.000,0.00,0.00,against_bias
2025.09.12 15:10:00,fvg,-1,3647.634,0.000,0.000,0.000,0.00,0.00,against_bias
2025.09.12 15:15:00,fvg,-1,3646.150,0.000,0.000,0.000,0.00,0.00,against_bias
2025.09.12 15:40:00,fvg,1,3645.509,3642.040,0.000,0.000,0.00,0.00,no_room
2025.09.15 07:05:00,fvg,-1,3636.856,0.000,0.000,0.000,0.00,0.00,against_bias
2025.09.15 07:35:00,fvg,1,3636.036,3633.503,0.000,0.000,0.00,0.00,sl_too_tight
2025.09.15 07:40:00,fvg,1,3639.370,3634.090,0.000,0.000,0.00,0.00,no_room
2025.09.15 07:45:00,fvg,1,3640.071,3635.809,0.000,0.000,0.00,0.00,no_room
2025.09.15 08:00:00,fvg,1,3643.115,3639.437,0.000,0.000,0.00,0.00,no_room
2025.09.15 09:05:00,fvg,1,3644.463,3640.613,0.000,0.000,0.00,0.00,no_room
2025.09.15 09:30:00,fvg,-1,3641.759,0.000,0.000,0.000,0.00,0.00,against_bias
2025.09.15 09:40:00,fvg,-1,3638.981,0.000,0.000,0.000,0.00,0.00,against_bias
2025.09.15 09:45:00,fvg,-1,3638.078,0.000,0.000,0.000,0.00,0.00,against_bias
2025.09.15 10:05:00,fvg,1,3641.109,3637.490,0.000,0.000,0.00,0.00,no_room
2025.09.15 10:10:00,fvg,1,3642.366,3638.332,0.000,0.000,0.00,0.00,price_inside_zone
2025.09.15 10:20:00,fvg,1,3644.100,3641.918,0.000,0.000,0.00,0.00,sl_too_tight
2025.09.15 10:45:00,fvg,-1,3644.674,0.000,0.000,0.000,0.00,0.00,against_bias
2025.09.15 10:50:00,fvg,-1,3643.080,0.000,0.000,0.000,0.00,0.00,against_bias
2025.09.15 10:55:00,fvg,-1,3640.914,0.000,0.000,0.000,0.00,0.00,against_bias
2025.09.15 11:20:00,fvg,1,3642.782,3639.338,0.000,0.000,0.00,0.00,no_room
2025.09.15 11:25:00,fvg,1,3643.886,3640.286,0.000,0.000,0.00,0.00,no_room
2025.09.15 12:20:00,fvg,-1,3640.754,0.000,0.000,0.000,0.00,0.00,against_bias
2025.09.15 12:40:00,fvg,1,3640.480,3637.023,0.000,0.000,0.00,0.00,no_room
2025.09.15 12:45:00,fvg,1,3642.055,3637.612,0.000,0.000,0.00,0.00,no_room
2025.09.15 12:55:00,fvg,1,3647.825,3641.765,0.000,0.000,0.00,0.00,no_room
2025.09.15 13:30:00,fvg,1,3650.844,3647.842,0.000,0.000,0.00,0.00,no_room
2025.09.15 13:40:00,fvg,1,3654.844,3650.494,0.000,0.000,0.00,0.00,no_room
2025.09.15 13:45:00,fvg,1,3661.030,3652.391,3674.175,3687.320,3.39,3.40,signal
2025.09.16 07:30:00,fvg,-1,3692.054,0.000,0.000,0.000,0.00,0.00,against_bias
2025.09.16 07:40:00,fvg,-1,3689.999,0.000,0.000,0.000,0.00,0.00,against_bias
2025.09.16 07:45:00,fvg,-1,3688.621,0.000,0.000,0.000,0.00,0.00,against_bias
2025.09.16 08:15:00,fvg,1,3688.954,3685.881,0.000,0.000,0.00,0.00,no_room
2025.09.16 08:20:00,fvg,1,3693.876,3687.101,3707.426,3720.976,4.43,4.43,signal
2025.09.16 13:30:00,fvg,1,3691.026,3684.783,3698.479,3705.933,4.76,4.76,signal
2025.09.16 13:40:00,fvg,1,3691.026,0.000,3698.479,0.000,0.00,0.00,missed_move
2025.09.16 14:20:00,fvg,1,3698.174,3693.277,0.000,0.000,0.00,0.00,no_room
2025.09.16 14:35:00,fvg,-1,3695.063,0.000,0.000,0.000,0.00,0.00,against_bias
2025.09.16 15:15:00,fvg,-1,3684.663,3688.402,3680.616,3676.568,7.95,7.95,signal
2025.09.16 15:35:00,fvg,-1,3682.825,3689.254,0.000,0.000,0.00,0.00,no_room
2025.09.16 15:55:00,fvg,1,3683.610,0.000,0.000,0.000,0.00,0.00,against_bias
2025.09.16 16:00:00,fvg,1,3685.300,0.000,0.000,0.000,0.00,0.00,against_bias
2025.09.17 07:20:00,fvg,-1,3671.461,3675.719,3662.946,3654.430,6.91,6.91,signal
2025.09.17 12:50:00,fvg,1,3674.368,3670.721,0.000,0.000,0.00,0.00,no_room
2025.09.17 12:55:00,fvg,1,3675.611,3672.479,3681.875,3688.140,9.44,9.44,signal
2025.09.18 07:10:00,fvg,1,3639.504,0.000,0.000,0.000,0.00,0.00,against_bias
2025.09.18 07:15:00,fvg,1,3640.830,0.000,0.000,0.000,0.00,0.00,against_bias
2025.09.18 07:20:00,fvg,1,3643.583,0.000,0.000,0.000,0.00,0.00,against_bias
2025.09.18 07:25:00,fvg,1,3646.614,0.000,0.000,0.000,0.00,0.00,against_bias
2025.09.18 07:45:00,fvg,1,3652.479,0.000,0.000,0.000,0.00,0.00,against_bias
2025.09.18 07:50:00,fvg,1,3656.954,0.000,0.000,0.000,0.00,0.00,against_bias
2025.09.18 08:15:00,fvg,-1,3655.384,3659.748,0.000,0.000,0.00,0.00,no_room
2025.09.18 08:45:00,fvg,1,3659.768,0.000,0.000,0.000,0.00,0.00,against_bias
2025.09.18 09:05:00,fvg,1,3664.552,0.000,0.000,0.000,0.00,0.00,against_bias
2025.09.18 09:15:00,fvg,1,3667.010,3664.301,0.000,0.000,0.00,0.00,sl_too_tight
2025.09.18 09:30:00,fvg,1,3670.757,3665.584,0.000,0.000,0.00,0.00,no_room
2025.09.18 10:15:00,fvg,-1,3669.902,0.000,0.000,0.000,0.00,0.00,against_bias
2025.09.18 10:20:00,fvg,-1,3667.626,0.000,0.000,0.000,0.00,0.00,against_bias
2025.09.18 11:35:00,fvg,-1,3666.913,0.000,0.000,0.000,0.00,0.00,against_bias
2025.09.18 12:30:00,fvg,1,3670.362,3666.004,0.000,0.000,0.00,0.00,no_room
2025.09.18 12:40:00,fvg,-1,3669.219,0.000,0.000,0.000,0.00,0.00,against_bias
2025.09.18 13:05:00,fvg,-1,3664.234,0.000,0.000,0.000,0.00,0.00,against_bias
2025.09.18 13:10:00,fvg,-1,3662.581,0.000,0.000,0.000,0.00,0.00,against_bias
2025.09.18 13:15:00,fvg,-1,3659.134,0.000,0.000,0.000,0.00,0.00,against_bias
2025.09.18 13:30:00,fvg,-1,3655.899,0.000,0.000,0.000,0.00,0.00,against_bias
2025.09.18 13:40:00,fvg,-1,3648.344,0.000,0.000,0.000,0.00,0.00,against_bias
2025.09.18 13:45:00,fvg,-1,3641.076,3655.425,0.000,0.000,0.00,0.00,no_room
2025.09.18 13:50:00,fvg,-1,3637.489,3648.915,0.000,0.000,0.00,0.00,no_room
2025.09.18 14:25:00,fvg,-1,3639.508,3645.373,0.000,0.000,0.00,0.00,no_room
2025.09.18 14:45:00,fvg,1,3641.120,0.000,0.000,0.000,0.00,0.00,against_bias
2025.09.19 07:20:00,fvg,1,3649.118,3644.135,0.000,0.000,0.00,0.00,no_room
2025.09.19 07:25:00,fvg,1,3651.742,3646.177,0.000,0.000,0.00,0.00,no_room
2025.09.19 07:55:00,fvg,1,3654.847,3650.718,0.000,0.000,0.00,0.00,no_room
2025.09.19 08:20:00,fvg,-1,3652.145,0.000,0.000,0.000,0.00,0.00,against_bias
2025.09.19 08:40:00,fvg,1,3653.636,3651.269,0.000,0.000,0.00,0.00,sl_too_tight
2025.09.19 08:55:00,fvg,1,3655.188,3652.659,0.000,0.000,0.00,0.00,sl_too_tight
2025.09.19 09:10:00,fvg,1,3656.483,3654.931,0.000,0.000,0.00,0.00,sl_too_tight
2025.09.19 09:25:00,fvg,1,3657.548,3656.099,0.000,0.000,0.00,0.00,sl_too_tight
2025.09.19 10:40:00,fvg,-1,3656.487,0.000,0.000,0.000,0.00,0.00,against_bias
2025.09.19 10:50:00,fvg,1,3656.708,3654.882,0.000,0.000,0.00,0.00,sl_too_tight
2025.09.19 11:00:00,fvg,-1,3656.407,0.000,0.000,0.000,0.00,0.00,against_bias
2025.09.19 11:20:00,fvg,-1,3653.597,0.000,0.000,0.000,0.00,0.00,against_bias
2025.09.19 11:50:00,fvg,-1,3649.301,0.000,0.000,0.000,0.00,0.00,against_bias
2025.09.19 12:30:00,fvg,-1,3649.088,0.000,0.000,0.000,0.00,0.00,against_bias
2025.09.19 13:10:00,fvg,-1,3647.597,0.000,0.000,0.000,0.00,0.00,against_bias
2025.09.19 13:20:00,fvg,1,3652.068,3644.854,0.000,0.000,0.00,0.00,no_room
2025.09.19 13:55:00,fvg,1,3657.906,3653.874,0.000,0.000,0.00,0.00,no_room
2025.09.19 14:00:00,fvg,1,3659.426,3654.081,0.000,0.000,0.00,0.00,no_room
2025.09.19 14:05:00,fvg,1,3661.087,3657.539,0.000,0.000,0.00,0.00,no_room
2025.09.19 14:30:00,fvg,1,3661.539,3656.041,0.000,0.000,0.00,0.00,no_room
2025.09.19 14:35:00,fvg,1,3662.600,3656.140,0.000,0.000,0.00,0.00,no_room
2025.09.19 15:00:00,fvg,1,3666.245,3662.704,3670.635,3675.025,8.60,8.60,signal
2025.09.19 15:25:00,fvg,1,3672.829,3664.904,0.000,0.000,0.00,0.00,no_room
2025.09.19 15:35:00,fvg,-1,3671.503,0.000,0.000,0.000,0.00,0.00,against_bias
2025.09.22 07:15:00,fvg,-1,3712.357,0.000,0.000,0.000,0.00,0.00,against_bias
2025.09.22 07:35:00,fvg,1,3712.848,3708.184,3722.176,3731.504,6.65,6.65,signal
2025.09.22 15:30:00,fvg,1,3727.914,3724.076,0.000,0.000,0.00,0.00,no_room
2025.09.22 15:35:00,fvg,1,3731.045,3725.517,3742.100,3753.155,5.78,5.78,signal
2025.09.23 07:05:00,fvg,-1,3753.979,0.000,0.000,0.000,0.00,0.00,against_bias
2025.09.23 07:10:00,fvg,-1,3751.689,0.000,0.000,0.000,0.00,0.00,against_bias
2025.09.23 07:30:00,fvg,1,3753.818,3750.589,3758.499,3763.181,10.19,10.19,signal
2025.09.23 08:35:00,fvg,1,3759.116,3756.778,0.000,0.000,0.00,0.00,sl_too_tight
2025.09.23 08:40:00,fvg,1,3763.677,3756.762,3777.507,3791.336,4.86,4.86,signal
2025.09.23 09:05:00,fvg,1,3763.677,0.000,3777.507,0.000,0.00,0.00,missed_move
2025.09.23 09:10:00,fvg,1,3776.796,3773.062,3784.263,3791.731,9.00,9.00,signal
2025.09.23 09:15:00,fvg,1,3776.796,0.000,3784.263,0.000,0.00,0.00,missed_move
2025.09.23 09:20:00,fvg,1,3782.203,3776.404,3793.801,3805.400,5.79,5.80,signal
2025.09.23 13:55:00,fvg,-1,3779.490,0.000,0.000,0.000,0.00,0.00,against_bias
2025.09.23 14:25:00,fvg,-1,3773.486,3780.791,3758.877,3744.268,4.55,4.56,signal
2025.09.23 15:55:00,fvg,-1,3777.980,3780.758,0.000,0.000,0.00,0.00,sl_too_tight
2025.09.24 07:40:00,fvg,1,3775.984,3773.792,0.000,0.000,0.00,0.00,sl_too_tight
2025.09.24 07:45:00,fvg,1,3777.336,3773.913,3781.788,3786.239,9.62,9.63,signal
2025.09.24 08:20:00,fvg,-1,3773.457,0.000,0.000,0.000,0.00,0.00,against_bias
2025.09.24 08:35:00,fvg,-1,3771.643,0.000,0.000,0.000,0.00,0.00,against_bias
2025.09.24 10:10:00,fvg,-1,3766.728,0.000,0.000,0.000,0.00,0.00,against_bias
2025.09.24 10:15:00,fvg,-1,3765.207,0.000,0.000,0.000,0.00,0.00,against_bias
2025.09.24 10:25:00,fvg,-1,3763.798,0.000,0.000,0.000,0.00,0.00,against_bias
2025.09.24 10:35:00,fvg,1,3763.809,3759.510,3769.923,3776.036,7.58,7.59,signal
2025.09.24 15:10:00,fvg,1,3753.472,0.000,0.000,0.000,0.00,0.00,against_bias
2025.09.24 15:35:00,fvg,-1,3751.589,3756.990,0.000,0.000,0.00,0.00,no_room
2025.09.24 15:40:00,fvg,-1,3748.521,3756.380,0.000,0.000,0.00,0.00,no_room
2025.09.25 07:10:00,fvg,1,3742.104,3739.639,0.000,0.000,0.00,0.00,sl_too_tight
2025.09.25 07:40:00,fvg,1,3747.074,3742.659,0.000,0.000,0.00,0.00,no_room
2025.09.25 07:45:00,fvg,1,3748.996,3742.652,0.000,0.000,0.00,0.00,no_room
2025.09.25 08:10:00,fvg,1,3753.949,3749.115,0.000,0.000,0.00,0.00,no_room
2025.09.25 08:20:00,fvg,1,3757.417,3753.578,0.000,0.000,0.00,0.00,no_room
2025.09.25 08:35:00,fvg,-1,3757.583,0.000,0.000,0.000,0.00,0.00,against_bias
2025.09.25 08:40:00,fvg,-1,3754.597,0.000,0.000,0.000,0.00,0.00,against_bias
2025.09.25 09:00:00,fvg,1,3755.504,3751.558,0.000,0.000,0.00,0.00,no_room
2025.09.25 09:30:00,fvg,-1,3753.730,0.000,0.000,0.000,0.00,0.00,against_bias
2025.09.25 09:35:00,fvg,-1,3752.842,0.000,0.000,0.000,0.00,0.00,against_bias
2025.09.25 09:50:00,fvg,1,3755.925,3751.180,0.000,0.000,0.00,0.00,no_room
2025.09.25 09:55:00,fvg,1,3757.495,3752.533,0.000,0.000,0.00,0.00,no_room
2025.09.25 10:55:00,fvg,1,3758.221,3755.423,0.000,0.000,0.00,0.00,sl_too_tight
2025.09.25 11:05:00,fvg,-1,3757.649,0.000,0.000,0.000,0.00,0.00,against_bias
2025.09.25 11:10:00,fvg,-1,3750.203,0.000,0.000,0.000,0.00,0.00,against_bias
2025.09.25 11:15:00,fvg,-1,3746.876,3757.985,0.000,0.000,0.00,0.00,no_room
2025.09.25 11:35:00,fvg,1,3748.978,0.000,0.000,0.000,0.00,0.00,against_bias
2025.09.25 12:40:00,fvg,-1,3746.361,3755.713,0.000,0.000,0.00,0.00,no_room
2025.09.25 12:45:00,fvg,-1,3743.167,3754.799,0.000,0.000,0.00,0.00,no_room
2025.09.25 12:55:00,fvg,-1,3736.604,3743.654,0.000,0.000,0.00,0.00,no_room
2025.09.25 13:25:00,fvg,1,3741.746,0.000,0.000,0.000,0.00,0.00,against_bias
2025.09.25 13:40:00,fvg,-1,3738.811,3744.087,0.000,0.000,0.00,0.00,no_room
2025.09.25 13:45:00,fvg,-1,3731.629,3743.955,0.000,0.000,0.00,0.00,no_room
2025.09.25 13:50:00,fvg,-1,3728.872,3739.453,3718.069,3707.266,3.08,3.09,signal
2025.09.26 07:05:00,fvg,-1,3744.693,3747.294,0.000,0.000,0.00,0.00,sl_too_tight
2025.09.26 07:35:00,fvg,1,3745.200,0.000,0.000,0.000,0.00,0.00,against_bias
2025.09.26 07:50:00,fvg,1,3747.309,0.000,0.000,0.000,0.00,0.00,against_bias
2025.09.26 09:20:00,fvg,-1,3751.378,3754.684,0.000,0.000,0.00,0.00,no_room
2025.09.26 09:25:00,fvg,-1,3750.523,3753.656,0.000,0.000,0.00,0.00,no_room
2025.09.26 10:05:00,fvg,1,3751.337,0.000,0.000,0.000,0.00,0.00,against_bias
2025.09.26 10:10:00,fvg,1,3752.562,0.000,0.000,0.000,0.00,0.00,against_bias
2025.09.26 10:25:00,fvg,-1,3750.453,3753.922,0.000,0.000,0.00,0.00,no_room
2025.09.26 10:45:00,fvg,-1,3747.695,3750.149,0.000,0.000,0.00,0.00,sl_too_tight
2025.09.26 10:50:00,fvg,-1,3746.078,3749.499,3742.651,3739.224,9.46,9.46,signal
2025.09.26 11:25:00,fvg,1,3748.585,0.000,0.000,0.000,0.00,0.00,against_bias
2025.09.26 11:30:00,fvg,1,3750.081,0.000,0.000,0.000,0.00,0.00,against_bias
2025.09.26 13:10:00,fvg,1,3754.314,0.000,0.000,0.000,0.00,0.00,against_bias
2025.09.26 13:15:00,fvg,1,3761.567,3750.894,0.000,0.000,0.00,0.00,no_room
2025.09.26 13:30:00,fvg,-1,3758.288,0.000,0.000,0.000,0.00,0.00,against_bias
2025.09.26 14:05:00,fvg,1,3761.571,3757.022,0.000,0.000,0.00,0.00,no_room
2025.09.26 14:10:00,fvg,1,3768.153,3756.987,0.000,0.000,0.00,0.00,no_room
2025.09.26 14:15:00,fvg,1,3771.516,3761.006,0.000,0.000,0.00,0.00,no_room
2025.09.26 14:25:00,fvg,1,3775.882,3770.953,0.000,0.000,0.00,0.00,no_room
2025.09.26 15:35:00,fvg,1,3778.540,3773.643,0.000,0.000,0.00,0.00,no_room
2025.09.26 15:45:00,fvg,-1,3778.453,0.000,0.000,0.000,0.00,0.00,against_bias
2025.09.29 07:30:00,fvg,-1,3815.269,0.000,0.000,0.000,0.00,0.00,against_bias
2025.09.29 07:40:00,fvg,-1,3811.782,0.000,0.000,0.000,0.00,0.00,against_bias
2025.09.29 07:55:00,fvg,-1,3807.701,0.000,0.000,0.000,0.00,0.00,against_bias
2025.09.29 08:10:00,fvg,1,3810.166,3804.997,3819.506,3828.847,6.19,6.20,signal
2025.09.29 12:00:00,fvg,1,3828.081,3823.847,3836.550,3845.018,7.77,7.77,signal
2025.09.29 12:10:00,fvg,-1,3827.185,0.000,0.000,0.000,0.00,0.00,against_bias
2025.09.29 12:35:00,fvg,-1,3818.064,0.000,0.000,0.000,0.00,0.00,against_bias
2025.09.29 13:00:00,fvg,-1,3814.603,0.000,0.000,0.000,0.00,0.00,against_bias
2025.09.29 13:20:00,fvg,1,3816.069,3809.402,0.000,0.000,0.00,0.00,no_room
2025.09.29 13:25:00,fvg,1,3819.827,3812.628,0.000,0.000,0.00,0.00,no_room
2025.09.29 13:45:00,fvg,1,3825.147,3817.783,0.000,0.000,0.00,0.00,no_room
2025.09.29 13:55:00,fvg,-1,3824.296,0.000,0.000,0.000,0.00,0.00,against_bias
2025.09.29 14:10:00,fvg,1,3825.070,3819.001,0.000,0.000,0.00,0.00,no_room
2025.09.29 14:25:00,fvg,-1,3824.075,0.000,0.000,0.000,0.00,0.00,against_bias
2025.09.29 14:35:00,fvg,1,3824.367,3816.139,0.000,0.000,0.00,0.00,no_room
2025.09.29 15:15:00,fvg,-1,3827.760,0.000,0.000,0.000,0.00,0.00,against_bias
2025.09.29 15:30:00,fvg,1,3827.843,3822.326,0.000,0.000,0.00,0.00,no_room
2025.09.29 15:50:00,fvg,1,3830.250,3825.613,0.000,0.000,0.00,0.00,no_room
2025.09.30 07:50:00,fvg,-1,3850.408,0.000,0.000,0.000,0.00,0.00,against_bias
2025.09.30 08:15:00,fvg,-1,3839.122,0.000,0.000,0.000,0.00,0.00,against_bias
2025.09.30 08:25:00,fvg,-1,3833.445,0.000,0.000,0.000,0.00,0.00,against_bias
2025.09.30 08:40:00,fvg,-1,3819.140,3834.029,0.000,0.000,0.00,0.00,no_room
2025.09.30 09:15:00,fvg,-1,3812.246,3822.431,0.000,0.000,0.00,0.00,no_room
2025.09.30 09:20:00,fvg,-1,3806.327,3819.809,0.000,0.000,0.00,0.00,no_room
2025.09.30 10:10:00,fvg,1,3803.047,0.000,0.000,0.000,0.00,0.00,against_bias
2025.09.30 10:55:00,fvg,1,3812.373,0.000,0.000,0.000,0.00,0.00,against_bias
2025.09.30 11:15:00,fvg,-1,3809.477,3813.904,0.000,0.000,0.00,0.00,no_room
2025.09.30 11:20:00,fvg,-1,3808.193,3813.311,0.000,0.000,0.00,0.00,no_room
2025.09.30 11:40:00,fvg,1,3814.032,0.000,0.000,0.000,0.00,0.00,against_bias
2025.09.30 13:10:00,fvg,-1,3816.883,3821.173,3809.663,3802.442,7.59,7.60,signal
2025.09.30 13:40:00,fvg,1,3817.539,0.000,0.000,0.000,0.00,0.00,against_bias
2025.09.30 13:45:00,fvg,1,3820.126,0.000,0.000,0.000,0.00,0.00,against_bias
2025.09.30 13:50:00,fvg,1,3824.805,0.000,0.000,0.000,0.00,0.00,against_bias
2025.09.30 14:10:00,fvg,1,3827.947,0.000,0.000,0.000,0.00,0.00,against_bias
2025.09.30 14:15:00,fvg,1,3837.802,0.000,0.000,0.000,0.00,0.00,against_bias
2025.09.30 14:20:00,fvg,1,3842.529,0.000,0.000,0.000,0.00,0.00,against_bias
2025.09.30 15:00:00,fvg,1,3852.525,0.000,0.000,0.000,0.00,0.00,against_bias
2025.09.30 15:10:00,fvg,-1,3847.149,3855.272,3830.903,3814.656,3.97,3.97,signal
2025.10.01 07:15:00,fvg,1,3862.687,3858.578,3869.519,3876.352,7.77,7.77,signal
2025.10.01 07:25:00,fvg,1,3862.687,0.000,3869.519,0.000,0.00,0.00,missed_move
2025.10.01 07:55:00,fvg,1,3873.433,3867.758,0.000,0.000,0.00,0.00,no_room
2025.10.01 08:00:00,fvg,1,3875.657,3868.456,3890.058,3904.459,4.43,4.43,signal
2025.10.01 08:20:00,fvg,1,3875.657,0.000,3890.058,0.000,0.00,0.00,missed_move
2025.10.01 08:25:00,fvg,1,3892.009,3882.907,3910.214,3928.419,3.50,3.51,signal
2025.10.01 11:15:00,fvg,-1,3886.029,3888.715,0.000,0.000,0.00,0.00,sl_too_tight
2025.10.01 11:35:00,fvg,-1,3882.607,3885.697,3876.428,3870.248,10.23,10.23,signal
2025.10.01 12:30:00,fvg,-1,3882.860,3891.512,3865.556,3848.252,3.61,3.62,signal
2025.10.01 13:00:00,fvg,-1,3882.860,0.000,3865.556,0.000,0.00,0.00,missed_move
2025.10.01 14:35:00,fvg,1,3874.534,0.000,0.000,0.000,0.00,0.00,against_bias
2025.10.01 14:55:00,fvg,-1,3871.692,3878.802,3864.262,3856.833,4.40,4.40,signal
2025.10.02 07:15:00,fvg,1,3870.731,3863.361,0.000,0.000,0.00,0.00,no_room
2025.10.02 07:30:00,fvg,-1,3871.052,0.000,0.000,0.000,0.00,0.00,against_bias
2025.10.02 07:35:00,fvg,-1,3866.153,0.000,0.000,0.000,0.00,0.00,against_bias
2025.10.02 07:55:00,fvg,1,3866.374,3861.306,0.000,0.000,0.00,0.00,no_room
2025.10.02 08:40:00,fvg,1,3870.809,3868.296,0.000,0.000,0.00,0.00,sl_too_tight
2025.10.02 08:55:00,fvg,1,3875.829,3871.848,0.000,0.000,0.00,0.00,no_room
2025.10.02 10:25:00,fvg,1,3879.375,3875.451,3887.224,3895.073,8.09,8.10,signal
2025.10.02 13:45:00,fvg,-1,3885.567,0.000,0.000,0.000,0.00,0.00,against_bias
2025.10.02 13:55:00,fvg,-1,3878.562,0.000,0.000,0.000,0.00,0.00,against_bias
2025.10.02 14:25:00,fvg,-1,3866.834,0.000,0.000,0.000,0.00,0.00,against_bias
2025.10.02 14:30:00,fvg,-1,3865.013,0.000,0.000,0.000,0.00,0.00,against_bias
2025.10.02 14:45:00,fvg,-1,3845.567,3866.779,0.000,0.000,0.00,0.00,no_room
2025.10.02 14:50:00,fvg,-1,3840.982,3859.048,0.000,0.000,0.00,0.00,no_room
2025.10.02 14:55:00,fvg,-1,3836.307,3846.370,0.000,0.000,0.00,0.00,no_room
2025.10.02 15:40:00,fvg,-1,3830.951,3840.396,0.000,0.000,0.00,0.00,no_room
2025.10.02 15:50:00,fvg,1,3831.498,0.000,0.000,0.000,0.00,0.00,against_bias
2025.10.02 16:00:00,fvg,-1,3830.437,3837.021,0.000,0.000,0.00,0.00,no_room
2025.10.03 07:30:00,fvg,1,3861.477,0.000,0.000,0.000,0.00,0.00,against_bias
2025.10.03 08:20:00,fvg,-1,3862.916,0.000,0.000,0.000,0.00,0.00,against_bias
2025.10.03 09:10:00,fvg,-1,3862.051,0.000,0.000,0.000,0.00,0.00,against_bias
2025.10.03 09:25:00,fvg,-1,3859.601,0.000,0.000,0.000,0.00,0.00,against_bias
2025.10.03 10:00:00,fvg,1,3862.268,3858.356,0.000,0.000,0.00,0.00,no_room
2025.10.03 10:05:00,fvg,1,3864.039,3859.293,0.000,0.000,0.00,0.00,no_room
2025.10.03 10:45:00,fvg,1,3865.125,3861.869,0.000,0.000,0.00,0.00,no_room
2025.10.03 11:20:00,fvg,-1,3862.393,0.000,0.000,0.000,0.00,0.00,against_bias
2025.10.03 11:25:00,fvg,-1,3861.721,0.000,0.000,0.000,0.00,0.00,against_bias
2025.10.03 11:45:00,fvg,1,3859.689,3854.358,0.000,0.000,0.00,0.00,no_room
2025.10.03 11:55:00,fvg,1,3862.040,3858.758,0.000,0.000,0.00,0.00,no_room
2025.10.03 12:40:00,fvg,1,3866.471,3861.252,0.000,0.000,0.00,0.00,no_room
2025.10.03 12:50:00,fvg,1,3869.366,3866.154,0.000,0.000,0.00,0.00,no_room
2025.10.03 13:20:00,fvg,1,3875.852,3869.655,0.000,0.000,0.00,0.00,no_room
2025.10.03 13:25:00,fvg,1,3879.119,3873.696,3889.964,3900.809,6.03,6.04,signal
2025.10.03 14:55:00,fvg,1,3876.219,3871.782,0.000,0.000,0.00,0.00,no_room
2025.10.03 15:30:00,fvg,1,3884.989,3877.639,0.000,0.000,0.00,0.00,no_room
2025.10.03 16:00:00,fvg,1,3888.969,3884.839,0.000,0.000,0.00,0.00,no_room
2025.10.06 07:30:00,fvg,-1,3932.981,0.000,0.000,0.000,0.00,0.00,against_bias
2025.10.06 07:55:00,fvg,1,3939.081,3930.937,0.000,0.000,0.00,0.00,no_room
2025.10.06 08:10:00,fvg,1,3944.545,3938.747,0.000,0.000,0.00,0.00,no_room
2025.10.06 08:35:00,fvg,-1,3943.878,0.000,0.000,0.000,0.00,0.00,against_bias
2025.10.06 08:55:00,fvg,1,3940.259,3935.212,0.000,0.000,0.00,0.00,no_room
2025.10.06 09:00:00,fvg,1,3942.208,3937.281,0.000,0.000,0.00,0.00,no_room
2025.10.06 10:40:00,fvg,1,3941.420,3938.024,3944.857,3948.294,9.54,9.54,signal
2025.10.06 10:45:00,fvg,1,3941.420,0.000,3944.857,0.000,0.00,0.00,missed_move
2025.10.06 11:15:00,fvg,-1,3938.346,0.000,0.000,0.000,0.00,0.00,against_bias
2025.10.06 11:20:00,fvg,-1,3937.753,0.000,0.000,0.000,0.00,0.00,against_bias
2025.10.06 11:35:00,fvg,1,3936.341,3933.205,3942.613,3948.885,10.33,10.34,signal
2025.10.06 12:30:00,fvg,-1,3935.035,3941.705,0.000,0.000,0.00,0.00,no_room
2025.10.06 12:55:00,fvg,1,3933.747,0.000,0.000,0.000,0.00,0.00,against_bias
2025.10.06 13:45:00,fvg,1,3937.701,0.000,0.000,0.000,0.00,0.00,against_bias
2025.10.06 13:50:00,fvg,1,3940.761,0.000,0.000,0.000,0.00,0.00,against_bias
2025.10.06 14:40:00,fvg,1,3951.422,3943.894,3966.479,3981.536,4.26,4.26,signal
2025.10.07 07:40:00,fvg,1,3953.249,0.000,0.000,0.000,0.00,0.00,against_bias
2025.10.07 07:50:00,fvg,-1,3951.648,3956.581,3946.218,3940.788,6.53,6.53,signal
2025.10.07 08:00:00,fvg,-1,3951.648,0.000,3946.218,0.000,0.00,0.00,missed_move
2025.10.07 08:30:00,fvg,1,3950.557,0.000,0.000,0.000,0.00,0.00,against_bias
2025.10.07 09:15:00,fvg,1,3954.628,0.000,0.000,0.000,0.00,0.00,against_bias
2025.10.07 09:20:00,fvg,1,3957.404,0.000,0.000,0.000,0.00,0.00,against_bias
2025.10.07 10:45:00,fvg,1,3958.782,0.000,0.000,0.000,0.00,0.00,against_bias
2025.10.07 11:30:00,fvg,-1,3959.221,3962.285,0.000,0.000,0.00,0.00,no_room
2025.10.07 11:45:00,fvg,1,3962.335,3955.974,0.000,0.000,0.00,0.00,no_room
2025.10.07 11:50:00,fvg,1,3964.218,3956.220,0.000,0.000,0.00,0.00,no_room
2025.10.07 12:30:00,fvg,-1,3968.238,0.000,0.000,0.000,0.00,0.00,against_bias
2025.10.07 12:45:00,fvg,1,3969.870,3964.616,0.000,0.000,0.00,0.00,no_room
2025.10.07 13:00:00,fvg,1,3976.567,3971.149,0.000,0.000,0.00,0.00,no_room
2025.10.07 13:05:00,fvg,1,3978.624,3973.553,3988.765,3998.906,6.35,6.36,signal
2025.10.07 13:40:00,fvg,-1,3976.034,0.000,0.000,0.000,0.00,0.00,against_bias
2025.10.07 13:55:00,fvg,1,3975.117,3969.989,0.000,0.000,0.00,0.00,no_room
2025.10.07 14:10:00,fvg,-1,3977.340,0.000,0.000,0.000,0.00,0.00,against_bias
2025.10.07 14:35:00,fvg,1,3977.520,3972.013,3988.535,3999.549,5.79,5.80,signal
2025.10.07 15:20:00,fvg,1,3977.520,0.000,3988.535,0.000,0.00,0.00,missed_move
2025.10.07 15:25:00,fvg,1,3988.119,3980.794,4002.769,4017.418,4.35,4.36,signal
2025.10.07 15:45:00,fvg,-1,3978.261,0.000,0.000,0.000,0.00,0.00,against_bias
2025.10.07 15:50:00,fvg,-1,3973.184,0.000,0.000,0.000,0.00,0.00,against_bias
2025.10.07 15:55:00,fvg,-1,3969.453,0.000,0.000,0.000,0.00,0.00,against_bias
2025.10.08 07:15:00,fvg,1,4035.819,4029.616,0.000,0.000,0.00,0.00,no_room
2025.10.08 08:00:00,fvg,-1,4034.617,0.000,0.000,0.000,0.00,0.00,against_bias
2025.10.08 08:10:00,fvg,1,4035.979,4030.513,0.000,0.000,0.00,0.00,no_room
2025.10.08 09:45:00,fvg,1,4036.413,4030.509,0.000,0.000,0.00,0.00,no_room
2025.10.08 09:50:00,fvg,1,4039.909,4033.294,4053.140,4066.371,4.77,4.78,signal
2025.10.08 12:10:00,fvg,1,4041.039,4035.796,4049.329,4057.619,5.96,5.97,signal
2025.10.08 12:30:00,fvg,-1,4040.319,0.000,0.000,0.000,0.00,0.00,against_bias
2025.10.08 12:45:00,fvg,-1,4034.658,0.000,0.000,0.000,0.00,0.00,against_bias
2025.10.08 12:55:00,fvg,1,4034.811,4030.521,0.000,0.000,0.00,0.00,no_room
2025.10.08 13:05:00,fvg,1,4039.112,4034.348,4048.641,4058.169,6.49,6.50,signal
2025.10.08 13:15:00,fvg,1,4039.112,0.000,4048.641,0.000,0.00,0.00,missed_move
2025.10.08 13:25:00,fvg,-1,4044.581,0.000,0.000,0.000,0.00,0.00,against_bias
2025.10.08 13:30:00,fvg,-1,4042.951,0.000,0.000,0.000,0.00,0.00,against_bias
2025.10.08 13:35:00,fvg,-1,4039.628,0.000,0.000,0.000,0.00,0.00,against_bias
2025.10.08 13:40:00,fvg,-1,4034.886,0.000,0.000,0.000,0.00,0.00,against_bias
2025.10.08 14:00:00,fvg,1,4034.228,0.000,0.000,0.000,0.00,0.00,against_bias
2025.10.08 14:05:00,fvg,1,4037.787,0.000,0.000,0.000,0.00,0.00,against_bias
2025.10.08 15:05:00,fvg,1,4046.019,0.000,0.000,0.000,0.00,0.00,against_bias
2025.10.08 15:20:00,fvg,-1,4042.450,4051.259,4031.369,4020.289,3.51,3.52,signal
2025.10.09 07:10:00,fvg,1,4028.343,4024.578,4035.868,4043.394,8.14,8.14,signal
2025.10.09 11:00:00,fvg,1,4041.104,4038.600,0.000,0.000,0.00,0.00,sl_too_tight
2025.10.09 11:25:00,fvg,-1,4036.718,0.000,0.000,0.000,0.00,0.00,against_bias
2025.10.09 11:40:00,fvg,1,4039.305,4033.152,0.000,0.000,0.00,0.00,no_room
2025.10.09 11:45:00,fvg,1,4041.158,4035.598,0.000,0.000,0.00,0.00,no_room
2025.10.09 11:50:00,fvg,1,4043.367,4038.979,0.000,0.000,0.00,0.00,no_room
2025.10.09 13:00:00,fvg,1,4048.657,4041.431,0.000,0.000,0.00,0.00,no_room
2025.10.09 13:05:00,fvg,1,4050.931,4041.423,0.000,0.000,0.00,0.00,no_room
2025.10.09 13:40:00,fvg,-1,4049.912,0.000,0.000,0.000,0.00,0.00,against_bias
2025.10.09 13:45:00,fvg,-1,4043.713,4057.338,0.000,0.000,0.00,0.00,no_room
2025.10.09 13:50:00,fvg,-1,4034.911,4050.629,0.000,0.000,0.00,0.00,no_room
2025.10.09 13:55:00,fvg,-1,4030.199,4044.463,0.000,0.000,0.00,0.00,no_room
2025.10.09 14:30:00,fvg,-1,4016.663,4030.072,0.000,0.000,0.00,0.00,no_room
2025.10.09 14:55:00,fvg,1,4020.105,0.000,0.000,0.000,0.00,0.00,against_bias
2025.10.09 15:00:00,fvg,1,4023.395,0.000,0.000,0.000,0.00,0.00,against_bias
2025.10.09 15:30:00,fvg,-1,4022.735,4029.414,0.000,0.000,0.00,0.00,no_room
2025.10.09 15:40:00,fvg,-1,4012.425,4023.470,0.000,0.000,0.00,0.00,no_room
2025.10.10 07:10:00,fvg,-1,3962.638,3970.637,0.000,0.000,0.00,0.00,no_room
2025.10.10 07:15:00,fvg,-1,3959.193,3969.136,0.000,0.000,0.00,0.00,no_room
2025.10.10 07:25:00,fvg,1,3961.844,0.000,0.000,0.000,0.00,0.00,against_bias
2025.10.10 07:55:00,fvg,1,3967.465,0.000,0.000,0.000,0.00,0.00,against_bias
2025.10.10 08:00:00,fvg,1,3971.815,0.000,0.000,0.000,0.00,0.00,against_bias
2025.10.10 08:10:00,fvg,1,3977.827,0.000,0.000,0.000,0.00,0.00,against_bias
2025.10.10 08:15:00,fvg,1,3984.045,3969.586,0.000,0.000,0.00,0.00,no_room
2025.10.10 08:50:00,fvg,1,3990.612,3985.265,0.000,0.000,0.00,0.00,no_room
2025.10.10 09:15:00,fvg,1,3996.033,3989.794,0.000,0.000,0.00,0.00,no_room
2025.10.10 09:25:00,fvg,-1,3995.826,0.000,0.000,0.000,0.00,0.00,against_bias
2025.10.10 09:50:00,fvg,1,4001.571,3996.082,4012.549,4023.527,5.75,5.75,signal
2025.10.10 10:00:00,fvg,-1,3999.741,0.000,0.000,0.000,0.00,0.00,against_bias
2025.10.10 10:05:00,fvg,-1,3997.617,0.000,0.000,0.000,0.00,0.00,against_bias
2025.10.10 10:30:00,fvg,1,3994.516,3990.278,3998.797,4003.077,7.37,7.38,signal
2025.10.10 10:35:00,fvg,1,3994.516,0.000,3998.797,0.000,0.00,0.00,missed_move
2025.10.10 11:40:00,fvg,-1,3995.873,0.000,0.000,0.000,0.00,0.00,against_bias
2025.10.10 12:05:00,fvg,-1,3989.558,0.000,0.000,0.000,0.00,0.00,against_bias
2025.10.10 12:40:00,fvg,-1,3988.264,0.000,0.000,0.000,0.00,0.00,against_bias
2025.10.10 13:55:00,fvg,-1,3987.326,0.000,0.000,0.000,0.00,0.00,against_bias
2025.10.10 14:25:00,fvg,1,3984.361,3975.376,0.000,0.000,0.00,0.00,no_room
2025.10.10 15:10:00,fvg,1,3995.392,3983.018,0.000,0.000,0.00,0.00,no_room
2025.10.10 15:15:00,fvg,1,4002.081,3987.267,0.000,0.000,0.00,0.00,no_room
2025.10.10 15:30:00,fvg,1,4014.219,4002.494,4035.502,4056.785,2.66,2.67,signal
2025.10.10 15:50:00,fvg,-1,4007.883,0.000,0.000,0.000,0.00,0.00,against_bias
2025.10.13 07:30:00,fvg,1,4073.544,4067.824,0.000,0.000,0.00,0.00,no_room
2025.10.13 07:40:00,fvg,-1,4073.206,0.000,0.000,0.000,0.00,0.00,against_bias
2025.10.13 07:50:00,fvg,1,4073.851,4068.381,0.000,0.000,0.00,0.00,no_room
2025.10.13 08:00:00,fvg,-1,4073.691,0.000,0.000,0.000,0.00,0.00,against_bias
2025.10.13 08:50:00,fvg,1,4073.092,4068.618,4077.798,4082.504,6.91,6.92,signal
2025.10.13 08:55:00,fvg,1,4073.092,0.000,4077.798,0.000,0.00,0.00,missed_move
2025.10.13 09:20:00,fvg,-1,4076.801,0.000,0.000,0.000,0.00,0.00,against_bias
2025.10.13 09:30:00,fvg,-1,4073.782,0.000,0.000,0.000,0.00,0.00,against_bias
2025.10.13 09:35:00,fvg,-1,4072.505,0.000,0.000,0.000,0.00,0.00,against_bias
2025.10.13 09:50:00,fvg,1,4073.097,4070.138,0.000,0.000,0.00,0.00,sl_too_tight
2025.10.13 09:55:00,fvg,1,4074.725,4071.643,4077.915,4081.105,10.04,10.04,signal
2025.10.13 10:00:00,fvg,1,4074.725,0.000,4077.915,0.000,0.00,0.00,missed_move
2025.10.13 10:20:00,fvg,-1,4074.065,0.000,0.000,0.000,0.00,0.00,against_bias
2025.10.13 10:35:00,fvg,1,4073.504,4072.021,0.000,0.000,0.00,0.00,sl_too_tight
2025.10.13 10:45:00,fvg,1,4077.653,4073.195,0.000,0.000,0.00,0.00,no_room
2025.10.13 10:55:00,fvg,1,4080.682,4077.319,4087.407,4094.132,9.20,9.20,signal
2025.10.13 11:40:00,fvg,-1,4079.018,0.000,0.000,0.000,0.00,0.00,against_bias
2025.10.13 12:30:00,fvg,1,4080.079,4073.290,0.000,0.000,0.00,0.00,no_room
2025.10.13 13:05:00,fvg,1,4078.195,4074.994,0.000,0.000,0.00,0.00,no_room
2025.10.13 13:10:00,fvg,1,4081.612,4075.843,0.000,0.000,0.00,0.00,no_room
2025.10.13 13:15:00,fvg,1,4085.849,4077.787,4101.974,4118.098,3.80,3.80,signal
2025.10.14 07:20:00,fvg,1,4110.316,0.000,0.000,0.000,0.00,0.00,against_bias
2025.10.14 07:25:00,fvg,1,4119.773,0.000,0.000,0.000,0.00,0.00,against_bias
2025.10.14 08:10:00,fvg,1,4127.955,0.000,0.000,0.000,0.00,0.00,against_bias
2025.10.14 08:20:00,fvg,1,4138.160,0.000,0.000,0.000,0.00,0.00,against_bias
2025.10.14 09:00:00,fvg,1,4140.640,0.000,0.000,0.000,0.00,0.00,against_bias
2025.10.14 09:10:00,fvg,-1,4139.556,4144.979,4128.709,4117.863,5.81,5.82,signal
2025.10.14 12:30:00,fvg,-1,4123.174,4134.097,0.000,0.000,0.00,0.00,no_room
2025.10.14 12:35:00,fvg,-1,4120.043,4132.848,4107.053,4094.063,2.53,2.54,signal
2025.10.14 12:45:00,fvg,-1,4120.043,0.000,4107.053,0.000,0.00,0.00,missed_move
2025.10.14 13:20:00,fvg,1,4109.170,0.000,0.000,0.000,0.00,0.00,against_bias
2025.10.14 13:45:00,fvg,1,4118.970,0.000,0.000,0.000,0.00,0.00,against_bias
2025.10.14 13:50:00,fvg,1,4121.471,0.000,0.000,0.000,0.00,0.00,against_bias
2025.10.14 15:20:00,fvg,1,4137.304,0.000,0.000,0.000,0.00,0.00,against_bias
2025.10.14 15:40:00,fvg,1,4139.672,0.000,0.000,0.000,0.00,0.00,against_bias
2025.10.15 07:45:00,fvg,1,4203.346,4198.482,4213.074,4222.802,6.68,6.68,signal
2025.10.15 08:10:00,fvg,1,4203.346,0.000,4213.074,0.000,0.00,0.00,missed_move
2025.10.15 08:15:00,fvg,1,4212.585,4206.684,4224.387,4236.190,5.50,5.51,signal
2025.10.15 09:20:00,fvg,-1,4203.788,0.000,0.000,0.000,0.00,0.00,against_bias
2025.10.15 09:25:00,fvg,-1,4192.840,0.000,0.000,0.000,0.00,0.00,against_bias
2025.10.15 10:15:00,fvg,1,4196.535,4190.586,4208.433,4220.331,5.40,5.41,signal
2025.10.15 10:45:00,fvg,-1,4198.734,0.000,0.000,0.000,0.00,0.00,against_bias
2025.10.15 10:50:00,fvg,-1,4196.835,0.000,0.000,0.000,0.00,0.00,against_bias
2025.10.15 12:20:00,fvg,-1,4193.772,0.000,0.000,0.000,0.00,0.00,against_bias
2025.10.15 12:25:00,fvg,-1,4188.582,0.000,0.000,0.000,0.00,0.00,against_bias
2025.10.15 13:00:00,fvg,1,4187.105,4180.641,0.000,0.000,0.00,0.00,no_room
2025.10.15 13:20:00,fvg,1,4193.247,4184.130,4211.481,4229.715,3.49,3.49,signal
2025.10.15 14:10:00,fvg,1,4200.239,4190.551,4217.485,4234.731,3.25,3.26,signal
2025.10.16 07:10:00,fvg,1,4224.921,4217.220,4240.324,4255.727,4.05,4.05,signal
2025.10.16 14:10:00,fvg,1,4254.932,4242.857,4279.081,4303.230,2.66,2.66,signal
2025.10.17 07:25:00,fvg,-1,4346.017,0.000,0.000,0.000,0.00,0.00,against_bias
2025.10.17 08:25:00,fvg,1,4343.613,0.000,0.000,0.000,0.00,0.00,against_bias
2025.10.17 08:35:00,fvg,-1,4341.369,4350.803,4322.501,4303.633,3.51,3.51,signal
2025.10.17 12:00:00,fvg,-1,4305.083,4315.428,4284.393,4263.704,3.29,3.30,signal
2025.10.17 12:05:00,fvg,-1,4305.083,0.000,4284.393,0.000,0.00,0.00,missed_move
2025.10.17 12:15:00,fvg,1,4300.586,0.000,0.000,0.000,0.00,0.00,against_bias
2025.10.17 12:20:00,fvg,1,4307.965,0.000,0.000,0.000,0.00,0.00,against_bias
2025.10.17 12:30:00,fvg,-1,4300.853,4317.079,4280.065,4259.276,2.10,2.10,signal
2025.10.17 13:10:00,fvg,-1,4308.935,4319.746,4287.314,4265.693,3.12,3.12,signal
2025.10.17 13:40:00,fvg,-1,4295.046,4318.566,0.000,0.000,0.00,0.00,no_room
2025.10.17 14:05:00,fvg,-1,4274.643,4293.061,0.000,0.000,0.00,0.00,no_room
2025.10.17 14:10:00,fvg,-1,4246.003,4293.159,0.000,0.000,0.00,0.00,no_room
2025.10.17 14:45:00,fvg,1,4254.843,0.000,0.000,0.000,0.00,0.00,against_bias
2025.10.17 15:35:00,fvg,1,4245.497,0.000,0.000,0.000,0.00,0.00,against_bias
2025.10.17 15:40:00,fvg,1,4252.213,0.000,0.000,0.000,0.00,0.00,against_bias
2025.10.17 15:55:00,fvg,-1,4249.053,4259.271,4228.766,4208.480,3.40,3.40,signal
2025.10.17 16:10:00,fvg,-1,4249.053,0.000,4228.766,0.000,0.00,0.00,missed_move
2025.10.20 07:15:00,fvg,1,4247.551,0.000,0.000,0.000,0.00,0.00,against_bias
2025.10.20 07:20:00,fvg,1,4253.911,0.000,0.000,0.000,0.00,0.00,against_bias
2025.10.20 07:50:00,fvg,1,4255.087,0.000,0.000,0.000,0.00,0.00,against_bias
2025.10.20 08:10:00,fvg,1,4257.528,0.000,0.000,0.000,0.00,0.00,against_bias
2025.10.20 08:50:00,fvg,-1,4259.805,4266.644,4249.183,4238.561,5.08,5.09,signal
2025.10.20 11:55:00,fvg,1,4265.652,0.000,0.000,0.000,0.00,0.00,against_bias
2025.10.20 12:05:00,fvg,1,4275.739,4265.164,4296.888,4318.038,3.29,3.30,signal
2025.10.20 12:40:00,fvg,1,4304.539,4291.247,4331.123,4357.708,2.70,2.70,signal
2025.10.21 07:10:00,fvg,-1,4339.220,4344.816,0.000,0.000,0.00,0.00,no_room
2025.10.21 07:35:00,fvg,-1,4324.983,4334.572,0.000,0.000,0.00,0.00,no_room
2025.10.21 07:40:00,fvg,-1,4305.814,4330.820,0.000,0.000,0.00,0.00,no_room
2025.10.21 08:10:00,fvg,-1,4281.962,4305.503,0.000,0.000,0.00,0.00,no_room
2025.10.21 09:15:00,fvg,-1,4267.631,4279.278,0.000,0.000,0.00,0.00,no_room
2025.10.21 11:15:00,fvg,1,4261.718,0.000,0.000,0.000,0.00,0.00,against_bias
2025.10.21 12:00:00,fvg,-1,4254.138,4261.834,0.000,0.000,0.00,0.00,no_room
2025.10.21 12:20:00,fvg,-1,4232.432,4255.924,0.000,0.000,0.00,0.00,no_room
2025.10.21 13:55:00,fvg,-1,4184.786,4226.853,0.000,0.000,0.00,0.00,no_room
2025.10.21 14:25:00,fvg,-1,4169.535,4184.247,0.000,0.000,0.00,0.00,no_room
2025.10.21 14:30:00,fvg,-1,4158.405,4183.970,0.000,0.000,0.00,0.00,no_room
2025.10.21 14:35:00,fvg,-1,4137.519,4171.424,0.000,0.000,0.00,0.00,no_room
2025.10.21 14:50:00,fvg,-1,4114.202,4137.406,0.000,0.000,0.00,0.00,no_room
2025.10.21 15:00:00,fvg,1,4117.272,0.000,0.000,0.000,0.00,0.00,against_bias
2025.10.21 15:50:00,fvg,1,4139.464,0.000,0.000,0.000,0.00,0.00,against_bias
2025.10.22 07:10:00,fvg,-1,4144.618,0.000,0.000,0.000,0.00,0.00,against_bias
2025.10.22 08:05:00,fvg,-1,4135.863,0.000,0.000,0.000,0.00,0.00,against_bias
2025.10.22 08:10:00,fvg,-1,4119.507,0.000,0.000,0.000,0.00,0.00,against_bias
2025.10.22 08:15:00,fvg,-1,4107.265,0.000,0.000,0.000,0.00,0.00,against_bias
2025.10.22 08:20:00,fvg,-1,4089.284,0.000,0.000,0.000,0.00,0.00,against_bias
2025.10.22 08:30:00,fvg,1,4100.387,4057.200,0.000,0.000,0.00,0.00,no_room
2025.10.22 08:50:00,fvg,-1,4092.939,0.000,0.000,0.000,0.00,0.00,against_bias
2025.10.22 09:20:00,fvg,-1,4080.742,0.000,0.000,0.000,0.00,0.00,against_bias
2025.10.22 10:30:00,fvg,1,4077.961,4069.828,0.000,0.000,0.00,0.00,no_room
2025.10.22 10:45:00,fvg,-1,4067.100,4092.041,0.000,0.000,0.00,0.00,no_room
2025.10.22 10:50:00,fvg,-1,4061.007,4086.360,0.000,0.000,0.00,0.00,no_room
2025.10.22 11:00:00,fvg,-1,4038.545,4062.311,0.000,0.000,0.00,0.00,no_room
2025.10.22 11:25:00,fvg,1,4033.634,0.000,0.000,0.000,0.00,0.00,against_bias
2025.10.22 11:35:00,fvg,-1,4029.815,4046.568,0.000,0.000,0.00,0.00,no_room
2025.10.22 12:35:00,fvg,1,4041.632,0.000,0.000,0.000,0.00,0.00,against_bias
2025.10.22 12:40:00,fvg,1,4046.772,0.000,0.000,0.000,0.00,0.00,against_bias
2025.10.22 12:55:00,fvg,-1,4041.928,4054.662,0.000,0.000,0.00,0.00,no_room
2025.10.22 13:00:00,fvg,-1,4036.326,4054.673,0.000,0.000,0.00,0.00,no_room
2025.10.22 13:10:00,fvg,1,4052.107,0.000,0.000,0.000,0.00,0.00,against_bias
2025.10.22 13:45:00,fvg,1,4071.150,0.000,0.000,0.000,0.00,0.00,against_bias
2025.10.22 14:15:00,fvg,-1,4066.227,4079.641,0.000,0.000,0.00,0.00,no_room
2025.10.22 14:40:00,fvg,-1,4044.934,4061.287,0.000,0.000,0.00,0.00,no_room
2025.10.22 14:50:00,fvg,-1,4030.933,4046.311,0.000,0.000,0.00,0.00,no_room
2025.10.22 15:10:00,fvg,1,4023.528,0.000,0.000,0.000,0.00,0.00,against_bias
2025.10.22 15:15:00,fvg,1,4034.544,0.000,0.000,0.000,0.00,0.00,against_bias
2025.10.22 15:35:00,fvg,-1,4031.921,4048.694,0.000,0.000,0.00,0.00,no_room
2025.10.22 15:45:00,fvg,1,4032.518,0.000,0.000,0.000,0.00,0.00,against_bias
2025.10.23 07:40:00,fvg,-1,4111.560,0.000,0.000,0.000,0.00,0.00,against_bias
2025.10.23 07:45:00,fvg,-1,4107.549,0.000,0.000,0.000,0.00,0.00,against_bias
2025.10.23 08:10:00,fvg,1,4106.947,4093.029,0.000,0.000,0.00,0.00,no_room
2025.10.23 08:15:00,fvg,1,4108.832,4093.547,0.000,0.000,0.00,0.00,no_room
2025.10.23 08:25:00,fvg,1,4113.016,4108.054,0.000,0.000,0.00,0.00,no_room
2025.10.23 08:45:00,fvg,-1,4112.284,0.000,0.000,0.000,0.00,0.00,against_bias
2025.10.23 08:55:00,fvg,1,4113.350,4107.780,0.000,0.000,0.00,0.00,no_room
2025.10.23 09:45:00,fvg,-1,4119.721,0.000,0.000,0.000,0.00,0.00,against_bias
2025.10.23 09:50:00,fvg,-1,4118.175,0.000,0.000,0.000,0.00,0.00,against_bias
2025.10.23 10:00:00,fvg,1,4120.815,4110.861,0.000,0.000,0.00,0.00,no_room
2025.10.23 10:05:00,fvg,1,4121.942,4115.239,0.000,0.000,0.00,0.00,no_room
2025.10.23 10:35:00,fvg,-1,4114.979,0.000,0.000,0.000,0.00,0.00,against_bias
2025.10.23 10:50:00,fvg,-1,4111.922,0.000,0.000,0.000,0.00,0.00,against_bias
2025.10.23 11:10:00,fvg,1,4110.102,4104.402,0.000,0.000,0.00,0.00,no_room
2025.10.23 12:35:00,fvg,1,4108.923,4099.487,0.000,0.000,0.00,0.00,no_room
2025.10.23 12:40:00,fvg,1,4118.051,4100.644,0.000,0.000,0.00,0.00,no_room
2025.10.23 13:15:00,fvg,1,4132.878,4125.096,0.000,0.000,0.00,0.00,no_room
2025.10.23 13:25:00,fvg,1,4139.815,4130.239,0.000,0.000,0.00,0.00,no_room
2025.10.23 13:30:00,fvg,1,4144.903,4130.244,0.000,0.000,0.00,0.00,no_room
2025.10.23 14:20:00,fvg,-1,4143.075,0.000,0.000,0.000,0.00,0.00,against_bias
2025.10.24 08:00:00,fvg,-1,4075.969,4088.749,0.000,0.000,0.00,0.00,no_room
2025.10.24 08:10:00,fvg,-1,4069.422,4078.529,0.000,0.000,0.00,0.00,no_room
2025.10.24 08:20:00,fvg,-1,4057.920,4070.184,4034.221,4010.522,3.01,3.02,signal
2025.10.24 09:15:00,fvg,1,4069.212,0.000,0.000,0.000,0.00,0.00,against_bias
2025.10.24 10:00:00,fvg,-1,4061.377,4072.595,0.000,0.000,0.00,0.00,no_room
2025.10.24 10:10:00,fvg,1,4065.065,0.000,0.000,0.000,0.00,0.00,against_bias
2025.10.24 10:30:00,fvg,-1,4064.877,4068.193,4059.197,4053.518,11.04,11.05,signal
2025.10.24 10:35:00,fvg,-1,4064.877,0.000,4059.197,0.000,0.00,0.00,missed_move
2025.10.24 11:55:00,fvg,1,4059.920,0.000,0.000,0.000,0.00,0.00,against_bias
2025.10.24 12:40:00,fvg,1,4076.435,0.000,0.000,0.000,0.00,0.00,against_bias
2025.10.24 13:10:00,fvg,1,4088.736,4075.295,0.000,0.000,0.00,0.00,no_room
2025.10.24 13:15:00,fvg,1,4105.691,4078.052,0.000,0.000,0.00,0.00,no_room
2025.10.24 13:50:00,fvg,-1,4109.038,0.000,0.000,0.000,0.00,0.00,against_bias
2025.10.24 14:15:00,fvg,1,4114.260,4101.023,0.000,0.000,0.00,0.00,no_room
2025.10.24 14:20:00,fvg,1,4124.295,4105.243,0.000,0.000,0.00,0.00,no_room
2025.10.24 14:55:00,fvg,-1,4123.984,0.000,0.000,0.000,0.00,0.00,against_bias
2025.10.24 15:30:00,fvg,1,4124.421,4112.492,0.000,0.000,0.00,0.00,no_room
2025.10.27 07:15:00,fvg,-1,4074.228,0.000,0.000,0.000,0.00,0.00,against_bias
2025.10.27 07:30:00,fvg,-1,4069.236,0.000,0.000,0.000,0.00,0.00,against_bias
2025.10.27 08:30:00,fvg,-1,4059.784,0.000,0.000,0.000,0.00,0.00,against_bias
2025.10.27 08:55:00,fvg,-1,4057.651,0.000,0.000,0.000,0.00,0.00,against_bias
2025.10.27 09:00:00,fvg,-1,4044.588,4062.251,0.000,0.000,0.00,0.00,no_room
2025.10.27 09:15:00,fvg,-1,4039.948,4051.145,0.000,0.000,0.00,0.00,no_room
2025.10.27 10:35:00,fvg,-1,4037.733,4045.934,0.000,0.000,0.00,0.00,no_room
2025.10.27 10:45:00,fvg,1,4039.554,0.000,0.000,0.000,0.00,0.00,against_bias
2025.10.27 11:00:00,fvg,-1,4038.851,4043.187,4034.066,4029.280,8.45,8.45,signal
2025.10.27 11:45:00,fvg,-1,4023.578,4031.757,0.000,0.000,0.00,0.00,no_room
2025.10.27 12:10:00,fvg,1,4029.212,0.000,0.000,0.000,0.00,0.00,against_bias
2025.10.27 12:55:00,fvg,1,4038.040,0.000,0.000,0.000,0.00,0.00,against_bias
2025.10.27 13:15:00,fvg,-1,4043.563,4050.876,4034.060,4024.557,5.09,5.09,signal
2025.10.27 13:50:00,fvg,-1,4027.268,4039.622,0.000,0.000,0.00,0.00,no_room
2025.10.27 14:25:00,fvg,-1,3995.943,4010.398,0.000,0.000,0.00,0.00,no_room
2025.10.27 15:00:00,fvg,-1,3988.983,4000.532,0.000,0.000,0.00,0.00,no_room
2025.10.27 15:10:00,fvg,-1,3982.201,3990.183,0.000,0.000,0.00,0.00,no_room
2025.10.27 15:35:00,fvg,1,3985.411,0.000,0.000,0.000,0.00,0.00,against_bias
2025.10.27 15:50:00,fvg,-1,3986.073,3991.527,0.000,0.000,0.00,0.00,no_room
2025.10.28 07:25:00,fvg,-1,3937.875,3949.251,0.000,0.000,0.00,0.00,no_room
2025.10.28 07:55:00,fvg,1,3931.979,0.000,0.000,0.000,0.00,0.00,against_bias
2025.10.28 08:15:00,fvg,-1,3926.287,3936.603,0.000,0.000,0.00,0.00,no_room
2025.10.28 08:25:00,fvg,-1,3920.443,3927.031,3907.266,3894.090,5.76,5.76,signal
2025.10.28 08:45:00,fvg,-1,3920.443,0.000,3907.266,0.000,0.00,0.00,missed_move
2025.10.28 09:50:00,fvg,1,3903.534,0.000,0.000,0.000,0.00,0.00,against_bias
2025.10.28 10:40:00,fvg,1,3910.878,0.000,0.000,0.000,0.00,0.00,against_bias
2025.10.28 11:10:00,fvg,-1,3918.083,3928.918,3896.414,3874.744,3.50,3.50,signal
2025.10.28 11:50:00,fvg,1,3927.058,0.000,0.000,0.000,0.00,0.00,against_bias
2025.10.28 12:35:00,fvg,-1,3923.821,3929.536,0.000,0.000,0.00,0.00,no_room
2025.10.28 12:50:00,fvg,-1,3916.671,3926.677,3896.658,3876.646,3.75,3.76,signal
2025.10.28 13:05:00,fvg,1,3912.411,0.000,0.000,0.000,0.00,0.00,against_bias
2025.10.28 13:10:00,fvg,1,3922.162,0.000,0.000,0.000,0.00,0.00,against_bias
2025.10.28 13:25:00,fvg,1,3926.465,0.000,0.000,0.000,0.00,0.00,against_bias
2025.10.28 13:55:00,fvg,1,3930.678,3914.001,0.000,0.000,0.00,0.00,no_room
2025.10.28 14:00:00,fvg,1,3931.644,3918.837,0.000,0.000,0.00,0.00,no_room
2025.10.28 14:05:00,fvg,1,3938.934,3929.861,0.000,0.000,0.00,0.00,no_room
2025.10.28 14:35:00,fvg,1,3944.693,3938.394,0.000,0.000,0.00,0.00,no_room
2025.10.28 14:55:00,fvg,1,3947.885,3938.875,0.000,0.000,0.00,0.00,no_room
2025.10.28 15:20:00,fvg,1,3957.233,3949.805,0.000,0.000,0.00,0.00,no_room
2025.10.28 15:55:00,fvg,1,3965.184,3962.269,0.000,0.000,0.00,0.00,sl_too_tight
2025.10.29 07:10:00,fvg,1,3981.141,3974.031,0.000,0.000,0.00,0.00,no_room
2025.10.29 07:15:00,fvg,1,3985.129,3974.400,0.000,0.000,0.00,0.00,no_room
2025.10.29 07:20:00,fvg,1,3993.812,3980.583,0.000,0.000,0.00,0.00,no_room
2025.10.29 07:40:00,fvg,-1,3994.615,0.000,0.000,0.000,0.00,0.00,against_bias
2025.10.29 08:00:00,fvg,1,3996.928,3990.780,0.000,0.000,0.00,0.00,no_room
2025.10.29 08:05:00,fvg,1,4000.436,3993.912,0.000,0.000,0.00,0.00,no_room
2025.10.29 08:10:00,fvg,1,4005.229,3996.357,0.000,0.000,0.00,0.00,no_room
2025.10.29 09:05:00,fvg,1,4015.954,4009.302,0.000,0.000,0.00,0.00,no_room
2025.10.29 09:55:00,fvg,1,4026.556,4015.737,0.000,0.000,0.00,0.00,no_room
2025.10.29 10:05:00,fvg,-1,4026.176,0.000,0.000,0.000,0.00,0.00,against_bias
2025.10.29 10:25:00,fvg,1,4026.932,4019.694,4035.788,4044.645,5.14,5.14,signal
2025.10.29 11:20:00,fvg,-1,4023.596,0.000,0.000,0.000,0.00,0.00,against_bias
2025.10.29 12:20:00,fvg,1,4022.822,4015.153,0.000,0.000,0.00,0.00,no_room
2025.10.29 13:10:00,fvg,-1,4018.778,0.000,0.000,0.000,0.00,0.00,against_bias
2025.10.29 13:40:00,fvg,-1,4012.912,0.000,0.000,0.000,0.00,0.00,against_bias
2025.10.29 14:00:00,fvg,1,4009.335,4001.879,0.000,0.000,0.00,0.00,no_room
2025.10.29 14:10:00,fvg,1,4016.786,4008.639,0.000,0.000,0.00,0.00,no_room
2025.10.29 14:45:00,fvg,-1,4013.857,0.000,0.000,0.000,0.00,0.00,against_bias
2025.10.29 15:55:00,fvg,-1,3997.551,0.000,0.000,0.000,0.00,0.00,against_bias
2025.10.29 16:00:00,fvg,-1,3995.517,4004.641,3985.032,3974.548,4.03,4.04,signal
2025.10.30 07:05:00,fvg,1,3971.044,3963.069,0.000,0.000,0.00,0.00,no_room
2025.10.30 09:05:00,fvg,1,3975.929,3971.162,0.000,0.000,0.00,0.00,no_room
2025.10.30 09:10:00,fvg,1,3989.025,3971.812,0.000,0.000,0.00,0.00,no_room
2025.10.30 09:15:00,fvg,1,3994.935,3975.297,0.000,0.000,0.00,0.00,no_room
2025.10.30 09:20:00,fvg,1,4002.336,3988.362,0.000,0.000,0.00,0.00,no_room
2025.10.30 10:25:00,fvg,-1,3993.587,0.000,0.000,0.000,0.00,0.00,against_bias
2025.10.30 10:30:00,fvg,-1,3990.701,0.000,0.000,0.000,0.00,0.00,against_bias
2025.10.30 10:40:00,fvg,-1,3981.342,0.000,0.000,0.000,0.00,0.00,against_bias
2025.10.30 11:20:00,fvg,-1,3977.769,0.000,0.000,0.000,0.00,0.00,against_bias
2025.10.30 11:25:00,fvg,-1,3972.766,0.000,0.000,0.000,0.00,0.00,against_bias
2025.10.30 11:30:00,fvg,-1,3970.974,0.000,0.000,0.000,0.00,0.00,against_bias
2025.10.30 11:40:00,fvg,1,3971.426,3964.464,0.000,0.000,0.00,0.00,no_room
2025.10.30 12:10:00,fvg,1,3978.064,3972.182,0.000,0.000,0.00,0.00,no_room
2025.10.30 12:35:00,fvg,-1,3974.804,0.000,0.000,0.000,0.00,0.00,against_bias
2025.10.30 12:45:00,fvg,1,3976.088,3966.026,0.000,0.000,0.00,0.00,no_room
2025.10.30 12:55:00,fvg,-1,3974.249,0.000,0.000,0.000,0.00,0.00,against_bias
2025.10.30 14:00:00,fvg,1,3987.570,3973.123,0.000,0.000,0.00,0.00,no_room
2025.10.30 14:05:00,fvg,1,3991.836,3974.110,0.000,0.000,0.00,0.00,no_room
2025.10.30 14:10:00,fvg,1,3997.229,3986.604,0.000,0.000,0.00,0.00,no_room
2025.10.30 14:15:00,fvg,1,4005.545,3990.916,0.000,0.000,0.00,0.00,no_room
2025.10.30 14:30:00,fvg,-1,4003.581,0.000,0.000,0.000,0.00,0.00,against_bias
2025.10.30 14:55:00,fvg,1,3995.110,3985.748,0.000,0.000,0.00,0.00,no_room
2025.10.30 15:20:00,fvg,1,3997.827,3987.524,0.000,0.000,0.00,0.00,no_room
2025.10.31 07:25:00,fvg,1,4017.938,0.000,0.000,0.000,0.00,0.00,against_bias
2025.10.31 07:45:00,fvg,-1,4019.407,4025.887,0.000,0.000,0.00,0.00,no_room
2025.10.31 08:05:00,fvg,1,4018.944,0.000,0.000,0.000,0.00,0.00,against_bias
2025.10.31 09:00:00,fvg,-1,4011.251,4021.537,0.000,0.000,0.00,0.00,no_room
2025.10.31 09:20:00,fvg,-1,4008.239,4013.537,0.000,0.000,0.00,0.00,no_room
2025.10.31 09:25:00,fvg,-1,4004.269,4010.798,0.000,0.000,0.00,0.00,no_room
2025.10.31 10:05:00,fvg,1,4008.284,0.000,0.000,0.000,0.00,0.00,against_bias
2025.10.31 10:10:00,fvg,1,4011.342,0.000,0.000,0.000,0.00,0.00,against_bias
2025.10.31 10:15:00,fvg,1,4014.634,0.000,0.000,0.000,0.00,0.00,against_bias
2025.10.31 10:55:00,fvg,-1,4007.612,4011.620,0.000,0.000,0.00,0.00,no_room
2025.10.31 12:20:00,fvg,1,4011.779,0.000,0.000,0.000,0.00,0.00,against_bias
2025.10.31 12:30:00,fvg,1,4019.503,0.000,0.000,0.000,0.00,0.00,against_bias
2025.10.31 12:45:00,fvg,1,4025.117,4016.077,0.000,0.000,0.00,0.00,no_room
2025.10.31 12:50:00,fvg,1,4028.353,4016.287,0.000,0.000,0.00,0.00,no_room
2025.10.31 13:00:00,fvg,-1,4026.190,0.000,0.000,0.000,0.00,0.00,against_bias
2025.10.31 13:15:00,fvg,1,4028.972,4019.753,0.000,0.000,0.00,0.00,no_room
2025.10.31 13:40:00,fvg,-1,4024.155,0.000,0.000,0.000,0.00,0.00,against_bias
2025.10.31 14:10:00,fvg,1,4021.040,4011.093,0.000,0.000,0.00,0.00,no_room
2025.10.31 15:00:00,fvg,1,4018.005,4010.104,0.000,0.000,0.00,0.00,no_room
2025.10.31 15:10:00,fvg,-1,4015.583,0.000,0.000,0.000,0.00,0.00,against_bias
2025.11.03 07:20:00,fvg,-1,4016.627,0.000,0.000,0.000,0.00,0.00,against_bias
2025.11.03 07:45:00,fvg,1,4020.676,4015.358,0.000,0.000,0.00,0.00,no_room
2025.11.03 08:20:00,fvg,-1,4023.869,0.000,0.000,0.000,0.00,0.00,against_bias
2025.11.03 08:25:00,fvg,-1,4020.390,0.000,0.000,0.000,0.00,0.00,against_bias
2025.11.03 08:30:00,fvg,-1,4016.850,0.000,0.000,0.000,0.00,0.00,against_bias
2025.11.03 09:15:00,fvg,1,4021.550,4016.138,0.000,0.000,0.00,0.00,no_room
2025.11.03 09:25:00,fvg,-1,4019.743,0.000,0.000,0.000,0.00,0.00,against_bias
2025.11.03 09:30:00,fvg,-1,4014.742,0.000,0.000,0.000,0.00,0.00,against_bias
2025.11.03 09:35:00,fvg,-1,4008.149,0.000,0.000,0.000,0.00,0.00,against_bias
2025.11.03 09:50:00,fvg,-1,4001.123,4006.013,0.000,0.000,0.00,0.00,no_room
2025.11.03 10:10:00,fvg,-1,3998.238,4005.402,0.000,0.000,0.00,0.00,no_room
2025.11.03 12:40:00,fvg,1,4007.739,0.000,0.000,0.000,0.00,0.00,against_bias
2025.11.03 14:35:00,fvg,-1,4011.850,4020.934,0.000,0.000,0.00,0.00,no_room
2025.11.03 14:55:00,fvg,1,4020.153,0.000,0.000,0.000,0.00,0.00,against_bias
2025.11.03 15:30:00,fvg,-1,4019.838,4029.539,0.000,0.000,0.00,0.00,no_room
2025.11.03 15:35:00,fvg,-1,4015.243,4028.736,0.000,0.000,0.00,0.00,no_room
2025.11.03 15:45:00,fvg,1,4015.281,0.000,0.000,0.000,0.00,0.00,against_bias
2025.11.03 16:00:00,fvg,-1,4013.011,4024.518,0.000,0.000,0.00,0.00,no_room
2025.11.04 09:40:00,fvg,1,3995.847,3991.159,0.000,0.000,0.00,0.00,no_room
2025.11.04 09:55:00,fvg,-1,3995.280,0.000,0.000,0.000,0.00,0.00,against_bias
2025.11.04 10:05:00,fvg,-1,3991.184,0.000,0.000,0.000,0.00,0.00,against_bias
2025.11.04 10:10:00,fvg,-1,3990.270,0.000,0.000,0.000,0.00,0.00,against_bias
2025.11.04 10:20:00,fvg,1,3993.039,3985.645,0.000,0.000,0.00,0.00,no_room
2025.11.04 10:45:00,fvg,1,3994.711,3990.300,0.000,0.000,0.00,0.00,no_room
2025.11.04 10:55:00,fvg,-1,3993.731,0.000,0.000,0.000,0.00,0.00,against_bias
2025.11.04 11:05:00,fvg,1,3993.813,3990.780,0.000,0.000,0.00,0.00,no_room
2025.11.04 11:55:00,fvg,1,3995.153,3991.545,0.000,0.000,0.00,0.00,no_room
2025.11.04 12:30:00,fvg,-1,3993.463,0.000,0.000,0.000,0.00,0.00,against_bias
2025.11.04 12:35:00,fvg,-1,3990.465,0.000,0.000,0.000,0.00,0.00,against_bias
2025.11.04 12:40:00,fvg,-1,3989.352,0.000,0.000,0.000,0.00,0.00,against_bias
2025.11.04 13:00:00,fvg,-1,3987.426,3992.875,0.000,0.000,0.00,0.00,no_room
2025.11.04 13:15:00,fvg,1,3991.045,0.000,0.000,0.000,0.00,0.00,against_bias
2025.11.04 13:30:00,fvg,-1,3989.654,3996.539,0.000,0.000,0.00,0.00,no_room
2025.11.04 13:40:00,fvg,-1,3982.420,3990.199,0.000,0.000,0.00,0.00,no_room
2025.11.04 14:10:00,fvg,-1,3972.495,3979.317,0.000,0.000,0.00,0.00,no_room
2025.11.04 14:20:00,fvg,1,3972.706,0.000,0.000,0.000,0.00,0.00,against_bias
2025.11.04 14:30:00,fvg,-1,3970.614,3978.515,0.000,0.000,0.00,0.00,no_room
2025.11.04 14:35:00,fvg,-1,3956.604,3974.448,0.000,0.000,0.00,0.00,no_room
2025.11.04 14:40:00,fvg,-1,3942.164,3971.494,0.000,0.000,0.00,0.00,no_room
2025.11.04 15:00:00,fvg,1,3947.502,0.000,0.000,0.000,0.00,0.00,against_bias
2025.11.04 15:05:00,fvg,1,3948.808,0.000,0.000,0.000,0.00,0.00,against_bias
2025.11.04 15:40:00,fvg,1,3956.119,0.000,0.000,0.000,0.00,0.00,against_bias
2025.11.04 15:45:00,fvg,1,3964.370,0.000,0.000,0.000,0.00,0.00,against_bias
2025.11.04 15:55:00,fvg,-1,3961.793,3968.870,0.000,0.000,0.00,0.00,no_room
2025.11.05 07:05:00,fvg,-1,3967.068,0.000,0.000,0.000,0.00,0.00,against_bias
2025.11.05 07:40:00,fvg,1,3967.498,3964.169,0.000,0.000,0.00,0.00,no_room
2025.11.05 07:45:00,fvg,1,3968.184,3964.953,0.000,0.000,0.00,0.00,no_room
2025.11.05 08:05:00,fvg,1,3972.734,3968.688,0.000,0.000,0.00,0.00,no_room
2025.11.05 08:10:00,fvg,1,3976.127,3968.636,0.000,0.000,0.00,0.00,no_room
2025.11.05 08:15:00,fvg,1,3981.339,3972.327,0.000,0.000,0.00,0.00,no_room
2025.11.05 09:20:00,fvg,-1,3975.741,0.000,0.000,0.000,0.00,0.00,against_bias
2025.11.05 09:25:00,fvg,-1,3972.099,0.000,0.000,0.000,0.00,0.00,against_bias
2025.11.05 09:30:00,fvg,-1,3967.786,0.000,0.000,0.000,0.00,0.00,against_bias
2025.11.05 10:10:00,fvg,-1,3965.532,0.000,0.000,0.000,0.00,0.00,against_bias
2025.11.05 11:00:00,fvg,-1,3964.534,0.000,0.000,0.000,0.00,0.00,against_bias
2025.11.05 11:20:00,fvg,-1,3961.812,3969.052,0.000,0.000,0.00,0.00,no_room
2025.11.05 11:30:00,fvg,-1,3960.088,3962.164,0.000,0.000,0.00,0.00,sl_too_tight
2025.11.05 11:45:00,fvg,1,3960.119,0.000,0.000,0.000,0.00,0.00,against_bias
2025.11.05 11:50:00,fvg,1,3962.457,0.000,0.000,0.000,0.00,0.00,against_bias
2025.11.05 11:55:00,fvg,1,3964.427,0.000,0.000,0.000,0.00,0.00,against_bias
2025.11.05 12:25:00,fvg,1,3967.135,0.000,0.000,0.000,0.00,0.00,against_bias
2025.11.05 12:45:00,fvg,-1,3964.932,3968.402,0.000,0.000,0.00,0.00,no_room
2025.11.05 13:05:00,fvg,1,3967.533,0.000,0.000,0.000,0.00,0.00,against_bias
2025.11.05 13:30:00,fvg,1,3974.281,0.000,0.000,0.000,0.00,0.00,against_bias
2025.11.05 13:40:00,fvg,-1,3973.997,3977.986,0.000,0.000,0.00,0.00,no_room
2025.11.05 14:20:00,fvg,1,3978.565,0.000,0.000,0.000,0.00,0.00,against_bias
2025.11.05 14:30:00,fvg,1,3981.786,0.000,0.000,0.000,0.00,0.00,against_bias
2025.11.05 14:50:00,fvg,-1,3978.596,3985.992,0.000,0.000,0.00,0.00,no_room
2025.11.05 15:35:00,fvg,1,3978.499,0.000,0.000,0.000,0.00,0.00,against_bias
2025.11.06 07:05:00,fvg,1,3991.100,3985.563,0.000,0.000,0.00,0.00,no_room
2025.11.06 07:10:00,fvg,1,3996.090,3988.259,0.000,0.000,0.00,0.00,no_room
2025.11.06 07:25:00,fvg,1,4000.549,3995.719,0.000,0.000,0.00,0.00,no_room
2025.11.06 07:30:00,fvg,1,4003.587,3997.199,0.000,0.000,0.00,0.00,no_room
2025.11.06 08:20:00,fvg,1,4008.686,4005.062,0.000,0.000,0.00,0.00,no_room
2025.11.06 08:25:00,fvg,1,4010.375,4005.413,0.000,0.000,0.00,0.00,no_room
2025.11.06 08:35:00,fvg,1,4013.717,4010.019,0.000,0.000,0.00,0.00,no_room
2025.11.06 10:10:00,fvg,-1,4009.232,0.000,0.000,0.000,0.00,0.00,against_bias
2025.11.06 10:30:00,fvg,-1,4006.429,0.000,0.000,0.000,0.00,0.00,against_bias
2025.11.06 11:35:00,fvg,1,4009.359,4006.661,0.000,0.000,0.00,0.00,sl_too_tight
2025.11.06 11:40:00,fvg,1,4011.956,4006.636,0.000,0.000,0.00,0.00,no_room
2025.11.06 11:45:00,fvg,1,4014.499,4009.088,0.000,0.000,0.00,0.00,no_room
2025.11.06 12:00:00,fvg,1,4017.212,4013.699,0.000,0.000,0.00,0.00,no_room
2025.11.06 12:10:00,fvg,-1,4017.022,0.000,0.000,0.000,0.00,0.00,against_bias
2025.11.06 12:45:00,fvg,-1,4009.871,0.000,0.000,0.000,0.00,0.00,against_bias
2025.11.06 13:00:00,fvg,-1,4007.341,0.000,0.000,0.000,0.00,0.00,against_bias
2025.11.06 13:15:00,fvg,1,4008.971,4003.119,0.000,0.000,0.00,0.00,no_room
2025.11.06 13:25:00,fvg,1,4012.657,4008.615,0.000,0.000,0.00,0.00,no_room
2025.11.06 14:10:00,fvg,-1,4010.680,0.000,0.000,0.000,0.00,0.00,against_bias
2025.11.06 14:25:00,fvg,-1,4002.165,0.000,0.000,0.000,0.00,0.00,against_bias
2025.11.06 14:30:00,fvg,-1,3997.860,4008.790,0.000,0.000,0.00,0.00,no_room
2025.11.06 14:40:00,fvg,1,3998.502,0.000,0.000,0.000,0.00,0.00,against_bias
2025.11.06 15:00:00,fvg,-1,3997.005,4001.612,0.000,0.000,0.00,0.00,no_room
2025.11.06 15:05:00,fvg,-1,3993.716,4000.020,0.000,0.000,0.00,0.00,no_room
2025.11.06 15:10:00,fvg,-1,3985.417,3997.680,0.000,0.000,0.00,0.00,no_room
2025.11.06 15:35:00,fvg,-1,3987.250,3991.763,0.000,0.000,0.00,0.00,no_room
2025.11.06 15:40:00,fvg,-1,3984.680,3990.790,0.000,0.000,0.00,0.00,no_room
2025.11.07 07:30:00,fvg,-1,4006.675,0.000,0.000,0.000,0.00,0.00,against_bias
2025.11.07 08:30:00,fvg,-1,4006.533,0.000,0.000,0.000,0.00,0.00,against_bias
2025.11.07 09:05:00,fvg,1,4008.395,4006.078,0.000,0.000,0.00,0.00,sl_too_tight
2025.11.07 09:40:00,fvg,-1,4006.971,0.000,0.000,0.000,0.00,0.00,against_bias
2025.11.07 10:20:00,fvg,-1,4006.504,0.000,0.000,0.000,0.00,0.00,against_bias
2025.11.07 10:55:00,fvg,1,4006.579,4002.811,0.000,0.000,0.00,0.00,no_room
2025.11.07 11:20:00,fvg,-1,4005.436,0.000,0.000,0.000,0.00,0.00,against_bias
2025.11.07 11:35:00,fvg,-1,3999.804,0.000,0.000,0.000,0.00,0.00,against_bias
2025.11.07 11:40:00,fvg,-1,3997.635,0.000,0.000,0.000,0.00,0.00,against_bias
2025.11.07 11:50:00,fvg,1,3998.496,3993.234,0.000,0.000,0.00,0.00,no_room
2025.11.07 11:55:00,fvg,1,3999.758,3993.226,0.000,0.000,0.00,0.00,no_room
2025.11.07 12:10:00,fvg,1,4005.410,4000.922,0.000,0.000,0.00,0.00,no_room
2025.11.07 12:25:00,fvg,-1,4004.510,0.000,0.000,0.000,0.00,0.00,against_bias
2025.11.07 12:35:00,fvg,-1,3999.440,0.000,0.000,0.000,0.00,0.00,against_bias
2025.11.07 12:40:00,fvg,-1,3998.038,0.000,0.000,0.000,0.00,0.00,against_bias
2025.11.07 13:35:00,fvg,-1,3997.077,0.000,0.000,0.000,0.00,0.00,against_bias
2025.11.07 14:00:00,fvg,1,3997.137,3992.335,0.000,0.000,0.00,0.00,no_room
2025.11.07 14:20:00,fvg,1,4002.328,3995.020,0.000,0.000,0.00,0.00,no_room
2025.11.07 14:25:00,fvg,1,4004.237,3998.379,0.000,0.000,0.00,0.00,no_room
2025.11.07 14:35:00,fvg,-1,4000.512,0.000,0.000,0.000,0.00,0.00,against_bias
2025.11.07 14:40:00,fvg,-1,3994.500,0.000,0.000,0.000,0.00,0.00,against_bias
2025.11.07 15:45:00,fvg,-1,3990.552,3996.237,0.000,0.000,0.00,0.00,no_room
2025.11.10 08:40:00,fvg,1,4082.274,4077.884,0.000,0.000,0.00,0.00,no_room
2025.11.10 08:50:00,fvg,-1,4082.176,0.000,0.000,0.000,0.00,0.00,against_bias
2025.11.10 09:40:00,fvg,1,4081.957,4075.904,0.000,0.000,0.00,0.00,no_room
2025.11.10 10:35:00,fvg,-1,4079.940,0.000,0.000,0.000,0.00,0.00,against_bias
2025.11.10 11:05:00,fvg,1,4080.009,4075.639,0.000,0.000,0.00,0.00,no_room
2025.11.10 11:15:00,fvg,-1,4078.612,0.000,0.000,0.000,0.00,0.00,against_bias
2025.11.10 11:45:00,fvg,1,4080.997,4078.350,0.000,0.000,0.00,0.00,sl_too_tight
2025.11.10 12:05:00,fvg,1,4084.182,4080.774,0.000,0.000,0.00,0.00,no_room
2025.11.10 12:25:00,fvg,1,4092.659,4087.069,0.000,0.000,0.00,0.00,no_room
2025.11.10 13:00:00,fvg,1,4096.922,4093.255,0.000,0.000,0.00,0.00,no_room
2025.11.10 13:10:00,fvg,1,4102.063,4096.539,4113.111,4124.158,6.67,6.67,signal
2025.11.10 14:40:00,fvg,-1,4082.788,0.000,0.000,0.000,0.00,0.00,against_bias
2025.11.10 15:10:00,fvg,1,4088.016,4082.807,0.000,0.000,0.00,0.00,no_room
2025.11.10 15:35:00,fvg,-1,4089.605,0.000,0.000,0.000,0.00,0.00,against_bias
2025.11.10 15:40:00,fvg,-1,4086.540,0.000,0.000,0.000,0.00,0.00,against_bias
2025.11.10 15:55:00,fvg,-1,4085.545,0.000,0.000,0.000,0.00,0.00,against_bias
2025.11.11 08:10:00,fvg,1,4133.046,4128.403,0.000,0.000,0.00,0.00,no_room
2025.11.11 08:40:00,fvg,-1,4132.047,0.000,0.000,0.000,0.00,0.00,against_bias
2025.11.11 08:55:00,fvg,1,4134.412,4130.244,0.000,0.000,0.00,0.00,no_room
2025.11.11 09:10:00,fvg,1,4139.997,4134.028,0.000,0.000,0.00,0.00,no_room
2025.11.11 09:15:00,fvg,1,4141.461,4134.054,0.000,0.000,0.00,0.00,no_room
2025.11.11 10:05:00,fvg,-1,4142.639,0.000,0.000,0.000,0.00,0.00,against_bias
2025.11.11 10:10:00,fvg,-1,4140.114,0.000,0.000,0.000,0.00,0.00,against_bias
2025.11.11 10:20:00,fvg,1,4140.546,4137.345,0.000,0.000,0.00,0.00,no_room
2025.11.11 10:40:00,fvg,-1,4140.849,0.000,0.000,0.000,0.00,0.00,against_bias
2025.11.11 10:55:00,fvg,1,4140.863,4136.851,0.000,0.000,0.00,0.00,no_room
2025.11.11 11:20:00,fvg,-1,4140.923,0.000,0.000,0.000,0.00,0.00,against_bias
2025.11.11 12:15:00,fvg,-1,4140.117,0.000,0.000,0.000,0.00,0.00,against_bias
2025.11.11 12:20:00,fvg,-1,4139.520,0.000,0.000,0.000,0.00,0.00,against_bias
2025.11.11 12:45:00,fvg,1,4139.803,4137.548,0.000,0.000,0.00,0.00,sl_too_tight
2025.11.11 12:55:00,fvg,-1,4138.488,0.000,0.000,0.000,0.00,0.00,against_bias
2025.11.11 13:00:00,fvg,-1,4136.835,4141.526,0.000,0.000,0.00,0.00,no_room
2025.11.11 13:15:00,fvg,1,4138.171,0.000,0.000,0.000,0.00,0.00,against_bias
2025.11.11 14:05:00,fvg,-1,4143.216,4145.958,0.000,0.000,0.00,0.00,sl_too_tight
2025.11.11 14:10:00,fvg,-1,4140.490,4145.405,0.000,0.000,0.00,0.00,no_room
2025.11.11 14:30:00,fvg,-1,4133.845,4140.577,0.000,0.000,0.00,0.00,no_room
2025.11.11 15:25:00,fvg,-1,4116.661,4123.968,4108.082,4099.503,4.99,5.00,signal
2025.11.11 15:30:00,fvg,-1,4116.661,0.000,4108.082,0.000,0.00,0.00,missed_move
2025.11.11 15:35:00,fvg,-1,4104.155,4117.424,0.000,0.000,0.00,0.00,no_room
2025.11.12 07:15:00,fvg,1,4122.046,4115.032,0.000,0.000,0.00,0.00,no_room
2025.11.12 07:20:00,fvg,1,4123.094,4117.759,0.000,0.000,0.00,0.00,no_room
2025.11.12 07:40:00,fvg,-1,4119.964,0.000,0.000,0.000,0.00,0.00,against_bias
2025.11.12 07:45:00,fvg,-1,4118.651,0.000,0.000,0.000,0.00,0.00,against_bias
2025.11.12 08:25:00,fvg,1,4121.837,4111.701,0.000,0.000,0.00,0.00,no_room
2025.11.12 08:30:00,fvg,1,4127.069,4116.790,0.000,0.000,0.00,0.00,no_room
2025.11.12 09:15:00,fvg,-1,4130.360,0.000,0.000,0.000,0.00,0.00,against_bias
2025.11.12 10:30:00,fvg,-1,4123.408,0.000,0.000,0.000,0.00,0.00,against_bias
2025.11.12 10:45:00,fvg,1,4124.791,4117.697,0.000,0.000,0.00,0.00,no_room
2025.11.12 11:25:00,fvg,-1,4128.615,0.000,0.000,0.000,0.00,0.00,against_bias
2025.11.12 12:25:00,fvg,1,4130.956,4127.396,0.000,0.000,0.00,0.00,no_room
2025.11.12 12:35:00,fvg,1,4136.246,4130.624,0.000,0.000,0.00,0.00,no_room
2025.11.12 12:50:00,fvg,-1,4137.203,0.000,0.000,0.000,0.00,0.00,against_bias
2025.11.12 13:00:00,fvg,-1,4132.247,0.000,0.000,0.000,0.00,0.00,against_bias
2025.11.12 13:05:00,fvg,-1,4131.063,0.000,0.000,0.000,0.00,0.00,against_bias
2025.11.12 14:00:00,fvg,-1,4127.633,0.000,0.000,0.000,0.00,0.00,against_bias
2025.11.12 14:10:00,fvg,1,4130.723,4123.770,0.000,0.000,0.00,0.00,no_room
2025.11.12 15:15:00,fvg,1,4143.997,4133.897,0.000,0.000,0.00,0.00,no_room
2025.11.12 15:20:00,fvg,1,4159.745,4139.198,0.000,0.000,0.00,0.00,no_room
2025.11.12 15:40:00,fvg,1,4175.176,4161.130,0.000,0.000,0.00,0.00,no_room
2025.11.13 07:30:00,fvg,1,4214.132,4209.671,0.000,0.000,0.00,0.00,no_room
2025.11.13 07:35:00,fvg,1,4215.340,4209.663,0.000,0.000,0.00,0.00,no_room
2025.11.13 08:05:00,fvg,1,4218.874,4212.095,0.000,0.000,0.00,0.00,no_room
2025.11.13 08:10:00,fvg,1,4222.016,4216.781,4232.486,4242.956,6.97,6.97,signal
2025.11.13 08:20:00,fvg,1,4222.016,0.000,4232.486,0.000,0.00,0.00,missed_move
2025.11.13 08:25:00,fvg,1,4231.560,4226.282,0.000,0.000,0.00,0.00,no_room
2025.11.13 09:05:00,fvg,-1,4234.446,0.000,0.000,0.000,0.00,0.00,against_bias
2025.11.13 09:55:00,fvg,1,4231.935,4226.793,0.000,0.000,0.00,0.00,no_room
2025.11.13 10:15:00,fvg,1,4235.420,4231.247,0.000,0.000,0.00,0.00,no_room
2025.11.13 10:35:00,fvg,-1,4236.265,0.000,0.000,0.000,0.00,0.00,against_bias
2025.11.13 10:40:00,fvg,-1,4233.721,0.000,0.000,0.000,0.00,0.00,against_bias
2025.11.13 11:00:00,fvg,-1,4229.162,0.000,0.000,0.000,0.00,0.00,against_bias
2025.11.13 11:25:00,fvg,-1,4225.295,0.000,0.000,0.000,0.00,0.00,against_bias
2025.11.13 11:50:00,fvg,1,4228.326,4223.891,4235.463,4242.601,8.23,8.23,signal
2025.11.13 12:10:00,fvg,1,4228.326,0.000,4235.463,0.000,0.00,0.00,missed_move
2025.11.13 12:15:00,fvg,1,4232.504,4229.635,0.000,0.000,0.00,0.00,sl_too_tight
2025.11.13 12:35:00,fvg,-1,4234.854,0.000,0.000,0.000,0.00,0.00,against_bias
2025.11.13 13:10:00,fvg,-1,4232.849,0.000,0.000,0.000,0.00,0.00,against_bias
2025.11.13 13:40:00,fvg,-1,4228.358,0.000,0.000,0.000,0.00,0.00,against_bias
2025.11.13 14:10:00,fvg,-1,4226.066,0.000,0.000,0.000,0.00,0.00,against_bias
2025.11.13 14:30:00,fvg,-1,4215.687,4221.906,0.000,0.000,0.00,0.00,no_room
2025.11.13 14:50:00,fvg,-1,4194.690,4221.044,0.000,0.000,0.00,0.00,no_room
2025.11.13 15:15:00,fvg,1,4198.245,0.000,0.000,0.000,0.00,0.00,against_bias
2025.11.14 07:30:00,fvg,-1,4164.394,4174.641,0.000,0.000,0.00,0.00,no_room
2025.11.14 07:40:00,fvg,1,4164.499,0.000,0.000,0.000,0.00,0.00,against_bias
2025.11.14 07:45:00,fvg,1,4167.126,0.000,0.000,0.000,0.00,0.00,against_bias
2025.11.14 07:50:00,fvg,1,4173.135,0.000,0.000,0.000,0.00,0.00,against_bias
2025.11.14 07:55:00,fvg,1,4177.546,0.000,0.000,0.000,0.00,0.00,against_bias
2025.11.14 08:40:00,fvg,1,4181.204,0.000,0.000,0.000,0.00,0.00,against_bias
2025.11.14 09:00:00,fvg,-1,4176.063,4184.462,0.000,0.000,0.00,0.00,price_inside_zone
2025.11.14 10:10:00,fvg,-1,4168.471,4172.047,0.000,0.000,0.00,0.00,no_room
2025.11.14 10:45:00,fvg,1,4165.522,0.000,0.000,0.000,0.00,0.00,against_bias
2025.11.14 10:55:00,fvg,1,4168.773,0.000,0.000,0.000,0.00,0.00,against_bias
2025.11.14 11:15:00,fvg,-1,4161.697,4170.409,0.000,0.000,0.00,0.00,no_room
2025.11.14 11:20:00,fvg,-1,4152.991,4168.763,0.000,0.000,0.00,0.00,no_room
2025.11.14 11:25:00,fvg,-1,4148.643,4162.286,0.000,0.000,0.00,0.00,no_room
2025.11.14 11:40:00,fvg,1,4152.536,0.000,0.000,0.000,0.00,0.00,against_bias
2025.11.14 11:45:00,fvg,1,4153.184,0.000,0.000,0.000,0.00,0.00,against_bias
2025.11.14 11:55:00,fvg,-1,4151.411,4158.397,0.000,0.000,0.00,0.00,no_room
2025.11.14 12:00:00,fvg,-1,4140.437,4154.403,0.000,0.000,0.00,0.00,no_room
2025.11.14 12:20:00,fvg,-1,4128.646,4141.333,0.000,0.000,0.00,0.00,no_room
2025.11.14 12:25:00,fvg,-1,4121.268,4136.427,0.000,0.000,0.00,0.00,no_room
2025.11.14 13:15:00,fvg,-1,4108.081,4119.805,0.000,0.000,0.00,0.00,no_room
2025.11.14 13:20:00,fvg,-1,4092.021,4112.896,0.000,0.000,0.00,0.00,no_room
2025.11.14 13:25:00,fvg,-1,4083.667,4109.188,0.000,0.000,0.00,0.00,no_room
2025.11.14 13:30:00,fvg,-1,4071.785,4093.167,0.000,0.000,0.00,0.00,no_room
2025.11.14 13:35:00,fvg,-1,4063.765,4084.821,0.000,0.000,0.00,0.00,no_room
2025.11.14 14:45:00,fvg,1,4062.243,0.000,0.000,0.000,0.00,0.00,against_bias
2025.11.14 15:55:00,fvg,1,4085.934,0.000,0.000,0.000,0.00,0.00,against_bias
2025.11.17 07:20:00,fvg,1,4072.207,0.000,0.000,0.000,0.00,0.00,against_bias
2025.11.17 07:25:00,fvg,1,4074.380,0.000,0.000,0.000,0.00,0.00,against_bias
2025.11.17 07:35:00,fvg,1,4077.095,0.000,0.000,0.000,0.00,0.00,against_bias
2025.11.17 07:45:00,fvg,1,4080.680,0.000,0.000,0.000,0.00,0.00,against_bias
2025.11.17 07:50:00,fvg,1,4083.204,0.000,0.000,0.000,0.00,0.00,against_bias
2025.11.17 07:55:00,fvg,1,4084.380,0.000,0.000,0.000,0.00,0.00,against_bias
2025.11.17 08:10:00,fvg,1,4090.442,0.000,0.000,0.000,0.00,0.00,against_bias
2025.11.17 08:25:00,fvg,-1,4087.441,4096.407,0.000,0.000,0.00,0.00,no_room
2025.11.17 08:30:00,fvg,-1,4082.509,4091.226,0.000,0.000,0.00,0.00,no_room
2025.11.17 08:45:00,fvg,-1,4078.788,4084.383,0.000,0.000,0.00,0.00,no_room
2025.11.17 09:20:00,fvg,1,4079.381,0.000,0.000,0.000,0.00,0.00,against_bias
2025.11.17 10:10:00,fvg,1,4085.314,0.000,0.000,0.000,0.00,0.00,against_bias
2025.11.17 10:50:00,fvg,-1,4081.166,4086.948,0.000,0.000,0.00,0.00,no_room
2025.11.17 10:55:00,fvg,-1,4077.852,4084.204,0.000,0.000,0.00,0.00,no_room
2025.11.17 11:00:00,fvg,-1,4073.375,4081.662,0.000,0.000,0.00,0.00,no_room
2025.11.17 11:40:00,fvg,1,4072.031,0.000,0.000,0.000,0.00,0.00,against_bias
2025.11.17 11:45:00,fvg,1,4076.855,0.000,0.000,0.000,0.00,0.00,against_bias
2025.11.17 12:40:00,fvg,1,4081.770,0.000,0.000,0.000,0.00,0.00,against_bias
2025.11.17 12:55:00,fvg,-1,4080.274,4083.904,4076.220,4072.165,10.05,10.06,signal
2025.11.17 13:10:00,fvg,1,4081.659,0.000,0.000,0.000,0.00,0.00,against_bias
2025.11.17 13:30:00,fvg,-1,4079.097,4087.820,0.000,0.000,0.00,0.00,no_room
2025.11.17 13:45:00,fvg,-1,4071.650,4080.138,0.000,0.000,0.00,0.00,no_room
2025.11.17 13:55:00,fvg,-1,4067.447,4072.293,0.000,0.000,0.00,0.00,no_room
2025.11.17 14:15:00,fvg,1,4068.856,0.000,0.000,0.000,0.00,0.00,against_bias
2025.11.17 14:25:00,fvg,-1,4068.400,4075.132,0.000,0.000,0.00,0.00,no_room
2025.11.17 14:40:00,fvg,1,4074.332,0.000,0.000,0.000,0.00,0.00,against_bias
2025.11.17 15:55:00,fvg,-1,4070.382,4075.509,0.000,0.000,0.00,0.00,no_room
2025.11.18 07:05:00,fvg,-1,4009.239,4014.111,0.000,0.000,0.00,0.00,no_room
2025.11.18 07:30:00,fvg,-1,4006.560,4011.347,0.000,0.000,0.00,0.00,no_room
2025.11.18 07:50:00,fvg,1,4009.993,0.000,0.000,0.000,0.00,0.00,against_bias
2025.11.18 08:10:00,fvg,1,4018.088,0.000,0.000,0.000,0.00,0.00,against_bias
2025.11.18 08:40:00,fvg,1,4034.626,0.000,0.000,0.000,0.00,0.00,against_bias
2025.11.18 09:25:00,fvg,1,4036.086,4029.920,0.000,0.000,0.00,0.00,no_room
2025.11.18 09:50:00,fvg,1,4035.931,4029.674,0.000,0.000,0.00,0.00,no_room
2025.11.18 10:00:00,fvg,1,4038.594,4035.406,0.000,0.000,0.00,0.00,no_room
2025.11.18 10:50:00,fvg,1,4043.239,4038.999,0.000,0.000,0.00,0.00,no_room
2025.11.18 10:55:00,fvg,1,4045.152,4039.193,0.000,0.000,0.00,0.00,no_room
2025.11.18 11:25:00,fvg,1,4046.109,4042.735,0.000,0.000,0.00,0.00,no_room
2025.11.18 11:50:00,fvg,-1,4045.311,0.000,0.000,0.000,0.00,0.00,against_bias
2025.11.18 12:30:00,fvg,-1,4036.568,0.000,0.000,0.000,0.00,0.00,against_bias
2025.11.18 13:10:00,fvg,1,4039.021,4028.497,0.000,0.000,0.00,0.00,no_room
2025.11.18 13:30:00,fvg,1,4047.550,4040.192,0.000,0.000,0.00,0.00,no_room
2025.11.18 13:40:00,fvg,1,4053.797,4046.875,0.000,0.000,0.00,0.00,no_room
2025.11.18 13:45:00,fvg,1,4062.345,4047.257,0.000,0.000,0.00,0.00,no_room
2025.11.18 13:55:00,fvg,1,4066.257,4061.351,4072.955,4079.652,7.44,7.44,signal
2025.11.18 14:25:00,fvg,1,4075.626,4067.953,0.000,0.000,0.00,0.00,no_room
2025.11.18 15:45:00,fvg,-1,4063.580,0.000,0.000,0.000,0.00,0.00,against_bias
2025.11.19 07:05:00,fvg,-1,4092.690,0.000,0.000,0.000,0.00,0.00,against_bias
2025.11.19 07:15:00,fvg,-1,4087.590,0.000,0.000,0.000,0.00,0.00,against_bias
2025.11.19 07:25:00,fvg,1,4087.711,4084.838,0.000,0.000,0.00,0.00,sl_too_tight
2025.11.19 07:40:00,fvg,1,4090.450,4087.706,0.000,0.000,0.00,0.00,sl_too_tight
2025.11.19 07:45:00,fvg,1,4093.593,4087.776,0.000,0.000,0.00,0.00,no_room
2025.11.19 07:50:00,fvg,1,4094.509,4090.129,0.000,0.000,0.00,0.00,no_room
2025.11.19 08:00:00,fvg,-1,4092.213,0.000,0.000,0.000,0.00,0.00,against_bias
2025.11.19 08:05:00,fvg,-1,4086.983,0.000,0.000,0.000,0.00,0.00,against_bias
2025.11.19 08:10:00,fvg,-1,4086.156,0.000,0.000,0.000,0.00,0.00,against_bias
2025.11.19 08:15:00,fvg,-1,4083.132,0.000,0.000,0.000,0.00,0.00,against_bias
2025.11.19 08:25:00,fvg,1,4083.338,4077.858,0.000,0.000,0.00,0.00,no_room
2025.11.19 09:15:00,fvg,1,4086.481,4080.731,0.000,0.000,0.00,0.00,no_room
2025.11.19 09:50:00,fvg,1,4098.359,4088.501,0.000,0.000,0.00,0.00,no_room
2025.11.19 09:55:00,fvg,1,4102.276,4089.531,0.000,0.000,0.00,0.00,no_room
2025.11.19 10:05:00,fvg,1,4110.704,4101.762,0.000,0.000,0.00,0.00,no_room
2025.11.19 11:25:00,fvg,1,4112.553,4106.818,0.000,0.000,0.00,0.00,no_room
2025.11.19 11:55:00,fvg,1,4114.414,4109.503,0.000,0.000,0.00,0.00,no_room
2025.11.19 13:10:00,fvg,-1,4113.215,0.000,0.000,0.000,0.00,0.00,against_bias
2025.11.19 13:15:00,fvg,-1,4108.616,0.000,0.000,0.000,0.00,0.00,against_bias
2025.11.19 13:20:00,fvg,-1,4105.004,0.000,0.000,0.000,0.00,0.00,against_bias
2025.11.19 14:00:00,fvg,-1,4111.355,0.000,0.000,0.000,0.00,0.00,against_bias
2025.11.19 14:10:00,fvg,1,4111.412,4105.720,0.000,0.000,0.00,0.00,no_room
2025.11.19 14:30:00,fvg,-1,4110.451,0.000,0.000,0.000,0.00,0.00,against_bias
2025.11.19 14:40:00,fvg,1,4110.726,4101.210,0.000,0.000,0.00,0.00,no_room
2025.11.19 15:00:00,fvg,1,4117.388,4108.501,0.000,0.000,0.00,0.00,no_room
2025.11.19 15:05:00,fvg,1,4124.621,4108.511,0.000,0.000,0.00,0.00,no_room
2025.11.19 15:20:00,fvg,1,4127.168,4119.784,0.000,0.000,0.00,0.00,no_room
2025.11.19 15:30:00,fvg,-1,4125.389,0.000,0.000,0.000,0.00,0.00,against_bias
2025.11.19 15:35:00,fvg,-1,4119.132,0.000,0.000,0.000,0.00,0.00,against_bias
2025.11.19 15:45:00,fvg,-1,4113.634,0.000,0.000,0.000,0.00,0.00,against_bias
2025.11.19 15:50:00,fvg,-1,4110.832,0.000,0.000,0.000,0.00,0.00,against_bias
2025.11.19 16:00:00,fvg,-1,4097.012,4111.641,0.000,0.000,0.00,0.00,no_room
2025.11.20 07:15:00,fvg,1,4073.128,0.000,0.000,0.000,0.00,0.00,against_bias
2025.11.20 07:25:00,fvg,-1,4066.010,4077.234,0.000,0.000,0.00,0.00,no_room
2025.11.20 07:30:00,fvg,-1,4065.371,4074.267,0.000,0.000,0.00,0.00,no_room
2025.11.20 07:50:00,fvg,-1,4061.714,4068.333,0.000,0.000,0.00,0.00,no_room
2025.11.20 08:10:00,fvg,-1,4055.048,4063.767,0.000,0.000,0.00,0.00,no_room
2025.11.20 08:40:00,fvg,1,4051.984,0.000,0.000,0.000,0.00,0.00,against_bias
2025.11.20 09:05:00,fvg,1,4063.292,0.000,0.000,0.000,0.00,0.00,against_bias
2025.11.20 09:35:00,fvg,-1,4061.325,4069.472,0.000,0.000,0.00,0.00,no_room
2025.11.20 09:45:00,fvg,1,4063.271,0.000,0.000,0.000,0.00,0.00,against_bias
2025.11.20 10:20:00,fvg,-1,4063.897,4068.749,0.000,0.000,0.00,0.00,no_room
2025.11.20 11:25:00,fvg,-1,4055.164,4059.700,0.000,0.000,0.00,0.00,no_room
2025.11.20 11:40:00,fvg,1,4057.004,0.000,0.000,0.000,0.00,0.00,against_bias
2025.11.20 11:45:00,fvg,1,4059.912,0.000,0.000,0.000,0.00,0.00,against_bias
2025.11.20 12:10:00,fvg,1,4063.198,0.000,0.000,0.000,0.00,0.00,against_bias
2025.11.20 12:15:00,fvg,1,4066.329,0.000,0.000,0.000,0.00,0.00,against_bias
2025.11.20 13:05:00,fvg,1,4081.340,4077.049,0.000,0.000,0.00,0.00,no_room
2025.11.20 13:10:00,fvg,1,4086.509,4077.018,0.000,0.000,0.00,0.00,no_room
2025.11.20 14:25:00,fvg,1,4083.174,4073.298,0.000,0.000,0.00,0.00,no_room
2025.11.20 14:55:00,fvg,1,4100.277,4077.810,0.000,0.000,0.00,0.00,no_room
2025.11.20 15:05:00,fvg,-1,4097.137,0.000,0.000,0.000,0.00,0.00,against_bias
2025.11.20 15:40:00,fvg,-1,4082.845,0.000,0.000,0.000,0.00,0.00,against_bias
2025.11.21 07:05:00,fvg,-1,4032.847,4039.577,0.000,0.000,0.00,0.00,no_room
2025.11.21 07:10:00,fvg,-1,4032.448,4039.469,0.000,0.000,0.00,0.00,no_room
2025.11.21 09:10:00,fvg,1,4046.136,0.000,0.000,0.000,0.00,0.00,against_bias
2025.11.21 09:20:00,fvg,1,4054.526,0.000,0.000,0.000,0.00,0.00,against_bias
2025.11.21 10:10:00,fvg,-1,4048.707,4053.523,0.000,0.000,0.00,0.00,no_room
2025.11.21 10:15:00,fvg,-1,4045.087,4053.453,0.000,0.000,0.00,0.00,no_room
2025.11.21 12:15:00,fvg,1,4039.309,0.000,0.000,0.000,0.00,0.00,against_bias
2025.11.21 12:40:00,fvg,1,4055.532,0.000,0.000,0.000,0.00,0.00,against_bias
2025.11.21 13:50:00,fvg,1,4072.389,4065.575,0.000,0.000,0.00,0.00,no_room
2025.11.21 13:55:00,fvg,1,4073.945,4065.904,0.000,0.000,0.00,0.00,no_room
2025.11.21 14:15:00,fvg,-1,4076.564,0.000,0.000,0.000,0.00,0.00,against_bias
2025.11.21 14:30:00,fvg,-1,4069.092,0.000,0.000,0.000,0.00,0.00,against_bias
2025.11.21 15:00:00,fvg,1,4070.795,4061.623,0.000,0.000,0.00,0.00,no_room
2025.11.21 15:40:00,fvg,-1,4068.457,0.000,0.000,0.000,0.00,0.00,against_bias
2025.11.21 15:45:00,fvg,-1,4063.579,0.000,0.000,0.000,0.00,0.00,against_bias
2025.11.21 15:55:00,fvg,1,4064.025,4054.290,0.000,0.000,0.00,0.00,no_room
2025.11.24 07:40:00,fvg,1,4057.035,0.000,0.000,0.000,0.00,0.00,against_bias
2025.11.24 08:00:00,fvg,-1,4060.855,0.000,0.000,0.000,0.00,0.00,against_bias
2025.11.24 08:10:00,fvg,1,4061.499,4058.006,0.000,0.000,0.00,0.00,no_room
2025.11.24 08:55:00,fvg,1,4064.407,4060.871,0.000,0.000,0.00,0.00,no_room
2025.11.24 09:15:00,fvg,1,4068.013,4062.687,0.000,0.000,0.00,0.00,no_room
2025.11.24 09:20:00,fvg,1,4069.888,4064.974,0.000,0.000,0.00,0.00,no_room
2025.11.24 10:05:00,fvg,1,4071.443,4065.114,0.000,0.000,0.00,0.00,no_room
2025.11.24 11:00:00,fvg,-1,4066.687,0.000,0.000,0.000,0.00,0.00,against_bias
2025.11.24 12:35:00,fvg,1,4070.559,4067.450,0.000,0.000,0.00,0.00,no_room
2025.11.24 12:40:00,fvg,1,4074.612,4067.458,0.000,0.000,0.00,0.00,no_room
2025.11.24 12:50:00,fvg,1,4079.099,4073.828,0.000,0.000,0.00,0.00,no_room
2025.11.24 14:25:00,fvg,-1,4078.172,0.000,0.000,0.000,0.00,0.00,against_bias
2025.11.24 14:55:00,fvg,1,4076.026,4067.809,0.000,0.000,0.00,0.00,no_room
2025.11.24 15:00:00,fvg,1,4081.087,4071.685,0.000,0.000,0.00,0.00,no_room
2025.11.24 15:15:00,fvg,1,4088.473,4080.591,0.000,0.000,0.00,0.00,no_room
2025.11.25 07:10:00,fvg,1,4143.878,4140.948,0.000,0.000,0.00,0.00,sl_too_tight
2025.11.25 07:20:00,fvg,-1,4142.904,0.000,0.000,0.000,0.00,0.00,against_bias
2025.11.25 07:35:00,fvg,-1,4138.638,4143.800,0.000,0.000,0.00,0.00,no_room
2025.11.25 08:40:00,fvg,-1,4129.842,4139.164,0.000,0.000,0.00,0.00,no_room
2025.11.25 08:55:00,fvg,-1,4124.425,4130.238,0.000,0.000,0.00,0.00,no_room
2025.11.25 09:00:00,fvg,-1,4118.044,4128.845,0.000,0.000,0.00,0.00,no_room
2025.11.25 09:10:00,fvg,1,4121.760,0.000,0.000,0.000,0.00,0.00,against_bias
2025.11.25 09:20:00,fvg,1,4126.687,0.000,0.000,0.000,0.00,0.00,against_bias
2025.11.25 10:10:00,fvg,1,4132.923,0.000,0.000,0.000,0.00,0.00,against_bias
2025.11.25 10:30:00,fvg,-1,4132.450,4139.320,0.000,0.000,0.00,0.00,no_room
2025.11.25 10:35:00,fvg,-1,4131.003,4138.943,0.000,0.000,0.00,0.00,no_room
2025.11.25 11:20:00,fvg,1,4133.820,0.000,0.000,0.000,0.00,0.00,against_bias
2025.11.25 11:30:00,fvg,-1,4133.100,4137.785,0.000,0.000,0.00,0.00,no_room
2025.11.25 12:10:00,fvg,1,4135.162,0.000,0.000,0.000,0.00,0.00,against_bias
2025.11.25 12:35:00,fvg,-1,4134.329,4139.045,0.000,0.000,0.00,0.00,no_room
2025.11.25 12:50:00,fvg,-1,4125.814,4137.466,0.000,0.000,0.00,0.00,no_room
2025.11.25 13:05:00,fvg,1,4129.392,0.000,0.000,0.000,0.00,0.00,against_bias
2025.11.25 13:10:00,fvg,1,4132.338,0.000,0.000,0.000,0.00,0.00,against_bias
2025.11.25 13:15:00,fvg,1,4136.371,0.000,0.000,0.000,0.00,0.00,against_bias
2025.11.25 13:25:00,fvg,1,4140.622,0.000,0.000,0.000,0.00,0.00,against_bias
2025.11.25 14:15:00,fvg,-1,4145.141,0.000,0.000,0.000,0.00,0.00,against_bias
2025.11.25 14:35:00,fvg,-1,4137.764,0.000,0.000,0.000,0.00,0.00,against_bias
2025.11.25 14:40:00,fvg,-1,4132.662,0.000,0.000,0.000,0.00,0.00,against_bias
2025.11.25 16:00:00,fvg,-1,4125.984,0.000,0.000,0.000,0.00,0.00,against_bias
2025.11.26 07:40:00,fvg,1,4153.350,0.000,0.000,0.000,0.00,0.00,against_bias
2025.11.26 07:55:00,fvg,1,4157.167,0.000,0.000,0.000,0.00,0.00,against_bias
2025.11.26 08:15:00,fvg,1,4164.122,0.000,0.000,0.000,0.00,0.00,against_bias
2025.11.26 08:50:00,fvg,-1,4158.246,4166.199,0.000,0.000,0.00,0.00,no_room
2025.11.26 09:35:00,fvg,1,4161.724,0.000,0.000,0.000,0.00,0.00,against_bias
2025.11.26 09:50:00,fvg,-1,4160.845,4163.787,0.000,0.000,0.00,0.00,sl_too_tight
2025.11.26 10:05:00,fvg,1,4161.980,0.000,0.000,0.000,0.00,0.00,against_bias
2025.11.26 10:10:00,fvg,1,4162.970,0.000,0.000,0.000,0.00,0.00,against_bias
2025.11.26 10:25:00,fvg,-1,4163.050,4165.506,0.000,0.000,0.00,0.00,sl_too_tight
2025.11.26 11:25:00,fvg,1,4162.048,0.000,0.000,0.000,0.00,0.00,against_bias
2025.11.26 11:35:00,fvg,1,4164.799,0.000,0.000,0.000,0.00,0.00,against_bias
2025.11.26 11:40:00,fvg,1,4170.659,0.000,0.000,0.000,0.00,0.00,against_bias
2025.11.26 11:55:00,fvg,-1,4169.227,0.000,0.000,0.000,0.00,0.00,against_bias
2025.11.26 12:05:00,fvg,1,4170.559,4165.787,4179.402,4188.245,7.80,7.81,signal
2025.11.26 12:35:00,fvg,-1,4163.799,0.000,0.000,0.000,0.00,0.00,against_bias
2025.11.26 12:50:00,fvg,-1,4158.861,0.000,0.000,0.000,0.00,0.00,against_bias
2025.11.26 12:55:00,fvg,-1,4154.899,0.000,0.000,0.000,0.00,0.00,against_bias
2025.11.26 13:10:00,fvg,1,4158.017,0.000,0.000,0.000,0.00,0.00,against_bias
2025.11.26 13:40:00,fvg,-1,4160.675,4167.163,0.000,0.000,0.00,0.00,no_room
2025.11.26 13:55:00,fvg,-1,4152.871,4159.720,0.000,0.000,0.00,0.00,no_room
2025.11.26 14:15:00,fvg,-1,4148.312,4157.534,0.000,0.000,0.00,0.00,no_room
2025.11.26 14:40:00,fvg,1,4149.704,0.000,0.000,0.000,0.00,0.00,against_bias
2025.11.26 15:05:00,fvg,-1,4145.431,4153.106,0.000,0.000,0.00,0.00,no_room
2025.11.26 15:15:00,fvg,1,4145.579,0.000,0.000,0.000,0.00,0.00,against_bias
2025.11.26 15:20:00,fvg,1,4152.029,0.000,0.000,0.000,0.00,0.00,against_bias
2025.11.26 15:25:00,fvg,1,4154.389,0.000,0.000,0.000,0.00,0.00,against_bias
2025.11.26 15:40:00,fvg,1,4158.751,0.000,0.000,0.000,0.00,0.00,against_bias
2025.11.27 07:20:00,fvg,1,4158.875,0.000,0.000,0.000,0.00,0.00,against_bias
2025.11.27 08:10:00,fvg,1,4160.954,0.000,0.000,0.000,0.00,0.00,against_bias
2025.11.27 08:35:00,fvg,1,4163.309,0.000,0.000,0.000,0.00,0.00,against_bias
2025.11.27 09:10:00,fvg,-1,4159.687,4166.840,0.000,0.000,0.00,0.00,no_room
2025.11.27 09:25:00,fvg,-1,4152.654,4159.080,0.000,0.000,0.00,0.00,no_room
2025.11.27 09:35:00,fvg,1,4153.118,0.000,0.000,0.000,0.00,0.00,against_bias
2025.11.27 09:50:00,fvg,1,4155.653,0.000,0.000,0.000,0.00,0.00,against_bias
2025.11.27 10:20:00,fvg,-1,4157.033,4160.923,0.000,0.000,0.00,0.00,no_room
2025.11.27 11:40:00,fvg,1,4159.799,0.000,0.000,0.000,0.00,0.00,against_bias
2025.11.27 11:45:00,fvg,1,4160.547,0.000,0.000,0.000,0.00,0.00,against_bias
2025.11.27 13:05:00,fvg,-1,4154.196,4158.794,0.000,0.000,0.00,0.00,no_room
2025.11.27 13:10:00,fvg,-1,4153.487,4158.807,0.000,0.000,0.00,0.00,no_room
2025.11.27 13:40:00,fvg,1,4155.561,0.000,0.000,0.000,0.00,0.00,against_bias
2025.11.27 14:15:00,fvg,1,4157.244,0.000,0.000,0.000,0.00,0.00,against_bias
2025.11.27 15:30:00,fvg,1,4159.429,0.000,0.000,0.000,0.00,0.00,against_bias
2025.11.27 16:00:00,fvg,-1,4159.446,4161.015,0.000,0.000,0.00,0.00,sl_too_tight
2025.11.28 07:30:00,fvg,-1,4184.423,0.000,0.000,0.000,0.00,0.00,against_bias
2025.11.28 07:35:00,fvg,-1,4183.402,0.000,0.000,0.000,0.00,0.00,against_bias
2025.11.28 07:40:00,fvg,-1,4181.769,0.000,0.000,0.000,0.00,0.00,against_bias
2025.11.28 07:45:00,fvg,-1,4180.310,0.000,0.000,0.000,0.00,0.00,against_bias
2025.11.28 07:55:00,fvg,-1,4177.739,0.000,0.000,0.000,0.00,0.00,against_bias
2025.11.28 08:00:00,fvg,-1,4175.987,0.000,0.000,0.000,0.00,0.00,against_bias
2025.11.28 08:05:00,fvg,-1,4175.500,0.000,0.000,0.000,0.00,0.00,against_bias
2025.11.28 10:10:00,fvg,1,4168.452,4164.950,0.000,0.000,0.00,0.00,no_room
2025.11.28 10:20:00,fvg,1,4172.926,4167.998,0.000,0.000,0.00,0.00,no_room
2025.11.28 10:30:00,fvg,-1,4170.837,0.000,0.000,0.000,0.00,0.00,against_bias
2025.11.28 10:35:00,fvg,-1,4170.056,0.000,0.000,0.000,0.00,0.00,against_bias
2025.11.28 10:40:00,fvg,-1,4165.772,0.000,0.000,0.000,0.00,0.00,against_bias
2025.11.28 11:00:00,fvg,-1,4164.182,0.000,0.000,0.000,0.00,0.00,against_bias
2025.11.28 11:10:00,fvg,1,4169.076,4162.148,0.000,0.000,0.00,0.00,no_room
2025.11.28 11:25:00,fvg,1,4174.835,4171.117,4179.302,4183.768,9.92,9.92,signal
2025.11.28 12:05:00,fvg,-1,4172.119,0.000,0.000,0.000,0.00,0.00,against_bias
2025.11.28 13:00:00,fvg,1,4175.692,4173.713,0.000,0.000,0.00,0.00,sl_too_tight
2025.11.28 13:15:00,fvg,-1,4176.050,0.000,0.000,0.000,0.00,0.00,against_bias
2025.11.28 13:20:00,fvg,-1,4173.566,0.000,0.000,0.000,0.00,0.00,against_bias
2025.11.28 13:30:00,fvg,-1,4170.764,0.000,0.000,0.000,0.00,0.00,against_bias
2025.11.28 13:40:00,fvg,1,4173.904,4168.619,4179.472,4185.041,6.91,6.91,signal
2025.11.28 14:05:00,fvg,1,4182.526,4174.636,0.000,0.000,0.00,0.00,no_room
2025.11.28 14:10:00,fvg,1,4184.324,4175.116,0.000,0.000,0.00,0.00,no_room
2025.11.28 14:20:00,fvg,1,4190.664,4183.860,0.000,0.000,0.00,0.00,no_room
2025.11.28 14:25:00,fvg,1,4193.765,4185.259,4207.693,4221.621,4.36,4.36,signal
2025.11.28 14:45:00,fvg,1,4193.765,0.000,4207.693,0.000,0.00,0.00,missed_move
2025.11.28 15:20:00,fvg,-1,4190.107,0.000,0.000,0.000,0.00,0.00,against_bias
2025.11.28 15:35:00,fvg,1,4193.672,4186.145,4207.550,4221.427,4.92,4.93,signal
2025.11.28 16:25:00,fvg,1,4193.672,0.000,4207.550,0.000,0.00,0.00,missed_move
2025.12.01 07:05:00,fvg,-1,4237.885,4240.905,4232.896,4227.906,12.28,12.29,signal
2025.12.01 07:30:00,fvg,1,4237.668,0.000,0.000,0.000,0.00,0.00,against_bias
2025.12.01 07:35:00,fvg,1,4240.343,0.000,0.000,0.000,0.00,0.00,against_bias
2025.12.01 08:05:00,fvg,1,4244.731,0.000,0.000,0.000,0.00,0.00,against_bias
2025.12.01 08:15:00,fvg,1,4249.933,4244.337,4256.053,4262.173,6.65,6.65,signal
2025.12.01 08:40:00,fvg,-1,4245.919,0.000,0.000,0.000,0.00,0.00,against_bias
2025.12.01 09:05:00,fvg,1,4244.746,4239.469,0.000,0.000,0.00,0.00,no_room
2025.12.01 09:10:00,fvg,1,4247.258,4240.713,4256.083,4264.908,5.63,5.63,signal
2025.12.01 14:40:00,fvg,-1,4243.369,0.000,0.000,0.000,0.00,0.00,against_bias
2025.12.01 14:45:00,fvg,-1,4233.046,0.000,0.000,0.000,0.00,0.00,against_bias
2025.12.01 15:00:00,fvg,1,4237.473,4222.165,0.000,0.000,0.00,0.00,no_room
2025.12.01 15:15:00,fvg,-1,4239.691,0.000,0.000,0.000,0.00,0.00,against_bias
2025.12.01 15:20:00,fvg,-1,4231.987,0.000,0.000,0.000,0.00,0.00,against_bias
2025.12.01 15:25:00,fvg,-1,4228.716,0.000,0.000,0.000,0.00,0.00,against_bias
2025.12.02 07:20:00,fvg,1,4213.602,0.000,0.000,0.000,0.00,0.00,against_bias
2025.12.02 07:25:00,fvg,1,4216.658,0.000,0.000,0.000,0.00,0.00,against_bias
2025.12.02 07:40:00,fvg,-1,4216.392,4219.183,0.000,0.000,0.00,0.00,sl_too_tight
2025.12.02 07:45:00,fvg,-1,4215.539,4219.025,0.000,0.000,0.00,0.00,no_room
2025.12.02 09:15:00,fvg,-1,4208.479,4213.598,0.000,0.000,0.00,0.00,no_room
2025.12.02 09:30:00,fvg,-1,4200.625,4209.222,0.000,0.000,0.00,0.00,no_room
2025.12.02 09:35:00,fvg,-1,4195.994,4205.865,0.000,0.000,0.00,0.00,no_room
2025.12.02 10:00:00,fvg,1,4191.662,0.000,0.000,0.000,0.00,0.00,against_bias
2025.12.02 10:10:00,fvg,-1,4191.381,4194.679,0.000,0.000,0.00,0.00,no_room
2025.12.02 10:20:00,fvg,-1,4186.860,4191.873,0.000,0.000,0.00,0.00,no_room
2025.12.02 11:25:00,fvg,1,4189.723,0.000,0.000,0.000,0.00,0.00,against_bias
2025.12.02 11:30:00,fvg,1,4190.841,0.000,0.000,0.000,0.00,0.00,against_bias
2025.12.02 11:35:00,fvg,1,4194.384,0.000,0.000,0.000,0.00,0.00,against_bias
2025.12.02 12:00:00,fvg,1,4203.252,0.000,0.000,0.000,0.00,0.00,against_bias
2025.12.02 12:10:00,fvg,1,4206.049,0.000,0.000,0.000,0.00,0.00,against_bias
2025.12.02 12:20:00,fvg,-1,4205.410,4208.456,0.000,0.000,0.00,0.00,no_room
2025.12.02 12:45:00,fvg,1,4205.156,0.000,0.000,0.000,0.00,0.00,against_bias
2025.12.02 13:00:00,fvg,1,4207.788,0.000,0.000,0.000,0.00,0.00,against_bias
2025.12.02 13:05:00,fvg,1,4208.680,0.000,0.000,0.000,0.00,0.00,against_bias
2025.12.02 13:15:00,fvg,-1,4207.676,4215.646,0.000,0.000,0.00,0.00,no_room
2025.12.02 14:00:00,fvg,1,4208.550,0.000,0.000,0.000,0.00,0.00,against_bias
2025.12.02 14:05:00,fvg,1,4212.204,0.000,0.000,0.000,0.00,0.00,against_bias
2025.12.02 14:10:00,fvg,1,4215.150,0.000,0.000,0.000,0.00,0.00,against_bias
2025.12.02 14:15:00,fvg,1,4219.537,0.000,0.000,0.000,0.00,0.00,against_bias
2025.12.02 14:20:00,fvg,1,4221.936,0.000,0.000,0.000,0.00,0.00,against_bias
2025.12.02 14:45:00,fvg,-1,4224.603,0.000,0.000,0.000,0.00,0.00,against_bias
2025.12.02 15:15:00,fvg,-1,4210.817,0.000,0.000,0.000,0.00,0.00,against_bias
2025.12.02 15:25:00,fvg,-1,4198.425,0.000,0.000,0.000,0.00,0.00,against_bias
2025.12.02 15:30:00,fvg,-1,4193.979,0.000,0.000,0.000,0.00,0.00,against_bias
2025.12.02 15:35:00,fvg,-1,4190.532,0.000,0.000,0.000,0.00,0.00,against_bias
2025.12.02 15:55:00,fvg,-1,4187.948,0.000,0.000,0.000,0.00,0.00,against_bias
2025.12.02 16:00:00,fvg,-1,4176.446,4190.503,0.000,0.000,0.00,0.00,no_room
2025.12.03 07:30:00,fvg,-1,4205.647,4208.694,0.000,0.000,0.00,0.00,no_room
2025.12.03 07:45:00,fvg,1,4204.869,0.000,0.000,0.000,0.00,0.00,against_bias
2025.12.03 08:50:00,fvg,1,4207.528,0.000,0.000,0.000,0.00,0.00,against_bias
2025.12.03 09:10:00,fvg,-1,4205.901,4209.019,0.000,0.000,0.00,0.00,no_room
2025.12.03 09:15:00,fvg,-1,4201.166,4207.877,0.000,0.000,0.00,0.00,no_room
2025.12.03 10:20:00,fvg,-1,4199.544,4202.520,0.000,0.000,0.00,0.00,sl_too_tight
2025.12.03 10:35:00,fvg,1,4201.754,0.000,0.000,0.000,0.00,0.00,against_bias
2025.12.03 11:25:00,fvg,1,4201.272,0.000,0.000,0.000,0.00,0.00,against_bias
2025.12.03 11:30:00,fvg,1,4202.991,0.000,0.000,0.000,0.00,0.00,against_bias
2025.12.03 11:35:00,fvg,1,4204.944,0.000,0.000,0.000,0.00,0.00,against_bias
2025.12.03 11:45:00,fvg,-1,4204.666,4207.485,0.000,0.000,0.00,0.00,sl_too_tight
2025.12.03 12:00:00,fvg,1,4205.922,0.000,0.000,0.000,0.00,0.00,against_bias
2025.12.03 12:45:00,fvg,1,4211.734,4207.372,0.000,0.000,0.00,0.00,no_room
2025.12.03 13:25:00,fvg,1,4218.528,4210.994,0.000,0.000,0.00,0.00,no_room
2025.12.03 13:50:00,fvg,1,4222.241,4216.319,0.000,0.000,0.00,0.00,no_room
2025.12.03 14:00:00,fvg,1,4233.801,4221.759,0.000,0.000,0.00,0.00,no_room
2025.12.03 14:10:00,fvg,-1,4233.730,0.000,0.000,0.000,0.00,0.00,against_bias
2025.12.03 14:15:00,fvg,-1,4226.808,0.000,0.000,0.000,0.00,0.00,against_bias
2025.12.03 14:50:00,fvg,-1,4227.223,0.000,0.000,0.000,0.00,0.00,against_bias
2025.12.03 14:55:00,fvg,-1,4220.531,0.000,0.000,0.000,0.00,0.00,against_bias
2025.12.03 15:00:00,fvg,-1,4215.006,0.000,0.000,0.000,0.00,0.00,against_bias
2025.12.03 15:40:00,fvg,1,4225.431,4219.003,0.000,0.000,0.00,0.00,no_room
2025.12.03 16:00:00,fvg,-1,4222.640,0.000,0.000,0.000,0.00,0.00,against_bias
2025.12.04 08:00:00,fvg,1,4191.171,0.000,0.000,0.000,0.00,0.00,against_bias
2025.12.04 09:35:00,fvg,1,4190.696,0.000,0.000,0.000,0.00,0.00,against_bias
2025.12.04 09:40:00,fvg,1,4193.552,0.000,0.000,0.000,0.00,0.00,against_bias
2025.12.04 09:50:00,fvg,1,4196.198,0.000,0.000,0.000,0.00,0.00,against_bias
2025.12.04 10:00:00,fvg,1,4199.424,0.000,0.000,0.000,0.00,0.00,against_bias
2025.12.04 11:00:00,fvg,-1,4198.760,4202.169,0.000,0.000,0.00,0.00,no_room
2025.12.04 11:15:00,fvg,1,4201.700,0.000,0.000,0.000,0.00,0.00,against_bias
2025.12.04 11:30:00,fvg,-1,4200.058,4204.380,0.000,0.000,0.00,0.00,no_room
2025.12.04 12:30:00,fvg,-1,4196.706,4201.744,0.000,0.000,0.00,0.00,no_room
2025.12.04 12:35:00,fvg,-1,4194.346,4198.749,0.000,0.000,0.00,0.00,no_room
2025.12.04 12:40:00,fvg,-1,4192.487,4197.032,0.000,0.000,0.00,0.00,no_room
2025.12.04 13:30:00,fvg,1,4190.642,0.000,0.000,0.000,0.00,0.00,against_bias
2025.12.04 14:05:00,fvg,1,4198.223,0.000,0.000,0.000,0.00,0.00,against_bias
2025.12.04 14:10:00,fvg,1,4198.427,0.000,0.000,0.000,0.00,0.00,against_bias
2025.12.04 14:15:00,fvg,1,4203.433,0.000,0.000,0.000,0.00,0.00,against_bias
2025.12.04 14:30:00,fvg,1,4207.326,4202.047,0.000,0.000,0.00,0.00,no_room
2025.12.04 14:45:00,fvg,-1,4203.612,0.000,0.000,0.000,0.00,0.00,against_bias
2025.12.04 15:20:00,fvg,1,4201.116,4190.598,0.000,0.000,0.00,0.00,no_room
2025.12.04 15:40:00,fvg,1,4207.057,4200.146,0.000,0.000,0.00,0.00,no_room
2025.12.05 07:50:00,fvg,-1,4225.772,0.000,0.000,0.000,0.00,0.00,against_bias
2025.12.05 09:00:00,fvg,-1,4222.143,0.000,0.000,0.000,0.00,0.00,against_bias
2025.12.05 09:45:00,fvg,1,4223.337,4219.254,0.000,0.000,0.00,0.00,no_room
2025.12.05 11:20:00,fvg,1,4223.467,4220.548,0.000,0.000,0.00,0.00,sl_too_tight
2025.12.05 12:10:00,fvg,1,4226.015,4221.732,0.000,0.000,0.00,0.00,no_room
2025.12.05 13:10:00,fvg,-1,4225.810,0.000,0.000,0.000,0.00,0.00,against_bias
2025.12.05 13:35:00,fvg,1,4231.867,4225.401,0.000,0.000,0.00,0.00,no_room
2025.12.05 14:15:00,fvg,1,4236.667,4231.797,0.000,0.000,0.00,0.00,no_room
2025.12.05 14:25:00,fvg,-1,4235.065,0.000,0.000,0.000,0.00,0.00,against_bias
2025.12.05 14:50:00,fvg,1,4234.940,4227.811,0.000,0.000,0.00,0.00,no_room
2025.12.05 14:55:00,fvg,1,4241.253,4230.821,0.000,0.000,0.00,0.00,no_room
2025.12.05 15:10:00,fvg,-1,4240.004,0.000,0.000,0.000,0.00,0.00,against_bias
2025.12.05 15:25:00,fvg,1,4242.178,4236.288,0.000,0.000,0.00,0.00,no_room
2025.12.05 15:30:00,fvg,1,4243.411,4237.491,0.000,0.000,0.00,0.00,no_room
2025.12.05 15:40:00,fvg,1,4251.588,4242.842,0.000,0.000,0.00,0.00,no_room
2025.12.05 15:55:00,fvg,-1,4249.349,0.000,0.000,0.000,0.00,0.00,against_bias
2025.12.05 16:00:00,fvg,-1,4244.605,0.000,0.000,0.000,0.00,0.00,against_bias
2025.12.08 07:10:00,fvg,-1,4216.177,0.000,0.000,0.000,0.00,0.00,against_bias
2025.12.08 07:50:00,fvg,-1,4210.997,0.000,0.000,0.000,0.00,0.00,against_bias
2025.12.08 07:55:00,fvg,-1,4209.537,0.000,0.000,0.000,0.00,0.00,against_bias
2025.12.08 08:10:00,fvg,1,4209.618,4202.840,0.000,0.000,0.00,0.00,no_room
2025.12.08 08:35:00,fvg,-1,4210.642,0.000,0.000,0.000,0.00,0.00,against_bias
2025.12.08 08:40:00,fvg,-1,4209.001,0.000,0.000,0.000,0.00,0.00,against_bias
2025.12.08 10:55:00,fvg,-1,4205.814,0.000,0.000,0.000,0.00,0.00,against_bias
2025.12.08 11:35:00,fvg,1,4208.791,4203.149,0.000,0.000,0.00,0.00,no_room
2025.12.08 11:40:00,fvg,1,4209.782,4205.151,0.000,0.000,0.00,0.00,no_room
2025.12.08 12:35:00,fvg,1,4210.859,4209.111,0.000,0.000,0.00,0.00,sl_too_tight
2025.12.08 13:10:00,fvg,-1,4211.302,0.000,0.000,0.000,0.00,0.00,against_bias
2025.12.08 13:30:00,fvg,-1,4206.420,0.000,0.000,0.000,0.00,0.00,against_bias
2025.12.08 14:15:00,fvg,1,4206.502,4196.861,0.000,0.000,0.00,0.00,no_room
2025.12.08 14:20:00,fvg,1,4208.384,4201.685,0.000,0.000,0.00,0.00,no_room
2025.12.08 15:05:00,fvg,-1,4196.915,4211.526,0.000,0.000,0.00,0.00,no_room
2025.12.08 15:10:00,fvg,-1,4188.671,4211.564,0.000,0.000,0.00,0.00,no_room
2025.12.08 15:15:00,fvg,-1,4185.652,4197.592,0.000,0.000,0.00,0.00,no_room
2025.12.08 15:25:00,fvg,1,4186.277,0.000,0.000,0.000,0.00,0.00,against_bias
2025.12.08 15:30:00,fvg,1,4189.329,0.000,0.000,0.000,0.00,0.00,against_bias
2025.12.08 16:00:00,fvg,-1,4185.620,4190.932,0.000,0.000,0.00,0.00,no_room
2025.12.09 07:10:00,fvg,1,4183.409,0.000,0.000,0.000,0.00,0.00,against_bias
2025.12.09 07:20:00,fvg,-1,4183.367,4186.179,0.000,0.000,0.00,0.00,sl_too_tight
2025.12.09 07:25:00,fvg,-1,4181.827,4185.850,0.000,0.000,0.00,0.00,no_room
2025.12.09 08:00:00,fvg,1,4181.676,0.000,0.000,0.000,0.00,0.00,against_bias
2025.12.09 08:50:00,fvg,1,4189.243,0.000,0.000,0.000,0.00,0.00,against_bias
2025.12.09 09:10:00,fvg,1,4197.721,0.000,0.000,0.000,0.00,0.00,against_bias
2025.12.09 09:15:00,fvg,1,4201.782,4190.471,0.000,0.000,0.00,0.00,no_room
2025.12.09 09:25:00,fvg,1,4207.991,4201.397,0.000,0.000,0.00,0.00,no_room
2025.12.09 09:40:00,fvg,-1,4206.521,0.000,0.000,0.000,0.00,0.00,against_bias
2025.12.09 12:35:00,fvg,1,4202.124,4198.264,4206.272,4210.419,9.56,9.56,signal
2025.12.09 14:10:00,fvg,-1,4198.952,0.000,0.000,0.000,0.00,0.00,against_bias
2025.12.09 14:20:00,fvg,-1,4193.893,0.000,0.000,0.000,0.00,0.00,against_bias
2025.12.09 14:40:00,fvg,1,4195.224,4188.907,0.000,0.000,0.00,0.00,no_room
2025.12.09 15:05:00,fvg,-1,4204.938,0.000,0.000,0.000,0.00,0.00,against_bias
2025.12.09 15:10:00,fvg,-1,4201.608,0.000,0.000,0.000,0.00,0.00,against_bias
2025.12.09 15:30:00,fvg,1,4203.568,4194.277,0.000,0.000,0.00,0.00,no_room
2025.12.10 07:55:00,fvg,-1,4206.197,4208.574,0.000,0.000,0.00,0.00,sl_too_tight
2025.12.10 08:00:00,fvg,-1,4205.222,4207.454,0.000,0.000,0.00,0.00,sl_too_tight
2025.12.10 08:25:00,fvg,1,4203.867,0.000,0.000,0.000,0.00,0.00,against_bias
2025.12.10 08:40:00,fvg,-1,4203.666,4205.682,0.000,0.000,0.00,0.00,sl_too_tight
2025.12.10 10:20:00,fvg,1,4194.375,0.000,0.000,0.000,0.00,0.00,against_bias
2025.12.10 10:45:00,fvg,1,4193.288,0.000,0.000,0.000,0.00,0.00,against_bias
2025.12.10 10:55:00,fvg,-1,4192.897,4194.630,0.000,0.000,0.00,0.00,sl_too_tight
2025.12.10 11:20:00,fvg,1,4194.012,0.000,0.000,0.000,0.00,0.00,against_bias
2025.12.10 12:05:00,fvg,1,4197.165,0.000,0.000,0.000,0.00,0.00,against_bias
2025.12.10 12:10:00,fvg,1,4198.738,0.000,0.000,0.000,0.00,0.00,against_bias
2025.12.10 12:15:00,fvg,1,4199.860,0.000,0.000,0.000,0.00,0.00,against_bias
2025.12.10 12:25:00,fvg,-1,4199.474,4202.516,0.000,0.000,0.00,0.00,no_room
2025.12.10 12:30:00,fvg,-1,4199.082,4202.517,0.000,0.000,0.00,0.00,no_room
2025.12.10 13:00:00,fvg,-1,4196.849,4198.661,0.000,0.000,0.00,0.00,sl_too_tight
2025.12.10 13:50:00,fvg,1,4201.575,0.000,0.000,0.000,0.00,0.00,against_bias
2025.12.10 14:15:00,fvg,1,4204.395,0.000,0.000,0.000,0.00,0.00,against_bias
2025.12.10 14:25:00,fvg,-1,4203.516,4207.501,0.000,0.000,0.00,0.00,no_room
2025.12.10 14:30:00,fvg,-1,4201.758,4206.690,0.000,0.000,0.00,0.00,no_room
2025.12.10 14:35:00,fvg,-1,4199.701,4203.931,0.000,0.000,0.00,0.00,no_room
2025.12.10 14:50:00,fvg,1,4196.970,0.000,0.000,0.000,0.00,0.00,against_bias
2025.12.10 14:55:00,fvg,1,4199.290,0.000,0.000,0.000,0.00,0.00,against_bias
2025.12.10 15:20:00,fvg,-1,4195.384,4201.216,0.000,0.000,0.00,0.00,no_room
2025.12.10 15:35:00,fvg,1,4196.128,0.000,0.000,0.000,0.00,0.00,against_bias
2025.12.10 15:50:00,fvg,-1,4194.754,4200.016,0.000,0.000,0.00,0.00,no_room
2025.12.11 09:10:00,fvg,-1,4213.574,4218.273,0.000,0.000,0.00,0.00,no_room
2025.12.11 09:25:00,fvg,1,4213.188,0.000,0.000,0.000,0.00,0.00,against_bias
2025.12.11 09:50:00,fvg,1,4217.461,0.000,0.000,0.000,0.00,0.00,against_bias
2025.12.11 10:10:00,fvg,1,4222.119,0.000,0.000,0.000,0.00,0.00,against_bias
2025.12.11 10:20:00,fvg,-1,4221.632,4226.254,0.000,0.000,0.00,0.00,no_room
2025.12.11 10:25:00,fvg,-1,4219.368,4224.128,0.000,0.000,0.00,0.00,no_room
2025.12.11 10:40:00,fvg,-1,4214.978,4219.189,0.000,0.000,0.00,0.00,no_room
2025.12.11 11:00:00,fvg,1,4216.533,0.000,0.000,0.000,0.00,0.00,against_bias
2025.12.11 11:20:00,fvg,-1,4216.546,4219.499,0.000,0.000,0.00,0.00,sl_too_tight
2025.12.11 11:40:00,fvg,-1,4213.820,4216.637,0.000,0.000,0.00,0.00,sl_too_tight
2025.12.11 12:25:00,fvg,1,4214.875,0.000,0.000,0.000,0.00,0.00,against_bias
2025.12.11 12:30:00,fvg,1,4216.408,0.000,0.000,0.000,0.00,0.00,against_bias
2025.12.11 12:35:00,fvg,1,4217.578,0.000,0.000,0.000,0.00,0.00,against_bias
2025.12.11 13:10:00,fvg,-1,4216.804,4222.826,0.000,0.000,0.00,0.00,no_room
2025.12.11 13:15:00,fvg,-1,4212.952,4222.825,0.000,0.000,0.00,0.00,no_room
2025.12.11 13:50:00,fvg,1,4217.986,0.000,0.000,0.000,0.00,0.00,against_bias
2025.12.11 14:15:00,fvg,1,4224.148,4217.307,0.000,0.000,0.00,0.00,no_room
2025.12.11 14:40:00,fvg,1,4235.299,4227.259,0.000,0.000,0.00,0.00,no_room
2025.12.11 14:45:00,fvg,1,4237.541,4229.599,0.000,0.000,0.00,0.00,no_room
2025.12.11 14:55:00,fvg,-1,4235.508,0.000,0.000,0.000,0.00,0.00,against_bias
2025.12.11 15:40:00,fvg,1,4242.081,4236.654,0.000,0.000,0.00,0.00,no_room
2025.12.11 15:50:00,fvg,1,4252.351,4241.428,0.000,0.000,0.00,0.00,no_room
2025.12.12 07:15:00,fvg,1,4285.743,4281.099,0.000,0.000,0.00,0.00,no_room
2025.12.12 08:10:00,fvg,1,4290.313,4285.179,4298.393,4306.473,7.19,7.19,signal
2025.12.12 08:40:00,fvg,1,4290.313,0.000,4298.393,0.000,0.00,0.00,missed_move
2025.12.12 08:45:00,fvg,1,4298.967,4293.921,4309.060,4319.152,7.31,7.32,signal
2025.12.12 09:00:00,fvg,1,4298.967,0.000,4309.060,0.000,0.00,0.00,missed_move
2025.12.12 09:10:00,fvg,1,4310.350,4306.470,4318.110,4325.869,9.51,9.52,signal
2025.12.12 10:45:00,fvg,1,4323.724,4316.002,0.000,0.000,0.00,0.00,no_room
2025.12.12 10:50:00,fvg,1,4326.699,4320.636,0.000,0.000,0.00,0.00,no_room
2025.12.12 11:10:00,fvg,1,4333.074,4324.984,4343.887,4354.700,4.70,4.70,signal
2025.12.12 13:10:00,fvg,1,4331.750,4320.879,0.000,0.000,0.00,0.00,no_room
2025.12.12 13:15:00,fvg,1,4334.953,4320.879,0.000,0.000,0.00,0.00,no_room
2025.12.12 13:40:00,fvg,1,4340.979,4333.590,0.000,0.000,0.00,0.00,no_room
2025.12.12 13:50:00,fvg,-1,4340.091,0.000,0.000,0.000,0.00,0.00,against_bias
2025.12.12 13:55:00,fvg,-1,4338.064,0.000,0.000,0.000,0.00,0.00,against_bias
2025.12.12 14:05:00,fvg,1,4338.512,4331.665,0.000,0.000,0.00,0.00,no_room
2025.12.12 15:00:00,fvg,1,4346.486,4335.884,0.000,0.000,0.00,0.00,no_room
2025.12.12 15:25:00,fvg,-1,4328.043,0.000,0.000,0.000,0.00,0.00,against_bias
2025.12.12 15:30:00,fvg,-1,4316.143,4346.460,0.000,0.000,0.00,0.00,no_room
2025.12.12 16:00:00,fvg,-1,4300.476,4323.241,0.000,0.000,0.00,0.00,no_room
2025.12.15 07:40:00,fvg,-1,4341.707,0.000,0.000,0.000,0.00,0.00,against_bias
2025.12.15 07:45:00,fvg,-1,4340.240,0.000,0.000,0.000,0.00,0.00,against_bias
2025.12.15 08:35:00,fvg,1,4343.886,4341.145,0.000,0.000,0.00,0.00,sl_too_tight
2025.12.15 09:10:00,fvg,-1,4346.620,0.000,0.000,0.000,0.00,0.00,against_bias
2025.12.15 09:35:00,fvg,1,4347.557,4344.283,0.000,0.000,0.00,0.00,no_room
2025.12.15 09:45:00,fvg,-1,4346.208,0.000,0.000,0.000,0.00,0.00,against_bias
2025.12.15 10:35:00,fvg,-1,4343.555,0.000,0.000,0.000,0.00,0.00,against_bias
2025.12.15 10:40:00,fvg,-1,4340.933,0.000,0.000,0.000,0.00,0.00,against_bias
2025.12.15 11:05:00,fvg,-1,4339.639,0.000,0.000,0.000,0.00,0.00,against_bias
2025.12.15 11:55:00,fvg,1,4341.463,4339.045,0.000,0.000,0.00,0.00,sl_too_tight
2025.12.15 12:35:00,fvg,1,4345.668,4343.249,0.000,0.000,0.00,0.00,sl_too_tight
2025.12.15 13:10:00,fvg,-1,4340.857,0.000,0.000,0.000,0.00,0.00,against_bias
2025.12.15 13:15:00,fvg,-1,4337.831,0.000,0.000,0.000,0.00,0.00,against_bias
2025.12.15 14:05:00,fvg,-1,4336.702,4345.022,0.000,0.000,0.00,0.00,no_room
2025.12.15 14:25:00,fvg,-1,4327.755,4333.035,4321.835,4315.915,7.13,7.13,signal
2025.12.15 14:30:00,fvg,-1,4327.755,0.000,4321.835,0.000,0.00,0.00,missed_move
2025.12.16 07:30:00,fvg,-1,4282.396,4286.913,0.000,0.000,0.00,0.00,no_room
2025.12.16 07:40:00,fvg,1,4285.295,0.000,0.000,0.000,0.00,0.00,against_bias
2025.12.16 08:00:00,fvg,1,4285.630,0.000,0.000,0.000,0.00,0.00,against_bias
2025.12.16 08:15:00,fvg,-1,4283.757,4289.926,0.000,0.000,0.00,0.00,no_room
2025.12.16 08:25:00,fvg,-1,4279.226,4284.156,0.000,0.000,0.00,0.00,no_room
2025.12.16 08:50:00,fvg,1,4282.657,0.000,0.000,0.000,0.00,0.00,against_bias
2025.12.16 08:55:00,fvg,1,4284.520,0.000,0.000,0.000,0.00,0.00,against_bias
2025.12.16 09:55:00,fvg,-1,4280.767,4284.208,0.000,0.000,0.00,0.00,no_room
2025.12.16 10:15:00,fvg,-1,4278.858,4284.643,0.000,0.000,0.00,0.00,no_room
2025.12.16 10:25:00,fvg,1,4279.305,0.000,0.000,0.000,0.00,0.00,against_bias
2025.12.16 10:35:00,fvg,-1,4277.830,4282.410,0.000,0.000,0.00,0.00,no_room
2025.12.16 12:15:00,fvg,1,4285.236,0.000,0.000,0.000,0.00,0.00,against_bias
2025.12.16 12:20:00,fvg,1,4287.788,0.000,0.000,0.000,0.00,0.00,against_bias
2025.12.16 12:25:00,fvg,1,4289.094,0.000,0.000,0.000,0.00,0.00,against_bias
2025.12.16 12:50:00,fvg,1,4292.539,4287.356,4298.382,4304.224,7.26,7.27,signal
2025.12.16 13:40:00,fvg,1,4304.346,4299.548,0.000,0.000,0.00,0.00,no_room
2025.12.16 14:05:00,fvg,1,4311.417,4303.157,0.000,0.000,0.00,0.00,no_room
2025.12.16 14:10:00,fvg,1,4314.868,4305.463,0.000,0.000,0.00,0.00,no_room
2025.12.16 14:25:00,fvg,1,4325.731,4314.510,0.000,0.000,0.00,0.00,no_room
2025.12.16 15:20:00,fvg,-1,4325.776,0.000,0.000,0.000,0.00,0.00,against_bias
2025.12.16 15:25:00,fvg,-1,4322.653,0.000,0.000,0.000,0.00,0.00,against_bias
2025.12.17 07:25:00,fvg,-1,4322.391,0.000,0.000,0.000,0.00,0.00,against_bias
2025.12.17 07:50:00,fvg,-1,4318.431,0.000,0.000,0.000,0.00,0.00,against_bias
2025.12.17 08:15:00,fvg,-1,4315.618,0.000,0.000,0.000,0.00,0.00,against_bias
2025.12.17 09:10:00,fvg,1,4319.703,4316.902,0.000,0.000,0.00,0.00,sl_too_tight
2025.12.17 10:05:00,fvg,-1,4318.321,0.000,0.000,0.000,0.00,0.00,against_bias
2025.12.17 10:25:00,fvg,1,4320.271,4316.392,4326.877,4333.483,9.87,9.87,signal
2025.12.17 10:35:00,fvg,-1,4320.100,0.000,0.000,0.000,0.00,0.00,against_bias
2025.12.17 10:40:00,fvg,-1,4313.821,0.000,0.000,0.000,0.00,0.00,against_bias
2025.12.17 10:55:00,fvg,1,4315.858,4311.351,0.000,0.000,0.00,0.00,no_room
2025.12.17 11:05:00,fvg,1,4317.660,4315.534,0.000,0.000,0.00,0.00,sl_too_tight
2025.12.17 12:25:00,fvg,1,4320.383,4314.644,0.000,0.000,0.00,0.00,no_room
2025.12.17 12:40:00,fvg,-1,4319.222,0.000,0.000,0.000,0.00,0.00,against_bias
2025.12.17 12:45:00,fvg,-1,4318.263,0.000,0.000,0.000,0.00,0.00,against_bias
2025.12.17 13:10:00,fvg,1,4320.527,4314.818,0.000,0.000,0.00,0.00,no_room
2025.12.17 13:15:00,fvg,1,4322.782,4314.800,0.000,0.000,0.00,0.00,no_room
2025.12.17 13:25:00,fvg,1,4328.483,4322.416,4334.771,4341.058,6.24,6.25,signal
2025.12.17 14:05:00,fvg,1,4342.005,4332.463,0.000,0.000,0.00,0.00,no_room
2025.12.17 14:20:00,fvg,-1,4328.017,0.000,0.000,0.000,0.00,0.00,against_bias
2025.12.17 15:45:00,fvg,-1,4338.090,0.000,0.000,0.000,0.00,0.00,against_bias
2025.12.18 07:35:00,fvg,1,4334.444,0.000,0.000,0.000,0.00,0.00,against_bias
2025.12.18 07:50:00,fvg,-1,4333.963,4336.087,0.000,0.000,0.00,0.00,sl_too_tight
2025.12.18 08:05:00,fvg,-1,4332.592,4334.365,0.000,0.000,0.00,0.00,sl_too_tight
2025.12.18 08:10:00,fvg,-1,4330.593,4334.386,0.000,0.000,0.00,0.00,no_room
2025.12.18 11:10:00,fvg,1,4327.080,0.000,0.000,0.000,0.00,0.00,against_bias
2025.12.18 11:30:00,fvg,-1,4326.581,4328.566,0.000,0.000,0.00,0.00,sl_too_tight
2025.12.18 12:10:00,fvg,-1,4324.287,4326.719,0.000,0.000,0.00,0.00,sl_too_tight
2025.12.18 12:30:00,fvg,-1,4322.415,4324.575,0.000,0.000,0.00,0.00,sl_too_tight
2025.12.18 12:35:00,fvg,-1,4320.430,4323.716,0.000,0.000,0.00,0.00,no_room
2025.12.18 12:45:00,fvg,1,4321.744,0.000,0.000,0.000,0.00,0.00,against_bias
2025.12.18 13:15:00,fvg,-1,4318.682,4324.542,0.000,0.000,0.00,0.00,no_room
2025.12.18 13:25:00,fvg,1,4318.989,0.000,0.000,0.000,0.00,0.00,against_bias
2025.12.18 13:40:00,fvg,1,4327.202,0.000,0.000,0.000,0.00,0.00,against_bias
2025.12.18 13:50:00,fvg,1,4335.252,4326.713,0.000,0.000,0.00,0.00,no_room
2025.12.18 14:45:00,fvg,-1,4329.445,4341.933,0.000,0.000,0.00,0.00,no_room
2025.12.18 14:50:00,fvg,-1,4318.579,4335.239,0.000,0.000,0.00,0.00,no_room
2025.12.18 15:00:00,fvg,1,4321.748,0.000,0.000,0.000,0.00,0.00,against_bias
2025.12.18 15:05:00,fvg,1,4326.592,0.000,0.000,0.000,0.00,0.00,against_bias
2025.12.18 15:10:00,fvg,1,4330.752,0.000,0.000,0.000,0.00,0.00,against_bias
2025.12.18 15:40:00,fvg,1,4337.356,0.000,0.000,0.000,0.00,0.00,against_bias
2025.12.19 07:35:00,fvg,1,4327.425,0.000,0.000,0.000,0.00,0.00,against_bias
2025.12.19 07:45:00,fvg,-1,4326.902,4329.800,0.000,0.000,0.00,0.00,sl_too_tight
2025.12.19 07:50:00,fvg,-1,4325.370,4329.499,0.000,0.000,0.00,0.00,no_room
2025.12.19 09:05:00,fvg,-1,4326.355,4328.950,0.000,0.000,0.00,0.00,sl_too_tight
2025.12.19 09:50:00,fvg,1,4329.403,0.000,0.000,0.000,0.00,0.00,against_bias
2025.12.19 10:35:00,fvg,-1,4327.784,4330.505,0.000,0.000,0.00,0.00,sl_too_tight
2025.12.19 10:40:00,fvg,-1,4326.007,4330.509,0.000,0.000,0.00,0.00,no_room
2025.12.19 10:50:00,fvg,1,4326.920,0.000,0.000,0.000,0.00,0.00,against_bias
2025.12.19 11:50:00,fvg,1,4327.227,0.000,0.000,0.000,0.00,0.00,against_bias
2025.12.19 12:10:00,fvg,-1,4326.229,4328.566,0.000,0.000,0.00,0.00,sl_too_tight
2025.12.19 13:05:00,fvg,1,4326.100,0.000,0.000,0.000,0.00,0.00,against_bias
2025.12.19 13:10:00,fvg,1,4327.918,0.000,0.000,0.000,0.00,0.00,against_bias
2025.12.19 13:15:00,fvg,1,4329.650,0.000,0.000,0.000,0.00,0.00,against_bias
2025.12.19 14:40:00,fvg,1,4331.290,4325.032,0.000,0.000,0.00,0.00,no_room
2025.12.19 14:55:00,fvg,-1,4331.164,0.000,0.000,0.000,0.00,0.00,against_bias
2025.12.19 15:05:00,fvg,1,4331.988,4323.626,0.000,0.000,0.00,0.00,no_room
2025.12.19 15:10:00,fvg,1,4338.070,4328.596,0.000,0.000,0.00,0.00,no_room
2025.12.19 15:15:00,fvg,1,4340.321,4331.356,0.000,0.000,0.00,0.00,no_room
2025.12.22 10:30:00,fvg,-1,4413.133,0.000,0.000,0.000,0.00,0.00,against_bias
2025.12.22 10:35:00,fvg,-1,4411.655,0.000,0.000,0.000,0.00,0.00,against_bias
2025.12.22 11:05:00,fvg,-1,4409.445,0.000,0.000,0.000,0.00,0.00,against_bias
2025.12.22 12:55:00,fvg,1,4411.852,4408.036,4415.673,4419.493,10.08,10.09,signal
2025.12.22 13:00:00,fvg,1,4411.852,0.000,4415.673,0.000,0.00,0.00,missed_move
2025.12.22 13:05:00,fvg,1,4415.156,4411.544,0.000,0.000,0.00,0.00,no_room
2025.12.22 13:10:00,fvg,1,4416.293,4413.414,0.000,0.000,0.00,0.00,sl_too_tight
2025.12.22 13:15:00,fvg,1,4421.582,4414.803,4435.140,4448.698,5.67,5.68,signal
2025.12.22 13:30:00,fvg,-1,4419.629,0.000,0.000,0.000,0.00,0.00,against_bias
2025.12.22 13:40:00,fvg,1,4420.642,4412.360,4437.205,4453.769,4.60,4.60,signal
2025.12.22 15:40:00,fvg,1,4423.153,4414.399,4440.662,4458.170,4.31,4.31,signal
2025.12.22 16:35:00,fvg,1,4423.153,0.000,4440.662,0.000,0.00,0.00,missed_move
2025.12.23 07:25:00,fvg,1,4483.620,4480.087,4490.686,4497.752,10.68,10.68,signal
2025.12.23 08:40:00,fvg,1,4483.620,0.000,4490.686,0.000,0.00,0.00,missed_move
2025.12.23 08:45:00,fvg,1,4489.896,4484.426,4497.543,4505.190,6.89,6.90,signal
2025.12.23 09:10:00,fvg,-1,4487.847,0.000,0.000,0.000,0.00,0.00,against_bias
2025.12.23 09:15:00,fvg,-1,4484.967,0.000,0.000,0.000,0.00,0.00,against_bias
2025.12.23 10:10:00,fvg,1,4482.800,4479.206,4489.987,4497.175,10.39,10.40,signal
2025.12.23 13:30:00,fvg,-1,4491.333,0.000,0.000,0.000,0.00,0.00,against_bias
2025.12.23 14:00:00,fvg,-1,4480.310,0.000,0.000,0.000,0.00,0.00,against_bias
2025.12.23 14:10:00,fvg,-1,4471.841,0.000,0.000,0.000,0.00,0.00,against_bias
2025.12.23 14:15:00,fvg,-1,4471.012,4480.556,0.000,0.000,0.00,0.00,no_room
2025.12.23 14:40:00,fvg,-1,4461.399,4469.771,4444.654,4427.909,4.59,4.60,signal
2025.12.23 15:00:00,fvg,-1,4461.399,0.000,4444.654,0.000,0.00,0.00,missed_move
2025.12.23 15:05:00,fvg,-1,4450.561,4460.517,4430.650,4410.739,3.86,3.87,signal
2025.12.24 07:35:00,fvg,-1,4492.080,4495.066,0.000,0.000,0.00,0.00,sl_too_tight
2025.12.24 08:05:00,fvg,-1,4484.061,4489.360,0.000,0.000,0.00,0.00,no_room
2025.12.24 08:45:00,fvg,1,4488.991,0.000,0.000,0.000,0.00,0.00,against_bias
2025.12.24 08:55:00,fvg,-1,4487.355,4493.353,0.000,0.000,0.00,0.00,no_room
2025.12.24 09:00:00,fvg,-1,4484.988,4491.135,0.000,0.000,0.00,0.00,no_room
2025.12.24 09:20:00,fvg,1,4487.512,0.000,0.000,0.000,0.00,0.00,against_bias
2025.12.24 09:50:00,fvg,1,4491.207,0.000,0.000,0.000,0.00,0.00,against_bias
2025.12.24 09:55:00,fvg,1,4492.467,0.000,0.000,0.000,0.00,0.00,against_bias
2025.12.24 10:10:00,fvg,1,4496.680,0.000,0.000,0.000,0.00,0.00,against_bias
2025.12.24 10:20:00,fvg,-1,4493.324,4500.308,4485.677,4478.030,5.45,5.45,signal
2025.12.24 14:20:00,fvg,-1,4486.102,4489.074,0.000,0.000,0.00,0.00,sl_too_tight
2025.12.24 15:00:00,fvg,-1,4470.782,4482.618,0.000,0.000,0.00,0.00,no_room
2025.12.24 15:45:00,fvg,-1,4461.295,4473.698,4436.488,4411.681,3.12,3.12,signal
2025.12.26 07:15:00,fvg,1,4513.626,4510.354,4520.171,4526.715,11.71,11.71,signal
2025.12.26 07:30:00,fvg,-1,4512.205,0.000,0.000,0.000,0.00,0.00,against_bias
2025.12.26 07:50:00,fvg,-1,4509.665,0.000,0.000,0.000,0.00,0.00,against_bias
2025.12.26 08:10:00,fvg,1,4511.782,4508.247,0.000,0.000,0.00,0.00,no_room
2025.12.26 08:20:00,fvg,1,4514.708,4510.477,4519.037,4523.366,8.97,8.97,signal
2025.12.26 10:45:00,fvg,-1,4517.911,0.000,0.000,0.000,0.00,0.00,against_bias
2025.12.26 10:50:00,fvg,-1,4515.707,0.000,0.000,0.000,0.00,0.00,against_bias
2025.12.26 11:10:00,fvg,-1,4511.648,0.000,0.000,0.000,0.00,0.00,against_bias
2025.12.26 12:05:00,fvg,1,4508.591,0.000,0.000,0.000,0.00,0.00,against_bias
2025.12.26 12:35:00,fvg,1,4511.905,0.000,0.000,0.000,0.00,0.00,against_bias
2025.12.26 12:40:00,fvg,1,4513.662,0.000,0.000,0.000,0.00,0.00,against_bias
2025.12.26 13:00:00,fvg,-1,4512.142,4514.486,0.000,0.000,0.00,0.00,sl_too_tight
2025.12.26 13:55:00,fvg,-1,4521.376,4528.906,4507.897,4494.417,5.11,5.12,signal
2025.12.26 15:35:00,fvg,1,4531.863,4526.109,4543.372,4554.880,6.62,6.63,signal
2025.12.26 15:40:00,fvg,1,4531.863,0.000,4543.372,0.000,0.00,0.00,missed_move
2025.12.29 07:10:00,fvg,-1,4463.518,4479.696,0.000,0.000,0.00,0.00,no_room
2025.12.29 07:20:00,fvg,1,4472.696,0.000,0.000,0.000,0.00,0.00,against_bias
2025.12.29 08:20:00,fvg,1,4481.411,0.000,0.000,0.000,0.00,0.00,against_bias
2025.12.29 08:40:00,fvg,-1,4477.978,4485.071,0.000,0.000,0.00,0.00,no_room
2025.12.29 08:55:00,fvg,-1,4464.799,4477.313,4449.045,4433.291,3.04,3.05,signal
2025.12.29 13:50:00,fvg,-1,4429.586,4454.912,0.000,0.000,0.00,0.00,no_room
2025.12.29 13:55:00,fvg,-1,4419.302,4450.582,0.000,0.000,0.00,0.00,no_room
2025.12.29 14:10:00,fvg,-1,4403.066,4423.218,4362.762,4322.458,1.92,1.93,signal
2025.12.30 07:20:00,fvg,1,4368.428,4358.629,0.000,0.000,0.00,0.00,no_room
2025.12.30 07:45:00,fvg,1,4372.956,4367.612,0.000,0.000,0.00,0.00,no_room
2025.12.30 07:50:00,fvg,1,4376.139,4367.631,0.000,0.000,0.00,0.00,no_room
2025.12.30 08:00:00,fvg,-1,4375.435,0.000,0.000,0.000,0.00,0.00,against_bias
2025.12.30 08:25:00,fvg,-1,4366.888,0.000,0.000,0.000,0.00,0.00,against_bias
2025.12.30 08:30:00,fvg,-1,4361.982,0.000,0.000,0.000,0.00,0.00,against_bias
2025.12.30 08:35:00,fvg,-1,4358.938,0.000,0.000,0.000,0.00,0.00,against_bias
2025.12.30 09:00:00,fvg,1,4362.510,4353.538,4371.653,4380.796,4.46,4.46,signal
2025.12.30 09:15:00,fvg,1,4362.510,0.000,4371.653,0.000,0.00,0.00,missed_move
2025.12.30 09:20:00,fvg,1,4371.264,4364.873,0.000,0.000,0.00,0.00,no_room
2025.12.30 10:00:00,fvg,1,4371.939,4367.088,0.000,0.000,0.00,0.00,no_room
2025.12.30 10:20:00,fvg,1,4374.662,4367.203,0.000,0.000,0.00,0.00,no_room
2025.12.30 10:25:00,fvg,1,4376.478,4370.507,0.000,0.000,0.00,0.00,no_room
2025.12.30 10:35:00,fvg,1,4381.609,4376.046,0.000,0.000,0.00,0.00,no_room
2025.12.30 10:40:00,fvg,1,4387.439,4376.693,4408.931,4430.422,3.72,3.73,signal
2025.12.30 14:00:00,fvg,1,4384.242,4375.699,0.000,0.000,0.00,0.00,no_room
2025.12.30 14:40:00,fvg,-1,4383.476,0.000,0.000,0.000,0.00,0.00,against_bias
2025.12.30 14:45:00,fvg,-1,4377.082,0.000,0.000,0.000,0.00,0.00,against_bias
2025.12.30 14:50:00,fvg,-1,4372.189,0.000,0.000,0.000,0.00,0.00,against_bias
2025.12.30 15:35:00,fvg,-1,4367.980,0.000,0.000,0.000,0.00,0.00,against_bias
2025.12.31 08:15:00,fvg,-1,4323.449,4333.555,0.000,0.000,0.00,0.00,no_room
2025.12.31 08:50:00,fvg,-1,4318.014,4325.048,0.000,0.000,0.00,0.00,no_room
2025.12.31 09:30:00,fvg,1,4321.303,0.000,0.000,0.000,0.00,0.00,against_bias
2025.12.31 09:35:00,fvg,1,4323.248,0.000,0.000,0.000,0.00,0.00,against_bias
2025.12.31 09:45:00,fvg,1,4328.650,4322.624,0.000,0.000,0.00,0.00,no_room
2025.12.31 10:00:00,fvg,-1,4329.338,0.000,0.000,0.000,0.00,0.00,against_bias
2025.12.31 10:35:00,fvg,-1,4319.735,0.000,0.000,0.000,0.00,0.00,against_bias
2025.12.31 10:40:00,fvg,-1,4312.440,0.000,0.000,0.000,0.00,0.00,against_bias
2025.12.31 11:15:00,fvg,1,4311.164,4303.505,0.000,0.000,0.00,0.00,no_room
2025.12.31 12:40:00,fvg,1,4309.474,4302.638,0.000,0.000,0.00,0.00,no_room
2025.12.31 12:45:00,fvg,1,4313.016,4306.195,0.000,0.000,0.00,0.00,no_room
2025.12.31 13:30:00,fvg,1,4323.831,4311.010,0.000,0.000,0.00,0.00,no_room
2025.12.31 13:35:00,fvg,1,4326.074,4312.436,0.000,0.000,0.00,0.00,no_room
2025.12.31 13:50:00,fvg,1,4332.129,4325.522,0.000,0.000,0.00,0.00,no_room
2025.12.31 13:55:00,fvg,1,4337.058,4328.930,0.000,0.000,0.00,0.00,no_room
2025.12.31 14:00:00,fvg,1,4343.453,4331.543,0.000,0.000,0.00,0.00,no_room
2025.12.31 14:10:00,fvg,-1,4341.275,0.000,0.000,0.000,0.00,0.00,against_bias
2025.12.31 14:30:00,fvg,-1,4337.902,0.000,0.000,0.000,0.00,0.00,against_bias
2025.12.31 15:10:00,fvg,-1,4339.885,0.000,0.000,0.000,0.00,0.00,against_bias
2025.12.31 15:15:00,fvg,-1,4335.186,0.000,0.000,0.000,0.00,0.00,against_bias
2025.12.31 15:35:00,fvg,1,4336.276,4326.164,0.000,0.000,0.00,0.00,no_room
2025.12.31 15:45:00,fvg,-1,4334.047,0.000,0.000,0.000,0.00,0.00,against_bias
2025.12.31 15:50:00,fvg,-1,4332.100,0.000,0.000,0.000,0.00,0.00,against_bias
2025.12.31 16:00:00,fvg,1,4332.150,4326.654,0.000,0.000,0.00,0.00,no_room
2026.01.02 07:40:00,fvg,1,4378.558,4371.859,0.000,0.000,0.00,0.00,no_room
2026.01.02 07:50:00,fvg,-1,4377.848,0.000,0.000,0.000,0.00,0.00,against_bias
2026.01.02 08:00:00,fvg,1,4380.259,4374.899,0.000,0.000,0.00,0.00,no_room
2026.01.02 08:25:00,fvg,-1,4383.976,0.000,0.000,0.000,0.00,0.00,against_bias
2026.01.02 08:35:00,fvg,1,4384.157,4381.274,0.000,0.000,0.00,0.00,sl_too_tight
2026.01.02 08:40:00,fvg,1,4387.417,4382.809,0.000,0.000,0.00,0.00,no_room
2026.01.02 08:50:00,fvg,1,4390.437,4387.050,0.000,0.000,0.00,0.00,no_room
2026.01.02 08:55:00,fvg,1,4391.622,4387.614,0.000,0.000,0.00,0.00,no_room
2026.01.02 09:05:00,fvg,-1,4389.770,0.000,0.000,0.000,0.00,0.00,against_bias
2026.01.02 10:45:00,fvg,1,4393.033,4384.539,0.000,0.000,0.00,0.00,no_room
2026.01.02 11:25:00,fvg,1,4396.042,4393.675,0.000,0.000,0.00,0.00,sl_too_tight
2026.01.02 11:35:00,fvg,-1,4395.158,0.000,0.000,0.000,0.00,0.00,against_bias
2026.01.02 12:00:00,fvg,-1,4393.182,0.000,0.000,0.000,0.00,0.00,against_bias
2026.01.02 12:15:00,fvg,1,4393.551,4390.785,0.000,0.000,0.00,0.00,sl_too_tight
2026.01.02 12:35:00,fvg,-1,4394.549,0.000,0.000,0.000,0.00,0.00,against_bias
2026.01.02 12:50:00,fvg,-1,4389.075,0.000,0.000,0.000,0.00,0.00,against_bias
2026.01.02 13:00:00,fvg,1,4389.976,4385.061,0.000,0.000,0.00,0.00,no_room
2026.01.02 13:05:00,fvg,1,4392.591,4386.780,0.000,0.000,0.00,0.00,no_room
2026.01.02 13:10:00,fvg,1,4395.433,4389.597,0.000,0.000,0.00,0.00,no_room
2026.01.02 13:30:00,fvg,-1,4384.447,0.000,0.000,0.000,0.00,0.00,against_bias
2026.01.02 13:35:00,fvg,-1,4377.237,0.000,0.000,0.000,0.00,0.00,against_bias
2026.01.02 14:00:00,fvg,-1,4370.328,4378.697,4355.582,4340.837,4.73,4.74,signal
2026.01.02 15:10:00,fvg,-1,4350.518,4360.280,0.000,0.000,0.00,0.00,no_room
2026.01.02 15:45:00,fvg,1,4340.303,0.000,0.000,0.000,0.00,0.00,against_bias
2026.01.05 07:25:00,fvg,1,4420.372,4416.654,0.000,0.000,0.00,0.00,no_room
2026.01.05 08:20:00,fvg,1,4424.390,4419.206,0.000,0.000,0.00,0.00,no_room
2026.01.05 08:25:00,fvg,1,4425.939,4419.208,0.000,0.000,0.00,0.00,no_room
2026.01.05 08:40:00,fvg,-1,4426.178,0.000,0.000,0.000,0.00,0.00,against_bias
2026.01.05 08:50:00,fvg,1,4429.868,4424.068,4441.468,4453.068,7.01,7.01,signal
2026.01.05 11:35:00,fvg,-1,4421.665,0.000,0.000,0.000,0.00,0.00,against_bias
2026.01.05 12:00:00,fvg,-1,4421.432,0.000,0.000,0.000,0.00,0.00,against_bias
2026.01.05 12:50:00,fvg,-1,4412.443,0.000,0.000,0.000,0.00,0.00,against_bias
2026.01.05 13:45:00,fvg,1,4410.847,0.000,0.000,0.000,0.00,0.00,against_bias
2026.01.05 14:05:00,fvg,1,4416.756,0.000,0.000,0.000,0.00,0.00,against_bias
2026.01.05 14:10:00,fvg,1,4420.431,0.000,0.000,0.000,0.00,0.00,against_bias
2026.01.05 14:15:00,fvg,1,4423.291,0.000,0.000,0.000,0.00,0.00,against_bias
2026.01.05 14:50:00,fvg,1,4428.148,0.000,0.000,0.000,0.00,0.00,against_bias
2026.01.05 14:55:00,fvg,1,4432.930,0.000,0.000,0.000,0.00,0.00,against_bias
2026.01.05 15:10:00,fvg,1,4449.735,0.000,0.000,0.000,0.00,0.00,against_bias
2026.01.05 15:35:00,fvg,-1,4445.595,0.000,0.000,0.000,0.00,0.00,against_bias
2026.01.06 07:30:00,fvg,-1,4465.234,0.000,0.000,0.000,0.00,0.00,against_bias
2026.01.06 08:00:00,fvg,-1,4461.139,0.000,0.000,0.000,0.00,0.00,against_bias
2026.01.06 08:25:00,fvg,1,4465.506,4459.733,0.000,0.000,0.00,0.00,no_room
2026.01.06 08:30:00,fvg,1,4469.238,4461.145,0.000,0.000,0.00,0.00,no_room
2026.01.06 09:10:00,fvg,-1,4464.385,0.000,0.000,0.000,0.00,0.00,against_bias
2026.01.06 09:15:00,fvg,-1,4462.261,0.000,0.000,0.000,0.00,0.00,against_bias
2026.01.06 09:20:00,fvg,-1,4458.104,0.000,0.000,0.000,0.00,0.00,against_bias
2026.01.06 09:55:00,fvg,-1,4450.384,0.000,0.000,0.000,0.00,0.00,against_bias
2026.01.06 10:15:00,fvg,1,4448.854,0.000,0.000,0.000,0.00,0.00,against_bias
2026.01.06 10:20:00,fvg,1,4449.869,0.000,0.000,0.000,0.00,0.00,against_bias
2026.01.06 10:40:00,fvg,1,4451.183,0.000,0.000,0.000,0.00,0.00,against_bias
2026.01.06 11:30:00,fvg,1,4452.181,0.000,0.000,0.000,0.00,0.00,against_bias
2026.01.06 11:35:00,fvg,1,4454.753,0.000,0.000,0.000,0.00,0.00,against_bias
2026.01.06 11:40:00,fvg,1,4459.121,0.000,0.000,0.000,0.00,0.00,against_bias
2026.01.06 12:40:00,fvg,-1,4462.611,4466.659,4454.516,4446.420,9.94,9.95,signal
2026.01.06 13:30:00,fvg,-1,4461.617,4471.014,0.000,0.000,0.00,0.00,no_room
2026.01.06 14:00:00,fvg,1,4465.121,0.000,0.000,0.000,0.00,0.00,against_bias
2026.01.06 14:05:00,fvg,1,4467.416,0.000,0.000,0.000,0.00,0.00,against_bias
2026.01.06 14:25:00,fvg,-1,4468.832,4473.921,4458.654,4448.477,7.83,7.84,signal
2026.01.06 14:40:00,fvg,1,4476.712,0.000,0.000,0.000,0.00,0.00,against_bias
2026.01.06 15:00:00,fvg,1,4486.119,4478.850,0.000,0.000,0.00,0.00,no_room
2026.01.06 15:40:00,fvg,-1,4472.564,0.000,0.000,0.000,0.00,0.00,against_bias
2026.01.07 07:10:00,fvg,1,4447.310,0.000,0.000,0.000,0.00,0.00,against_bias
2026.01.07 07:30:00,fvg,1,4451.704,0.000,0.000,0.000,0.00,0.00,against_bias
2026.01.07 07:35:00,fvg,1,4453.637,0.000,0.000,0.000,0.00,0.00,against_bias
2026.01.07 07:45:00,fvg,1,4456.601,0.000,0.000,0.000,0.00,0.00,against_bias
2026.01.07 07:55:00,fvg,1,4460.354,0.000,0.000,0.000,0.00,0.00,against_bias
2026.01.07 09:10:00,fvg,-1,4465.570,4469.871,0.000,0.000,0.00,0.00,no_room
2026.01.07 11:00:00,fvg,-1,4465.206,4468.119,0.000,0.000,0.00,0.00,sl_too_tight
2026.01.07 11:30:00,fvg,-1,4460.084,4464.612,0.000,0.000,0.00,0.00,no_room
2026.01.07 11:45:00,fvg,-1,4454.304,4460.435,0.000,0.000,0.00,0.00,no_room
2026.01.07 12:35:00,fvg,1,4449.336,0.000,0.000,0.000,0.00,0.00,against_bias
2026.01.07 12:40:00,fvg,1,4451.340,0.000,0.000,0.000,0.00,0.00,against_bias
2026.01.07 13:00:00,fvg,-1,4449.014,4454.381,0.000,0.000,0.00,0.00,no_room
2026.01.07 13:15:00,fvg,-1,4436.183,4450.640,0.000,0.000,0.00,0.00,no_room
2026.01.07 13:30:00,fvg,1,4440.535,0.000,0.000,0.000,0.00,0.00,against_bias
2026.01.07 13:50:00,fvg,1,4444.759,0.000,0.000,0.000,0.00,0.00,against_bias
2026.01.07 14:30:00,fvg,-1,4446.428,4454.268,0.000,0.000,0.00,0.00,no_room
2026.01.07 15:10:00,fvg,-1,4444.567,4453.776,0.000,0.000,0.00,0.00,no_room
2026.01.07 15:20:00,fvg,-1,4430.064,4445.382,0.000,0.000,0.00,0.00,no_room
2026.01.07 15:30:00,fvg,1,4430.678,0.000,0.000,0.000,0.00,0.00,against_bias
2026.01.07 15:35:00,fvg,1,4441.918,0.000,0.000,0.000,0.00,0.00,against_bias
2026.01.07 15:40:00,fvg,1,4445.441,0.000,0.000,0.000,0.00,0.00,against_bias
2026.01.08 08:40:00,fvg,-1,4424.575,4430.737,0.000,0.000,0.00,0.00,no_room
2026.01.08 09:00:00,fvg,1,4426.015,0.000,0.000,0.000,0.00,0.00,against_bias
2026.01.08 09:05:00,fvg,1,4431.208,0.000,0.000,0.000,0.00,0.00,against_bias
2026.01.08 09:25:00,fvg,-1,4429.342,4435.558,0.000,0.000,0.00,0.00,no_room
2026.01.08 09:35:00,fvg,1,4429.741,0.000,0.000,0.000,0.00,0.00,against_bias
2026.01.08 09:40:00,fvg,1,4431.780,0.000,0.000,0.000,0.00,0.00,against_bias
2026.01.08 09:55:00,fvg,-1,4432.299,4435.153,0.000,0.000,0.00,0.00,sl_too_tight
2026.01.08 10:10:00,fvg,-1,4430.306,4433.801,0.000,0.000,0.00,0.00,no_room
2026.01.08 10:25:00,fvg,-1,4426.610,4430.937,0.000,0.000,0.00,0.00,no_room
2026.01.08 10:40:00,fvg,1,4430.398,0.000,0.000,0.000,0.00,0.00,against_bias
2026.01.08 10:45:00,fvg,1,4431.805,0.000,0.000,0.000,0.00,0.00,against_bias
2026.01.08 11:15:00,fvg,-1,4430.436,4433.672,0.000,0.000,0.00,0.00,no_room
2026.01.08 11:55:00,fvg,-1,4425.556,4428.405,0.000,0.000,0.00,0.00,sl_too_tight
2026.01.08 12:05:00,fvg,-1,4422.990,4425.903,0.000,0.000,0.00,0.00,sl_too_tight
2026.01.08 12:10:00,fvg,-1,4419.174,4425.788,0.000,0.000,0.00,0.00,no_room
2026.01.08 12:35:00,fvg,1,4420.111,0.000,0.000,0.000,0.00,0.00,against_bias
2026.01.08 12:45:00,fvg,1,4426.996,0.000,0.000,0.000,0.00,0.00,against_bias
2026.01.08 13:10:00,fvg,-1,4424.064,4430.364,0.000,0.000,0.00,0.00,no_room
2026.01.08 13:15:00,fvg,-1,4420.977,4430.334,0.000,0.000,0.00,0.00,no_room
2026.01.08 13:25:00,fvg,1,4425.858,0.000,0.000,0.000,0.00,0.00,against_bias
2026.01.08 13:30:00,fvg,1,4430.721,0.000,0.000,0.000,0.00,0.00,against_bias
2026.01.08 14:00:00,fvg,-1,4425.860,4434.548,0.000,0.000,0.00,0.00,no_room
2026.01.08 15:15:00,fvg,1,4443.800,4427.035,0.000,0.000,0.00,0.00,no_room
2026.01.08 15:20:00,fvg,1,4446.230,4433.305,0.000,0.000,0.00,0.00,no_room
2026.01.09 07:20:00,fvg,-1,4473.053,0.000,0.000,0.000,0.00,0.00,against_bias
2026.01.09 08:15:00,fvg,1,4473.596,4466.049,0.000,0.000,0.00,0.00,no_room
2026.01.09 08:40:00,fvg,-1,4470.371,0.000,0.000,0.000,0.00,0.00,against_bias
2026.01.09 08:45:00,fvg,-1,4468.341,0.000,0.000,0.000,0.00,0.00,against_bias
2026.01.09 09:05:00,fvg,1,4468.296,4463.635,0.000,0.000,0.00,0.00,no_room
2026.01.09 09:10:00,fvg,1,4470.152,4466.770,4473.941,4477.730,11.67,11.67,signal
2026.01.09 09:15:00,fvg,1,4470.152,0.000,4473.941,0.000,0.00,0.00,missed_move
2026.01.09 09:20:00,fvg,1,4473.077,4469.860,0.000,0.000,0.00,0.00,no_room
2026.01.09 09:40:00,fvg,-1,4473.287,0.000,0.000,0.000,0.00,0.00,against_bias
2026.01.09 11:00:00,fvg,1,4470.501,4466.926,0.000,0.000,0.00,0.00,no_room
2026.01.09 11:05:00,fvg,1,4472.670,4467.720,0.000,0.000,0.00,0.00,no_room
2026.01.09 11:15:00,fvg,-1,4472.110,0.000,0.000,0.000,0.00,0.00,against_bias
2026.01.09 11:35:00,fvg,-1,4471.377,0.000,0.000,0.000,0.00,0.00,against_bias
2026.01.09 12:00:00,fvg,1,4473.156,4468.358,0.000,0.000,0.00,0.00,no_room
2026.01.09 12:05:00,fvg,1,4475.329,4471.301,0.000,0.000,0.00,0.00,no_room
2026.01.09 12:10:00,fvg,1,4477.073,4472.892,0.000,0.000,0.00,0.00,no_room
2026.01.09 12:20:00,fvg,-1,4474.940,0.000,0.000,0.000,0.00,0.00,against_bias
2026.01.09 12:30:00,fvg,-1,4471.353,0.000,0.000,0.000,0.00,0.00,against_bias
2026.01.09 12:35:00,fvg,-1,4468.785,0.000,0.000,0.000,0.00,0.00,against_bias
2026.01.09 12:40:00,fvg,-1,4466.355,0.000,0.000,0.000,0.00,0.00,against_bias
2026.01.09 13:10:00,fvg,1,4469.316,0.000,0.000,0.000,0.00,0.00,against_bias
2026.01.09 13:20:00,fvg,-1,4468.839,4474.173,0.000,0.000,0.00,0.00,no_room
2026.01.09 13:30:00,fvg,1,4470.461,0.000,0.000,0.000,0.00,0.00,against_bias
2026.01.09 13:40:00,fvg,1,4478.944,0.000,0.000,0.000,0.00,0.00,against_bias
2026.01.09 14:50:00,fvg,-1,4489.097,0.000,0.000,0.000,0.00,0.00,against_bias
2026.01.09 15:00:00,fvg,1,4490.747,4478.459,0.000,0.000,0.00,0.00,no_room
2026.01.09 15:05:00,fvg,1,4492.345,4478.452,0.000,0.000,0.00,0.00,no_room
2026.01.09 15:30:00,fvg,1,4504.191,4492.701,0.000,0.000,0.00,0.00,no_room
2026.01.09 15:45:00,fvg,1,4513.235,4504.384,0.000,0.000,0.00,0.00,no_room
2026.01.12 07:15:00,fvg,1,4581.196,4574.246,0.000,0.000,0.00,0.00,no_room
2026.01.12 07:20:00,fvg,1,4582.889,4575.029,0.000,0.000,0.00,0.00,no_room
2026.01.12 07:35:00,fvg,-1,4582.446,0.000,0.000,0.000,0.00,0.00,against_bias
2026.01.12 08:20:00,fvg,-1,4583.515,0.000,0.000,0.000,0.00,0.00,against_bias
2026.01.12 08:45:00,fvg,1,4585.462,4581.521,0.000,0.000,0.00,0.00,price_inside_zone
2026.01.12 08:55:00,fvg,1,4593.384,4584.505,0.000,0.000,0.00,0.00,no_room
2026.01.12 09:20:00,fvg,1,4596.191,4593.102,4600.817,4605.444,12.77,12.78,signal
2026.01.12 09:55:00,fvg,-1,4592.102,0.000,0.000,0.000,0.00,0.00,against_bias
2026.01.12 11:25:00,fvg,-1,4590.114,0.000,0.000,0.000,0.00,0.00,against_bias
2026.01.12 11:30:00,fvg,-1,4588.270,0.000,0.000,0.000,0.00,0.00,against_bias
2026.01.12 11:45:00,fvg,1,4589.453,4584.116,4599.030,4608.607,7.32,7.32,signal
2026.01.12 12:00:00,fvg,-1,4585.847,0.000,0.000,0.000,0.00,0.00,against_bias
2026.01.12 12:40:00,fvg,1,4583.951,4580.229,0.000,0.000,0.00,0.00,no_room
2026.01.12 13:10:00,fvg,1,4595.895,4587.241,0.000,0.000,0.00,0.00,no_room
2026.01.12 13:15:00,fvg,1,4601.229,4588.259,4627.169,4653.109,2.98,2.98,signal
2026.01.12 14:45:00,fvg,1,4601.631,4584.156,4636.581,4671.531,2.19,2.19,signal
2026.01.13 07:15:00,fvg,1,4583.955,0.000,0.000,0.000,0.00,0.00,against_bias
2026.01.13 07:25:00,fvg,-1,4582.303,4585.691,4578.892,4575.482,11.19,11.19,signal
2026.01.13 07:35:00,fvg,1,4583.637,0.000,0.000,0.000,0.00,0.00,against_bias
2026.01.13 07:50:00,fvg,-1,4580.837,4586.654,0.000,0.000,0.00,0.00,no_room
2026.01.13 08:10:00,fvg,1,4585.105,0.000,0.000,0.000,0.00,0.00,against_bias
2026.01.13 08:15:00,fvg,1,4587.016,0.000,0.000,0.000,0.00,0.00,against_bias
2026.01.13 08:30:00,fvg,1,4588.744,0.000,0.000,0.000,0.00,0.00,against_bias
2026.01.13 08:40:00,fvg,1,4593.623,0.000,0.000,0.000,0.00,0.00,against_bias
2026.01.13 09:25:00,fvg,-1,4593.033,4595.489,0.000,0.000,0.00,0.00,sl_too_tight
2026.01.13 09:30:00,fvg,-1,4590.123,4595.369,0.000,0.000,0.00,0.00,no_room
2026.01.13 10:00:00,fvg,-1,4587.569,4591.395,0.000,0.000,0.00,0.00,no_room
2026.01.13 10:10:00,fvg,-1,4584.263,4587.879,4578.759,4573.255,10.38,10.38,signal
2026.01.13 10:45:00,fvg,1,4584.734,0.000,0.000,0.000,0.00,0.00,against_bias
2026.01.13 10:50:00,fvg,1,4585.845,0.000,0.000,0.000,0.00,0.00,against_bias
2026.01.13 11:50:00,fvg,1,4587.326,0.000,0.000,0.000,0.00,0.00,against_bias
2026.01.13 12:15:00,fvg,-1,4586.256,4589.485,0.000,0.000,0.00,0.00,no_room
2026.01.13 12:20:00,fvg,-1,4584.772,4588.204,4580.707,4576.642,10.82,10.83,signal
2026.01.13 12:25:00,fvg,-1,4584.772,0.000,4580.707,0.000,0.00,0.00,missed_move
2026.01.13 12:30:00,fvg,-1,4581.052,4585.085,0.000,0.000,0.00,0.00,no_room
2026.01.13 12:45:00,fvg,1,4583.730,0.000,0.000,0.000,0.00,0.00,against_bias
2026.01.13 12:50:00,fvg,1,4585.419,0.000,0.000,0.000,0.00,0.00,against_bias
2026.01.13 12:55:00,fvg,1,4589.356,0.000,0.000,0.000,0.00,0.00,against_bias
2026.01.13 13:00:00,fvg,1,4590.959,0.000,0.000,0.000,0.00,0.00,against_bias
2026.01.13 13:15:00,fvg,1,4596.694,4590.290,0.000,0.000,0.00,0.00,no_room
2026.01.13 13:20:00,fvg,1,4600.448,4593.177,0.000,0.000,0.00,0.00,no_room
2026.01.13 13:40:00,fvg,1,4609.572,4599.099,0.000,0.000,0.00,0.00,no_room
2026.01.13 14:00:00,fvg,-1,4613.451,0.000,0.000,0.000,0.00,0.00,against_bias
2026.01.13 14:50:00,fvg,1,4624.706,4612.441,0.000,0.000,0.00,0.00,no_room
2026.01.13 15:10:00,fvg,-1,4622.493,0.000,0.000,0.000,0.00,0.00,against_bias
2026.01.13 15:25:00,fvg,-1,4610.749,0.000,0.000,0.000,0.00,0.00,against_bias
2026.01.13 15:50:00,fvg,1,4614.070,4604.275,0.000,0.000,0.00,0.00,no_room
2026.01.14 07:30:00,fvg,1,4636.760,4631.557,0.000,0.000,0.00,0.00,no_room
2026.01.14 08:00:00,fvg,-1,4634.187,0.000,0.000,0.000,0.00,0.00,against_bias
2026.01.14 08:10:00,fvg,-1,4631.708,0.000,0.000,0.000,0.00,0.00,against_bias
2026.01.14 08:15:00,fvg,-1,4627.616,0.000,0.000,0.000,0.00,0.00,against_bias
2026.01.14 08:40:00,fvg,1,4628.538,4621.540,0.000,0.000,0.00,0.00,no_room
2026.01.14 08:45:00,fvg,1,4629.924,4624.058,0.000,0.000,0.00,0.00,no_room
2026.01.14 08:50:00,fvg,1,4631.635,4628.114,0.000,0.000,0.00,0.00,no_room
2026.01.14 08:55:00,fvg,1,4633.678,4629.502,0.000,0.000,0.00,0.00,no_room
2026.01.14 09:15:00,fvg,1,4635.364,4632.836,0.000,0.000,0.00,0.00,sl_too_tight
2026.01.14 09:40:00,fvg,-1,4633.785,0.000,0.000,0.000,0.00,0.00,against_bias
2026.01.14 09:45:00,fvg,-1,4630.594,0.000,0.000,0.000,0.00,0.00,against_bias
2026.01.14 10:25:00,fvg,1,4632.157,4627.864,0.000,0.000,0.00,0.00,no_room
2026.01.14 10:45:00,fvg,1,4635.649,4632.036,0.000,0.000,0.00,0.00,no_room
2026.01.14 11:10:00,fvg,1,4633.676,4629.914,0.000,0.000,0.00,0.00,no_room
2026.01.14 11:35:00,fvg,-1,4632.805,0.000,0.000,0.000,0.00,0.00,against_bias
2026.01.14 12:10:00,fvg,1,4634.791,4627.144,0.000,0.000,0.00,0.00,no_room
2026.01.14 13:50:00,fvg,1,4633.920,4624.690,0.000,0.000,0.00,0.00,no_room
2026.01.14 14:40:00,fvg,-1,4630.033,0.000,0.000,0.000,0.00,0.00,against_bias
2026.01.14 14:45:00,fvg,-1,4623.970,4635.964,0.000,0.000,0.00,0.00,no_room
2026.01.14 15:10:00,fvg,-1,4611.039,4619.884,0.000,0.000,0.00,0.00,no_room
2026.01.14 15:20:00,fvg,1,4614.193,0.000,0.000,0.000,0.00,0.00,against_bias
2026.01.14 15:25:00,fvg,1,4619.280,0.000,0.000,0.000,0.00,0.00,against_bias
2026.01.14 15:35:00,fvg,-1,4619.188,4627.509,0.000,0.000,0.00,0.00,no_room
2026.01.15 07:45:00,fvg,-1,4605.502,4611.625,0.000,0.000,0.00,0.00,no_room
2026.01.15 08:45:00,fvg,1,4604.049,0.000,0.000,0.000,0.00,0.00,against_bias
2026.01.15 09:45:00,fvg,1,4607.815,0.000,0.000,0.000,0.00,0.00,against_bias
2026.01.15 10:45:00,fvg,1,4616.616,4610.254,0.000,0.000,0.00,0.00,no_room
2026.01.15 11:40:00,fvg,1,4621.014,4617.378,4628.287,4635.560,10.21,10.22,signal
2026.01.15 11:50:00,fvg,-1,4617.987,0.000,0.000,0.000,0.00,0.00,against_bias
2026.01.15 12:15:00,fvg,-1,4617.374,0.000,0.000,0.000,0.00,0.00,against_bias
2026.01.15 12:20:00,fvg,-1,4615.923,0.000,0.000,0.000,0.00,0.00,against_bias
2026.01.15 12:55:00,fvg,-1,4615.675,0.000,0.000,0.000,0.00,0.00,against_bias
2026.01.15 13:25:00,fvg,-1,4609.442,0.000,0.000,0.000,0.00,0.00,against_bias
2026.01.15 13:40:00,fvg,-1,4596.995,0.000,0.000,0.000,0.00,0.00,against_bias
2026.01.15 14:15:00,fvg,1,4595.789,0.000,0.000,0.000,0.00,0.00,against_bias
2026.01.15 14:30:00,fvg,1,4602.404,0.000,0.000,0.000,0.00,0.00,against_bias
2026.01.15 15:20:00,fvg,1,4612.370,0.000,0.000,0.000,0.00,0.00,against_bias
2026.01.16 07:10:00,fvg,1,4601.007,0.000,0.000,0.000,0.00,0.00,against_bias
2026.01.16 07:15:00,fvg,1,4606.063,0.000,0.000,0.000,0.00,0.00,against_bias
2026.01.16 07:20:00,fvg,1,4607.319,0.000,0.000,0.000,0.00,0.00,against_bias
2026.01.16 07:30:00,fvg,-1,4606.982,4610.541,4603.285,4599.587,10.33,10.34,signal
2026.01.16 08:40:00,fvg,-1,4606.657,4611.097,0.000,0.000,0.00,0.00,no_room
2026.01.16 08:45:00,fvg,-1,4605.573,4609.447,0.000,0.000,0.00,0.00,no_room
2026.01.16 08:50:00,fvg,-1,4603.236,4607.040,0.000,0.000,0.00,0.00,no_room
2026.01.16 09:25:00,fvg,-1,4604.348,4606.652,0.000,0.000,0.00,0.00,sl_too_tight
2026.01.16 09:30:00,fvg,-1,4602.015,4605.442,0.000,0.000,0.00,0.00,no_room
2026.01.16 09:50:00,fvg,1,4601.336,0.000,0.000,0.000,0.00,0.00,against_bias
2026.01.16 10:10:00,fvg,1,4603.017,0.000,0.000,0.000,0.00,0.00,against_bias
2026.01.16 10:20:00,fvg,1,4606.768,0.000,0.000,0.000,0.00,0.00,against_bias
2026.01.16 11:00:00,fvg,-1,4604.732,4608.961,0.000,0.000,0.00,0.00,no_room
2026.01.16 11:05:00,fvg,-1,4602.685,4608.841,0.000,0.000,0.00,0.00,no_room
2026.01.16 11:20:00,fvg,1,4605.460,0.000,0.000,0.000,0.00,0.00,against_bias
2026.01.16 11:25:00,fvg,1,4608.460,0.000,0.000,0.000,0.00,0.00,against_bias
2026.01.16 11:40:00,fvg,1,4611.876,0.000,0.000,0.000,0.00,0.00,against_bias
2026.01.16 12:05:00,fvg,-1,4612.815,4615.065,0.000,0.000,0.00,0.00,sl_too_tight
2026.01.16 12:30:00,fvg,-1,4607.681,4613.315,0.000,0.000,0.00,0.00,no_room
2026.01.16 12:40:00,fvg,-1,4604.188,4607.994,0.000,0.000,0.00,0.00,no_room
2026.01.16 13:25:00,fvg,-1,4593.092,4599.147,0.000,0.000,0.00,0.00,no_room
2026.01.16 14:10:00,fvg,1,4603.178,0.000,0.000,0.000,0.00,0.00,against_bias
2026.01.16 15:10:00,fvg,1,4615.130,0.000,0.000,0.000,0.00,0.00,against_bias
2026.01.16 15:25:00,fvg,-1,4611.053,4619.923,0.000,0.000,0.00,0.00,no_room
2026.01.16 15:30:00,fvg,-1,4592.947,4618.704,0.000,0.000,0.00,0.00,no_room
2026.01.16 15:35:00,fvg,-1,4570.349,4612.250,0.000,0.000,0.00,0.00,no_room
2026.01.16 15:40:00,fvg,-1,4555.634,4594.217,4514.024,4472.414,0.94,0.94,signal
2026.01.19 07:20:00,fvg,-1,4670.073,0.000,0.000,0.000,0.00,0.00,against_bias
2026.01.19 07:25:00,fvg,-1,4665.875,0.000,0.000,0.000,0.00,0.00,against_bias
2026.01.19 07:35:00,fvg,1,4666.085,4663.406,0.000,0.000,0.00,0.00,sl_too_tight
2026.01.19 08:10:00,fvg,1,4668.205,4661.474,0.000,0.000,0.00,0.00,no_room
2026.01.19 09:00:00,fvg,-1,4664.257,0.000,0.000,0.000,0.00,0.00,against_bias
2026.01.19 09:10:00,fvg,1,4664.479,4661.314,4669.533,4674.586,11.39,11.39,signal
2026.01.19 09:15:00,fvg,1,4664.479,0.000,4669.533,0.000,0.00,0.00,missed_move
2026.01.19 09:20:00,fvg,1,4670.538,4664.150,4678.708,4686.878,5.64,5.65,signal
2026.01.19 11:05:00,fvg,-1,4664.379,4667.218,0.000,0.000,0.00,0.00,sl_too_tight
2026.01.19 11:25:00,fvg,-1,4664.013,4667.022,0.000,0.000,0.00,0.00,no_room
2026.01.19 11:35:00,fvg,1,4664.915,0.000,0.000,0.000,0.00,0.00,against_bias
2026.01.19 12:20:00,fvg,1,4665.758,0.000,0.000,0.000,0.00,0.00,against_bias
2026.01.19 12:25:00,fvg,1,4669.134,0.000,0.000,0.000,0.00,0.00,against_bias
2026.01.19 14:00:00,fvg,-1,4667.074,4669.799,0.000,0.000,0.00,0.00,sl_too_tight
2026.01.19 14:25:00,fvg,1,4666.954,0.000,0.000,0.000,0.00,0.00,against_bias
2026.01.19 15:45:00,fvg,1,4667.262,0.000,0.000,0.000,0.00,0.00,against_bias
2026.01.19 15:50:00,fvg,1,4669.673,0.000,0.000,0.000,0.00,0.00,against_bias
2026.01.19 16:00:00,fvg,1,4672.952,4669.362,0.000,0.000,0.00,0.00,no_room
2026.01.20 08:00:00,fvg,-1,4717.854,0.000,0.000,0.000,0.00,0.00,against_bias
2026.01.20 08:10:00,fvg,1,4718.803,4714.355,4727.699,4736.595,8.02,8.03,signal
2026.01.20 10:35:00,fvg,-1,4729.367,0.000,0.000,0.000,0.00,0.00,against_bias
2026.01.20 10:40:00,fvg,-1,4727.629,0.000,0.000,0.000,0.00,0.00,against_bias
2026.01.20 11:00:00,fvg,1,4725.911,4722.753,4732.227,4738.543,11.64,11.64,signal
2026.01.20 11:45:00,fvg,1,4729.419,4725.459,4737.116,4744.814,9.19,9.19,signal
2026.01.20 13:10:00,fvg,-1,4726.167,0.000,0.000,0.000,0.00,0.00,against_bias
2026.01.20 13:50:00,fvg,1,4727.373,0.000,0.000,0.000,0.00,0.00,against_bias
2026.01.20 14:05:00,fvg,1,4735.719,4726.904,0.000,0.000,0.00,0.00,no_room
2026.01.20 14:40:00,fvg,-1,4740.001,0.000,0.000,0.000,0.00,0.00,against_bias
2026.01.20 15:10:00,fvg,1,4743.339,4734.772,4760.473,4777.607,4.20,4.21,signal
2026.01.20 15:30:00,fvg,-1,4729.652,0.000,0.000,0.000,0.00,0.00,against_bias
2026.01.20 15:55:00,fvg,1,4736.259,4725.279,0.000,0.000,0.00,0.00,no_room
2026.01.21 07:05:00,fvg,-1,4849.329,0.000,0.000,0.000,0.00,0.00,against_bias
2026.01.21 07:10:00,fvg,-1,4844.224,0.000,0.000,0.000,0.00,0.00,against_bias
2026.01.21 07:35:00,fvg,1,4845.715,4831.515,4874.115,4902.514,2.51,2.51,signal
2026.01.21 15:25:00,fvg,-1,4832.880,4867.510,0.000,0.000,0.00,0.00,no_room
2026.01.21 15:40:00,fvg,1,4835.281,0.000,0.000,0.000,0.00,0.00,against_bias
2026.01.21 16:00:00,fvg,1,4846.904,0.000,0.000,0.000,0.00,0.00,against_bias
2026.01.22 07:05:00,fvg,1,4825.664,4820.898,4835.196,4844.728,7.52,7.52,signal
2026.01.22 07:20:00,fvg,1,4825.664,0.000,4835.196,0.000,0.00,0.00,missed_move
2026.01.22 07:50:00,fvg,-1,4833.956,0.000,0.000,0.000,0.00,0.00,against_bias
2026.01.22 08:15:00,fvg,-1,4829.875,0.000,0.000,0.000,0.00,0.00,against_bias
2026.01.22 09:00:00,fvg,1,4829.752,4825.408,4838.440,4847.128,8.25,8.25,signal
2026.01.22 09:40:00,fvg,-1,4826.021,0.000,0.000,0.000,0.00,0.00,against_bias
2026.01.22 10:00:00,fvg,1,4820.033,4814.088,4831.923,4843.812,5.97,5.97,signal
2026.01.22 13:50:00,fvg,-1,4816.102,4825.663,0.000,0.000,0.00,0.00,no_room
2026.01.22 14:00:00,fvg,1,4816.935,0.000,0.000,0.000,0.00,0.00,against_bias
2026.01.22 14:40:00,fvg,1,4833.507,0.000,0.000,0.000,0.00,0.00,against_bias
2026.01.22 15:05:00,fvg,-1,4838.614,0.000,0.000,0.000,0.00,0.00,against_bias
2026.01.22 15:25:00,fvg,1,4841.117,4832.984,4853.257,4865.398,4.38,4.39,signal
2026.01.22 15:30:00,fvg,1,4841.117,0.000,4853.257,0.000,0.00,0.00,missed_move
2026.01.22 15:35:00,fvg,1,4853.380,4840.166,0.000,0.000,0.00,0.00,no_room
2026.01.22 15:40:00,fvg,1,4860.526,4841.525,0.000,0.000,0.00,0.00,no_room
2026.01.22 16:00:00,fvg,1,4867.933,4859.835,0.000,0.000,0.00,0.00,no_room
2026.01.23 07:45:00,fvg,-1,4953.793,0.000,0.000,0.000,0.00,0.00,against_bias
2026.01.23 07:50:00,fvg,-1,4950.428,0.000,0.000,0.000,0.00,0.00,against_bias
2026.01.23 08:20:00,fvg,-1,4942.950,4948.116,0.000,0.000,0.00,0.00,no_room
2026.01.23 08:25:00,fvg,-1,4939.086,4947.534,0.000,0.000,0.00,0.00,no_room
2026.01.23 08:30:00,fvg,-1,4921.189,4943.728,0.000,0.000,0.00,0.00,no_room
2026.01.23 08:35:00,fvg,-1,4920.248,4939.877,0.000,0.000,0.00,0.00,no_room
2026.01.23 08:55:00,fvg,-1,4919.435,4927.248,4906.832,4894.229,4.56,4.57,signal
2026.01.23 10:30:00,fvg,1,4926.228,0.000,0.000,0.000,0.00,0.00,against_bias
2026.01.23 11:10:00,fvg,-1,4920.768,4930.973,4906.425,4892.083,3.50,3.51,signal
2026.01.23 12:10:00,fvg,1,4929.354,0.000,0.000,0.000,0.00,0.00,against_bias
2026.01.23 12:15:00,fvg,1,4932.276,4917.819,0.000,0.000,0.00,0.00,no_room
2026.01.23 13:20:00,fvg,-1,4940.569,0.000,0.000,0.000,0.00,0.00,against_bias
2026.01.23 13:30:00,fvg,-1,4934.070,0.000,0.000,0.000,0.00,0.00,against_bias
2026.01.23 13:55:00,fvg,1,4935.543,4927.661,4951.307,4967.070,4.49,4.49,signal
2026.01.26 07:05:00,fvg,-1,5082.548,0.000,0.000,0.000,0.00,0.00,against_bias
2026.01.26 07:15:00,fvg,1,5087.033,5073.081,0.000,0.000,0.00,0.00,no_room
2026.01.26 07:45:00,fvg,-1,5090.958,0.000,0.000,0.000,0.00,0.00,against_bias
2026.01.26 08:50:00,fvg,-1,5093.889,0.000,0.000,0.000,0.00,0.00,against_bias
2026.01.26 08:55:00,fvg,-1,5089.643,0.000,0.000,0.000,0.00,0.00,against_bias
2026.01.26 09:00:00,fvg,-1,5084.703,0.000,0.000,0.000,0.00,0.00,against_bias
2026.01.26 09:10:00,fvg,1,5088.357,5080.682,0.000,0.000,0.00,0.00,no_room
2026.01.26 09:35:00,fvg,1,5095.058,5087.589,5109.996,5124.933,4.88,4.89,signal
2026.01.26 09:45:00,fvg,-1,5093.526,0.000,0.000,0.000,0.00,0.00,against_bias
2026.01.26 09:50:00,fvg,-1,5093.160,0.000,0.000,0.000,0.00,0.00,against_bias
2026.01.26 09:55:00,fvg,-1,5086.091,0.000,0.000,0.000,0.00,0.00,against_bias
2026.01.26 10:20:00,fvg,1,5087.117,5078.666,0.000,0.000,0.00,0.00,no_room
2026.01.26 10:40:00,fvg,1,5090.297,5085.264,0.000,0.000,0.00,0.00,no_room
2026.01.26 11:20:00,fvg,-1,5088.645,0.000,0.000,0.000,0.00,0.00,against_bias
2026.01.26 11:25:00,fvg,-1,5085.164,0.000,0.000,0.000,0.00,0.00,against_bias
2026.01.26 11:45:00,fvg,1,5089.343,5083.323,0.000,0.000,0.00,0.00,no_room
2026.01.26 13:05:00,fvg,-1,5080.715,0.000,0.000,0.000,0.00,0.00,against_bias
2026.01.26 13:40:00,fvg,-1,5065.476,5076.699,5053.107,5040.738,3.21,3.22,signal
2026.01.26 14:30:00,fvg,1,5073.974,0.000,0.000,0.000,0.00,0.00,against_bias
2026.01.26 15:00:00,fvg,1,5090.617,0.000,0.000,0.000,0.00,0.00,against_bias
2026.01.26 15:55:00,fvg,1,5083.584,0.000,0.000,0.000,0.00,0.00,against_bias
2026.01.26 16:00:00,fvg,1,5089.251,0.000,0.000,0.000,0.00,0.00,against_bias
2026.01.27 07:05:00,fvg,-1,5087.732,0.000,0.000,0.000,0.00,0.00,against_bias
2026.01.27 07:40:00,fvg,1,5091.049,5080.908,0.000,0.000,0.00,0.00,no_room
2026.01.27 08:05:00,fvg,-1,5088.356,0.000,0.000,0.000,0.00,0.00,against_bias
2026.01.27 08:35:00,fvg,-1,5079.234,0.000,0.000,0.000,0.00,0.00,against_bias
2026.01.27 09:25:00,fvg,1,5084.926,5080.935,5092.623,5100.319,8.96,8.96,signal
2026.01.27 09:40:00,fvg,1,5084.926,0.000,5092.623,0.000,0.00,0.00,missed_move
2026.01.27 10:00:00,fvg,1,5092.330,5082.493,0.000,0.000,0.00,0.00,no_room
2026.01.27 10:30:00,fvg,-1,5090.956,0.000,0.000,0.000,0.00,0.00,against_bias
2026.01.27 11:55:00,fvg,-1,5077.336,0.000,0.000,0.000,0.00,0.00,against_bias
2026.01.27 12:40:00,fvg,1,5085.664,5073.922,0.000,0.000,0.00,0.00,no_room
2026.01.27 14:10:00,fvg,-1,5070.777,0.000,0.000,0.000,0.00,0.00,against_bias
2026.01.27 15:40:00,fvg,1,5077.255,0.000,0.000,0.000,0.00,0.00,against_bias
2026.01.27 15:55:00,fvg,1,5083.343,0.000,0.000,0.000,0.00,0.00,against_bias
2026.01.28 07:15:00,fvg,1,5270.210,5262.319,5285.992,5301.774,4.53,4.53,signal
2026.01.28 07:50:00,fvg,1,5270.210,0.000,5285.992,0.000,0.00,0.00,missed_move
2026.01.28 07:55:00,fvg,1,5284.586,5277.009,5299.740,5314.893,4.72,4.72,signal
2026.01.28 08:10:00,fvg,1,5284.586,0.000,5299.740,0.000,0.00,0.00,missed_move
2026.01.28 08:35:00,fvg,1,5298.255,5290.439,5313.887,5329.519,4.57,4.58,signal
2026.01.28 08:50:00,fvg,-1,5290.037,0.000,0.000,0.000,0.00,0.00,against_bias
2026.01.28 09:00:00,fvg,1,5290.739,5279.939,5312.339,5333.938,3.27,3.28,signal
2026.01.28 09:20:00,fvg,-1,5282.100,0.000,0.000,0.000,0.00,0.00,against_bias
2026.01.28 09:25:00,fvg,-1,5279.441,0.000,0.000,0.000,0.00,0.00,against_bias
2026.01.28 10:00:00,fvg,1,5275.038,5265.981,5293.152,5311.265,3.87,3.87,signal
2026.01.28 11:05:00,fvg,-1,5270.792,0.000,0.000,0.000,0.00,0.00,against_bias
2026.01.28 11:10:00,fvg,-1,5256.332,0.000,0.000,0.000,0.00,0.00,against_bias
2026.01.28 11:50:00,fvg,1,5260.704,0.000,0.000,0.000,0.00,0.00,against_bias
2026.01.28 12:10:00,fvg,-1,5256.537,5264.934,5239.742,5222.948,4.13,4.13,signal
2026.01.29 08:10:00,fvg,-1,5539.415,0.000,0.000,0.000,0.00,0.00,against_bias
2026.01.29 08:50:00,fvg,-1,5507.260,5529.915,5461.951,5416.641,1.51,1.52,signal
2026.01.29 12:20:00,fvg,1,5531.896,0.000,0.000,0.000,0.00,0.00,against_bias
2026.01.29 12:45:00,fvg,-1,5535.111,5543.237,5518.858,5502.605,4.18,4.19,signal
2026.01.29 14:15:00,fvg,1,5526.663,0.000,0.000,0.000,0.00,0.00,against_bias
2026.01.29 15:05:00,fvg,-1,5497.341,0.000,0.000,0.000,0.00,0.00,against_bias
2026.01.29 15:10:00,fvg,-1,5472.115,0.000,0.000,0.000,0.00,0.00,against_bias
2026.01.29 15:15:00,fvg,-1,5428.558,5500.409,5284.856,5141.153,0.48,0.49,signal
2026.01.29 15:20:00,fvg,-1,5428.558,0.000,5284.856,0.000,0.00,0.00,missed_move
2026.01.29 15:35:00,fvg,-1,5257.786,5374.401,0.000,0.000,0.00,0.00,no_room
2026.01.30 07:15:00,fvg,1,5166.067,0.000,0.000,0.000,0.00,0.00,against_bias
2026.01.30 07:40:00,fvg,-1,5152.265,5183.508,5114.263,5076.262,1.12,1.12,signal
2026.01.30 08:40:00,fvg,-1,5098.321,5173.083,0.000,0.000,0.00,0.00,no_room
2026.01.30 08:55:00,fvg,1,5108.799,0.000,0.000,0.000,0.00,0.00,against_bias
2026.01.30 09:15:00,fvg,-1,5070.042,5136.378,0.000,0.000,0.00,0.00,no_room
2026.01.30 09:50:00,fvg,-1,4999.407,5068.730,0.000,0.000,0.00,0.00,no_room
2026.01.30 10:05:00,fvg,1,5010.057,0.000,0.000,0.000,0.00,0.00,against_bias
2026.01.30 10:25:00,fvg,1,5047.617,0.000,0.000,0.000,0.00,0.00,against_bias
2026.01.30 11:50:00,fvg,-1,5121.766,5139.923,0.000,0.000,0.00,0.00,no_room
2026.01.30 12:05:00,fvg,1,5125.942,0.000,0.000,0.000,0.00,0.00,against_bias
2026.01.30 12:45:00,fvg,-1,5117.524,5138.156,0.000,0.000,0.00,0.00,no_room
2026.01.30 12:55:00,fvg,-1,5096.215,5119.887,0.000,0.000,0.00,0.00,no_room
2026.01.30 13:30:00,fvg,-1,5039.111,5079.721,0.000,0.000,0.00,0.00,no_room
2026.01.30 13:55:00,fvg,-1,5011.385,5051.360,0.000,0.000,0.00,0.00,no_room
2026.01.30 14:05:00,fvg,1,5017.418,0.000,0.000,0.000,0.00,0.00,against_bias
2026.01.30 14:10:00,fvg,1,5043.078,0.000,0.000,0.000,0.00,0.00,against_bias
2026.01.30 14:30:00,fvg,1,5062.425,0.000,0.000,0.000,0.00,0.00,against_bias
2026.01.30 14:40:00,fvg,1,5078.294,0.000,0.000,0.000,0.00,0.00,against_bias
2026.01.30 15:00:00,fvg,-1,5054.601,5100.834,0.000,0.000,0.00,0.00,no_room
2026.01.30 15:05:00,fvg,-1,5034.821,5101.076,0.000,0.000,0.00,0.00,no_room
2026.01.30 15:20:00,fvg,1,5027.196,0.000,0.000,0.000,0.00,0.00,against_bias
2026.01.30 15:45:00,fvg,1,5057.455,0.000,0.000,0.000,0.00,0.00,against_bias
2026.02.02 07:45:00,fvg,1,4567.392,0.000,0.000,0.000,0.00,0.00,against_bias
2026.02.02 07:50:00,fvg,1,4582.996,0.000,0.000,0.000,0.00,0.00,against_bias
2026.02.02 08:15:00,fvg,1,4603.552,0.000,0.000,0.000,0.00,0.00,against_bias
2026.02.02 08:25:00,fvg,1,4629.793,0.000,0.000,0.000,0.00,0.00,against_bias
2026.02.02 08:50:00,fvg,1,4633.488,0.000,0.000,0.000,0.00,0.00,against_bias
2026.02.02 09:35:00,fvg,1,4684.463,0.000,0.000,0.000,0.00,0.00,against_bias
2026.02.02 10:30:00,fvg,-1,4691.803,0.000,0.000,0.000,0.00,0.00,against_bias
2026.02.02 11:00:00,fvg,1,4694.264,4654.955,0.000,0.000,0.00,0.00,no_room
2026.02.02 11:05:00,fvg,1,4703.605,4666.717,0.000,0.000,0.00,0.00,no_room
2026.02.02 11:20:00,fvg,1,4740.562,4708.618,0.000,0.000,0.00,0.00,no_room
2026.02.02 11:45:00,fvg,1,4769.770,4745.762,0.000,0.000,0.00,0.00,no_room
2026.02.02 12:50:00,fvg,1,4784.858,4768.504,4807.876,4830.894,2.12,2.12,signal
2026.02.02 13:25:00,fvg,-1,4760.954,0.000,0.000,0.000,0.00,0.00,against_bias
2026.02.02 13:40:00,fvg,-1,4715.344,0.000,0.000,0.000,0.00,0.00,against_bias
2026.02.02 13:45:00,fvg,-1,4694.377,0.000,0.000,0.000,0.00,0.00,against_bias
2026.02.02 14:25:00,fvg,-1,4702.245,0.000,0.000,0.000,0.00,0.00,against_bias
2026.02.02 14:35:00,fvg,1,4709.494,4676.909,0.000,0.000,0.00,0.00,no_room
2026.02.02 14:40:00,fvg,1,4750.097,4688.952,0.000,0.000,0.00,0.00,no_room
2026.02.02 14:55:00,fvg,-1,4748.019,0.000,0.000,0.000,0.00,0.00,against_bias
2026.02.02 15:55:00,fvg,-1,4663.436,0.000,0.000,0.000,0.00,0.00,against_bias
2026.02.02 16:00:00,fvg,-1,4644.776,4681.269,0.000,0.000,0.00,0.00,no_room
2026.02.03 07:15:00,fvg,1,4882.546,4870.333,0.000,0.000,0.00,0.00,no_room
2026.02.03 07:35:00,fvg,1,4898.549,4880.086,4930.987,4963.425,1.85,1.86,signal
2026.02.03 07:40:00,fvg,1,4898.549,0.000,4930.987,0.000,0.00,0.00,missed_move
2026.02.03 08:20:00,fvg,1,4927.451,4897.054,0.000,0.000,0.00,0.00,no_room
2026.02.03 09:05:00,fvg,-1,4922.616,0.000,0.000,0.000,0.00,0.00,against_bias
2026.02.03 09:45:00,fvg,1,4911.395,4883.325,0.000,0.000,0.00,0.00,no_room
2026.02.03 09:50:00,fvg,1,4918.894,4895.330,0.000,0.000,0.00,0.00,no_room
2026.02.03 11:05:00,fvg,-1,4903.351,0.000,0.000,0.000,0.00,0.00,against_bias
2026.02.03 11:15:00,fvg,1,4906.018,4888.887,4931.519,4957.019,2.00,2.00,signal
2026.02.03 11:25:00,fvg,-1,4899.437,0.000,0.000,0.000,0.00,0.00,against_bias
2026.02.03 11:40:00,fvg,1,4910.726,4883.611,0.000,0.000,0.00,0.00,no_room
2026.02.03 12:05:00,fvg,1,4910.215,4897.608,4931.037,4951.858,2.69,2.70,signal
2026.02.03 12:10:00,fvg,1,4910.215,0.000,4931.037,0.000,0.00,0.00,missed_move
2026.02.03 12:25:00,fvg,-1,4913.333,0.000,0.000,0.000,0.00,0.00,against_bias
2026.02.03 12:30:00,fvg,-1,4907.133,0.000,0.000,0.000,0.00,0.00,against_bias
2026.02.03 12:40:00,fvg,1,4910.752,4890.925,4931.106,4951.460,1.71,1.71,signal
2026.02.04 07:10:00,fvg,-1,5070.975,0.000,0.000,0.000,0.00,0.00,against_bias
2026.02.04 07:25:00,fvg,1,5068.188,5061.218,5078.880,5089.573,4.95,4.95,signal
2026.02.04 07:30:00,fvg,1,5068.188,0.000,5078.880,0.000,0.00,0.00,missed_move
2026.02.04 07:40:00,fvg,-1,5074.475,0.000,0.000,0.000,0.00,0.00,against_bias
2026.02.04 07:50:00,fvg,1,5080.162,5065.764,0.000,0.000,0.00,0.00,no_room
2026.02.04 08:40:00,fvg,-1,5078.374,0.000,0.000,0.000,0.00,0.00,against_bias
2026.02.04 09:20:00,fvg,-1,5069.322,0.000,0.000,0.000,0.00,0.00,against_bias
2026.02.04 09:25:00,fvg,-1,5065.964,0.000,0.000,0.000,0.00,0.00,against_bias
2026.02.04 10:10:00,fvg,-1,5054.026,0.000,0.000,0.000,0.00,0.00,against_bias
2026.02.04 11:20:00,fvg,-1,5044.229,5050.305,5032.077,5019.924,5.68,5.68,signal
2026.02.04 11:25:00,fvg,-1,5044.229,0.000,5032.077,0.000,0.00,0.00,missed_move
2026.02.04 12:00:00,fvg,1,5044.878,0.000,0.000,0.000,0.00,0.00,against_bias
2026.02.04 12:05:00,fvg,1,5046.921,0.000,0.000,0.000,0.00,0.00,against_bias
2026.02.04 12:15:00,fvg,-1,5046.127,5056.258,5025.865,5005.603,3.40,3.41,signal
2026.02.04 12:40:00,fvg,1,5050.319,0.000,0.000,0.000,0.00,0.00,against_bias
2026.02.04 13:00:00,fvg,-1,5047.806,5059.045,0.000,0.000,0.00,0.00,no_room
2026.02.04 13:25:00,fvg,1,5036.475,0.000,0.000,0.000,0.00,0.00,against_bias
2026.02.04 14:00:00,fvg,1,5052.499,0.000,0.000,0.000,0.00,0.00,against_bias
2026.02.04 14:40:00,fvg,-1,5022.809,5042.345,0.000,0.000,0.00,0.00,no_room
2026.02.04 14:45:00,fvg,-1,4998.350,5039.827,0.000,0.000,0.00,0.00,no_room
2026.02.04 15:40:00,fvg,-1,4927.868,4979.237,0.000,0.000,0.00,0.00,no_room
2026.02.04 15:50:00,fvg,1,4931.657,0.000,0.000,0.000,0.00,0.00,against_bias
2026.02.05 07:10:00,fvg,1,4922.517,4896.971,0.000,0.000,0.00,0.00,no_room
2026.02.05 07:40:00,fvg,-1,4921.065,0.000,0.000,0.000,0.00,0.00,against_bias
2026.02.05 07:45:00,fvg,-1,4911.213,0.000,0.000,0.000,0.00,0.00,against_bias
2026.02.05 08:20:00,fvg,1,4931.163,4911.352,0.000,0.000,0.00,0.00,no_room
2026.02.05 08:35:00,fvg,-1,4929.485,0.000,0.000,0.000,0.00,0.00,against_bias
2026.02.05 08:55:00,fvg,-1,4917.394,0.000,0.000,0.000,0.00,0.00,against_bias
2026.02.05 09:10:00,fvg,-1,4888.544,0.000,0.000,0.000,0.00,0.00,against_bias
2026.02.05 09:20:00,fvg,-1,4873.926,4890.062,4856.713,4839.500,2.11,2.12,signal
2026.02.05 10:00:00,fvg,-1,4870.272,4895.795,0.000,0.000,0.00,0.00,no_room
2026.02.05 10:20:00,fvg,1,4864.157,0.000,0.000,0.000,0.00,0.00,against_bias
2026.02.05 10:45:00,fvg,1,4865.995,0.000,0.000,0.000,0.00,0.00,against_bias
2026.02.05 10:50:00,fvg,1,4875.254,0.000,0.000,0.000,0.00,0.00,against_bias
2026.02.05 11:45:00,fvg,-1,4879.890,4894.262,4856.264,4832.638,2.35,2.35,signal
2026.02.05 12:20:00,fvg,-1,4845.691,4866.177,0.000,0.000,0.00,0.00,no_room
2026.02.05 12:25:00,fvg,-1,4831.784,4852.415,0.000,0.000,0.00,0.00,no_room
2026.02.05 12:35:00,fvg,1,4840.131,0.000,0.000,0.000,0.00,0.00,against_bias
2026.02.05 13:10:00,fvg,-1,4826.712,4863.849,0.000,0.000,0.00,0.00,no_room
2026.02.05 13:30:00,fvg,1,4850.810,0.000,0.000,0.000,0.00,0.00,against_bias
2026.02.05 13:50:00,fvg,-1,4836.775,4867.131,0.000,0.000,0.00,0.00,no_room
2026.02.05 14:30:00,fvg,1,4828.428,0.000,0.000,0.000,0.00,0.00,against_bias
2026.02.05 14:45:00,fvg,1,4849.694,0.000,0.000,0.000,0.00,0.00,against_bias
2026.02.05 15:35:00,fvg,-1,4825.589,4846.892,0.000,0.000,0.00,0.00,no_room
2026.02.06 08:05:00,fvg,-1,4844.979,0.000,0.000,0.000,0.00,0.00,against_bias
2026.02.06 08:20:00,fvg,1,4848.189,4832.271,0.000,0.000,0.00,0.00,no_room
2026.02.06 08:25:00,fvg,1,4854.638,4840.348,0.000,0.000,0.00,0.00,no_room
2026.02.06 08:30:00,fvg,1,4865.760,4847.141,0.000,0.000,0.00,0.00,no_room
2026.02.06 08:45:00,fvg,-1,4863.418,0.000,0.000,0.000,0.00,0.00,against_bias
2026.02.06 09:10:00,fvg,-1,4854.274,0.000,0.000,0.000,0.00,0.00,against_bias
2026.02.06 09:30:00,fvg,1,4856.152,4836.712,0.000,0.000,0.00,0.00,no_room
2026.02.06 10:10:00,fvg,1,4870.409,4858.522,0.000,0.000,0.00,0.00,no_room
2026.02.06 10:25:00,fvg,-1,4866.671,0.000,0.000,0.000,0.00,0.00,against_bias
2026.02.06 10:30:00,fvg,-1,4860.216,0.000,0.000,0.000,0.00,0.00,against_bias
2026.02.06 10:40:00,fvg,1,4865.461,4850.552,0.000,0.000,0.00,0.00,no_room
2026.02.06 10:45:00,fvg,1,4871.771,4852.076,0.000,0.000,0.00,0.00,no_room
2026.02.06 11:20:00,fvg,1,4878.706,4862.850,0.000,0.000,0.00,0.00,no_room
2026.02.06 12:25:00,fvg,-1,4888.586,0.000,0.000,0.000,0.00,0.00,against_bias
2026.02.06 12:30:00,fvg,-1,4880.026,0.000,0.000,0.000,0.00,0.00,against_bias
2026.02.06 12:40:00,fvg,1,4882.026,4870.050,0.000,0.000,0.00,0.00,no_room
2026.02.06 12:50:00,fvg,1,4894.056,4881.044,0.000,0.000,0.00,0.00,no_room
2026.02.06 12:55:00,fvg,1,4896.516,4884.839,0.000,0.000,0.00,0.00,no_room
2026.02.06 13:10:00,fvg,1,4909.429,4895.284,4931.229,4953.028,2.45,2.45,signal
2026.02.06 14:30:00,fvg,-1,4908.118,0.000,0.000,0.000,0.00,0.00,against_bias
2026.02.06 14:40:00,fvg,1,4924.870,4893.025,0.000,0.000,0.00,0.00,no_room
2026.02.09 07:10:00,fvg,-1,5029.376,0.000,0.000,0.000,0.00,0.00,against_bias
2026.02.09 07:15:00,fvg,-1,5021.899,0.000,0.000,0.000,0.00,0.00,against_bias
2026.02.09 07:20:00,fvg,-1,5015.104,0.000,0.000,0.000,0.00,0.00,against_bias
2026.02.09 07:55:00,fvg,-1,5008.131,0.000,0.000,0.000,0.00,0.00,against_bias
2026.02.09 08:10:00,fvg,1,5013.307,0.000,0.000,0.000,0.00,0.00,against_bias
2026.02.09 08:25:00,fvg,1,5023.641,0.000,0.000,0.000,0.00,0.00,against_bias
2026.02.09 09:20:00,fvg,-1,5026.525,5036.624,0.000,0.000,0.00,0.00,no_room
2026.02.09 10:35:00,fvg,-1,4993.484,5015.121,0.000,0.000,0.00,0.00,no_room
2026.02.09 11:30:00,fvg,1,4999.279,0.000,0.000,0.000,0.00,0.00,against_bias
2026.02.09 14:40:00,fvg,1,5026.211,0.000,0.000,0.000,0.00,0.00,against_bias
2026.02.09 15:40:00,fvg,1,5048.472,5028.958,0.000,0.000,0.00,0.00,no_room
2026.02.10 07:30:00,fvg,-1,5026.653,5032.779,0.000,0.000,0.00,0.00,no_room
2026.02.10 08:45:00,fvg,1,5043.220,5033.467,0.000,0.000,0.00,0.00,no_room
2026.02.10 08:50:00,fvg,1,5047.329,5037.106,0.000,0.000,0.00,0.00,no_room
2026.02.10 09:00:00,fvg,-1,5047.314,0.000,0.000,0.000,0.00,0.00,against_bias
2026.02.10 09:10:00,fvg,1,5048.227,5038.036,0.000,0.000,0.00,0.00,no_room
2026.02.10 09:40:00,fvg,-1,5049.491,0.000,0.000,0.000,0.00,0.00,against_bias
2026.02.10 10:10:00,fvg,1,5047.689,5041.392,5055.741,5063.793,5.51,5.52,signal
2026.02.10 10:20:00,fvg,-1,5041.945,0.000,0.000,0.000,0.00,0.00,against_bias
2026.02.10 10:30:00,fvg,1,5046.799,5036.399,0.000,0.000,0.00,0.00,no_room
2026.02.10 11:00:00,fvg,-1,5049.778,0.000,0.000,0.000,0.00,0.00,against_bias
2026.02.10 11:05:00,fvg,-1,5048.191,0.000,0.000,0.000,0.00,0.00,against_bias
2026.02.10 11:15:00,fvg,1,5049.455,5043.764,5055.841,5062.227,6.04,6.05,signal
2026.02.10 12:15:00,fvg,-1,5046.662,0.000,0.000,0.000,0.00,0.00,against_bias
2026.02.10 12:50:00,fvg,-1,5029.520,5047.486,0.000,0.000,0.00,0.00,no_room
2026.02.10 13:20:00,fvg,1,5039.635,0.000,0.000,0.000,0.00,0.00,against_bias
2026.02.10 13:30:00,fvg,-1,5039.292,5046.933,0.000,0.000,0.00,0.00,no_room
2026.02.10 13:40:00,fvg,1,5046.478,0.000,0.000,0.000,0.00,0.00,against_bias
2026.02.10 14:25:00,fvg,1,5067.455,0.000,0.000,0.000,0.00,0.00,against_bias
2026.02.10 14:45:00,fvg,-1,5064.073,0.000,0.000,0.000,0.00,0.00,against_bias
2026.02.10 14:50:00,fvg,-1,5056.483,0.000,0.000,0.000,0.00,0.00,against_bias
2026.02.10 14:55:00,fvg,-1,5040.794,0.000,0.000,0.000,0.00,0.00,against_bias
2026.02.10 15:35:00,fvg,-1,5037.521,0.000,0.000,0.000,0.00,0.00,against_bias
2026.02.10 15:45:00,fvg,-1,5019.876,5038.938,0.000,0.000,0.00,0.00,no_room
2026.02.11 08:50:00,fvg,1,5052.122,5045.893,0.000,0.000,0.00,0.00,no_room
2026.02.11 09:40:00,fvg,1,5057.700,5052.192,0.000,0.000,0.00,0.00,no_room
2026.02.11 09:50:00,fvg,1,5063.562,5055.911,0.000,0.000,0.00,0.00,no_room
2026.02.11 10:00:00,fvg,-1,5063.449,0.000,0.000,0.000,0.00,0.00,against_bias
2026.02.11 10:10:00,fvg,1,5064.398,5059.355,0.000,0.000,0.00,0.00,no_room
2026.02.11 10:20:00,fvg,1,5068.305,5063.925,0.000,0.000,0.00,0.00,no_room
2026.02.11 10:25:00,fvg,1,5071.860,5064.716,0.000,0.000,0.00,0.00,no_room
2026.02.11 10:45:00,fvg,1,5073.012,5067.759,0.000,0.000,0.00,0.00,no_room
2026.02.11 10:50:00,fvg,1,5091.237,5067.713,0.000,0.000,0.00,0.00,no_room
2026.02.11 11:25:00,fvg,1,5095.219,5087.693,0.000,0.000,0.00,0.00,no_room
2026.02.11 11:55:00,fvg,1,5111.508,5100.728,0.000,0.000,0.00,0.00,no_room
2026.02.11 12:10:00,fvg,-1,5106.908,0.000,0.000,0.000,0.00,0.00,against_bias
2026.02.11 12:25:00,fvg,-1,5097.583,0.000,0.000,0.000,0.00,0.00,against_bias
2026.02.11 12:40:00,fvg,-1,5086.952,0.000,0.000,0.000,0.00,0.00,against_bias
2026.02.11 12:50:00,fvg,-1,5075.359,0.000,0.000,0.000,0.00,0.00,against_bias
2026.02.11 13:40:00,fvg,-1,5068.015,0.000,0.000,0.000,0.00,0.00,against_bias
2026.02.11 14:45:00,fvg,-1,5049.296,5077.930,0.000,0.000,0.00,0.00,no_room
2026.02.11 15:00:00,fvg,1,5055.904,0.000,0.000,0.000,0.00,0.00,against_bias
2026.02.11 15:30:00,fvg,-1,5055.803,5075.941,0.000,0.000,0.00,0.00,no_room
2026.02.11 16:00:00,fvg,1,5058.607,0.000,0.000,0.000,0.00,0.00,against_bias
2026.02.12 07:15:00,fvg,1,5061.180,5051.094,0.000,0.000,0.00,0.00,no_room
2026.02.12 08:05:00,fvg,1,5063.414,5057.111,0.000,0.000,0.00,0.00,no_room
2026.02.12 08:10:00,fvg,1,5068.060,5058.293,0.000,0.000,0.00,0.00,no_room
2026.02.12 08:35:00,fvg,-1,5060.816,0.000,0.000,0.000,0.00,0.00,against_bias
2026.02.12 09:00:00,fvg,1,5065.659,5059.766,0.000,0.000,0.00,0.00,no_room
2026.02.12 09:10:00,fvg,1,5072.084,5065.119,0.000,0.000,0.00,0.00,no_room
2026.02.12 10:15:00,fvg,-1,5069.709,0.000,0.000,0.000,0.00,0.00,against_bias
2026.02.12 10:20:00,fvg,-1,5066.272,0.000,0.000,0.000,0.00,0.00,against_bias
2026.02.12 10:55:00,fvg,-1,5060.676,0.000,0.000,0.000,0.00,0.00,against_bias
2026.02.12 11:55:00,fvg,1,5064.353,5061.668,0.000,0.000,0.00,0.00,sl_too_tight
2026.02.12 12:15:00,fvg,-1,5062.506,0.000,0.000,0.000,0.00,0.00,against_bias
2026.02.12 12:40:00,fvg,1,5063.805,5059.751,0.000,0.000,0.00,0.00,no_room
2026.02.12 12:50:00,fvg,-1,5058.648,0.000,0.000,0.000,0.00,0.00,against_bias
2026.02.12 13:15:00,fvg,1,5060.903,0.000,0.000,0.000,0.00,0.00,against_bias
2026.02.12 13:20:00,fvg,1,5064.034,0.000,0.000,0.000,0.00,0.00,against_bias
2026.02.12 13:25:00,fvg,1,5068.591,0.000,0.000,0.000,0.00,0.00,against_bias
2026.02.12 13:55:00,fvg,1,5077.884,0.000,0.000,0.000,0.00,0.00,against_bias
2026.02.12 14:05:00,fvg,-1,5077.594,5084.473,0.000,0.000,0.00,0.00,no_room
2026.02.12 15:15:00,fvg,1,5057.593,0.000,0.000,0.000,0.00,0.00,against_bias
2026.02.12 15:20:00,fvg,1,5064.438,0.000,0.000,0.000,0.00,0.00,against_bias
2026.02.13 07:25:00,fvg,1,4965.530,4949.954,0.000,0.000,0.00,0.00,no_room
2026.02.13 07:40:00,fvg,1,4973.034,4963.478,4987.366,5001.698,3.60,3.60,signal
2026.02.13 09:35:00,fvg,-1,4971.740,0.000,0.000,0.000,0.00,0.00,against_bias
2026.02.13 09:50:00,fvg,1,4970.059,4963.788,0.000,0.000,0.00,0.00,no_room
2026.02.13 11:05:00,fvg,-1,4952.384,0.000,0.000,0.000,0.00,0.00,against_bias
2026.02.13 12:00:00,fvg,1,4949.141,0.000,0.000,0.000,0.00,0.00,against_bias
2026.02.13 12:05:00,fvg,1,4951.836,0.000,0.000,0.000,0.00,0.00,against_bias
2026.02.13 12:10:00,fvg,1,4956.546,0.000,0.000,0.000,0.00,0.00,against_bias
2026.02.13 12:25:00,fvg,1,4966.742,0.000,0.000,0.000,0.00,0.00,against_bias
2026.02.13 13:15:00,fvg,-1,4969.418,4976.904,0.000,0.000,0.00,0.00,no_room
2026.02.13 13:40:00,fvg,1,4984.202,0.000,0.000,0.000,0.00,0.00,against_bias
2026.02.13 14:45:00,fvg,-1,4992.602,0.000,0.000,0.000,0.00,0.00,against_bias
2026.02.13 15:35:00,fvg,1,5007.043,4993.391,5022.365,5037.686,2.52,2.53,signal
2026.02.13 15:55:00,fvg,-1,5000.105,0.000,0.000,0.000,0.00,0.00,against_bias
2026.02.13 16:00:00,fvg,-1,4987.907,0.000,0.000,0.000,0.00,0.00,against_bias
2026.02.16 07:05:00,fvg,-1,4995.203,4999.050,0.000,0.000,0.00,0.00,no_room
2026.02.16 07:30:00,fvg,1,4996.571,0.000,0.000,0.000,0.00,0.00,against_bias
2026.02.16 07:50:00,fvg,1,5000.945,0.000,0.000,0.000,0.00,0.00,against_bias
2026.02.16 07:55:00,fvg,1,5006.124,0.000,0.000,0.000,0.00,0.00,against_bias
2026.02.16 08:15:00,fvg,-1,5006.489,5013.924,0.000,0.000,0.00,0.00,no_room
2026.02.16 08:20:00,fvg,-1,5003.346,5012.782,0.000,0.000,0.00,0.00,no_room
2026.02.16 09:05:00,fvg,1,5007.737,0.000,0.000,0.000,0.00,0.00,against_bias
2026.02.16 10:10:00,fvg,-1,5013.145,5017.613,0.000,0.000,0.00,0.00,no_room
2026.02.16 10:15:00,fvg,-1,5011.997,5017.548,0.000,0.000,0.00,0.00,no_room
2026.02.16 11:05:00,fvg,-1,5007.072,5010.132,0.000,0.000,0.00,0.00,no_room
2026.02.16 11:10:00,fvg,-1,5005.221,5008.933,0.000,0.000,0.00,0.00,no_room
2026.02.16 11:15:00,fvg,-1,5002.725,5007.522,0.000,0.000,0.00,0.00,no_room
2026.02.16 12:20:00,fvg,-1,4999.157,5004.220,0.000,0.000,0.00,0.00,no_room
2026.02.16 12:40:00,fvg,1,5002.867,0.000,0.000,0.000,0.00,0.00,against_bias
2026.02.16 13:20:00,fvg,-1,5000.425,5003.821,0.000,0.000,0.00,0.00,no_room
2026.02.16 14:45:00,fvg,-1,4991.881,4994.942,0.000,0.000,0.00,0.00,no_room
2026.02.16 15:10:00,fvg,-1,4979.538,4988.945,4969.511,4959.484,3.63,3.63,signal
2026.02.17 07:45:00,fvg,1,4916.905,0.000,0.000,0.000,0.00,0.00,against_bias
2026.02.17 08:55:00,fvg,1,4920.516,0.000,0.000,0.000,0.00,0.00,against_bias
2026.02.17 10:00:00,fvg,1,4925.717,0.000,0.000,0.000,0.00,0.00,against_bias
2026.02.17 10:20:00,fvg,1,4931.370,4925.716,0.000,0.000,0.00,0.00,no_room
2026.02.17 10:35:00,fvg,-1,4928.299,0.000,0.000,0.000,0.00,0.00,against_bias
2026.02.17 10:40:00,fvg,-1,4927.095,0.000,0.000,0.000,0.00,0.00,against_bias
2026.02.17 10:55:00,fvg,-1,4918.344,0.000,0.000,0.000,0.00,0.00,against_bias
2026.02.17 11:00:00,fvg,-1,4914.088,0.000,0.000,0.000,0.00,0.00,against_bias
2026.02.17 11:10:00,fvg,1,4918.636,4909.227,4929.635,4940.633,3.59,3.60,signal
2026.02.17 11:25:00,fvg,1,4918.636,0.000,4929.635,0.000,0.00,0.00,missed_move
2026.02.17 13:10:00,fvg,-1,4928.605,0.000,0.000,0.000,0.00,0.00,against_bias
2026.02.17 13:15:00,fvg,-1,4925.465,0.000,0.000,0.000,0.00,0.00,against_bias
2026.02.17 13:50:00,fvg,1,4919.237,4910.370,4929.553,4939.868,3.81,3.82,signal
2026.02.17 14:00:00,fvg,-1,4916.820,4925.413,0.000,0.000,0.00,0.00,no_room
2026.02.17 14:05:00,fvg,-1,4874.230,4922.651,0.000,0.000,0.00,0.00,no_room
2026.02.17 14:15:00,fvg,1,4884.646,0.000,0.000,0.000,0.00,0.00,against_bias
2026.02.17 14:45:00,fvg,-1,4886.691,4909.074,0.000,0.000,0.00,0.00,no_room
2026.02.17 15:50:00,fvg,1,4866.278,0.000,0.000,0.000,0.00,0.00,against_bias
2026.02.18 07:15:00,fvg,1,4935.189,4929.496,0.000,0.000,0.00,0.00,no_room
2026.02.18 07:35:00,fvg,1,4936.500,4931.927,0.000,0.000,0.00,0.00,no_room
2026.02.18 07:50:00,fvg,-1,4935.447,0.000,0.000,0.000,0.00,0.00,against_bias
2026.02.18 07:55:00,fvg,-1,4932.148,0.000,0.000,0.000,0.00,0.00,against_bias
2026.02.18 08:25:00,fvg,-1,4926.978,0.000,0.000,0.000,0.00,0.00,against_bias
2026.02.18 09:30:00,fvg,1,4920.226,0.000,0.000,0.000,0.00,0.00,against_bias
2026.02.18 09:40:00,fvg,-1,4919.303,4923.693,4914.682,4910.060,7.62,7.63,signal
2026.02.18 10:40:00,fvg,-1,4917.594,4923.519,0.000,0.000,0.00,0.00,no_room
2026.02.18 10:45:00,fvg,-1,4915.117,4921.788,0.000,0.000,0.00,0.00,no_room
2026.02.18 11:20:00,fvg,1,4915.231,0.000,0.000,0.000,0.00,0.00,against_bias
2026.02.18 12:10:00,fvg,1,4918.459,0.000,0.000,0.000,0.00,0.00,against_bias
2026.02.18 12:15:00,fvg,1,4921.306,0.000,0.000,0.000,0.00,0.00,against_bias
2026.02.18 12:35:00,fvg,-1,4922.909,4929.738,0.000,0.000,0.00,0.00,no_room
2026.02.18 12:45:00,fvg,1,4924.889,4917.302,0.000,0.000,0.00,0.00,no_room
2026.02.18 12:50:00,fvg,1,4928.310,4920.175,0.000,0.000,0.00,0.00,no_room
2026.02.18 13:00:00,fvg,1,4933.451,4927.715,0.000,0.000,0.00,0.00,no_room
2026.02.18 13:05:00,fvg,1,4942.941,4929.171,0.000,0.000,0.00,0.00,no_room
2026.02.18 13:50:00,fvg,-1,4956.715,0.000,0.000,0.000,0.00,0.00,against_bias
2026.02.18 14:40:00,fvg,1,4969.488,4954.799,0.000,0.000,0.00,0.00,no_room
2026.02.18 14:45:00,fvg,1,4978.786,4954.775,0.000,0.000,0.00,0.00,no_room
2026.02.18 15:00:00,fvg,1,4990.475,4979.478,0.000,0.000,0.00,0.00,no_room
2026.02.18 15:10:00,fvg,1,4994.443,4989.517,0.000,0.000,0.00,0.00,no_room
2026.02.19 07:25:00,fvg,-1,5017.145,0.000,0.000,0.000,0.00,0.00,against_bias
2026.02.19 07:35:00,fvg,1,5017.418,5014.383,5023.372,5029.325,10.92,10.92,signal
2026.02.19 07:50:00,fvg,-1,5016.370,0.000,0.000,0.000,0.00,0.00,against_bias
2026.02.19 08:05:00,fvg,-1,5011.374,0.000,0.000,0.000,0.00,0.00,against_bias
2026.02.19 08:25:00,fvg,1,5012.309,5008.599,5016.872,5021.435,8.84,8.85,signal
2026.02.19 08:50:00,fvg,1,5018.051,5009.921,0.000,0.000,0.00,0.00,no_room
2026.02.19 09:00:00,fvg,-1,5017.807,0.000,0.000,0.000,0.00,0.00,against_bias
2026.02.19 09:25:00,fvg,-1,5014.700,0.000,0.000,0.000,0.00,0.00,against_bias
2026.02.19 09:30:00,fvg,-1,5010.714,0.000,0.000,0.000,0.00,0.00,against_bias
2026.02.19 09:35:00,fvg,-1,5005.659,0.000,0.000,0.000,0.00,0.00,against_bias
2026.02.19 09:50:00,fvg,1,5002.113,4992.292,0.000,0.000,0.00,0.00,no_room
2026.02.19 10:00:00,fvg,-1,5001.932,0.000,0.000,0.000,0.00,0.00,against_bias
2026.02.19 10:05:00,fvg,-1,4996.214,0.000,0.000,0.000,0.00,0.00,against_bias
2026.02.19 10:10:00,fvg,-1,4994.065,0.000,0.000,0.000,0.00,0.00,against_bias
2026.02.19 11:25:00,fvg,-1,4990.340,0.000,0.000,0.000,0.00,0.00,against_bias
2026.02.19 12:45:00,fvg,-1,4987.589,0.000,0.000,0.000,0.00,0.00,against_bias
2026.02.19 13:45:00,fvg,1,4992.135,4971.046,0.000,0.000,0.00,0.00,no_room
2026.02.19 14:10:00,fvg,-1,4987.180,0.000,0.000,0.000,0.00,0.00,against_bias
2026.02.19 14:15:00,fvg,-1,4979.899,4997.876,0.000,0.000,0.00,0.00,no_room
2026.02.19 14:45:00,fvg,1,4980.949,0.000,0.000,0.000,0.00,0.00,against_bias
2026.02.19 14:50:00,fvg,1,4987.598,0.000,0.000,0.000,0.00,0.00,against_bias
2026.02.19 15:00:00,fvg,1,5004.110,0.000,0.000,0.000,0.00,0.00,against_bias
2026.02.19 15:35:00,fvg,1,5013.929,0.000,0.000,0.000,0.00,0.00,against_bias
2026.02.20 07:05:00,fvg,-1,5022.326,0.000,0.000,0.000,0.00,0.00,against_bias
2026.02.20 07:25:00,fvg,-1,5020.469,0.000,0.000,0.000,0.00,0.00,against_bias
2026.02.20 07:30:00,fvg,-1,5016.098,0.000,0.000,0.000,0.00,0.00,against_bias
2026.02.20 08:00:00,fvg,-1,5012.157,0.000,0.000,0.000,0.00,0.00,against_bias
2026.02.20 08:30:00,fvg,1,5014.883,5010.699,0.000,0.000,0.00,0.00,no_room
2026.02.20 08:35:00,fvg,1,5017.562,5011.443,0.000,0.000,0.00,0.00,no_room
2026.02.20 08:40:00,fvg,1,5021.436,5014.340,0.000,0.000,0.00,0.00,no_room
2026.02.20 09:00:00,fvg,1,5028.195,5021.810,0.000,0.000,0.00,0.00,no_room
2026.02.20 09:10:00,fvg,1,5032.794,5027.426,0.000,0.000,0.00,0.00,no_room
2026.02.20 09:35:00,fvg,-1,5035.910,0.000,0.000,0.000,0.00,0.00,against_bias
2026.02.20 10:00:00,fvg,-1,5031.302,0.000,0.000,0.000,0.00,0.00,against_bias
2026.02.20 10:05:00,fvg,-1,5028.825,0.000,0.000,0.000,0.00,0.00,against_bias
2026.02.20 10:10:00,fvg,-1,5025.967,0.000,0.000,0.000,0.00,0.00,against_bias
2026.02.20 10:40:00,fvg,1,5033.136,5022.915,0.000,0.000,0.00,0.00,no_room
2026.02.20 11:20:00,fvg,-1,5032.324,0.000,0.000,0.000,0.00,0.00,against_bias
2026.02.20 12:40:00,fvg,1,5020.861,0.000,0.000,0.000,0.00,0.00,against_bias
2026.02.20 13:05:00,fvg,1,5023.551,0.000,0.000,0.000,0.00,0.00,against_bias
2026.02.20 13:50:00,fvg,1,5030.876,0.000,0.000,0.000,0.00,0.00,against_bias
2026.02.20 13:55:00,fvg,1,5040.662,0.000,0.000,0.000,0.00,0.00,against_bias
2026.02.20 14:00:00,fvg,1,5042.907,5030.272,0.000,0.000,0.00,0.00,no_room
2026.02.20 14:50:00,fvg,1,5053.328,5039.003,0.000,0.000,0.00,0.00,no_room
2026.02.20 15:10:00,fvg,-1,5030.326,0.000,0.000,0.000,0.00,0.00,against_bias
2026.02.20 15:50:00,fvg,1,5044.472,5017.263,0.000,0.000,0.00,0.00,no_room
2026.02.23 07:25:00,fvg,-1,5145.978,5151.676,5134.581,5123.185,5.86,5.87,signal
2026.02.23 07:30:00,fvg,-1,5145.978,0.000,5134.581,0.000,0.00,0.00,missed_move
2026.02.23 07:50:00,fvg,1,5134.774,0.000,0.000,0.000,0.00,0.00,against_bias
2026.02.23 08:30:00,fvg,-1,5130.624,5140.182,5112.745,5094.865,3.49,3.50,signal
2026.02.23 09:00:00,fvg,1,5137.517,0.000,0.000,0.000,0.00,0.00,against_bias
2026.02.23 09:05:00,fvg,1,5139.437,0.000,0.000,0.000,0.00,0.00,against_bias
2026.02.23 09:15:00,fvg,1,5143.283,0.000,0.000,0.000,0.00,0.00,against_bias
2026.02.23 10:05:00,fvg,1,5148.771,0.000,0.000,0.000,0.00,0.00,against_bias
2026.02.23 10:25:00,fvg,1,5150.638,0.000,0.000,0.000,0.00,0.00,against_bias
2026.02.23 11:00:00,fvg,1,5159.705,0.000,0.000,0.000,0.00,0.00,against_bias
2026.02.23 11:15:00,fvg,-1,5160.247,5164.067,0.000,0.000,0.00,0.00,no_room
2026.02.23 11:20:00,fvg,-1,5154.540,5163.277,0.000,0.000,0.00,0.00,no_room
2026.02.23 11:25:00,fvg,-1,5150.414,5160.822,5129.599,5108.784,3.18,3.18,signal
2026.02.23 12:45:00,fvg,1,5157.229,5149.086,0.000,0.000,0.00,0.00,no_room
2026.02.23 12:50:00,fvg,1,5160.052,5149.077,0.000,0.000,0.00,0.00,no_room
2026.02.23 13:10:00,fvg,-1,5160.272,0.000,0.000,0.000,0.00,0.00,against_bias
2026.02.23 13:15:00,fvg,-1,5157.241,0.000,0.000,0.000,0.00,0.00,against_bias
2026.02.23 13:30:00,fvg,-1,5150.737,0.000,0.000,0.000,0.00,0.00,against_bias
2026.02.23 14:20:00,fvg,1,5155.871,5147.877,0.000,0.000,0.00,0.00,no_room
2026.02.23 14:25:00,fvg,1,5158.787,5148.164,0.000,0.000,0.00,0.00,no_room
2026.02.23 14:30:00,fvg,1,5162.397,5155.293,0.000,0.000,0.00,0.00,no_room
2026.02.23 14:40:00,fvg,1,5170.972,5161.770,0.000,0.000,0.00,0.00,no_room
2026.02.23 14:45:00,fvg,1,5181.895,5164.159,0.000,0.000,0.00,0.00,no_room
2026.02.23 14:50:00,fvg,1,5190.300,5170.293,0.000,0.000,0.00,0.00,no_room
2026.02.23 14:55:00,fvg,1,5192.437,5181.195,5214.920,5237.404,2.91,2.91,signal
2026.02.24 08:10:00,fvg,-1,5175.375,5183.593,5161.596,5147.818,3.94,3.95,signal
2026.02.24 12:25:00,fvg,-1,5162.099,5171.677,0.000,0.000,0.00,0.00,no_room
2026.02.24 13:00:00,fvg,-1,5153.790,5159.724,0.000,0.000,0.00,0.00,no_room
2026.02.24 13:45:00,fvg,-1,5148.540,5159.599,0.000,0.000,0.00,0.00,no_room
2026.02.24 13:55:00,fvg,-1,5134.263,5149.527,0.000,0.000,0.00,0.00,no_room
2026.02.24 14:20:00,fvg,-1,5108.682,5128.934,0.000,0.000,0.00,0.00,no_room
2026.02.24 14:30:00,fvg,1,5111.360,0.000,0.000,0.000,0.00,0.00,against_bias
2026.02.24 14:45:00,fvg,1,5129.048,0.000,0.000,0.000,0.00,0.00,against_bias
2026.02.24 15:15:00,fvg,1,5132.613,0.000,0.000,0.000,0.00,0.00,against_bias
2026.02.24 15:45:00,fvg,1,5144.495,0.000,0.000,0.000,0.00,0.00,against_bias
2026.02.24 15:50:00,fvg,1,5149.634,0.000,0.000,0.000,0.00,0.00,against_bias
2026.02.25 08:25:00,fvg,1,5190.309,5185.555,0.000,0.000,0.00,0.00,no_room
2026.02.25 08:40:00,fvg,1,5193.729,5189.459,0.000,0.000,0.00,0.00,no_room
2026.02.25 08:50:00,fvg,-1,5192.362,0.000,0.000,0.000,0.00,0.00,against_bias
2026.02.25 09:00:00,fvg,-1,5189.585,0.000,0.000,0.000,0.00,0.00,against_bias
2026.02.25 09:30:00,fvg,1,5186.097,5181.003,0.000,0.000,0.00,0.00,no_room
2026.02.25 09:40:00,fvg,1,5189.131,5185.156,0.000,0.000,0.00,0.00,no_room
2026.02.25 09:45:00,fvg,1,5190.461,5185.165,0.000,0.000,0.00,0.00,no_room
2026.02.25 10:15:00,fvg,-1,5186.097,0.000,0.000,0.000,0.00,0.00,against_bias
2026.02.25 10:25:00,fvg,-1,5180.763,0.000,0.000,0.000,0.00,0.00,against_bias
2026.02.25 11:15:00,fvg,-1,5170.081,5176.474,0.000,0.000,0.00,0.00,no_room
2026.02.25 11:20:00,fvg,-1,5165.780,5176.512,0.000,0.000,0.00,0.00,no_room
2026.02.25 11:35:00,fvg,1,5167.622,0.000,0.000,0.000,0.00,0.00,against_bias
2026.02.25 11:50:00,fvg,1,5172.339,0.000,0.000,0.000,0.00,0.00,against_bias
2026.02.25 12:05:00,fvg,1,5178.366,0.000,0.000,0.000,0.00,0.00,against_bias
2026.02.25 12:25:00,fvg,1,5183.097,0.000,0.000,0.000,0.00,0.00,against_bias
2026.02.25 13:10:00,fvg,1,5184.361,0.000,0.000,0.000,0.00,0.00,against_bias
2026.02.25 14:20:00,fvg,-1,5185.932,5191.688,5175.931,5165.930,5.77,5.78,signal
2026.02.25 14:30:00,fvg,-1,5185.932,0.000,5175.931,0.000,0.00,0.00,missed_move
2026.02.25 14:55:00,fvg,1,5179.655,0.000,0.000,0.000,0.00,0.00,against_bias
2026.02.25 15:00:00,fvg,1,5187.442,0.000,0.000,0.000,0.00,0.00,against_bias
2026.02.25 15:05:00,fvg,1,5190.249,0.000,0.000,0.000,0.00,0.00,against_bias
2026.02.25 15:10:00,fvg,1,5195.355,0.000,0.000,0.000,0.00,0.00,against_bias
2026.02.25 15:30:00,fvg,-1,5187.253,0.000,0.000,0.000,0.00,0.00,against_bias
2026.02.25 15:35:00,fvg,-1,5182.813,0.000,0.000,0.000,0.00,0.00,against_bias
2026.02.25 15:45:00,fvg,1,5186.480,5171.397,0.000,0.000,0.00,0.00,no_room
2026.02.26 07:55:00,fvg,-1,5184.179,0.000,0.000,0.000,0.00,0.00,against_bias
2026.02.26 08:35:00,fvg,-1,5180.730,0.000,0.000,0.000,0.00,0.00,against_bias
2026.02.26 08:55:00,fvg,1,5177.690,5166.902,0.000,0.000,0.00,0.00,no_room
2026.02.26 09:25:00,fvg,-1,5177.135,0.000,0.000,0.000,0.00,0.00,against_bias
2026.02.26 09:35:00,fvg,1,5179.130,5174.021,0.000,0.000,0.00,0.00,no_room
2026.02.26 09:55:00,fvg,1,5183.644,5179.746,0.000,0.000,0.00,0.00,no_room
2026.02.26 10:00:00,fvg,1,5185.727,5181.002,0.000,0.000,0.00,0.00,no_room
2026.02.26 10:25:00,fvg,-1,5184.488,0.000,0.000,0.000,0.00,0.00,against_bias
2026.02.26 10:35:00,fvg,-1,5179.460,0.000,0.000,0.000,0.00,0.00,against_bias
2026.02.26 10:40:00,fvg,-1,5177.274,0.000,0.000,0.000,0.00,0.00,against_bias
2026.02.26 11:15:00,fvg,1,5175.054,5168.721,0.000,0.000,0.00,0.00,no_room
2026.02.26 11:55:00,fvg,-1,5171.717,0.000,0.000,0.000,0.00,0.00,against_bias
2026.02.26 12:00:00,fvg,-1,5165.727,5174.749,0.000,0.000,0.00,0.00,no_room
2026.02.26 12:25:00,fvg,1,5170.169,0.000,0.000,0.000,0.00,0.00,against_bias
2026.02.26 12:30:00,fvg,1,5175.479,0.000,0.000,0.000,0.00,0.00,against_bias
2026.02.26 12:35:00,fvg,1,5177.484,0.000,0.000,0.000,0.00,0.00,against_bias
2026.02.26 13:15:00,fvg,-1,5174.352,5186.280,0.000,0.000,0.00,0.00,no_room
2026.02.26 15:45:00,fvg,1,5165.958,0.000,0.000,0.000,0.00,0.00,against_bias
2026.02.26 15:50:00,fvg,1,5175.048,0.000,0.000,0.000,0.00,0.00,against_bias
2026.02.26 15:55:00,fvg,1,5180.769,0.000,0.000,0.000,0.00,0.00,against_bias
2026.02.27 07:20:00,fvg,-1,5183.162,0.000,0.000,0.000,0.00,0.00,against_bias
2026.02.27 08:40:00,fvg,1,5179.804,0.000,0.000,0.000,0.00,0.00,against_bias
2026.02.27 09:55:00,fvg,-1,5177.860,5183.036,0.000,0.000,0.00,0.00,no_room
2026.02.27 10:25:00,fvg,1,5175.863,0.000,0.000,0.000,0.00,0.00,against_bias
2026.02.27 10:50:00,fvg,1,5175.244,0.000,0.000,0.000,0.00,0.00,against_bias
2026.02.27 11:35:00,fvg,1,5177.705,0.000,0.000,0.000,0.00,0.00,against_bias
2026.02.27 11:55:00,fvg,1,5180.156,0.000,0.000,0.000,0.00,0.00,against_bias
2026.02.27 12:00:00,fvg,1,5182.204,5177.306,0.000,0.000,0.00,0.00,no_room
2026.02.27 12:05:00,fvg,1,5185.054,5179.847,0.000,0.000,0.00,0.00,no_room
2026.02.27 13:05:00,fvg,1,5186.876,5183.350,0.000,0.000,0.00,0.00,no_room
2026.02.27 13:10:00,fvg,1,5193.225,5185.601,0.000,0.000,0.00,0.00,no_room
2026.02.27 13:15:00,fvg,1,5210.106,5186.368,0.000,0.000,0.00,0.00,no_room
2026.02.27 13:25:00,fvg,1,5216.425,5209.449,0.000,0.000,0.00,0.00,no_room
2026.02.27 13:30:00,fvg,1,5232.248,5211.672,0.000,0.000,0.00,0.00,no_room
2026.02.27 13:40:00,fvg,-1,5226.577,0.000,0.000,0.000,0.00,0.00,against_bias
2026.02.27 13:45:00,fvg,-1,5218.755,0.000,0.000,0.000,0.00,0.00,against_bias
2026.02.27 14:05:00,fvg,1,5222.843,5209.828,5240.551,5258.260,2.55,2.56,signal
2026.03.02 07:15:00,fvg,1,5396.287,5383.936,5420.989,5445.690,2.74,2.75,signal
2026.03.02 11:00:00,fvg,-1,5389.240,0.000,0.000,0.000,0.00,0.00,against_bias
2026.03.02 11:40:00,fvg,1,5393.638,5387.935,5405.045,5416.451,5.89,5.89,signal
2026.03.02 11:50:00,fvg,-1,5389.929,0.000,0.000,0.000,0.00,0.00,against_bias
2026.03.02 11:55:00,fvg,-1,5384.415,0.000,0.000,0.000,0.00,0.00,against_bias
2026.03.02 12:10:00,fvg,1,5386.531,5377.592,0.000,0.000,0.00,0.00,no_room
2026.03.02 12:15:00,fvg,1,5390.330,5378.066,0.000,0.000,0.00,0.00,no_room
2026.03.02 13:20:00,fvg,-1,5394.539,0.000,0.000,0.000,0.00,0.00,against_bias
2026.03.02 13:30:00,fvg,1,5397.363,5381.210,5418.160,5438.957,2.05,2.06,signal
2026.03.02 14:10:00,fvg,-1,5386.738,0.000,0.000,0.000,0.00,0.00,against_bias
2026.03.02 14:30:00,fvg,-1,5352.264,5378.448,0.000,0.000,0.00,0.00,no_room
2026.03.02 14:35:00,fvg,-1,5340.187,5371.174,5304.734,5269.281,1.06,1.06,signal
2026.03.03 07:10:00,fvg,1,5312.551,0.000,0.000,0.000,0.00,0.00,against_bias
2026.03.03 07:45:00,fvg,1,5321.127,0.000,0.000,0.000,0.00,0.00,against_bias
2026.03.03 09:00:00,fvg,-1,5302.575,5312.166,5283.798,5265.022,3.49,3.49,signal
2026.03.03 09:30:00,fvg,-1,5285.783,5303.705,0.000,0.000,0.00,0.00,no_room
2026.03.03 09:35:00,fvg,-1,5270.219,5301.348,0.000,0.000,0.00,0.00,no_room
2026.03.03 11:15:00,fvg,-1,5210.309,5266.046,0.000,0.000,0.00,0.00,no_room
2026.03.03 11:35:00,fvg,-1,5140.504,5212.468,0.000,0.000,0.00,0.00,no_room
2026.03.03 11:55:00,fvg,1,5137.085,0.000,0.000,0.000,0.00,0.00,against_bias
2026.03.03 12:15:00,fvg,1,5177.052,0.000,0.000,0.000,0.00,0.00,against_bias
2026.03.03 12:20:00,fvg,1,5181.446,0.000,0.000,0.000,0.00,0.00,against_bias
2026.03.03 13:00:00,fvg,1,5208.532,0.000,0.000,0.000,0.00,0.00,against_bias
2026.03.03 13:10:00,fvg,-1,5183.614,5228.680,0.000,0.000,0.00,0.00,no_room
2026.03.03 13:45:00,fvg,-1,5160.089,5188.208,0.000,0.000,0.00,0.00,no_room
2026.03.03 14:25:00,fvg,-1,5143.931,5174.849,0.000,0.000,0.00,0.00,no_room
2026.03.03 14:50:00,fvg,-1,5076.635,5135.660,0.000,0.000,0.00,0.00,no_room
2026.03.03 14:55:00,fvg,-1,5058.691,5129.000,0.000,0.000,0.00,0.00,no_room
2026.03.04 07:05:00,fvg,1,5158.288,0.000,0.000,0.000,0.00,0.00,against_bias
2026.03.04 07:10:00,fvg,1,5166.056,0.000,0.000,0.000,0.00,0.00,against_bias
2026.03.04 08:10:00,fvg,-1,5160.668,5173.020,0.000,0.000,0.00,0.00,no_room
2026.03.04 08:45:00,fvg,1,5168.623,0.000,0.000,0.000,0.00,0.00,against_bias
2026.03.04 08:50:00,fvg,1,5174.746,0.000,0.000,0.000,0.00,0.00,against_bias
2026.03.04 09:05:00,fvg,-1,5169.265,5183.132,0.000,0.000,0.00,0.00,no_room
2026.03.04 09:25:00,fvg,1,5173.280,0.000,0.000,0.000,0.00,0.00,against_bias
2026.03.04 09:45:00,fvg,1,5178.519,5168.029,0.000,0.000,0.00,0.00,no_room
2026.03.04 10:10:00,fvg,1,5185.245,5175.350,0.000,0.000,0.00,0.00,no_room
2026.03.04 10:15:00,fvg,1,5189.559,5181.412,0.000,0.000,0.00,0.00,no_room
2026.03.04 11:05:00,fvg,1,5189.116,5182.887,0.000,0.000,0.00,0.00,no_room
2026.03.04 11:50:00,fvg,-1,5194.305,0.000,0.000,0.000,0.00,0.00,against_bias
2026.03.04 12:10:00,fvg,1,5198.319,5189.165,0.000,0.000,0.00,0.00,no_room
2026.03.04 12:20:00,fvg,-1,5197.750,0.000,0.000,0.000,0.00,0.00,against_bias
2026.03.04 12:25:00,fvg,-1,5184.359,0.000,0.000,0.000,0.00,0.00,against_bias
2026.03.04 12:35:00,fvg,-1,5178.593,0.000,0.000,0.000,0.00,0.00,against_bias
2026.03.04 12:45:00,fvg,-1,5167.487,0.000,0.000,0.000,0.00,0.00,against_bias
2026.03.04 12:55:00,fvg,1,5168.006,5155.361,0.000,0.000,0.00,0.00,no_room
2026.03.04 13:10:00,fvg,1,5175.135,5158.563,0.000,0.000,0.00,0.00,no_room
2026.03.04 13:15:00,fvg,1,5186.997,5169.841,0.000,0.000,0.00,0.00,no_room
2026.03.04 14:00:00,fvg,-1,5182.469,0.000,0.000,0.000,0.00,0.00,against_bias
2026.03.04 14:55:00,fvg,-1,5161.637,0.000,0.000,0.000,0.00,0.00,against_bias
2026.03.04 15:30:00,fvg,1,5148.419,0.000,0.000,0.000,0.00,0.00,against_bias
2026.03.04 15:35:00,fvg,1,5156.022,0.000,0.000,0.000,0.00,0.00,against_bias
2026.03.04 15:45:00,fvg,-1,5154.972,5168.802,0.000,0.000,0.00,0.00,no_room
2026.03.04 15:50:00,fvg,-1,5144.331,5168.767,0.000,0.000,0.00,0.00,no_room
2026.03.04 16:00:00,fvg,1,5146.531,0.000,0.000,0.000,0.00,0.00,against_bias
2026.03.05 07:05:00,fvg,1,5164.974,5154.726,0.000,0.000,0.00,0.00,no_room
2026.03.05 08:10:00,fvg,-1,5157.429,0.000,0.000,0.000,0.00,0.00,against_bias
2026.03.05 08:15:00,fvg,-1,5150.417,0.000,0.000,0.000,0.00,0.00,against_bias
2026.03.05 08:20:00,fvg,-1,5144.303,0.000,0.000,0.000,0.00,0.00,against_bias
2026.03.05 08:40:00,fvg,1,5149.924,5141.455,5162.770,5175.616,4.07,4.07,signal
2026.03.05 08:45:00,fvg,1,5149.924,0.000,5162.770,0.000,0.00,0.00,missed_move
2026.03.05 09:15:00,fvg,1,5172.972,5160.305,0.000,0.000,0.00,0.00,no_room
2026.03.05 09:35:00,fvg,-1,5169.817,0.000,0.000,0.000,0.00,0.00,against_bias
2026.03.05 10:05:00,fvg,-1,5161.094,0.000,0.000,0.000,0.00,0.00,against_bias
2026.03.05 10:10:00,fvg,-1,5152.447,0.000,0.000,0.000,0.00,0.00,against_bias
2026.03.05 10:20:00,fvg,1,5153.363,5145.373,5162.767,5172.170,4.31,4.31,signal
2026.03.05 13:25:00,fvg,-1,5132.962,0.000,0.000,0.000,0.00,0.00,against_bias
2026.03.05 14:20:00,fvg,-1,5116.301,5131.671,0.000,0.000,0.00,0.00,no_room
2026.03.05 15:15:00,fvg,-1,5088.516,5121.822,0.000,0.000,0.00,0.00,no_room
2026.03.06 07:10:00,fvg,-1,5112.330,0.000,0.000,0.000,0.00,0.00,against_bias
2026.03.06 08:00:00,fvg,1,5117.341,5111.747,0.000,0.000,0.00,0.00,no_room
2026.03.06 08:30:00,fvg,-1,5110.499,0.000,0.000,0.000,0.00,0.00,against_bias
2026.03.06 08:35:00,fvg,-1,5105.665,0.000,0.000,0.000,0.00,0.00,against_bias
2026.03.06 09:10:00,fvg,-1,5106.208,0.000,0.000,0.000,0.00,0.00,against_bias
2026.03.06 11:25:00,fvg,1,5089.231,5079.450,0.000,0.000,0.00,0.00,no_room
2026.03.06 11:30:00,fvg,1,5094.036,5084.598,0.000,0.000,0.00,0.00,no_room
2026.03.06 11:40:00,fvg,-1,5093.388,0.000,0.000,0.000,0.00,0.00,against_bias
2026.03.06 11:50:00,fvg,-1,5087.096,0.000,0.000,0.000,0.00,0.00,against_bias
2026.03.06 12:15:00,fvg,1,5085.954,5075.096,0.000,0.000,0.00,0.00,no_room
2026.03.06 12:20:00,fvg,1,5088.587,5078.644,0.000,0.000,0.00,0.00,no_room
2026.03.06 13:05:00,fvg,-1,5083.501,0.000,0.000,0.000,0.00,0.00,against_bias
2026.03.06 13:10:00,fvg,-1,5076.138,0.000,0.000,0.000,0.00,0.00,against_bias
2026.03.06 13:30:00,fvg,1,5080.146,5071.632,0.000,0.000,0.00,0.00,no_room
2026.03.06 13:40:00,fvg,1,5119.023,5079.036,0.000,0.000,0.00,0.00,no_room
2026.03.06 14:00:00,fvg,-1,5102.276,0.000,0.000,0.000,0.00,0.00,against_bias
2026.03.06 14:30:00,fvg,1,5102.502,5086.391,0.000,0.000,0.00,0.00,no_room
2026.03.06 14:45:00,fvg,-1,5096.249,0.000,0.000,0.000,0.00,0.00,against_bias
2026.03.06 15:00:00,fvg,1,5102.729,5085.889,0.000,0.000,0.00,0.00,no_room
2026.03.06 15:05:00,fvg,1,5127.674,5088.526,0.000,0.000,0.00,0.00,no_room
2026.03.06 15:10:00,fvg,1,5144.719,5101.104,0.000,0.000,0.00,0.00,no_room
2026.03.06 15:30:00,fvg,1,5156.812,5142.506,0.000,0.000,0.00,0.00,no_room
2026.03.06 15:55:00,fvg,-1,5147.314,0.000,0.000,0.000,0.00,0.00,against_bias
2026.03.09 07:55:00,fvg,-1,5100.341,0.000,0.000,0.000,0.00,0.00,against_bias
2026.03.09 09:15:00,fvg,1,5109.062,5093.899,0.000,0.000,0.00,0.00,no_room
2026.03.09 09:20:00,fvg,1,5112.092,5093.921,0.000,0.000,0.00,0.00,no_room
2026.03.09 09:35:00,fvg,1,5124.336,5113.925,0.000,0.000,0.00,0.00,no_room
2026.03.09 09:45:00,fvg,-1,5120.061,0.000,0.000,0.000,0.00,0.00,against_bias
2026.03.09 09:50:00,fvg,-1,5105.719,0.000,0.000,0.000,0.00,0.00,against_bias
2026.03.09 10:25:00,fvg,-1,5105.585,0.000,0.000,0.000,0.00,0.00,against_bias
2026.03.09 10:35:00,fvg,-1,5099.691,0.000,0.000,0.000,0.00,0.00,against_bias
2026.03.09 10:40:00,fvg,-1,5095.095,0.000,0.000,0.000,0.00,0.00,against_bias
2026.03.09 11:25:00,fvg,-1,5089.537,0.000,0.000,0.000,0.00,0.00,against_bias
2026.03.09 12:30:00,fvg,1,5102.083,0.000,0.000,0.000,0.00,0.00,against_bias
2026.03.09 12:35:00,fvg,1,5108.715,0.000,0.000,0.000,0.00,0.00,against_bias
2026.03.09 12:50:00,fvg,-1,5107.049,5111.454,5098.239,5089.428,7.83,7.83,signal
2026.03.09 12:55:00,fvg,-1,5107.049,0.000,5098.239,0.000,0.00,0.00,missed_move
2026.03.09 13:00:00,fvg,-1,5097.942,5107.683,0.000,0.000,0.00,0.00,no_room
2026.03.09 13:40:00,fvg,1,5096.160,0.000,0.000,0.000,0.00,0.00,against_bias
2026.03.09 13:50:00,fvg,-1,5084.503,5112.432,0.000,0.000,0.00,0.00,no_room
2026.03.09 14:40:00,fvg,1,5086.695,0.000,0.000,0.000,0.00,0.00,against_bias
2026.03.09 14:45:00,fvg,1,5093.754,5078.372,0.000,0.000,0.00,0.00,no_room
2026.03.09 14:50:00,fvg,1,5099.030,5085.212,0.000,0.000,0.00,0.00,no_room
2026.03.09 15:00:00,fvg,-1,5096.001,0.000,0.000,0.000,0.00,0.00,against_bias
2026.03.09 15:30:00,fvg,1,5095.932,5080.809,0.000,0.000,0.00,0.00,no_room
2026.03.09 16:00:00,fvg,1,5099.361,5093.361,0.000,0.000,0.00,0.00,price_inside_zone
2026.03.10 07:25:00,fvg,-1,5169.273,0.000,0.000,0.000,0.00,0.00,against_bias
2026.03.10 07:45:00,fvg,1,5172.593,5164.912,0.000,0.000,0.00,0.00,no_room
2026.03.10 07:50:00,fvg,1,5175.013,5166.869,0.000,0.000,0.00,0.00,no_room
2026.03.10 08:35:00,fvg,1,5182.766,5175.039,0.000,0.000,0.00,0.00,no_room
2026.03.10 09:05:00,fvg,-1,5186.234,0.000,0.000,0.000,0.00,0.00,against_bias
2026.03.10 10:05:00,fvg,-1,5182.999,0.000,0.000,0.000,0.00,0.00,against_bias
2026.03.10 10:35:00,fvg,-1,5176.410,0.000,0.000,0.000,0.00,0.00,against_bias
2026.03.10 10:40:00,fvg,-1,5170.410,0.000,0.000,0.000,0.00,0.00,against_bias
2026.03.10 10:55:00,fvg,1,5171.138,5156.159,0.000,0.000,0.00,0.00,no_room
2026.03.10 11:10:00,fvg,1,5181.103,5171.470,0.000,0.000,0.00,0.00,no_room
2026.03.10 11:15:00,fvg,1,5186.770,5175.568,0.000,0.000,0.00,0.00,no_room
2026.03.10 11:50:00,fvg,-1,5174.885,0.000,0.000,0.000,0.00,0.00,against_bias
2026.03.10 12:10:00,fvg,-1,5169.665,0.000,0.000,0.000,0.00,0.00,against_bias
2026.03.10 12:30:00,fvg,1,5175.843,5164.864,0.000,0.000,0.00,0.00,no_room
2026.03.10 12:35:00,fvg,1,5178.151,5170.984,0.000,0.000,0.00,0.00,no_room
2026.03.10 12:50:00,fvg,1,5185.002,5178.172,0.000,0.000,0.00,0.00,no_room
2026.03.10 13:10:00,fvg,1,5192.523,5181.129,0.000,0.000,0.00,0.00,no_room
2026.03.10 13:25:00,fvg,1,5212.256,5197.758,0.000,0.000,0.00,0.00,no_room
2026.03.10 13:30:00,fvg,1,5220.295,5198.101,0.000,0.000,0.00,0.00,no_room
2026.03.10 13:40:00,fvg,-1,5214.611,0.000,0.000,0.000,0.00,0.00,against_bias
2026.03.10 14:15:00,fvg,-1,5196.920,0.000,0.000,0.000,0.00,0.00,against_bias
2026.03.10 14:25:00,fvg,1,5209.186,5183.813,0.000,0.000,0.00,0.00,no_room
2026.03.10 15:15:00,fvg,1,5216.173,5202.099,0.000,0.000,0.00,0.00,no_room
2026.03.10 15:20:00,fvg,1,5221.359,5209.443,0.000,0.000,0.00,0.00,no_room
2026.03.10 15:40:00,fvg,1,5228.685,5222.579,0.000,0.000,0.00,0.00,no_room
2026.03.11 07:40:00,fvg,-1,5194.073,5199.027,0.000,0.000,0.00,0.00,no_room
2026.03.11 07:55:00,fvg,1,5193.329,0.000,0.000,0.000,0.00,0.00,against_bias
2026.03.11 08:25:00,fvg,-1,5192.423,5198.957,0.000,0.000,0.00,0.00,no_room
2026.03.11 08:30:00,fvg,-1,5188.702,5198.819,0.000,0.000,0.00,0.00,no_room
2026.03.11 09:10:00,fvg,-1,5184.341,5189.396,0.000,0.000,0.00,0.00,no_room
2026.03.11 09:40:00,fvg,1,5193.078,0.000,0.000,0.000,0.00,0.00,against_bias
2026.03.11 10:15:00,fvg,1,5192.105,0.000,0.000,0.000,0.00,0.00,against_bias
2026.03.11 10:40:00,fvg,-1,5185.393,5193.150,0.000,0.000,0.00,0.00,no_room
2026.03.11 10:55:00,fvg,1,5186.952,0.000,0.000,0.000,0.00,0.00,against_bias
2026.03.11 11:25:00,fvg,-1,5184.051,5190.550,0.000,0.000,0.00,0.00,no_room
2026.03.11 12:10:00,fvg,1,5184.257,0.000,0.000,0.000,0.00,0.00,against_bias
2026.03.11 12:15:00,fvg,1,5187.507,0.000,0.000,0.000,0.00,0.00,against_bias
2026.03.11 12:20:00,fvg,1,5190.367,0.000,0.000,0.000,0.00,0.00,against_bias
2026.03.11 12:40:00,fvg,-1,5181.731,5197.337,0.000,0.000,0.00,0.00,no_room
2026.03.11 13:50:00,fvg,-1,5167.758,5178.601,0.000,0.000,0.00,0.00,no_room
2026.03.11 14:05:00,fvg,1,5174.703,0.000,0.000,0.000,0.00,0.00,against_bias
2026.03.11 14:10:00,fvg,1,5178.655,0.000,0.000,0.000,0.00,0.00,against_bias
2026.03.11 14:55:00,fvg,1,5186.032,0.000,0.000,0.000,0.00,0.00,against_bias
2026.03.11 15:05:00,fvg,-1,5185.652,5194.647,0.000,0.000,0.00,0.00,no_room
2026.03.11 15:10:00,fvg,-1,5181.464,5192.022,0.000,0.000,0.00,0.00,no_room
2026.03.11 15:35:00,fvg,-1,5172.716,5180.238,0.000,0.000,0.00,0.00,no_room
2026.03.12 07:50:00,fvg,1,5178.374,5167.595,0.000,0.000,0.00,0.00,no_room
2026.03.12 08:05:00,fvg,1,5181.270,5175.536,0.000,0.000,0.00,0.00,no_room
2026.03.12 08:30:00,fvg,-1,5180.396,0.000,0.000,0.000,0.00,0.00,against_bias
2026.03.12 09:35:00,fvg,1,5179.966,5173.953,0.000,0.000,0.00,0.00,no_room
2026.03.12 09:40:00,fvg,1,5182.334,5175.216,0.000,0.000,0.00,0.00,no_room
2026.03.12 10:20:00,fvg,-1,5187.361,0.000,0.000,0.000,0.00,0.00,against_bias
2026.03.12 10:25:00,fvg,-1,5185.995,0.000,0.000,0.000,0.00,0.00,against_bias
2026.03.12 10:35:00,fvg,-1,5182.485,0.000,0.000,0.000,0.00,0.00,against_bias
2026.03.12 11:20:00,fvg,-1,5179.355,0.000,0.000,0.000,0.00,0.00,against_bias
2026.03.12 12:10:00,fvg,-1,5175.120,0.000,0.000,0.000,0.00,0.00,against_bias
2026.03.12 12:15:00,fvg,-1,5172.129,5180.778,0.000,0.000,0.00,0.00,no_room
2026.03.12 12:55:00,fvg,1,5181.068,0.000,0.000,0.000,0.00,0.00,against_bias
2026.03.12 13:25:00,fvg,-1,5174.732,5185.391,0.000,0.000,0.00,0.00,no_room
2026.03.12 14:10:00,fvg,1,5155.653,0.000,0.000,0.000,0.00,0.00,against_bias
2026.03.12 15:10:00,fvg,-1,5136.638,5145.907,0.000,0.000,0.00,0.00,no_room
2026.03.12 15:30:00,fvg,1,5128.059,0.000,0.000,0.000,0.00,0.00,against_bias
2026.03.13 07:25:00,fvg,-1,5078.782,5094.561,0.000,0.000,0.00,0.00,no_room
2026.03.13 07:35:00,fvg,1,5083.668,0.000,0.000,0.000,0.00,0.00,against_bias
2026.03.13 07:40:00,fvg,1,5088.093,0.000,0.000,0.000,0.00,0.00,against_bias
2026.03.13 07:55:00,fvg,-1,5086.838,5093.342,0.000,0.000,0.00,0.00,no_room
2026.03.13 08:10:00,fvg,-1,5074.892,5086.172,0.000,0.000,0.00,0.00,no_room
2026.03.13 08:30:00,fvg,-1,5071.162,5079.739,0.000,0.000,0.00,0.00,no_room
2026.03.13 08:40:00,fvg,1,5076.489,0.000,0.000,0.000,0.00,0.00,against_bias
2026.03.13 09:10:00,fvg,1,5091.817,0.000,0.000,0.000,0.00,0.00,against_bias
2026.03.13 09:25:00,fvg,-1,5089.793,5097.010,0.000,0.000,0.00,0.00,no_room
2026.03.13 10:00:00,fvg,1,5089.326,0.000,0.000,0.000,0.00,0.00,against_bias
2026.03.13 10:20:00,fvg,1,5091.664,0.000,0.000,0.000,0.00,0.00,against_bias
2026.03.13 10:35:00,fvg,-1,5089.563,5094.484,0.000,0.000,0.00,0.00,no_room
2026.03.13 10:40:00,fvg,-1,5087.708,5093.817,0.000,0.000,0.00,0.00,no_room
2026.03.13 10:55:00,fvg,1,5094.102,0.000,0.000,0.000,0.00,0.00,against_bias
2026.03.13 11:15:00,fvg,-1,5091.141,5098.289,0.000,0.000,0.00,0.00,no_room
2026.03.13 11:25:00,fvg,1,5092.588,0.000,0.000,0.000,0.00,0.00,against_bias
2026.03.13 12:05:00,fvg,1,5107.075,5092.816,0.000,0.000,0.00,0.00,no_room
2026.03.13 12:10:00,fvg,1,5109.447,5094.122,0.000,0.000,0.00,0.00,no_room
2026.03.13 12:20:00,fvg,-1,5109.114,0.000,0.000,0.000,0.00,0.00,against_bias
2026.03.13 12:30:00,fvg,1,5110.863,5103.624,0.000,0.000,0.00,0.00,no_room
2026.03.13 13:35:00,fvg,-1,5109.533,0.000,0.000,0.000,0.00,0.00,against_bias
2026.03.13 13:50:00,fvg,1,5109.783,5095.506,0.000,0.000,0.00,0.00,no_room
2026.03.13 14:00:00,fvg,-1,5108.503,0.000,0.000,0.000,0.00,0.00,against_bias
2026.03.13 14:05:00,fvg,-1,5105.783,0.000,0.000,0.000,0.00,0.00,against_bias
2026.03.13 14:20:00,fvg,-1,5094.305,0.000,0.000,0.000,0.00,0.00,against_bias
2026.03.13 14:45:00,fvg,-1,5083.344,5092.729,0.000,0.000,0.00,0.00,no_room
2026.03.13 14:50:00,fvg,-1,5079.422,5091.380,0.000,0.000,0.00,0.00,no_room
2026.03.13 15:00:00,fvg,-1,5064.042,5080.499,0.000,0.000,0.00,0.00,no_room
2026.03.13 15:05:00,fvg,-1,5051.063,5079.600,0.000,0.000,0.00,0.00,no_room
2026.03.13 15:15:00,fvg,1,5059.671,0.000,0.000,0.000,0.00,0.00,against_bias
2026.03.13 15:45:00,fvg,-1,5059.062,5069.647,0.000,0.000,0.00,0.00,no_room
2026.03.16 07:25:00,fvg,-1,5007.893,0.000,0.000,0.000,0.00,0.00,against_bias
2026.03.16 07:45:00,fvg,-1,4998.201,5007.719,0.000,0.000,0.00,0.00,no_room
2026.03.16 08:20:00,fvg,-1,4993.302,5001.218,0.000,0.000,0.00,0.00,no_room
2026.03.16 08:30:00,fvg,1,4994.928,0.000,0.000,0.000,0.00,0.00,against_bias
2026.03.16 08:45:00,fvg,-1,4990.485,4999.320,0.000,0.000,0.00,0.00,no_room
2026.03.16 08:55:00,fvg,1,4990.920,0.000,0.000,0.000,0.00,0.00,against_bias
2026.03.16 09:10:00,fvg,-1,4986.276,4996.662,0.000,0.000,0.00,0.00,no_room
2026.03.16 10:05:00,fvg,-1,4976.312,4985.950,0.000,0.000,0.00,0.00,no_room
2026.03.16 10:30:00,fvg,1,4983.861,0.000,0.000,0.000,0.00,0.00,against_bias
2026.03.16 10:55:00,fvg,1,4992.028,0.000,0.000,0.000,0.00,0.00,against_bias
2026.03.16 11:00:00,fvg,1,4995.344,0.000,0.000,0.000,0.00,0.00,against_bias
2026.03.16 11:20:00,fvg,1,5002.145,0.000,0.000,0.000,0.00,0.00,against_bias
2026.03.16 11:25:00,fvg,1,5011.539,0.000,0.000,0.000,0.00,0.00,against_bias
2026.03.16 11:30:00,fvg,1,5017.341,0.000,0.000,0.000,0.00,0.00,against_bias
2026.03.16 11:55:00,fvg,-1,5011.773,5020.101,0.000,0.000,0.00,0.00,no_room
2026.03.16 12:00:00,fvg,-1,5000.023,5018.653,0.000,0.000,0.00,0.00,no_room
2026.03.16 12:25:00,fvg,1,5012.050,0.000,0.000,0.000,0.00,0.00,against_bias
2026.03.16 13:20:00,fvg,1,5022.275,0.000,0.000,0.000,0.00,0.00,against_bias
2026.03.16 14:30:00,fvg,-1,5021.801,5030.687,0.000,0.000,0.00,0.00,no_room
2026.03.16 14:35:00,fvg,-1,5015.252,5028.934,0.000,0.000,0.00,0.00,no_room
2026.03.16 14:40:00,fvg,-1,5013.326,5022.640,0.000,0.000,0.00,0.00,no_room
2026.03.16 14:50:00,fvg,-1,5002.454,5014.191,0.000,0.000,0.00,0.00,no_room
2026.03.16 14:55:00,fvg,-1,4999.890,5010.412,0.000,0.000,0.00,0.00,no_room
2026.03.16 15:25:00,fvg,1,5001.049,0.000,0.000,0.000,0.00,0.00,against_bias
2026.03.16 15:35:00,fvg,-1,4995.726,5006.540,0.000,0.000,0.00,0.00,no_room
2026.03.16 15:45:00,fvg,1,4996.483,0.000,0.000,0.000,0.00,0.00,against_bias
2026.03.16 15:55:00,fvg,-1,4995.167,5004.199,0.000,0.000,0.00,0.00,no_room
2026.03.16 16:00:00,fvg,-1,4990.494,4999.971,0.000,0.000,0.00,0.00,no_room
2026.03.17 07:10:00,fvg,1,5012.136,5007.655,0.000,0.000,0.00,0.00,price_inside_zone
2026.03.17 07:35:00,fvg,1,5015.676,5008.315,0.000,0.000,0.00,0.00,no_room
2026.03.17 07:40:00,fvg,1,5023.021,5012.574,0.000,0.000,0.00,0.00,no_room
2026.03.17 09:15:00,fvg,-1,5018.862,0.000,0.000,0.000,0.00,0.00,against_bias
2026.03.17 10:15:00,fvg,-1,5005.640,5016.881,0.000,0.000,0.00,0.00,no_room
2026.03.17 10:45:00,fvg,-1,5000.567,5010.008,0.000,0.000,0.00,0.00,no_room
2026.03.17 11:15:00,fvg,1,5002.695,0.000,0.000,0.000,0.00,0.00,against_bias
2026.03.17 11:20:00,fvg,1,5004.722,0.000,0.000,0.000,0.00,0.00,against_bias
2026.03.17 11:25:00,fvg,1,5006.327,0.000,0.000,0.000,0.00,0.00,against_bias
2026.03.17 11:50:00,fvg,1,5008.913,0.000,0.000,0.000,0.00,0.00,against_bias
2026.03.17 12:00:00,fvg,-1,5007.421,5011.988,0.000,0.000,0.00,0.00,no_room
2026.03.17 12:05:00,fvg,-1,5004.747,5010.153,0.000,0.000,0.00,0.00,no_room
2026.03.17 12:15:00,fvg,1,5007.025,0.000,0.000,0.000,0.00,0.00,against_bias
2026.03.17 12:20:00,fvg,1,5008.286,0.000,0.000,0.000,0.00,0.00,against_bias
2026.03.17 12:25:00,fvg,1,5012.349,0.000,0.000,0.000,0.00,0.00,against_bias
2026.03.17 12:30:00,fvg,1,5015.267,0.000,0.000,0.000,0.00,0.00,against_bias
2026.03.17 12:35:00,fvg,1,5018.964,0.000,0.000,0.000,0.00,0.00,against_bias
2026.03.17 12:45:00,fvg,-1,5018.423,5024.152,0.000,0.000,0.00,0.00,no_room
2026.03.17 12:55:00,fvg,-1,5013.895,5018.907,0.000,0.000,0.00,0.00,no_room
2026.03.17 13:40:00,fvg,1,5017.900,0.000,0.000,0.000,0.00,0.00,against_bias
2026.03.17 14:00:00,fvg,-1,5017.747,5028.416,0.000,0.000,0.00,0.00,no_room
2026.03.17 14:25:00,fvg,-1,5014.531,5020.876,0.000,0.000,0.00,0.00,no_room
2026.03.17 15:00:00,fvg,-1,5011.539,5020.035,0.000,0.000,0.00,0.00,no_room
2026.03.17 15:35:00,fvg,-1,5000.470,5014.912,0.000,0.000,0.00,0.00,no_room
2026.03.17 15:45:00,fvg,-1,4985.185,5001.365,0.000,0.000,0.00,0.00,no_room
2026.03.17 15:55:00,fvg,1,4990.886,0.000,0.000,0.000,0.00,0.00,against_bias
2026.03.18 07:10:00,fvg,1,5011.314,0.000,0.000,0.000,0.00,0.00,against_bias
2026.03.18 07:20:00,fvg,-1,5010.105,5015.442,0.000,0.000,0.00,0.00,no_room
2026.03.18 07:25:00,fvg,-1,5008.634,5012.289,0.000,0.000,0.00,0.00,no_room
2026.03.18 07:50:00,fvg,-1,5002.375,5007.974,0.000,0.000,0.00,0.00,no_room
2026.03.18 07:55:00,fvg,-1,4996.563,5007.774,0.000,0.000,0.00,0.00,no_room
2026.03.18 08:30:00,fvg,-1,4989.136,4995.999,0.000,0.000,0.00,0.00,no_room
2026.03.18 09:10:00,fvg,1,4989.175,0.000,0.000,0.000,0.00,0.00,against_bias
2026.03.18 09:20:00,fvg,-1,4989.117,4991.507,0.000,0.000,0.00,0.00,sl_too_tight
2026.03.18 09:30:00,fvg,1,4990.184,0.000,0.000,0.000,0.00,0.00,against_bias
2026.03.18 10:35:00,fvg,-1,4987.090,4991.234,0.000,0.000,0.00,0.00,no_room
2026.03.18 11:00:00,fvg,-1,4973.191,4980.963,0.000,0.000,0.00,0.00,no_room
2026.03.18 11:05:00,fvg,-1,4969.868,4977.648,0.000,0.000,0.00,0.00,no_room
2026.03.18 11:20:00,fvg,1,4968.350,0.000,0.000,0.000,0.00,0.00,against_bias
2026.03.18 11:30:00,fvg,-1,4966.176,4974.768,0.000,0.000,0.00,0.00,no_room
2026.03.18 11:35:00,fvg,-1,4961.834,4974.858,0.000,0.000,0.00,0.00,no_room
2026.03.18 11:50:00,fvg,-1,4944.626,4958.223,0.000,0.000,0.00,0.00,no_room
2026.03.18 12:05:00,fvg,-1,4930.985,4941.481,0.000,0.000,0.00,0.00,no_room
2026.03.18 12:15:00,fvg,-1,4919.196,4933.660,0.000,0.000,0.00,0.00,no_room
2026.03.18 12:20:00,fvg,-1,4912.325,4933.698,0.000,0.000,0.00,0.00,no_room
2026.03.18 12:40:00,fvg,-1,4889.285,4906.074,0.000,0.000,0.00,0.00,no_room
2026.03.18 13:10:00,fvg,-1,4867.716,4889.630,0.000,0.000,0.00,0.00,no_room
2026.03.18 13:45:00,fvg,1,4865.738,0.000,0.000,0.000,0.00,0.00,against_bias
2026.03.18 14:10:00,fvg,1,4883.726,0.000,0.000,0.000,0.00,0.00,against_bias
2026.03.18 14:20:00,fvg,-1,4883.395,4896.011,0.000,0.000,0.00,0.00,no_room
2026.03.18 14:25:00,fvg,-1,4873.543,4894.660,0.000,0.000,0.00,0.00,no_room
2026.03.18 14:30:00,fvg,-1,4866.926,4884.650,0.000,0.000,0.00,0.00,no_room
2026.03.18 15:50:00,fvg,-1,4866.694,4876.238,0.000,0.000,0.00,0.00,no_room
2026.03.19 07:15:00,fvg,1,4776.543,0.000,0.000,0.000,0.00,0.00,against_bias
2026.03.19 07:25:00,fvg,-1,4776.300,4785.706,0.000,0.000,0.00,0.00,no_room
2026.03.19 07:30:00,fvg,-1,4770.770,4783.596,4757.360,4743.951,2.69,2.69,signal
2026.03.19 07:50:00,fvg,-1,4752.596,4773.217,0.000,0.000,0.00,0.00,no_room
2026.03.19 08:05:00,fvg,-1,4740.330,4756.526,4723.891,4707.451,2.16,2.16,signal
2026.03.19 08:10:00,fvg,-1,4740.330,0.000,4723.891,0.000,0.00,0.00,missed_move
2026.03.19 08:15:00,fvg,-1,4721.298,4741.947,0.000,0.000,0.00,0.00,no_room
2026.03.19 08:25:00,fvg,1,4727.421,0.000,0.000,0.000,0.00,0.00,against_bias
2026.03.19 08:35:00,fvg,-1,4722.033,4738.057,0.000,0.000,0.00,0.00,no_room
2026.03.19 09:15:00,fvg,-1,4705.587,4723.029,0.000,0.000,0.00,0.00,no_room
2026.03.19 09:25:00,fvg,1,4709.897,0.000,0.000,0.000,0.00,0.00,against_bias
2026.03.19 10:20:00,fvg,-1,4705.542,4721.417,0.000,0.000,0.00,0.00,no_room
2026.03.19 10:25:00,fvg,-1,4694.293,4714.325,0.000,0.000,0.00,0.00,no_room
2026.03.19 10:50:00,fvg,-1,4684.774,4700.146,0.000,0.000,0.00,0.00,no_room
2026.03.19 11:10:00,fvg,1,4683.754,0.000,0.000,0.000,0.00,0.00,against_bias
2026.03.19 11:45:00,fvg,-1,4681.070,4696.792,0.000,0.000,0.00,0.00,no_room
2026.03.19 11:50:00,fvg,-1,4668.079,4684.915,0.000,0.000,0.00,0.00,no_room
2026.03.19 12:10:00,fvg,-1,4639.832,4661.334,0.000,0.000,0.00,0.00,no_room
2026.03.19 12:30:00,fvg,-1,4609.070,4632.140,0.000,0.000,0.00,0.00,no_room
2026.03.19 12:50:00,fvg,-1,4565.009,4619.778,0.000,0.000,0.00,0.00,no_room
2026.03.19 13:00:00,fvg,1,4571.081,0.000,0.000,0.000,0.00,0.00,against_bias
2026.03.19 13:10:00,fvg,-1,4566.147,4588.470,0.000,0.000,0.00,0.00,no_room
2026.03.19 13:25:00,fvg,1,4560.353,0.000,0.000,0.000,0.00,0.00,against_bias
2026.03.19 14:00:00,fvg,1,4596.719,0.000,0.000,0.000,0.00,0.00,against_bias
2026.03.19 14:05:00,fvg,1,4620.558,0.000,0.000,0.000,0.00,0.00,against_bias
2026.03.19 14:25:00,fvg,-1,4615.503,4651.907,0.000,0.000,0.00,0.00,no_room
2026.03.19 14:45:00,fvg,1,4609.033,0.000,0.000,0.000,0.00,0.00,against_bias
2026.03.19 15:35:00,fvg,-1,4603.025,4616.956,0.000,0.000,0.00,0.00,no_room
2026.03.19 15:40:00,fvg,-1,4584.084,4613.424,0.000,0.000,0.00,0.00,no_room
2026.03.19 16:00:00,fvg,1,4586.633,0.000,0.000,0.000,0.00,0.00,against_bias
2026.03.20 07:10:00,fvg,1,4670.744,4664.443,0.000,0.000,0.00,0.00,no_room
2026.03.20 07:30:00,fvg,1,4684.258,4675.309,0.000,0.000,0.00,0.00,no_room
2026.03.20 07:45:00,fvg,1,4692.863,4684.254,4710.081,4727.300,4.07,4.07,signal
2026.03.20 08:10:00,fvg,1,4692.863,0.000,4710.081,0.000,0.00,0.00,missed_move
2026.03.20 08:15:00,fvg,1,4708.039,4701.413,0.000,0.000,0.00,0.00,no_room
2026.03.20 08:20:00,fvg,1,4715.460,4703.149,4734.738,4754.016,2.84,2.85,signal
2026.03.20 08:30:00,fvg,1,4715.460,0.000,4734.738,0.000,0.00,0.00,missed_move
2026.03.20 08:35:00,fvg,-1,4723.024,0.000,0.000,0.000,0.00,0.00,against_bias
2026.03.20 08:40:00,fvg,-1,4709.463,0.000,0.000,0.000,0.00,0.00,against_bias
2026.03.20 08:55:00,fvg,-1,4699.592,0.000,0.000,0.000,0.00,0.00,against_bias
2026.03.20 09:25:00,fvg,-1,4689.781,0.000,0.000,0.000,0.00,0.00,against_bias
2026.03.20 09:40:00,fvg,-1,4683.776,0.000,0.000,0.000,0.00,0.00,against_bias
2026.03.20 09:50:00,fvg,-1,4674.906,0.000,0.000,0.000,0.00,0.00,against_bias
2026.03.20 11:00:00,fvg,-1,4650.388,4661.522,0.000,0.000,0.00,0.00,no_room
2026.03.20 11:10:00,fvg,1,4653.367,0.000,0.000,0.000,0.00,0.00,against_bias
2026.03.20 11:55:00,fvg,-1,4666.103,4675.296,0.000,0.000,0.00,0.00,no_room
2026.03.20 12:05:00,fvg,1,4671.619,0.000,0.000,0.000,0.00,0.00,against_bias
2026.03.20 12:10:00,fvg,1,4679.136,0.000,0.000,0.000,0.00,0.00,against_bias
2026.03.20 12:15:00,fvg,1,4683.066,0.000,0.000,0.000,0.00,0.00,against_bias
2026.03.20 12:55:00,fvg,1,4670.940,0.000,0.000,0.000,0.00,0.00,against_bias
2026.03.20 13:00:00,fvg,1,4677.315,0.000,0.000,0.000,0.00,0.00,against_bias
2026.03.20 13:10:00,fvg,-1,4672.681,4681.432,0.000,0.000,0.00,0.00,no_room
2026.03.20 13:15:00,fvg,-1,4666.450,4680.749,0.000,0.000,0.00,0.00,no_room
2026.03.20 14:00:00,fvg,-1,4627.383,4666.949,0.000,0.000,0.00,0.00,no_room
2026.03.20 14:20:00,fvg,-1,4588.538,4624.403,0.000,0.000,0.00,0.00,no_room
2026.03.20 14:25:00,fvg,-1,4579.646,4620.355,0.000,0.000,0.00,0.00,no_room
2026.03.20 14:40:00,fvg,1,4572.480,0.000,0.000,0.000,0.00,0.00,against_bias
2026.03.23 07:10:00,fvg,-1,4181.053,4232.004,4079.151,3977.248,0.68,0.69,signal
2026.03.23 07:50:00,fvg,1,4205.573,0.000,0.000,0.000,0.00,0.00,against_bias
2026.03.23 08:00:00,fvg,-1,4205.220,4236.547,4142.566,4079.913,1.10,1.11,signal
2026.03.23 08:10:00,fvg,1,4214.013,0.000,0.000,0.000,0.00,0.00,against_bias
2026.03.23 09:05:00,fvg,1,4245.901,0.000,0.000,0.000,0.00,0.00,against_bias
2026.03.23 09:20:00,fvg,1,4267.331,0.000,0.000,0.000,0.00,0.00,against_bias
2026.03.23 09:25:00,fvg,1,4283.713,0.000,0.000,0.000,0.00,0.00,against_bias
2026.03.23 09:40:00,fvg,-1,4284.979,4310.861,4233.215,4181.451,1.32,1.33,signal
2026.03.23 09:45:00,fvg,-1,4284.979,0.000,4233.215,0.000,0.00,0.00,missed_move
2026.03.23 11:10:00,fvg,1,4281.250,0.000,0.000,0.000,0.00,0.00,against_bias
2026.03.23 11:15:00,fvg,1,4395.532,4266.051,0.000,0.000,0.00,0.00,no_room
2026.03.23 12:25:00,fvg,1,4388.031,4345.614,4431.564,4475.098,0.80,0.81,signal
2026.03.23 12:55:00,fvg,1,4458.580,4400.678,0.000,0.000,0.00,0.00,no_room
2026.03.23 13:10:00,fvg,-1,4456.034,0.000,0.000,0.000,0.00,0.00,against_bias
2026.03.23 13:25:00,fvg,-1,4435.582,0.000,0.000,0.000,0.00,0.00,against_bias
2026.03.23 13:45:00,fvg,1,4422.053,4398.642,0.000,0.000,0.00,0.00,no_room
2026.03.23 14:25:00,fvg,1,4485.175,4450.872,0.000,0.000,0.00,0.00,no_room
2026.03.23 15:20:00,fvg,-1,4468.413,0.000,0.000,0.000,0.00,0.00,against_bias
2026.03.23 15:25:00,fvg,-1,4459.748,0.000,0.000,0.000,0.00,0.00,against_bias
2026.03.23 15:40:00,fvg,-1,4433.488,0.000,0.000,0.000,0.00,0.00,against_bias
2026.03.23 15:45:00,fvg,-1,4423.064,0.000,0.000,0.000,0.00,0.00,against_bias
2026.03.23 15:50:00,fvg,-1,4414.099,0.000,0.000,0.000,0.00,0.00,against_bias
2026.03.24 07:05:00,fvg,1,4399.362,4375.160,4433.862,4468.363,1.44,1.44,signal
2026.03.24 12:40:00,fvg,-1,4389.849,0.000,0.000,0.000,0.00,0.00,against_bias
2026.03.24 12:55:00,fvg,1,4376.430,0.000,0.000,0.000,0.00,0.00,against_bias
2026.03.24 14:00:00,fvg,1,4366.627,0.000,0.000,0.000,0.00,0.00,against_bias
2026.03.24 14:05:00,fvg,1,4380.493,0.000,0.000,0.000,0.00,0.00,against_bias
2026.03.24 14:10:00,fvg,1,4385.668,0.000,0.000,0.000,0.00,0.00,against_bias
2026.03.24 14:30:00,fvg,1,4401.807,0.000,0.000,0.000,0.00,0.00,against_bias
2026.03.24 15:45:00,fvg,1,4421.942,0.000,0.000,0.000,0.00,0.00,against_bias
2026.03.24 16:00:00,fvg,-1,4419.643,4432.353,0.000,0.000,0.00,0.00,no_room
2026.03.25 07:20:00,fvg,1,4556.252,4547.266,4574.224,4592.196,3.88,3.89,signal
2026.03.25 07:40:00,fvg,-1,4555.298,0.000,0.000,0.000,0.00,0.00,against_bias
2026.03.25 07:45:00,fvg,-1,4552.545,0.000,0.000,0.000,0.00,0.00,against_bias
2026.03.25 08:15:00,fvg,1,4549.775,4534.778,4579.769,4609.762,2.30,2.31,signal
2026.03.25 09:55:00,fvg,-1,4548.254,0.000,0.000,0.000,0.00,0.00,against_bias
2026.03.25 10:05:00,fvg,1,4551.144,4536.551,4566.865,4582.586,2.34,2.35,signal
2026.03.25 11:10:00,fvg,1,4551.144,0.000,4566.865,0.000,0.00,0.00,missed_move
2026.03.25 11:30:00,fvg,1,4576.863,4563.894,0.000,0.000,0.00,0.00,no_room
2026.03.25 11:55:00,fvg,-1,4578.450,0.000,0.000,0.000,0.00,0.00,against_bias
2026.03.25 12:25:00,fvg,-1,4568.330,0.000,0.000,0.000,0.00,0.00,against_bias
2026.03.25 12:30:00,fvg,-1,4560.356,0.000,0.000,0.000,0.00,0.00,against_bias
2026.03.25 12:35:00,fvg,-1,4548.084,0.000,0.000,0.000,0.00,0.00,against_bias
2026.03.25 13:10:00,fvg,1,4559.387,4539.715,0.000,0.000,0.00,0.00,no_room
2026.03.25 13:35:00,fvg,1,4562.281,4550.006,0.000,0.000,0.00,0.00,no_room
2026.03.25 13:55:00,fvg,-1,4552.262,0.000,0.000,0.000,0.00,0.00,against_bias
2026.03.25 14:20:00,fvg,1,4553.317,4538.411,0.000,0.000,0.00,0.00,no_room
2026.03.25 15:15:00,fvg,-1,4556.063,0.000,0.000,0.000,0.00,0.00,against_bias
2026.03.25 15:30:00,fvg,1,4552.800,4523.802,0.000,0.000,0.00,0.00,no_room
2026.03.25 16:00:00,fvg,1,4558.714,4552.468,4566.835,4574.955,5.48,5.48,signal
2026.03.26 07:15:00,fvg,-1,4450.894,4461.854,0.000,0.000,0.00,0.00,no_room
2026.03.26 08:20:00,fvg,-1,4447.493,4458.279,4425.922,4404.350,3.14,3.14,signal
2026.03.26 08:30:00,fvg,-1,4447.493,0.000,4425.922,0.000,0.00,0.00,missed_move
2026.03.26 10:25:00,fvg,1,4431.403,0.000,0.000,0.000,0.00,0.00,against_bias
2026.03.26 10:30:00,fvg,1,4439.336,0.000,0.000,0.000,0.00,0.00,against_bias
2026.03.26 10:55:00,fvg,1,4437.624,0.000,0.000,0.000,0.00,0.00,against_bias
2026.03.26 11:25:00,fvg,1,4446.032,0.000,0.000,0.000,0.00,0.00,against_bias
2026.03.26 11:50:00,fvg,-1,4442.589,4453.031,4421.704,4400.819,3.24,3.25,signal
2026.03.26 11:55:00,fvg,-1,4442.589,0.000,4421.704,0.000,0.00,0.00,missed_move
2026.03.26 12:15:00,fvg,1,4438.003,0.000,0.000,0.000,0.00,0.00,against_bias
2026.03.26 13:10:00,fvg,1,4435.457,0.000,0.000,0.000,0.00,0.00,against_bias
2026.03.26 13:30:00,fvg,1,4443.682,0.000,0.000,0.000,0.00,0.00,against_bias
2026.03.26 13:50:00,fvg,1,4450.025,0.000,0.000,0.000,0.00,0.00,against_bias
2026.03.26 14:25:00,fvg,1,4451.846,0.000,0.000,0.000,0.00,0.00,against_bias
2026.03.26 15:40:00,fvg,-1,4445.900,0.000,0.000,0.000,0.00,0.00,against_bias
2026.03.27 07:10:00,fvg,-1,4456.724,0.000,0.000,0.000,0.00,0.00,against_bias
2026.03.27 07:35:00,fvg,-1,4452.416,0.000,0.000,0.000,0.00,0.00,against_bias
2026.03.27 08:25:00,fvg,-1,4443.626,0.000,0.000,0.000,0.00,0.00,against_bias
2026.03.27 08:30:00,fvg,-1,4437.655,0.000,0.000,0.000,0.00,0.00,against_bias
2026.03.27 10:45:00,fvg,-1,4423.052,4430.976,0.000,0.000,0.00,0.00,no_room
2026.03.27 10:50:00,fvg,-1,4417.262,4428.512,0.000,0.000,0.00,0.00,no_room
2026.03.27 12:20:00,fvg,1,4424.712,0.000,0.000,0.000,0.00,0.00,against_bias
2026.03.27 12:45:00,fvg,1,4432.525,0.000,0.000,0.000,0.00,0.00,against_bias
2026.03.27 12:55:00,fvg,1,4439.254,0.000,0.000,0.000,0.00,0.00,against_bias
2026.03.27 13:10:00,fvg,-1,4435.862,4444.561,4421.493,4407.125,3.89,3.90,signal
2026.03.27 14:10:00,fvg,1,4448.694,0.000,0.000,0.000,0.00,0.00,against_bias
2026.03.27 14:55:00,fvg,1,4472.409,0.000,0.000,0.000,0.00,0.00,against_bias
2026.03.27 15:00:00,fvg,1,4489.193,4462.133,0.000,0.000,0.00,0.00,no_room
2026.03.27 15:05:00,fvg,1,4501.664,4470.824,0.000,0.000,0.00,0.00,no_room
2026.03.27 15:20:00,fvg,1,4520.798,4503.744,0.000,0.000,0.00,0.00,no_room
2026.03.27 15:30:00,fvg,1,4541.957,4519.222,0.000,0.000,0.00,0.00,no_room
2026.03.27 15:45:00,fvg,-1,4535.648,0.000,0.000,0.000,0.00,0.00,against_bias
2026.03.30 07:05:00,fvg,-1,4533.657,0.000,0.000,0.000,0.00,0.00,against_bias
2026.03.30 08:00:00,fvg,1,4524.326,4518.231,0.000,0.000,0.00,0.00,no_room
2026.03.30 08:15:00,fvg,1,4531.854,4524.336,0.000,0.000,0.00,0.00,no_room
2026.03.30 09:15:00,fvg,-1,4534.321,0.000,0.000,0.000,0.00,0.00,against_bias
2026.03.30 09:20:00,fvg,-1,4530.286,0.000,0.000,0.000,0.00,0.00,against_bias
2026.03.30 09:45:00,fvg,1,4532.674,4523.084,0.000,0.000,0.00,0.00,no_room
2026.03.30 11:15:00,fvg,1,4534.490,4524.805,0.000,0.000,0.00,0.00,no_room
2026.03.30 11:20:00,fvg,1,4537.844,4526.389,0.000,0.000,0.00,0.00,no_room
2026.03.30 11:50:00,fvg,1,4564.393,4537.610,0.000,0.000,0.00,0.00,no_room
2026.03.30 11:55:00,fvg,1,4568.975,4539.681,0.000,0.000,0.00,0.00,no_room
2026.03.30 12:05:00,fvg,-1,4560.028,0.000,0.000,0.000,0.00,0.00,against_bias
2026.03.30 12:25:00,fvg,1,4562.801,4554.679,0.000,0.000,0.00,0.00,no_room
2026.03.30 12:40:00,fvg,1,4568.757,4559.922,0.000,0.000,0.00,0.00,no_room
2026.03.30 12:55:00,fvg,-1,4570.784,0.000,0.000,0.000,0.00,0.00,against_bias
2026.03.30 13:40:00,fvg,-1,4561.064,0.000,0.000,0.000,0.00,0.00,against_bias
2026.03.30 13:50:00,fvg,-1,4548.004,0.000,0.000,0.000,0.00,0.00,against_bias
2026.03.30 13:55:00,fvg,-1,4537.849,0.000,0.000,0.000,0.00,0.00,against_bias
2026.03.30 15:40:00,fvg,1,4541.035,0.000,0.000,0.000,0.00,0.00,against_bias
2026.03.30 15:45:00,fvg,1,4548.006,0.000,0.000,0.000,0.00,0.00,against_bias
2026.03.30 15:50:00,fvg,1,4550.550,0.000,0.000,0.000,0.00,0.00,against_bias
2026.03.31 07:20:00,fvg,-1,4554.565,0.000,0.000,0.000,0.00,0.00,against_bias
2026.03.31 08:10:00,fvg,1,4566.487,4557.310,0.000,0.000,0.00,0.00,no_room
2026.03.31 09:35:00,fvg,-1,4562.531,0.000,0.000,0.000,0.00,0.00,against_bias
2026.03.31 09:40:00,fvg,-1,4558.750,0.000,0.000,0.000,0.00,0.00,against_bias
2026.03.31 09:55:00,fvg,1,4556.354,4549.520,0.000,0.000,0.00,0.00,no_room
2026.03.31 10:10:00,fvg,1,4558.624,4550.987,4567.218,4575.812,4.45,4.46,signal
2026.03.31 10:40:00,fvg,-1,4556.404,0.000,0.000,0.000,0.00,0.00,against_bias
2026.03.31 10:45:00,fvg,-1,4544.872,4561.528,0.000,0.000,0.00,0.00,no_room
2026.03.31 11:00:00,fvg,1,4544.072,0.000,0.000,0.000,0.00,0.00,against_bias
2026.03.31 11:20:00,fvg,1,4549.386,0.000,0.000,0.000,0.00,0.00,against_bias
2026.03.31 11:25:00,fvg,1,4564.612,0.000,0.000,0.000,0.00,0.00,against_bias
2026.03.31 11:30:00,fvg,1,4574.849,4548.326,0.000,0.000,0.00,0.00,no_room
2026.03.31 11:45:00,fvg,1,4583.079,4567.447,0.000,0.000,0.00,0.00,no_room
2026.03.31 12:10:00,fvg,1,4584.537,4575.429,0.000,0.000,0.00,0.00,no_room
2026.03.31 12:20:00,fvg,-1,4581.158,0.000,0.000,0.000,0.00,0.00,against_bias
2026.03.31 12:50:00,fvg,-1,4581.390,0.000,0.000,0.000,0.00,0.00,against_bias
2026.03.31 12:55:00,fvg,-1,4575.517,0.000,0.000,0.000,0.00,0.00,against_bias
2026.03.31 13:35:00,fvg,-1,4580.241,0.000,0.000,0.000,0.00,0.00,against_bias
2026.03.31 13:45:00,fvg,1,4583.104,4567.339,0.000,0.000,0.00,0.00,no_room
2026.03.31 14:00:00,fvg,1,4593.060,4583.970,0.000,0.000,0.00,0.00,no_room
2026.03.31 14:45:00,fvg,-1,4611.945,0.000,0.000,0.000,0.00,0.00,against_bias
2026.03.31 15:10:00,fvg,1,4611.920,4593.550,0.000,0.000,0.00,0.00,no_room
2026.03.31 15:45:00,fvg,1,4616.401,4606.097,0.000,0.000,0.00,0.00,no_room
2026.04.01 07:10:00,fvg,-1,4723.444,0.000,0.000,0.000,0.00,0.00,against_bias
2026.04.01 07:30:00,fvg,1,4718.143,4712.302,0.000,0.000,0.00,0.00,no_room
2026.04.01 07:40:00,fvg,1,4730.752,4717.196,0.000,0.000,0.00,0.00,no_room
2026.04.01 07:55:00,fvg,-1,4724.891,0.000,0.000,0.000,0.00,0.00,against_bias
2026.04.01 08:00:00,fvg,-1,4716.378,0.000,0.000,0.000,0.00,0.00,against_bias
2026.04.01 08:10:00,fvg,1,4716.916,4708.561,0.000,0.000,0.00,0.00,no_room
2026.04.01 08:25:00,fvg,1,4725.307,4714.649,0.000,0.000,0.00,0.00,no_room
2026.04.01 09:15:00,fvg,-1,4721.999,0.000,0.000,0.000,0.00,0.00,against_bias
2026.04.01 09:20:00,fvg,-1,4719.457,0.000,0.000,0.000,0.00,0.00,against_bias
2026.04.01 10:30:00,fvg,1,4722.136,4714.652,0.000,0.000,0.00,0.00,no_room
2026.04.01 10:50:00,fvg,1,4734.599,4725.733,0.000,0.000,0.00,0.00,no_room
2026.04.01 11:00:00,fvg,-1,4732.177,0.000,0.000,0.000,0.00,0.00,against_bias
2026.04.01 11:10:00,fvg,1,4736.099,4727.202,0.000,0.000,0.00,0.00,no_room
2026.04.01 11:35:00,fvg,1,4744.665,4735.727,0.000,0.000,0.00,0.00,no_room
2026.04.01 11:45:00,fvg,1,4755.141,4743.955,0.000,0.000,0.00,0.00,no_room
2026.04.01 12:05:00,fvg,-1,4753.717,0.000,0.000,0.000,0.00,0.00,against_bias
2026.04.01 12:10:00,fvg,-1,4749.332,0.000,0.000,0.000,0.00,0.00,against_bias
2026.04.01 12:15:00,fvg,-1,4745.143,0.000,0.000,0.000,0.00,0.00,against_bias
2026.04.01 12:30:00,fvg,-1,4735.813,0.000,0.000,0.000,0.00,0.00,against_bias
2026.04.01 13:15:00,fvg,1,4728.205,4714.720,0.000,0.000,0.00,0.00,no_room
2026.04.01 13:20:00,fvg,1,4730.565,4716.838,0.000,0.000,0.00,0.00,no_room
2026.04.01 15:40:00,fvg,1,4778.868,4767.131,4793.410,4807.952,2.86,2.87,signal
2026.04.02 07:15:00,fvg,1,4607.857,0.000,0.000,0.000,0.00,0.00,against_bias
2026.04.02 07:20:00,fvg,1,4617.420,0.000,0.000,0.000,0.00,0.00,against_bias
2026.04.02 07:40:00,fvg,1,4626.969,0.000,0.000,0.000,0.00,0.00,against_bias
2026.04.02 07:55:00,fvg,1,4642.819,0.000,0.000,0.000,0.00,0.00,against_bias
2026.04.02 08:50:00,fvg,-1,4634.516,4644.791,0.000,0.000,0.00,0.00,no_room
2026.04.02 08:55:00,fvg,-1,4629.581,4642.380,0.000,0.000,0.00,0.00,no_room
2026.04.02 09:20:00,fvg,1,4621.930,0.000,0.000,0.000,0.00,0.00,against_bias
2026.04.02 10:25:00,fvg,-1,4617.272,4633.602,0.000,0.000,0.00,0.00,no_room
2026.04.02 10:50:00,fvg,1,4621.859,0.000,0.000,0.000,0.00,0.00,against_bias
2026.04.02 11:35:00,fvg,-1,4617.265,4631.472,0.000,0.000,0.00,0.00,no_room
2026.04.02 11:50:00,fvg,-1,4604.825,4618.532,0.000,0.000,0.00,0.00,no_room
2026.04.02 12:30:00,fvg,1,4623.727,0.000,0.000,0.000,0.00,0.00,against_bias
2026.04.02 13:05:00,fvg,-1,4603.303,4627.677,0.000,0.000,0.00,0.00,no_room
2026.04.02 13:55:00,fvg,1,4629.195,0.000,0.000,0.000,0.00,0.00,against_bias
2026.04.02 14:45:00,fvg,1,4679.677,4656.918,0.000,0.000,0.00,0.00,no_room
2026.04.02 15:50:00,fvg,-1,4666.857,0.000,0.000,0.000,0.00,0.00,against_bias
2026.04.06 07:15:00,fvg,-1,4656.975,0.000,0.000,0.000,0.00,0.00,against_bias
2026.04.06 07:40:00,fvg,1,4653.011,4644.361,4662.750,4672.489,3.85,3.86,signal
2026.04.06 07:45:00,fvg,1,4653.011,0.000,4662.750,0.000,0.00,0.00,missed_move
2026.04.06 07:50:00,fvg,1,4662.495,4652.302,0.000,0.000,0.00,0.00,no_room
2026.04.06 07:55:00,fvg,1,4671.898,4655.602,0.000,0.000,0.00,0.00,no_room
2026.04.06 08:00:00,fvg,1,4680.234,4661.685,0.000,0.000,0.00,0.00,no_room
2026.04.06 09:10:00,fvg,1,4698.490,4692.413,0.000,0.000,0.00,0.00,no_room
2026.04.06 09:55:00,fvg,-1,4700.746,0.000,0.000,0.000,0.00,0.00,against_bias
2026.04.06 10:00:00,fvg,-1,4695.380,0.000,0.000,0.000,0.00,0.00,against_bias
2026.04.06 10:20:00,fvg,-1,4690.971,0.000,0.000,0.000,0.00,0.00,against_bias
2026.04.06 11:55:00,fvg,-1,4683.683,0.000,0.000,0.000,0.00,0.00,against_bias
2026.04.06 12:20:00,fvg,-1,4674.247,0.000,0.000,0.000,0.00,0.00,against_bias
2026.04.06 12:30:00,fvg,-1,4667.636,0.000,0.000,0.000,0.00,0.00,against_bias
2026.04.06 12:40:00,fvg,1,4670.316,4658.731,0.000,0.000,0.00,0.00,no_room
2026.04.06 13:10:00,fvg,-1,4672.575,0.000,0.000,0.000,0.00,0.00,against_bias
2026.04.06 14:10:00,fvg,-1,4674.041,0.000,0.000,0.000,0.00,0.00,against_bias
2026.04.06 14:25:00,fvg,1,4677.257,4658.912,0.000,0.000,0.00,0.00,no_room
2026.04.06 14:30:00,fvg,1,4683.591,4669.244,0.000,0.000,0.00,0.00,no_room
2026.04.06 15:10:00,fvg,-1,4672.459,0.000,0.000,0.000,0.00,0.00,against_bias
2026.04.06 15:45:00,fvg,-1,4661.176,0.000,0.000,0.000,0.00,0.00,against_bias
2026.04.06 15:55:00,fvg,1,4662.219,4652.450,0.000,0.000,0.00,0.00,no_room
2026.04.07 07:35:00,fvg,-1,4644.080,4654.361,0.000,0.000,0.00,0.00,no_room
2026.04.07 08:10:00,fvg,1,4648.669,0.000,0.000,0.000,0.00,0.00,against_bias
2026.04.07 08:20:00,fvg,1,4657.155,0.000,0.000,0.000,0.00,0.00,against_bias
2026.04.07 08:30:00,fvg,1,4677.507,4656.189,0.000,0.000,0.00,0.00,no_room
2026.04.07 09:35:00,fvg,-1,4687.042,0.000,0.000,0.000,0.00,0.00,against_bias
2026.04.07 09:40:00,fvg,-1,4684.359,0.000,0.000,0.000,0.00,0.00,against_bias
2026.04.07 09:45:00,fvg,-1,4676.780,0.000,0.000,0.000,0.00,0.00,against_bias
2026.04.07 09:50:00,fvg,-1,4667.634,0.000,0.000,0.000,0.00,0.00,against_bias
2026.04.07 10:00:00,fvg,1,4670.195,4657.948,0.000,0.000,0.00,0.00,no_room
2026.04.07 11:20:00,fvg,-1,4642.196,4657.331,0.000,0.000,0.00,0.00,no_room
2026.04.07 11:30:00,fvg,1,4644.608,0.000,0.000,0.000,0.00,0.00,against_bias
2026.04.07 11:35:00,fvg,1,4647.273,0.000,0.000,0.000,0.00,0.00,against_bias
2026.04.07 11:45:00,fvg,1,4652.708,0.000,0.000,0.000,0.00,0.00,against_bias
2026.04.07 12:25:00,fvg,1,4657.126,0.000,0.000,0.000,0.00,0.00,against_bias
2026.04.07 12:30:00,fvg,1,4664.431,0.000,0.000,0.000,0.00,0.00,against_bias
2026.04.07 12:50:00,fvg,-1,4657.123,4665.613,0.000,0.000,0.00,0.00,no_room
2026.04.07 13:40:00,fvg,-1,4651.954,4664.127,0.000,0.000,0.00,0.00,no_room
2026.04.07 14:10:00,fvg,-1,4627.688,4655.123,0.000,0.000,0.00,0.00,no_room
2026.04.07 14:30:00,fvg,1,4640.171,0.000,0.000,0.000,0.00,0.00,against_bias
2026.04.07 14:40:00,fvg,1,4651.285,0.000,0.000,0.000,0.00,0.00,against_bias
2026.04.07 15:00:00,fvg,-1,4641.253,4658.381,0.000,0.000,0.00,0.00,no_room
2026.04.07 15:05:00,fvg,-1,4636.704,4650.887,0.000,0.000,0.00,0.00,no_room
2026.04.07 15:20:00,fvg,1,4640.450,0.000,0.000,0.000,0.00,0.00,against_bias
2026.04.07 15:25:00,fvg,1,4645.472,0.000,0.000,0.000,0.00,0.00,against_bias
2026.04.08 07:05:00,fvg,-1,4820.627,0.000,0.000,0.000,0.00,0.00,against_bias
2026.04.08 07:10:00,fvg,-1,4817.630,0.000,0.000,0.000,0.00,0.00,against_bias
2026.04.08 07:40:00,fvg,-1,4814.333,0.000,0.000,0.000,0.00,0.00,against_bias
2026.04.08 07:55:00,fvg,1,4813.481,4804.337,4831.769,4850.058,3.64,3.65,signal
2026.04.08 08:30:00,fvg,-1,4809.753,0.000,0.000,0.000,0.00,0.00,against_bias
2026.04.08 08:50:00,fvg,-1,4798.611,0.000,0.000,0.000,0.00,0.00,against_bias
2026.04.08 09:45:00,fvg,-1,4795.569,4804.640,0.000,0.000,0.00,0.00,no_room
2026.04.08 09:50:00,fvg,-1,4786.493,4802.542,0.000,0.000,0.00,0.00,no_room
2026.04.08 10:10:00,fvg,1,4785.877,0.000,0.000,0.000,0.00,0.00,against_bias
2026.04.08 10:20:00,fvg,-1,4783.370,4790.348,4775.746,4768.121,4.73,4.73,signal
2026.04.08 10:25:00,fvg,-1,4783.370,0.000,4775.746,0.000,0.00,0.00,missed_move
2026.04.08 10:50:00,fvg,1,4791.393,0.000,0.000,0.000,0.00,0.00,against_bias
2026.04.08 11:05:00,fvg,-1,4786.045,4796.924,0.000,0.000,0.00,0.00,no_room
2026.04.08 11:15:00,fvg,1,4786.448,0.000,0.000,0.000,0.00,0.00,against_bias
2026.04.08 11:50:00,fvg,1,4789.152,0.000,0.000,0.000,0.00,0.00,against_bias
2026.04.08 11:55:00,fvg,1,4794.296,0.000,0.000,0.000,0.00,0.00,against_bias
2026.04.08 12:25:00,fvg,-1,4794.586,4808.112,0.000,0.000,0.00,0.00,no_room
2026.04.08 12:30:00,fvg,-1,4784.781,4806.305,0.000,0.000,0.00,0.00,no_room
2026.04.08 12:40:00,fvg,1,4791.403,0.000,0.000,0.000,0.00,0.00,against_bias
2026.04.08 12:45:00,fvg,1,4794.010,0.000,0.000,0.000,0.00,0.00,against_bias
2026.04.08 13:15:00,fvg,-1,4798.258,4807.666,0.000,0.000,0.00,0.00,no_room
2026.04.08 13:40:00,fvg,-1,4787.691,4800.244,0.000,0.000,0.00,0.00,no_room
2026.04.08 14:35:00,fvg,-1,4768.330,4781.598,0.000,0.000,0.00,0.00,no_room
2026.04.08 14:55:00,fvg,-1,4756.731,4771.626,0.000,0.000,0.00,0.00,no_room
2026.04.08 15:25:00,fvg,1,4752.883,0.000,0.000,0.000,0.00,0.00,against_bias
2026.04.09 07:10:00,fvg,1,4714.551,0.000,0.000,0.000,0.00,0.00,against_bias
2026.04.09 07:15:00,fvg,1,4721.868,0.000,0.000,0.000,0.00,0.00,against_bias
2026.04.09 07:25:00,fvg,-1,4716.241,4730.966,0.000,0.000,0.00,0.00,no_room
2026.04.09 07:30:00,fvg,-1,4714.626,4725.364,0.000,0.000,0.00,0.00,no_room
2026.04.09 07:40:00,fvg,1,4718.301,0.000,0.000,0.000,0.00,0.00,against_bias
2026.04.09 07:55:00,fvg,-1,4718.297,4729.944,0.000,0.000,0.00,0.00,no_room
2026.04.09 08:05:00,fvg,1,4720.630,0.000,0.000,0.000,0.00,0.00,against_bias
2026.04.09 09:15:00,fvg,1,4729.659,4722.455,0.000,0.000,0.00,0.00,no_room
2026.04.09 10:30:00,fvg,1,4736.093,4722.897,0.000,0.000,0.00,0.00,no_room
2026.04.09 10:55:00,fvg,1,4741.730,4735.894,0.000,0.000,0.00,0.00,no_room
2026.04.09 11:25:00,fvg,1,4742.678,4738.181,0.000,0.000,0.00,0.00,no_room
2026.04.09 11:45:00,fvg,1,4748.209,4742.430,4759.767,4771.324,5.71,5.71,signal
2026.04.09 12:05:00,fvg,1,4748.209,0.000,4759.767,0.000,0.00,0.00,missed_move
2026.04.09 12:10:00,fvg,-1,4751.090,0.000,0.000,0.000,0.00,0.00,against_bias
2026.04.09 12:15:00,fvg,-1,4747.326,0.000,0.000,0.000,0.00,0.00,against_bias
2026.04.09 12:20:00,fvg,-1,4744.362,0.000,0.000,0.000,0.00,0.00,against_bias
2026.04.09 12:25:00,fvg,-1,4741.578,0.000,0.000,0.000,0.00,0.00,against_bias
2026.04.09 13:15:00,fvg,1,4748.476,4737.900,4762.294,4776.112,3.12,3.12,signal
2026.04.09 13:40:00,fvg,1,4748.476,0.000,4762.294,0.000,0.00,0.00,missed_move
2026.04.09 13:45:00,fvg,1,4769.643,4749.780,0.000,0.000,0.00,0.00,no_room
2026.04.09 14:00:00,fvg,-1,4768.881,0.000,0.000,0.000,0.00,0.00,against_bias
2026.04.09 14:40:00,fvg,-1,4758.976,0.000,0.000,0.000,0.00,0.00,against_bias
2026.04.09 14:55:00,fvg,1,4761.452,4750.493,0.000,0.000,0.00,0.00,no_room
2026.04.09 15:20:00,fvg,1,4768.972,4760.175,0.000,0.000,0.00,0.00,no_room
2026.04.09 15:25:00,fvg,1,4779.527,4760.868,0.000,0.000,0.00,0.00,no_room
2026.04.09 15:40:00,fvg,1,4788.368,4776.931,0.000,0.000,0.00,0.00,no_room
2026.04.10 07:10:00,fvg,1,4748.743,0.000,0.000,0.000,0.00,0.00,against_bias
2026.04.10 08:25:00,fvg,-1,4747.074,4752.430,0.000,0.000,0.00,0.00,no_room
2026.04.10 08:40:00,fvg,1,4748.209,0.000,0.000,0.000,0.00,0.00,against_bias
2026.04.10 08:50:00,fvg,-1,4744.052,4752.669,0.000,0.000,0.00,0.00,no_room
2026.04.10 08:55:00,fvg,-1,4736.709,4750.504,0.000,0.000,0.00,0.00,no_room
2026.04.10 09:05:00,fvg,1,4740.490,0.000,0.000,0.000,0.00,0.00,against_bias
2026.04.10 09:25:00,fvg,1,4752.891,0.000,0.000,0.000,0.00,0.00,against_bias
2026.04.10 09:35:00,fvg,-1,4750.257,4759.865,0.000,0.000,0.00,0.00,no_room
2026.04.10 10:10:00,fvg,-1,4747.675,4754.121,0.000,0.000,0.00,0.00,no_room
2026.04.10 10:25:00,fvg,1,4751.727,0.000,0.000,0.000,0.00,0.00,against_bias
2026.04.10 10:30:00,fvg,1,4757.590,0.000,0.000,0.000,0.00,0.00,against_bias
2026.04.10 10:45:00,fvg,-1,4756.267,4760.200,0.000,0.000,0.00,0.00,no_room
2026.04.10 11:25:00,fvg,1,4757.658,0.000,0.000,0.000,0.00,0.00,against_bias
2026.04.10 11:50:00,fvg,1,4763.165,4758.556,0.000,0.000,0.00,0.00,no_room
2026.04.10 12:30:00,fvg,-1,4762.806,0.000,0.000,0.000,0.00,0.00,against_bias
2026.04.10 12:40:00,fvg,1,4771.174,4759.292,0.000,0.000,0.00,0.00,no_room
2026.04.10 13:30:00,fvg,1,4773.956,4765.180,0.000,0.000,0.00,0.00,no_room
2026.04.10 14:00:00,fvg,1,4774.236,4765.173,0.000,0.000,0.00,0.00,no_room
2026.04.10 14:25:00,fvg,1,4785.610,4766.357,0.000,0.000,0.00,0.00,no_room
2026.04.10 14:50:00,fvg,-1,4783.409,0.000,0.000,0.000,0.00,0.00,against_bias
2026.04.10 15:15:00,fvg,1,4779.123,4768.647,0.000,0.000,0.00,0.00,no_room
2026.04.10 15:20:00,fvg,1,4781.573,4768.652,0.000,0.000,0.00,0.00,no_room
2026.04.10 15:35:00,fvg,-1,4778.554,0.000,0.000,0.000,0.00,0.00,against_bias
2026.04.10 15:40:00,fvg,-1,4775.386,0.000,0.000,0.000,0.00,0.00,against_bias
2026.04.10 15:45:00,fvg,-1,4767.117,0.000,0.000,0.000,0.00,0.00,against_bias
2026.04.13 07:10:00,fvg,1,4726.718,4722.357,0.000,0.000,0.00,0.00,no_room
2026.04.13 07:55:00,fvg,1,4734.420,4727.763,0.000,0.000,0.00,0.00,no_room
2026.04.13 08:45:00,fvg,-1,4730.255,0.000,0.000,0.000,0.00,0.00,against_bias
2026.04.13 09:15:00,fvg,-1,4721.657,0.000,0.000,0.000,0.00,0.00,against_bias
2026.04.13 10:40:00,fvg,1,4714.896,4707.629,4723.825,4732.754,4.54,4.54,signal
2026.04.13 10:55:00,fvg,1,4714.896,0.000,4723.825,0.000,0.00,0.00,missed_move
2026.04.13 11:10:00,fvg,1,4722.863,4718.700,0.000,0.000,0.00,0.00,no_room
2026.04.13 11:45:00,fvg,-1,4712.961,4722.919,0.000,0.000,0.00,0.00,no_room
2026.04.13 12:15:00,fvg,1,4713.900,0.000,0.000,0.000,0.00,0.00,against_bias
2026.04.13 12:30:00,fvg,-1,4711.227,4718.412,0.000,0.000,0.00,0.00,no_room
2026.04.13 12:55:00,fvg,1,4719.258,0.000,0.000,0.000,0.00,0.00,against_bias
2026.04.13 13:10:00,fvg,1,4726.582,0.000,0.000,0.000,0.00,0.00,against_bias
2026.04.13 13:20:00,fvg,1,4731.932,4725.257,0.000,0.000,0.00,0.00,no_room
2026.04.13 13:45:00,fvg,-1,4730.552,0.000,0.000,0.000,0.00,0.00,against_bias
2026.04.13 14:25:00,fvg,-1,4721.332,0.000,0.000,0.000,0.00,0.00,against_bias
2026.04.13 14:55:00,fvg,-1,4715.551,0.000,0.000,0.000,0.00,0.00,against_bias
2026.04.13 15:10:00,fvg,-1,4708.674,0.000,0.000,0.000,0.00,0.00,against_bias
2026.04.13 15:30:00,fvg,-1,4706.185,0.000,0.000,0.000,0.00,0.00,against_bias
2026.04.13 15:40:00,fvg,1,4708.929,4701.318,0.000,0.000,0.00,0.00,no_room
2026.04.13 15:45:00,fvg,1,4710.892,4701.360,0.000,0.000,0.00,0.00,no_room
2026.04.14 07:10:00,fvg,1,4786.456,4777.895,0.000,0.000,0.00,0.00,no_room
2026.04.14 07:30:00,fvg,-1,4774.904,0.000,0.000,0.000,0.00,0.00,against_bias
2026.04.14 08:35:00,fvg,1,4784.987,4775.011,0.000,0.000,0.00,0.00,no_room
2026.04.14 08:50:00,fvg,-1,4785.762,0.000,0.000,0.000,0.00,0.00,against_bias
2026.04.14 09:35:00,fvg,-1,4779.237,0.000,0.000,0.000,0.00,0.00,against_bias
2026.04.14 10:45:00,fvg,-1,4768.285,0.000,0.000,0.000,0.00,0.00,against_bias
2026.04.14 10:55:00,fvg,1,4768.764,4756.214,0.000,0.000,0.00,0.00,no_room
2026.04.14 11:15:00,fvg,1,4775.086,4766.009,0.000,0.000,0.00,0.00,no_room
2026.04.14 11:55:00,fvg,-1,4775.810,0.000,0.000,0.000,0.00,0.00,against_bias
2026.04.14 12:20:00,fvg,-1,4772.405,0.000,0.000,0.000,0.00,0.00,against_bias
2026.04.14 13:10:00,fvg,1,4773.654,4763.246,0.000,0.000,0.00,0.00,no_room
2026.04.14 13:20:00,fvg,1,4780.923,4772.939,0.000,0.000,0.00,0.00,no_room
2026.04.14 13:25:00,fvg,1,4786.492,4776.029,0.000,0.000,0.00,0.00,no_room
2026.04.14 14:35:00,fvg,1,4806.510,4797.841,0.000,0.000,0.00,0.00,no_room
2026.04.14 14:45:00,fvg,-1,4804.531,0.000,0.000,0.000,0.00,0.00,against_bias
2026.04.14 14:50:00,fvg,-1,4800.979,0.000,0.000,0.000,0.00,0.00,against_bias
2026.04.14 15:00:00,fvg,1,4801.175,4794.379,0.000,0.000,0.00,0.00,no_room
2026.04.14 15:10:00,fvg,-1,4798.325,0.000,0.000,0.000,0.00,0.00,against_bias
2026.04.14 15:25:00,fvg,1,4799.201,4790.139,0.000,0.000,0.00,0.00,no_room
2026.04.14 15:30:00,fvg,1,4800.724,4792.359,0.000,0.000,0.00,0.00,no_room
2026.04.14 15:40:00,fvg,1,4807.152,4799.983,0.000,0.000,0.00,0.00,no_room
2026.04.15 07:50:00,fvg,-1,4810.400,4816.383,0.000,0.000,0.00,0.00,no_room
2026.04.15 09:00:00,fvg,1,4813.954,0.000,0.000,0.000,0.00,0.00,against_bias
2026.04.15 09:15:00,fvg,-1,4808.192,4819.861,0.000,0.000,0.00,0.00,no_room
2026.04.15 10:15:00,fvg,1,4800.637,0.000,0.000,0.000,0.00,0.00,against_bias
2026.04.15 10:25:00,fvg,-1,4798.311,4803.657,4790.578,4782.846,6.17,6.17,signal
2026.04.15 10:30:00,fvg,-1,4798.311,0.000,4790.578,0.000,0.00,0.00,missed_move
2026.04.15 10:50:00,fvg,1,4799.448,0.000,0.000,0.000,0.00,0.00,against_bias
2026.04.15 11:30:00,fvg,1,4804.608,0.000,0.000,0.000,0.00,0.00,against_bias
2026.04.15 11:55:00,fvg,1,4808.589,0.000,0.000,0.000,0.00,0.00,against_bias
2026.04.15 13:30:00,fvg,1,4816.724,4809.382,0.000,0.000,0.00,0.00,no_room
2026.04.15 14:40:00,fvg,-1,4822.220,0.000,0.000,0.000,0.00,0.00,against_bias
2026.04.15 15:10:00,fvg,-1,4810.944,0.000,0.000,0.000,0.00,0.00,against_bias
2026.04.15 15:35:00,fvg,-1,4800.075,0.000,0.000,0.000,0.00,0.00,against_bias
2026.04.15 15:45:00,fvg,1,4800.831,4785.967,0.000,0.000,0.00,0.00,no_room
2026.04.16 07:55:00,fvg,-1,4825.974,0.000,0.000,0.000,0.00,0.00,against_bias
2026.04.16 08:05:00,fvg,-1,4821.767,0.000,0.000,0.000,0.00,0.00,against_bias
2026.04.16 08:10:00,fvg,-1,4814.356,0.000,0.000,0.000,0.00,0.00,against_bias
2026.04.16 09:05:00,fvg,1,4811.785,0.000,0.000,0.000,0.00,0.00,against_bias
2026.04.16 09:10:00,fvg,1,4814.967,0.000,0.000,0.000,0.00,0.00,against_bias
2026.04.16 09:35:00,fvg,-1,4813.092,4817.441,0.000,0.000,0.00,0.00,no_room
2026.04.16 10:20:00,fvg,-1,4808.442,4814.436,0.000,0.000,0.00,0.00,no_room
2026.04.16 11:00:00,fvg,1,4810.971,0.000,0.000,0.000,0.00,0.00,against_bias
2026.04.16 11:05:00,fvg,1,4816.209,0.000,0.000,0.000,0.00,0.00,against_bias
2026.04.16 12:15:00,fvg,-1,4817.198,4823.475,0.000,0.000,0.00,0.00,no_room
2026.04.16 14:00:00,fvg,-1,4798.118,4820.275,0.000,0.000,0.00,0.00,no_room
2026.04.16 14:15:00,fvg,1,4799.052,0.000,0.000,0.000,0.00,0.00,against_bias
2026.04.16 14:25:00,fvg,-1,4797.342,4806.200,0.000,0.000,0.00,0.00,no_room
2026.04.16 14:45:00,fvg,-1,4790.563,4801.734,0.000,0.000,0.00,0.00,no_room
2026.04.16 15:10:00,fvg,1,4798.895,0.000,0.000,0.000,0.00,0.00,against_bias
2026.04.16 15:15:00,fvg,1,4805.586,0.000,0.000,0.000,0.00,0.00,against_bias
2026.04.17 07:10:00,fvg,1,4787.248,4783.700,4792.502,4797.756,9.30,9.31,signal
2026.04.17 07:45:00,fvg,-1,4787.859,0.000,0.000,0.000,0.00,0.00,against_bias
2026.04.17 08:50:00,fvg,1,4791.615,4785.091,0.000,0.000,0.00,0.00,no_room
2026.04.17 09:05:00,fvg,1,4795.664,4790.478,0.000,0.000,0.00,0.00,no_room
2026.04.17 09:55:00,fvg,-1,4792.726,0.000,0.000,0.000,0.00,0.00,against_bias
2026.04.17 10:35:00,fvg,-1,4789.909,0.000,0.000,0.000,0.00,0.00,against_bias
2026.04.17 10:45:00,fvg,-1,4785.774,0.000,0.000,0.000,0.00,0.00,against_bias
2026.04.17 11:30:00,fvg,1,4790.088,4784.042,0.000,0.000,0.00,0.00,no_room
2026.04.17 11:50:00,fvg,1,4798.435,4790.272,0.000,0.000,0.00,0.00,no_room
2026.04.17 11:55:00,fvg,1,4801.139,4791.645,0.000,0.000,0.00,0.00,price_inside_zone
2026.04.17 12:10:00,fvg,1,4802.154,4797.021,0.000,0.000,0.00,0.00,no_room
2026.04.17 12:30:00,fvg,1,4811.482,4802.387,0.000,0.000,0.00,0.00,no_room
2026.04.17 12:35:00,fvg,1,4815.211,4803.922,0.000,0.000,0.00,0.00,no_room
2026.04.17 12:55:00,fvg,1,4833.111,4820.463,0.000,0.000,0.00,0.00,no_room
2026.04.17 13:15:00,fvg,1,4861.731,4833.609,0.000,0.000,0.00,0.00,no_room
2026.04.17 13:45:00,fvg,1,4862.850,4846.653,0.000,0.000,0.00,0.00,no_room
2026.04.17 14:00:00,fvg,1,4874.869,4850.351,0.000,0.000,0.00,0.00,no_room
2026.04.17 14:15:00,fvg,-1,4872.450,0.000,0.000,0.000,0.00,0.00,against_bias
2026.04.17 15:50:00,fvg,-1,4864.342,0.000,0.000,0.000,0.00,0.00,against_bias
2026.04.17 16:00:00,fvg,1,4866.587,4856.977,0.000,0.000,0.00,0.00,no_room
2026.04.20 07:05:00,fvg,1,4794.655,0.000,0.000,0.000,0.00,0.00,against_bias
2026.04.20 07:25:00,fvg,1,4801.232,4793.273,0.000,0.000,0.00,0.00,no_room
2026.04.20 07:35:00,fvg,-1,4798.572,0.000,0.000,0.000,0.00,0.00,against_bias
2026.04.20 07:55:00,fvg,-1,4793.851,0.000,0.000,0.000,0.00,0.00,against_bias
2026.04.20 08:00:00,fvg,-1,4791.136,0.000,0.000,0.000,0.00,0.00,against_bias
2026.04.20 08:50:00,fvg,1,4791.991,4788.283,0.000,0.000,0.00,0.00,no_room
2026.04.20 08:55:00,fvg,1,4793.026,4788.461,0.000,0.000,0.00,0.00,no_room
2026.04.20 09:40:00,fvg,-1,4789.323,0.000,0.000,0.000,0.00,0.00,against_bias
2026.04.20 09:50:00,fvg,1,4791.095,4784.173,0.000,0.000,0.00,0.00,no_room
2026.04.20 10:15:00,fvg,1,4795.083,4789.406,0.000,0.000,0.00,0.00,no_room
2026.04.20 11:10:00,fvg,-1,4793.820,0.000,0.000,0.000,0.00,0.00,against_bias
2026.04.20 11:50:00,fvg,1,4794.561,4788.641,0.000,0.000,0.00,0.00,no_room
2026.04.20 11:55:00,fvg,1,4801.190,4789.640,0.000,0.000,0.00,0.00,no_room
2026.04.20 12:00:00,fvg,1,4806.027,4794.120,0.000,0.000,0.00,0.00,no_room
2026.04.20 12:25:00,fvg,1,4813.804,4806.885,0.000,0.000,0.00,0.00,no_room
2026.04.20 12:35:00,fvg,-1,4809.545,0.000,0.000,0.000,0.00,0.00,against_bias
2026.04.20 13:15:00,fvg,1,4809.654,4798.981,0.000,0.000,0.00,0.00,no_room
2026.04.20 14:30:00,fvg,1,4821.756,4813.626,0.000,0.000,0.00,0.00,no_room
2026.04.20 14:40:00,fvg,-1,4818.918,0.000,0.000,0.000,0.00,0.00,against_bias
2026.04.20 14:45:00,fvg,-1,4815.269,0.000,0.000,0.000,0.00,0.00,against_bias
2026.04.20 15:00:00,fvg,-1,4808.889,0.000,0.000,0.000,0.00,0.00,against_bias
2026.04.20 15:30:00,fvg,1,4802.633,4792.993,0.000,0.000,0.00,0.00,no_room
2026.04.21 07:15:00,fvg,1,4780.378,0.000,0.000,0.000,0.00,0.00,against_bias
2026.04.21 07:20:00,fvg,1,4782.777,0.000,0.000,0.000,0.00,0.00,against_bias
2026.04.21 07:50:00,fvg,1,4786.080,0.000,0.000,0.000,0.00,0.00,against_bias
2026.04.21 07:55:00,fvg,1,4787.945,0.000,0.000,0.000,0.00,0.00,against_bias
2026.04.21 08:05:00,fvg,-1,4787.560,4793.119,0.000,0.000,0.00,0.00,no_room
2026.04.21 08:15:00,fvg,-1,4781.609,4788.067,0.000,0.000,0.00,0.00,no_room
2026.04.21 08:25:00,fvg,1,4782.718,0.000,0.000,0.000,0.00,0.00,against_bias
2026.04.21 08:30:00,fvg,1,4784.374,0.000,0.000,0.000,0.00,0.00,against_bias
2026.04.21 08:50:00,fvg,1,4789.639,0.000,0.000,0.000,0.00,0.00,against_bias
2026.04.21 09:00:00,fvg,-1,4788.677,4793.091,0.000,0.000,0.00,0.00,no_room
2026.04.21 10:40:00,fvg,1,4784.159,0.000,0.000,0.000,0.00,0.00,against_bias
2026.04.21 11:00:00,fvg,1,4788.648,0.000,0.000,0.000,0.00,0.00,against_bias
2026.04.21 11:15:00,fvg,-1,4782.825,4790.485,0.000,0.000,0.00,0.00,no_room
2026.04.21 11:40:00,fvg,1,4787.254,0.000,0.000,0.000,0.00,0.00,against_bias
2026.04.21 11:50:00,fvg,1,4791.578,4786.802,0.000,0.000,0.00,0.00,no_room
2026.04.21 12:25:00,fvg,-1,4785.084,0.000,0.000,0.000,0.00,0.00,against_bias
2026.04.21 13:15:00,fvg,-1,4771.177,4784.604,0.000,0.000,0.00,0.00,no_room
2026.04.21 13:35:00,fvg,1,4773.805,0.000,0.000,0.000,0.00,0.00,against_bias
2026.04.21 13:45:00,fvg,1,4784.171,0.000,0.000,0.000,0.00,0.00,against_bias
2026.04.21 14:05:00,fvg,-1,4781.402,4794.270,0.000,0.000,0.00,0.00,no_room
2026.04.21 14:30:00,fvg,-1,4775.164,4781.363,0.000,0.000,0.00,0.00,no_room
2026.04.21 14:40:00,fvg,-1,4769.533,4775.977,0.000,0.000,0.00,0.00,no_room
2026.04.21 14:50:00,fvg,-1,4745.811,4770.486,0.000,0.000,0.00,0.00,no_room
2026.04.21 14:55:00,fvg,-1,4739.288,4764.448,0.000,0.000,0.00,0.00,no_room
2026.04.21 15:20:00,fvg,1,4745.018,0.000,0.000,0.000,0.00,0.00,against_bias
2026.04.21 15:35:00,fvg,-1,4745.766,4758.709,0.000,0.000,0.00,0.00,no_room
2026.04.21 16:00:00,fvg,-1,4741.860,4750.977,0.000,0.000,0.00,0.00,no_room
2026.04.22 07:20:00,fvg,-1,4765.698,0.000,0.000,0.000,0.00,0.00,against_bias
2026.04.22 08:40:00,fvg,-1,4754.092,0.000,0.000,0.000,0.00,0.00,against_bias
2026.04.22 09:10:00,fvg,1,4759.314,4756.215,0.000,0.000,0.00,0.00,no_room
2026.04.22 09:35:00,fvg,-1,4757.202,0.000,0.000,0.000,0.00,0.00,against_bias
2026.04.22 09:45:00,fvg,1,4757.900,4754.724,0.000,0.000,0.00,0.00,no_room
2026.04.22 10:10:00,fvg,-1,4751.883,0.000,0.000,0.000,0.00,0.00,against_bias
2026.04.22 10:25:00,fvg,1,4749.716,0.000,0.000,0.000,0.00,0.00,against_bias
2026.04.22 10:40:00,fvg,1,4756.142,0.000,0.000,0.000,0.00,0.00,against_bias
2026.04.22 11:45:00,fvg,-1,4755.336,4760.090,0.000,0.000,0.00,0.00,no_room
2026.04.22 11:50:00,fvg,-1,4753.115,4758.695,0.000,0.000,0.00,0.00,no_room
2026.04.22 13:30:00,fvg,1,4745.500,0.000,0.000,0.000,0.00,0.00,against_bias
2026.04.22 13:50:00,fvg,1,4755.031,0.000,0.000,0.000,0.00,0.00,against_bias
2026.04.22 14:10:00,fvg,-1,4747.278,4758.011,0.000,0.000,0.00,0.00,no_room
2026.04.22 14:40:00,fvg,-1,4738.325,4749.216,0.000,0.000,0.00,0.00,no_room
2026.04.22 15:25:00,fvg,-1,4734.248,4740.892,0.000,0.000,0.00,0.00,no_room
2026.04.22 15:45:00,fvg,-1,4730.515,4736.157,4723.880,4717.245,5.86,5.87,signal
2026.04.23 07:05:00,fvg,-1,4713.171,0.000,0.000,0.000,0.00,0.00,against_bias
2026.04.23 07:55:00,fvg,1,4715.582,4707.704,4723.642,4731.702,4.15,4.16,signal
2026.04.23 08:05:00,fvg,1,4715.582,0.000,4723.642,0.000,0.00,0.00,missed_move
2026.04.23 08:35:00,fvg,-1,4716.102,0.000,0.000,0.000,0.00,0.00,against_bias
2026.04.23 08:40:00,fvg,-1,4710.981,0.000,0.000,0.000,0.00,0.00,against_bias
2026.04.23 09:10:00,fvg,-1,4700.538,0.000,0.000,0.000,0.00,0.00,against_bias
2026.04.23 10:15:00,fvg,-1,4692.974,4702.258,0.000,0.000,0.00,0.00,no_room
2026.04.23 11:05:00,fvg,1,4695.702,0.000,0.000,0.000,0.00,0.00,against_bias
2026.04.23 11:25:00,fvg,1,4700.304,0.000,0.000,0.000,0.00,0.00,against_bias
2026.04.23 11:45:00,fvg,1,4701.836,0.000,0.000,0.000,0.00,0.00,against_bias
2026.04.23 11:50:00,fvg,1,4704.557,0.000,0.000,0.000,0.00,0.00,against_bias
2026.04.23 12:00:00,fvg,1,4713.808,0.000,0.000,0.000,0.00,0.00,against_bias
2026.04.23 12:05:00,fvg,1,4719.577,0.000,0.000,0.000,0.00,0.00,against_bias
2026.04.23 12:10:00,fvg,1,4728.926,0.000,0.000,0.000,0.00,0.00,against_bias
2026.04.23 12:40:00,fvg,1,4735.724,4730.049,0.000,0.000,0.00,0.00,no_room
2026.04.23 13:10:00,fvg,-1,4734.090,0.000,0.000,0.000,0.00,0.00,against_bias
2026.04.23 13:15:00,fvg,-1,4729.236,0.000,0.000,0.000,0.00,0.00,against_bias
2026.04.23 14:05:00,fvg,-1,4725.591,0.000,0.000,0.000,0.00,0.00,against_bias
2026.04.23 14:30:00,fvg,1,4729.610,4722.628,0.000,0.000,0.00,0.00,no_room
2026.04.23 15:25:00,fvg,1,4735.818,4728.237,0.000,0.000,0.00,0.00,no_room
2026.04.23 15:35:00,fvg,-1,4734.745,0.000,0.000,0.000,0.00,0.00,against_bias
2026.04.23 15:50:00,fvg,-1,4728.598,0.000,0.000,0.000,0.00,0.00,against_bias
2026.04.23 15:55:00,fvg,-1,4725.268,0.000,0.000,0.000,0.00,0.00,against_bias
2026.04.24 07:15:00,fvg,1,4676.717,0.000,0.000,0.000,0.00,0.00,against_bias
2026.04.24 07:55:00,fvg,1,4690.182,0.000,0.000,0.000,0.00,0.00,against_bias
2026.04.24 08:25:00,fvg,1,4691.732,4686.469,0.000,0.000,0.00,0.00,no_room
2026.04.24 08:35:00,fvg,-1,4688.777,0.000,0.000,0.000,0.00,0.00,against_bias
2026.04.24 09:30:00,fvg,-1,4687.626,0.000,0.000,0.000,0.00,0.00,against_bias
2026.04.24 09:35:00,fvg,-1,4684.511,0.000,0.000,0.000,0.00,0.00,against_bias
2026.04.24 09:50:00,fvg,1,4684.318,4680.370,0.000,0.000,0.00,0.00,no_room
2026.04.24 10:00:00,fvg,-1,4684.260,0.000,0.000,0.000,0.00,0.00,against_bias
2026.04.24 10:40:00,fvg,-1,4678.679,0.000,0.000,0.000,0.00,0.00,against_bias
2026.04.24 11:10:00,fvg,1,4687.160,4676.253,0.000,0.000,0.00,0.00,no_room
2026.04.24 11:15:00,fvg,1,4695.565,4677.198,0.000,0.000,0.00,0.00,no_room
2026.04.24 11:30:00,fvg,1,4706.487,4691.734,0.000,0.000,0.00,0.00,no_room
2026.04.24 11:45:00,fvg,-1,4709.777,0.000,0.000,0.000,0.00,0.00,against_bias
2026.04.24 11:50:00,fvg,-1,4705.824,0.000,0.000,0.000,0.00,0.00,against_bias
2026.04.24 12:40:00,fvg,-1,4707.267,0.000,0.000,0.000,0.00,0.00,against_bias
2026.04.24 12:50:00,fvg,-1,4699.516,0.000,0.000,0.000,0.00,0.00,against_bias
2026.04.24 12:55:00,fvg,-1,4695.497,0.000,0.000,0.000,0.00,0.00,against_bias
2026.04.24 13:05:00,fvg,1,4696.102,4690.068,0.000,0.000,0.00,0.00,no_room
2026.04.24 13:30:00,fvg,-1,4697.346,0.000,0.000,0.000,0.00,0.00,against_bias
2026.04.24 13:45:00,fvg,1,4702.240,4688.741,0.000,0.000,0.00,0.00,no_room
2026.04.24 13:50:00,fvg,1,4706.230,4690.744,0.000,0.000,0.00,0.00,no_room
2026.04.24 14:15:00,fvg,1,4725.691,4705.881,0.000,0.000,0.00,0.00,no_room
2026.04.24 15:50:00,fvg,1,4723.854,4713.947,0.000,0.000,0.00,0.00,price_inside_zone
2026.04.27 08:50:00,fvg,1,4711.258,4704.935,0.000,0.000,0.00,0.00,no_room
2026.04.27 09:00:00,fvg,-1,4708.652,4714.956,0.000,0.000,0.00,0.00,no_room
2026.04.27 09:35:00,fvg,-1,4703.783,4707.044,0.000,0.000,0.00,0.00,no_room
2026.04.27 09:55:00,fvg,-1,4702.434,4705.898,0.000,0.000,0.00,0.00,no_room
2026.04.27 10:05:00,fvg,1,4702.535,0.000,0.000,0.000,0.00,0.00,against_bias
2026.04.27 10:20:00,fvg,-1,4703.180,4707.098,0.000,0.000,0.00,0.00,no_room
2026.04.27 10:30:00,fvg,1,4703.281,0.000,0.000,0.000,0.00,0.00,against_bias
2026.04.27 10:45:00,fvg,1,4708.092,0.000,0.000,0.000,0.00,0.00,against_bias
2026.04.27 11:10:00,fvg,-1,4707.727,4711.380,0.000,0.000,0.00,0.00,no_room
2026.04.27 11:20:00,fvg,-1,4704.895,4708.053,0.000,0.000,0.00,0.00,no_room
2026.04.27 11:45:00,fvg,-1,4704.165,4709.020,0.000,0.000,0.00,0.00,no_room
2026.04.27 12:20:00,fvg,1,4707.233,0.000,0.000,0.000,0.00,0.00,against_bias
2026.04.27 12:35:00,fvg,-1,4707.793,4713.011,0.000,0.000,0.00,0.00,no_room
2026.04.27 12:45:00,fvg,-1,4702.554,4708.240,0.000,0.000,0.00,0.00,no_room
2026.04.27 13:05:00,fvg,-1,4700.696,4704.839,0.000,0.000,0.00,0.00,no_room
2026.04.27 13:40:00,fvg,-1,4695.644,4703.242,0.000,0.000,0.00,0.00,no_room
2026.04.27 14:35:00,fvg,-1,4689.118,4696.761,0.000,0.000,0.00,0.00,no_room
2026.04.27 14:45:00,fvg,1,4689.933,0.000,0.000,0.000,0.00,0.00,against_bias
2026.04.27 15:00:00,fvg,-1,4681.223,4694.662,0.000,0.000,0.00,0.00,no_room
2026.04.27 15:05:00,fvg,-1,4679.450,4692.655,0.000,0.000,0.00,0.00,no_room
2026.04.27 15:10:00,fvg,-1,4673.472,4681.915,0.000,0.000,0.00,0.00,no_room
2026.04.27 15:55:00,fvg,-1,4676.269,4681.605,0.000,0.000,0.00,0.00,no_room
2026.04.27 16:00:00,fvg,-1,4672.873,4678.711,0.000,0.000,0.00,0.00,no_room
2026.04.28 07:10:00,fvg,1,4632.229,0.000,0.000,0.000,0.00,0.00,against_bias
2026.04.28 08:35:00,fvg,1,4626.502,0.000,0.000,0.000,0.00,0.00,against_bias
2026.04.28 08:40:00,fvg,1,4628.655,0.000,0.000,0.000,0.00,0.00,against_bias
2026.04.28 09:25:00,fvg,-1,4622.266,4628.649,0.000,0.000,0.00,0.00,no_room
2026.04.28 09:30:00,fvg,-1,4618.715,4626.213,0.000,0.000,0.00,0.00,no_room
2026.04.28 11:00:00,fvg,-1,4610.185,4615.791,0.000,0.000,0.00,0.00,no_room
2026.04.28 11:20:00,fvg,-1,4600.400,4606.730,4593.149,4585.898,5.17,5.18,signal
2026.04.28 11:40:00,fvg,-1,4591.714,4603.847,0.000,0.000,0.00,0.00,no_room
2026.04.28 11:45:00,fvg,-1,4574.644,4600.610,0.000,0.000,0.00,0.00,no_room
2026.04.28 11:55:00,fvg,-1,4563.214,4575.499,0.000,0.000,0.00,0.00,no_room
2026.04.28 12:10:00,fvg,1,4567.200,0.000,0.000,0.000,0.00,0.00,against_bias
2026.04.28 12:20:00,fvg,1,4577.559,0.000,0.000,0.000,0.00,0.00,against_bias
2026.04.28 12:45:00,fvg,1,4582.540,0.000,0.000,0.000,0.00,0.00,against_bias
2026.04.28 12:55:00,fvg,1,4593.160,0.000,0.000,0.000,0.00,0.00,against_bias
2026.04.28 13:10:00,fvg,-1,4584.317,4601.234,0.000,0.000,0.00,0.00,no_room
2026.04.28 13:15:00,fvg,-1,4581.421,4595.699,0.000,0.000,0.00,0.00,no_room
2026.04.28 14:45:00,fvg,-1,4565.696,4579.226,0.000,0.000,0.00,0.00,no_room
2026.04.28 15:05:00,fvg,1,4574.038,0.000,0.000,0.000,0.00,0.00,against_bias
2026.04.28 15:55:00,fvg,1,4581.290,0.000,0.000,0.000,0.00,0.00,against_bias
2026.04.29 07:15:00,fvg,-1,4581.450,4589.126,0.000,0.000,0.00,0.00,no_room
2026.04.29 08:40:00,fvg,-1,4563.366,4571.828,0.000,0.000,0.00,0.00,no_room
2026.04.29 08:50:00,fvg,1,4568.071,0.000,0.000,0.000,0.00,0.00,against_bias
2026.04.29 08:55:00,fvg,1,4570.252,0.000,0.000,0.000,0.00,0.00,against_bias
2026.04.29 09:00:00,fvg,1,4573.203,0.000,0.000,0.000,0.00,0.00,against_bias
2026.04.29 09:30:00,fvg,-1,4572.134,4581.525,0.000,0.000,0.00,0.00,no_room
2026.04.29 09:35:00,fvg,-1,4567.549,4581.515,0.000,0.000,0.00,0.00,no_room
2026.04.29 09:50:00,fvg,-1,4562.080,4570.092,0.000,0.000,0.00,0.00,no_room
2026.04.29 10:00:00,fvg,-1,4556.882,4562.638,0.000,0.000,0.00,0.00,no_room
2026.04.29 10:10:00,fvg,1,4561.231,0.000,0.000,0.000,0.00,0.00,against_bias
2026.04.29 10:15:00,fvg,1,4563.626,0.000,0.000,0.000,0.00,0.00,against_bias
2026.04.29 10:20:00,fvg,1,4567.719,0.000,0.000,0.000,0.00,0.00,against_bias
2026.04.29 10:25:00,fvg,1,4568.311,0.000,0.000,0.000,0.00,0.00,against_bias
2026.04.29 10:45:00,fvg,-1,4570.682,4577.042,0.000,0.000,0.00,0.00,no_room
2026.04.29 10:50:00,fvg,-1,4568.544,4575.131,0.000,0.000,0.00,0.00,no_room
2026.04.29 11:50:00,fvg,-1,4566.977,4572.340,0.000,0.000,0.00,0.00,no_room
2026.04.29 12:30:00,fvg,-1,4564.321,4569.421,4557.641,4550.961,6.53,6.53,signal
2026.04.29 12:35:00,fvg,-1,4564.321,0.000,4557.641,0.000,0.00,0.00,missed_move
2026.04.29 12:40:00,fvg,-1,4557.638,4564.841,0.000,0.000,0.00,0.00,no_room
2026.04.29 13:00:00,fvg,-1,4548.579,4560.612,0.000,0.000,0.00,0.00,no_room
2026.04.29 13:25:00,fvg,-1,4543.994,4552.087,0.000,0.000,0.00,0.00,no_room
2026.04.29 13:30:00,fvg,-1,4539.465,4552.091,0.000,0.000,0.00,0.00,no_room
2026.04.29 13:40:00,fvg,-1,4534.037,4540.362,0.000,0.000,0.00,0.00,no_room
2026.04.29 13:45:00,fvg,-1,4526.370,4540.393,0.000,0.000,0.00,0.00,no_room
2026.04.29 13:50:00,fvg,-1,4517.248,4534.821,0.000,0.000,0.00,0.00,no_room
2026.04.29 14:00:00,fvg,1,4519.225,0.000,0.000,0.000,0.00,0.00,against_bias
2026.04.29 14:25:00,fvg,1,4532.054,0.000,0.000,0.000,0.00,0.00,against_bias
2026.04.29 14:40:00,fvg,1,4538.058,0.000,0.000,0.000,0.00,0.00,against_bias
2026.04.29 15:45:00,fvg,1,4550.293,0.000,0.000,0.000,0.00,0.00,against_bias
2026.04.29 16:00:00,fvg,-1,4548.508,4559.450,0.000,0.000,0.00,0.00,no_room
