time_server,strategy,side,entry,sl,tp1,tp2,lots_tp1,lots_tp2,outcome
2025.06.02 09:10:00,pullback,-1,3350.008,3356.048,0.000,0.000,0.00,0.00,no_room
2025.06.02 10:45:00,pullback,-1,3345.531,3350.945,0.000,0.000,0.00,0.00,no_room
2025.06.02 11:25:00,pullback,1,3351.442,3345.827,0.000,0.000,0.00,0.00,no_room
2025.06.02 12:25:00,pullback,1,3360.152,3352.753,3374.950,3389.748,3.37,3.38,signal
2025.06.02 13:45:00,pullback,1,3363.587,3352.708,3385.345,3407.102,2.27,2.28,signal
2025.06.02 16:45:00,pullback,1,3363.587,0.000,3385.345,0.000,0.00,0.00,order_expired
2025.06.03 08:05:00,pullback,1,3360.388,3352.197,0.000,0.000,0.00,0.00,no_room
2025.06.03 11:35:00,pullback,1,3358.705,3353.121,0.000,0.000,0.00,0.00,no_room
2025.06.03 12:15:00,pullback,-1,3353.305,3360.764,0.000,0.000,0.00,0.00,no_room
2025.06.03 12:45:00,pullback,1,3360.518,3348.701,0.000,0.000,0.00,0.00,no_room
2025.06.03 13:35:00,pullback,-1,3357.073,3363.465,0.000,0.000,0.00,0.00,no_room
2025.06.03 15:40:00,pullback,1,3350.170,3343.753,0.000,0.000,0.00,0.00,no_room
2025.06.04 07:35:00,pullback,1,3362.948,3354.253,0.000,0.000,0.00,0.00,no_room
2025.06.04 07:55:00,pullback,-1,3358.498,3365.490,0.000,0.000,0.00,0.00,no_room
2025.06.04 09:50:00,pullback,-1,3360.802,3365.204,0.000,0.000,0.00,0.00,no_room
2025.06.04 10:25:00,pullback,-1,3359.315,3364.778,0.000,0.000,0.00,0.00,no_room
2025.06.04 11:30:00,pullback,-1,3347.341,3364.854,0.000,0.000,0.00,0.00,no_room
2025.06.04 12:20:00,pullback,1,3350.606,3344.795,0.000,0.000,0.00,0.00,no_room
2025.06.04 14:10:00,pullback,1,3362.827,3350.387,0.000,0.000,0.00,0.00,no_room
2025.06.04 15:40:00,pullback,-1,3370.358,3385.116,0.000,0.000,0.00,0.00,no_room
2025.06.05 07:10:00,pullback,1,3370.086,3364.228,0.000,0.000,0.00,0.00,no_room
2025.06.05 08:40:00,pullback,1,3373.431,3369.040,0.000,0.000,0.00,0.00,no_room
2025.06.05 10:05:00,pullback,1,3390.018,3373.653,0.000,0.000,0.00,0.00,no_room
2025.06.05 10:30:00,pullback,1,3394.146,3373.629,3435.180,3476.214,1.20,1.21,signal
2025.06.05 14:05:00,pullback,-1,3377.519,3389.082,0.000,0.000,0.00,0.00,no_room
2025.06.05 14:50:00,pullback,-1,3367.553,3383.911,0.000,0.000,0.00,0.00,no_room
2025.06.05 15:30:00,pullback,-1,3363.859,3373.622,0.000,0.000,0.00,0.00,no_room
2025.06.06 07:50:00,pullback,-1,3356.668,3362.682,0.000,0.000,0.00,0.00,no_room
2025.06.06 08:30:00,pullback,1,3362.270,3352.520,0.000,0.000,0.00,0.00,no_room
2025.06.06 09:25:00,pullback,-1,3358.375,3368.059,0.000,0.000,0.00,0.00,no_room
2025.06.06 11:00:00,pullback,1,3360.307,3355.706,0.000,0.000,0.00,0.00,no_room
2025.06.06 12:40:00,pullback,-1,3355.903,0.000,0.000,0.000,0.00,0.00,against_bias
2025.06.06 14:00:00,pullback,-1,3346.611,3356.008,0.000,0.000,0.00,0.00,no_room
2025.06.06 15:40:00,pullback,1,3334.272,3321.836,0.000,0.000,0.00,0.00,no_room
2025.06.09 09:00:00,pullback,-1,3321.731,3325.899,0.000,0.000,0.00,0.00,no_room
2025.06.09 09:25:00,pullback,-1,3319.489,3325.926,0.000,0.000,0.00,0.00,no_room
2025.06.09 10:25:00,pullback,-1,3316.830,3322.655,0.000,0.000,0.00,0.00,no_room
2025.06.09 12:35:00,pullback,1,3321.310,3313.280,0.000,0.000,0.00,0.00,no_room
2025.06.09 13:25:00,pullback,-1,3312.953,3322.747,0.000,0.000,0.00,0.00,no_room
2025.06.09 14:10:00,pullback,1,3322.432,3310.311,0.000,0.000,0.00,0.00,no_room
2025.06.09 15:25:00,pullback,1,3326.839,3315.830,0.000,0.000,0.00,0.00,no_room
2025.06.10 07:25:00,pullback,-1,3325.349,3331.637,0.000,0.000,0.00,0.00,no_room
2025.06.10 07:35:00,pullback,1,3329.571,3325.019,0.000,0.000,0.00,0.00,no_room
2025.06.10 08:20:00,pullback,1,3332.201,3323.692,0.000,0.000,0.00,0.00,no_room
2025.06.10 10:25:00,pullback,1,3331.863,3326.952,0.000,0.000,0.00,0.00,no_room
2025.06.10 11:10:00,pullback,1,3335.397,3332.610,0.000,0.000,0.00,0.00,sl_too_tight
2025.06.10 12:05:00,pullback,-1,3332.822,3342.858,0.000,0.000,0.00,0.00,no_room
2025.06.10 13:20:00,pullback,1,3340.279,3335.219,0.000,0.000,0.00,0.00,no_room
2025.06.10 14:10:00,pullback,-1,3335.525,3349.536,0.000,0.000,0.00,0.00,no_room
2025.06.11 07:25:00,pullback,1,3339.168,3332.233,0.000,0.000,0.00,0.00,no_room
2025.06.11 09:05:00,pullback,-1,3342.535,3346.967,0.000,0.000,0.00,0.00,no_room
2025.06.11 09:55:00,pullback,-1,3333.981,3347.054,0.000,0.000,0.00,0.00,no_room
2025.06.11 10:45:00,pullback,-1,3331.238,3337.065,0.000,0.000,0.00,0.00,no_room
2025.06.11 11:00:00,pullback,-1,3330.492,3337.059,0.000,0.000,0.00,0.00,no_room
2025.06.11 12:20:00,pullback,1,3336.798,3325.779,0.000,0.000,0.00,0.00,no_room
2025.06.11 14:00:00,pullback,-1,3331.731,3345.130,0.000,0.000,0.00,0.00,no_room
2025.06.11 14:45:00,pullback,1,3335.590,3327.451,0.000,0.000,0.00,0.00,no_room
2025.06.11 15:20:00,pullback,1,3341.280,3327.548,0.000,0.000,0.00,0.00,no_room
2025.06.11 15:45:00,pullback,-1,3336.550,3343.091,0.000,0.000,0.00,0.00,no_room
2025.06.12 07:35:00,pullback,-1,3365.254,3375.917,0.000,0.000,0.00,0.00,no_room
2025.06.12 09:15:00,pullback,1,3361.157,3338.187,0.000,0.000,0.00,0.00,no_room
2025.06.12 09:50:00,pullback,1,3363.853,3355.014,0.000,0.000,0.00,0.00,no_room
2025.06.12 10:20:00,pullback,1,3367.962,3357.696,0.000,0.000,0.00,0.00,no_room
2025.06.12 11:05:00,pullback,1,3385.913,3362.119,3433.502,3481.091,1.02,1.03,signal
2025.06.19 07:40:00,pullback,1,3358.724,3350.244,0.000,0.000,0.00,0.00,no_room
2025.06.19 08:45:00,pullback,1,3369.182,3361.850,0.000,0.000,0.00,0.00,no_room
2025.06.19 09:25:00,pullback,1,3371.651,3363.350,0.000,0.000,0.00,0.00,no_room
2025.06.19 10:20:00,pullback,1,3373.447,3368.824,0.000,0.000,0.00,0.00,no_room
2025.06.19 11:55:00,pullback,-1,3371.821,3374.775,0.000,0.000,0.00,0.00,sl_too_tight
2025.06.19 13:30:00,pullback,-1,3363.784,3371.655,0.000,0.000,0.00,0.00,no_room
2025.06.19 13:55:00,pullback,1,3371.359,3361.162,0.000,0.000,0.00,0.00,no_room
2025.06.19 15:10:00,pullback,1,3366.770,3361.296,0.000,0.000,0.00,0.00,no_room
2025.06.20 07:10:00,pullback,1,3348.714,3340.016,0.000,0.000,0.00,0.00,no_room
2025.06.20 09:10:00,pullback,1,3352.517,3346.009,0.000,0.000,0.00,0.00,no_room
2025.06.20 11:05:00,pullback,-1,3355.110,3358.086,0.000,0.000,0.00,0.00,sl_too_tight
2025.06.20 13:15:00,pullback,1,3350.723,3341.526,0.000,0.000,0.00,0.00,no_room
2025.06.20 16:00:00,pullback,1,3369.166,3365.601,0.000,0.000,0.00,0.00,no_room
2025.06.23 07:15:00,pullback,-1,3352.644,3358.973,0.000,0.000,0.00,0.00,no_room
2025.06.23 08:05:00,pullback,1,3358.680,3351.369,0.000,0.000,0.00,0.00,no_room
2025.06.23 09:05:00,pullback,1,3362.382,3351.413,0.000,0.000,0.00,0.00,no_room
2025.06.23 11:05:00,pullback,1,3368.046,3364.533,0.000,0.000,0.00,0.00,no_room
2025.06.23 12:20:00,pullback,-1,3364.725,3381.728,0.000,0.000,0.00,0.00,no_room
2025.06.23 13:45:00,pullback,1,3381.353,3355.517,0.000,0.000,0.00,0.00,no_room
2025.06.23 15:25:00,pullback,1,3387.768,3369.508,0.000,0.000,0.00,0.00,no_room
2025.06.24 07:35:00,pullback,1,3326.073,3316.112,0.000,0.000,0.00,0.00,no_room
2025.06.24 08:00:00,pullback,1,3328.994,3316.152,0.000,0.000,0.00,0.00,no_room
2025.06.24 09:05:00,pullback,-1,3324.880,3328.808,0.000,0.000,0.00,0.00,no_room
2025.06.24 09:55:00,pullback,-1,3319.139,3329.041,0.000,0.000,0.00,0.00,no_room
2025.06.24 10:15:00,pullback,1,3323.312,3317.626,0.000,0.000,0.00,0.00,no_room
2025.06.24 12:15:00,pullback,-1,3317.829,3329.289,0.000,0.000,0.00,0.00,no_room
2025.06.24 13:30:00,pullback,-1,3311.426,3329.452,0.000,0.000,0.00,0.00,no_room
2025.06.24 15:05:00,pullback,-1,3301.852,3309.520,0.000,0.000,0.00,0.00,no_room
2025.06.24 15:30:00,pullback,1,3309.079,3299.385,0.000,0.000,0.00,0.00,no_room
2025.06.25 07:15:00,pullback,-1,3329.015,3333.950,0.000,0.000,0.00,0.00,no_room
2025.06.25 07:30:00,pullback,1,3333.966,3328.783,0.000,0.000,0.00,0.00,no_room
2025.06.25 09:10:00,pullback,-1,3326.525,3330.418,0.000,0.000,0.00,0.00,no_room
2025.06.25 10:00:00,pullback,1,3325.056,3321.231,0.000,0.000,0.00,0.00,no_room
2025.06.25 11:15:00,pullback,1,3328.108,3323.971,0.000,0.000,0.00,0.00,no_room
2025.06.25 11:50:00,pullback,-1,3323.967,3329.775,0.000,0.000,0.00,0.00,no_room
2025.06.25 12:45:00,pullback,-1,3321.626,3329.777,0.000,0.000,0.00,0.00,no_room
2025.06.25 13:35:00,pullback,-1,3313.817,3329.823,0.000,0.000,0.00,0.00,no_room
2025.06.25 14:10:00,pullback,1,3318.991,3311.552,0.000,0.000,0.00,0.00,no_room
2025.06.25 15:45:00,pullback,1,3325.894,3312.079,0.000,0.000,0.00,0.00,no_room
2025.06.26 08:50:00,pullback,1,3347.468,3344.853,0.000,0.000,0.00,0.00,sl_too_tight
2025.06.26 09:10:00,pullback,-1,3345.029,3347.679,0.000,0.000,0.00,0.00,sl_too_tight
2025.06.26 10:55:00,pullback,1,3341.118,3337.655,0.000,0.000,0.00,0.00,no_room
2025.06.26 11:35:00,pullback,-1,3337.838,3344.307,0.000,0.000,0.00,0.00,no_room
2025.06.26 12:50:00,pullback,-1,3331.469,3344.468,0.000,0.000,0.00,0.00,no_room
2025.06.26 13:35:00,pullback,-1,3316.186,3344.683,0.000,0.000,0.00,0.00,no_room
2025.06.26 13:50:00,pullback,1,3325.505,3315.551,0.000,0.000,0.00,0.00,no_room
2025.06.26 14:25:00,pullback,-1,3317.081,3329.288,0.000,0.000,0.00,0.00,no_room
2025.06.26 15:55:00,pullback,1,3323.786,3320.599,0.000,0.000,0.00,0.00,no_room
2025.06.27 07:20:00,pullback,-1,3286.871,3296.268,0.000,0.000,0.00,0.00,no_room
2025.06.27 08:50:00,pullback,1,3287.970,3281.480,0.000,0.000,0.00,0.00,no_room
2025.06.27 10:00:00,pullback,-1,3284.170,3289.822,0.000,0.000,0.00,0.00,no_room
2025.06.27 10:20:00,pullback,1,3289.554,3281.777,0.000,0.000,0.00,0.00,no_room
2025.06.27 10:55:00,pullback,-1,3282.072,3291.242,0.000,0.000,0.00,0.00,no_room
2025.06.27 11:55:00,pullback,-1,3279.692,3288.256,0.000,0.000,0.00,0.00,no_room
2025.06.27 12:45:00,pullback,-1,3272.344,3281.789,0.000,0.000,0.00,0.00,no_room
2025.06.27 15:45:00,pullback,1,3275.489,3263.177,0.000,0.000,0.00,0.00,no_room
2025.06.30 07:25:00,pullback,1,3295.551,3290.750,0.000,0.000,0.00,0.00,no_room
2025.06.30 08:00:00,pullback,-1,3293.224,3297.079,0.000,0.000,0.00,0.00,no_room
2025.06.30 08:40:00,pullback,-1,3290.726,3296.835,0.000,0.000,0.00,0.00,no_room
2025.06.30 09:35:00,pullback,-1,3281.303,3296.901,0.000,0.000,0.00,0.00,no_room
2025.06.30 09:50:00,pullback,1,3286.927,3277.122,0.000,0.000,0.00,0.00,no_room
2025.06.30 11:25:00,pullback,-1,3277.453,3289.034,0.000,0.000,0.00,0.00,no_room
2025.06.30 15:15:00,pullback,-1,3285.050,3289.900,0.000,0.000,0.00,0.00,no_room
2025.07.01 07:15:00,pullback,1,3334.567,3324.778,0.000,0.000,0.00,0.00,no_room
2025.07.01 08:05:00,pullback,1,3339.931,3333.257,0.000,0.000,0.00,0.00,no_room
2025.07.01 09:25:00,pullback,1,3342.422,3337.234,0.000,0.000,0.00,0.00,no_room
2025.07.01 10:55:00,pullback,1,3348.656,3344.147,0.000,0.000,0.00,0.00,no_room
2025.07.01 12:20:00,pullback,1,3350.773,3346.759,0.000,0.000,0.00,0.00,no_room
2025.07.01 13:10:00,pullback,-1,3350.006,3358.341,0.000,0.000,0.00,0.00,no_room
2025.07.01 14:45:00,pullback,-1,3347.454,3352.983,0.000,0.000,0.00,0.00,no_room
2025.07.01 15:55:00,pullback,-1,3338.829,3352.912,0.000,0.000,0.00,0.00,no_room
2025.07.02 08:20:00,pullback,1,3336.836,3327.325,0.000,0.000,0.00,0.00,no_room
2025.07.02 09:25:00,pullback,1,3338.054,3332.650,0.000,0.000,0.00,0.00,no_room
2025.07.02 10:05:00,pullback,1,3341.719,3332.652,0.000,0.000,0.00,0.00,no_room
2025.07.02 10:40:00,pullback,1,3344.626,3340.387,0.000,0.000,0.00,0.00,no_room
2025.07.02 11:20:00,pullback,-1,3343.129,3347.949,0.000,0.000,0.00,0.00,no_room
2025.07.02 11:50:00,pullback,-1,3341.509,3347.955,0.000,0.000,0.00,0.00,no_room
2025.07.02 12:15:00,pullback,-1,3339.708,3347.966,0.000,0.000,0.00,0.00,no_room
2025.07.02 12:25:00,pullback,1,3347.752,3339.412,0.000,0.000,0.00,0.00,no_room
2025.07.02 13:50:00,pullback,-1,3337.733,3351.529,0.000,0.000,0.00,0.00,no_room
2025.07.03 07:30:00,pullback,-1,3356.482,3363.340,0.000,0.000,0.00,0.00,no_room
2025.07.03 07:50:00,pullback,-1,3354.232,3363.361,0.000,0.000,0.00,0.00,no_room
2025.07.03 09:30:00,pullback,-1,3351.678,3358.591,0.000,0.000,0.00,0.00,no_room
2025.07.03 12:35:00,pullback,-1,3342.952,3355.759,0.000,0.000,0.00,0.00,no_room
2025.07.03 14:25:00,pullback,-1,3326.350,3338.995,0.000,0.000,0.00,0.00,no_room
2025.07.04 07:15:00,pullback,-1,3341.933,3345.325,0.000,0.000,0.00,0.00,no_room
2025.07.04 08:05:00,pullback,1,3343.782,3336.170,0.000,0.000,0.00,0.00,no_room
2025.07.04 09:10:00,pullback,-1,3340.849,3344.123,0.000,0.000,0.00,0.00,no_room
2025.07.04 10:50:00,pullback,1,3336.308,3332.772,0.000,0.000,0.00,0.00,no_room
2025.07.04 12:00:00,pullback,-1,3335.111,3337.990,0.000,0.000,0.00,0.00,sl_too_tight
2025.07.04 12:40:00,pullback,-1,3333.797,3338.009,0.000,0.000,0.00,0.00,no_room
2025.07.04 13:45:00,pullback,1,3335.675,3331.147,0.000,0.000,0.00,0.00,no_room
2025.07.07 07:05:00,pullback,-1,3308.292,3312.778,0.000,0.000,0.00,0.00,no_room
2025.07.07 07:50:00,pullback,-1,3305.816,3313.520,0.000,0.000,0.00,0.00,no_room
2025.07.07 09:30:00,pullback,-1,3308.391,3312.139,0.000,0.000,0.00,0.00,no_room
2025.07.07 10:40:00,pullback,-1,3306.103,3310.964,0.000,0.000,0.00,0.00,no_room
2025.07.07 12:40:00,pullback,1,3305.856,3300.014,0.000,0.000,0.00,0.00,no_room
2025.07.07 13:55:00,pullback,1,3312.527,3305.851,0.000,0.000,0.00,0.00,no_room
2025.07.07 14:45:00,pullback,1,3319.109,3313.901,0.000,0.000,0.00,0.00,no_room
2025.07.08 07:35:00,pullback,-1,3332.590,3339.694,0.000,0.000,0.00,0.00,no_room
2025.07.08 08:10:00,pullback,-1,3330.509,3335.803,0.000,0.000,0.00,0.00,no_room
2025.07.08 08:50:00,pullback,-1,3324.517,3329.896,0.000,0.000,0.00,0.00,no_room
2025.07.08 10:45:00,pullback,1,3324.947,3320.219,0.000,0.000,0.00,0.00,no_room
2025.07.08 11:40:00,pullback,-1,3323.395,3327.696,0.000,0.000,0.00,0.00,no_room
2025.07.08 12:10:00,pullback,1,3327.484,3319.683,0.000,0.000,0.00,0.00,no_room
2025.07.08 13:10:00,pullback,-1,3325.265,3330.104,0.000,0.000,0.00,0.00,no_room
2025.07.08 13:50:00,pullback,-1,3318.954,3327.275,0.000,0.000,0.00,0.00,no_room
2025.07.09 07:55:00,pullback,1,3294.140,3287.951,0.000,0.000,0.00,0.00,no_room
2025.07.09 08:20:00,pullback,-1,3288.207,3296.317,0.000,0.000,0.00,0.00,no_room
2025.07.09 09:20:00,pullback,1,3289.553,3284.079,0.000,0.000,0.00,0.00,no_room
2025.07.09 10:05:00,pullback,1,3290.425,3287.643,0.000,0.000,0.00,0.00,sl_too_tight
2025.07.09 10:35:00,pullback,1,3292.164,3287.346,0.000,0.000,0.00,0.00,no_room
2025.07.09 11:30:00,pullback,-1,3288.197,3296.196,0.000,0.000,0.00,0.00,no_room
2025.07.09 12:55:00,pullback,1,3295.989,3282.882,0.000,0.000,0.00,0.00,no_room
2025.07.09 13:55:00,pullback,1,3299.543,3282.810,0.000,0.000,0.00,0.00,no_room
2025.07.09 15:55:00,pullback,1,3310.122,3291.593,0.000,0.000,0.00,0.00,no_room
2025.07.10 07:45:00,pullback,-1,3323.566,3329.662,0.000,0.000,0.00,0.00,no_room
2025.07.10 08:35:00,pullback,1,3322.380,3319.686,0.000,0.000,0.00,0.00,sl_too_tight
2025.07.10 10:25:00,pullback,-1,3323.203,3326.998,0.000,0.000,0.00,0.00,no_room
2025.07.10 10:55:00,pullback,1,3326.818,3322.042,0.000,0.000,0.00,0.00,no_room
2025.07.10 11:55:00,pullback,-1,3322.228,3330.541,0.000,0.000,0.00,0.00,no_room
2025.07.10 13:55:00,pullback,-1,3317.966,3329.855,0.000,0.000,0.00,0.00,no_room
2025.07.10 15:25:00,pullback,1,3318.782,3312.521,0.000,0.000,0.00,0.00,no_room
2025.07.11 07:10:00,pullback,-1,3332.306,3344.081,0.000,0.000,0.00,0.00,no_room
2025.07.11 10:05:00,pullback,1,3340.155,3333.277,0.000,0.000,0.00,0.00,no_room
2025.07.11 11:45:00,pullback,1,3348.420,0.000,0.000,0.000,0.00,0.00,against_bias
2025.07.11 12:35:00,pullback,1,3350.288,3344.065,3362.734,3375.179,3.95,3.95,signal
2025.07.14 14:40:00,pullback,-1,3347.139,3359.418,0.000,0.000,0.00,0.00,no_room
2025.07.15 07:45:00,pullback,1,3362.843,3357.274,0.000,0.000,0.00,0.00,no_room
2025.07.15 09:20:00,pullback,-1,3360.445,3365.899,0.000,0.000,0.00,0.00,no_room
2025.07.15 10:05:00,pullback,1,3364.683,3358.372,0.000,0.000,0.00,0.00,no_room
2025.07.15 11:30:00,pullback,-1,3358.623,3366.509,0.000,0.000,0.00,0.00,no_room
2025.07.15 13:20:00,pullback,-1,3346.428,3355.396,0.000,0.000,0.00,0.00,no_room
2025.07.15 15:20:00,pullback,-1,3345.473,3352.465,0.000,0.000,0.00,0.00,no_room
2025.07.16 07:45:00,pullback,-1,3336.975,3340.354,0.000,0.000,0.00,0.00,no_room
2025.07.16 08:05:00,pullback,1,3340.177,3335.749,0.000,0.000,0.00,0.00,no_room
2025.07.16 10:10:00,pullback,-1,3338.973,3342.032,0.000,0.000,0.00,0.00,no_room
2025.07.16 11:00:00,pullback,-1,3337.016,3339.530,0.000,0.000,0.00,0.00,sl_too_tight
2025.07.16 11:45:00,pullback,1,3337.394,3333.527,0.000,0.000,0.00,0.00,no_room
2025.07.16 12:50:00,pullback,-1,3333.720,3338.891,0.000,0.000,0.00,0.00,no_room
2025.07.16 13:20:00,pullback,1,3338.581,3330.655,0.000,0.000,0.00,0.00,no_room
2025.07.16 13:35:00,pullback,-1,3331.002,3339.799,0.000,0.000,0.00,0.00,no_room
2025.07.16 14:35:00,pullback,-1,3321.938,3339.862,0.000,0.000,0.00,0.00,no_room
2025.07.16 14:55:00,pullback,1,3329.308,3319.041,0.000,0.000,0.00,0.00,no_room
2025.07.17 07:45:00,pullback,-1,3327.903,3336.735,0.000,0.000,0.00,0.00,no_room
2025.07.17 08:25:00,pullback,1,3329.970,3325.001,0.000,0.000,0.00,0.00,no_room
2025.07.17 09:25:00,pullback,1,3332.032,3325.034,0.000,0.000,0.00,0.00,no_room
2025.07.17 09:50:00,pullback,-1,3327.488,3332.711,0.000,0.000,0.00,0.00,no_room
2025.07.17 12:10:00,pullback,-1,3322.955,3331.334,0.000,0.000,0.00,0.00,no_room
2025.07.17 12:35:00,pullback,-1,3322.110,3331.433,0.000,0.000,0.00,0.00,no_room
2025.07.17 14:10:00,pullback,1,3320.588,3313.275,0.000,0.000,0.00,0.00,no_room
2025.07.17 15:30:00,pullback,1,3336.102,3313.371,0.000,0.000,0.00,0.00,no_room
2025.07.18 09:10:00,pullback,1,3349.875,3346.046,0.000,0.000,0.00,0.00,no_room
2025.07.18 11:15:00,pullback,1,3352.772,3349.636,0.000,0.000,0.00,0.00,no_room
2025.07.18 13:35:00,pullback,-1,3356.557,3361.486,0.000,0.000,0.00,0.00,no_room
2025.07.21 07:25:00,pullback,-1,3365.377,3370.973,0.000,0.000,0.00,0.00,no_room
2025.07.21 07:55:00,pullback,-1,3364.675,3367.751,0.000,0.000,0.00,0.00,no_room
2025.07.21 09:35:00,pullback,-1,3364.326,3366.553,0.000,0.000,0.00,0.00,sl_too_tight
2025.07.21 10:05:00,pullback,1,3366.413,3362.566,0.000,0.000,0.00,0.00,no_room
2025.07.21 11:15:00,pullback,1,3368.040,3362.658,0.000,0.000,0.00,0.00,no_room
2025.07.21 13:50:00,pullback,1,3389.712,3383.370,3402.395,3415.078,3.89,3.90,signal
2025.07.22 07:30:00,pullback,-1,3384.359,3385.972,0.000,0.000,0.00,0.00,sl_too_tight
2025.07.22 07:40:00,pullback,1,3385.834,3384.224,0.000,0.000,0.00,0.00,sl_too_tight
2025.07.22 10:10:00,pullback,1,3386.905,3384.385,0.000,0.000,0.00,0.00,sl_too_tight
2025.07.22 11:45:00,pullback,1,3388.863,3386.515,0.000,0.000,0.00,0.00,sl_too_tight
2025.07.22 14:30:00,pullback,1,3420.208,3404.617,3451.390,3482.571,1.59,1.59,signal
2025.07.22 17:30:00,pullback,1,3420.208,0.000,3451.390,0.000,0.00,0.00,order_expired
2025.07.23 07:50:00,pullback,-1,3422.864,3429.927,0.000,0.000,0.00,0.00,no_room
2025.07.23 09:00:00,pullback,1,3428.342,3423.571,0.000,0.000,0.00,0.00,no_room
2025.07.23 10:05:00,pullback,-1,3430.115,3434.038,0.000,0.000,0.00,0.00,no_room
2025.07.23 12:55:00,pullback,-1,3422.931,3430.258,0.000,0.000,0.00,0.00,no_room
2025.07.23 15:05:00,pullback,-1,3410.613,3417.028,0.000,0.000,0.00,0.00,no_room
2025.07.23 15:50:00,pullback,-1,3410.313,3416.130,0.000,0.000,0.00,0.00,no_room
2025.07.24 07:50:00,pullback,-1,3373.088,3377.884,0.000,0.000,0.00,0.00,no_room
2025.07.24 09:20:00,pullback,-1,3365.820,3374.962,0.000,0.000,0.00,0.00,no_room
2025.07.24 10:30:00,pullback,1,3364.452,3361.867,0.000,0.000,0.00,0.00,sl_too_tight
2025.07.24 10:50:00,pullback,1,3365.479,3361.904,0.000,0.000,0.00,0.00,no_room
2025.07.24 12:50:00,pullback,-1,3358.072,3366.436,0.000,0.000,0.00,0.00,no_room
2025.07.24 13:35:00,pullback,1,3359.362,3350.934,0.000,0.000,0.00,0.00,no_room
2025.07.24 14:20:00,pullback,1,3372.207,3350.901,0.000,0.000,0.00,0.00,no_room
2025.07.25 07:25:00,pullback,1,3359.503,3356.516,0.000,0.000,0.00,0.00,sl_too_tight
2025.07.25 07:40:00,pullback,-1,3356.715,3360.386,0.000,0.000,0.00,0.00,no_room
2025.07.25 08:20:00,pullback,-1,3352.705,3360.375,0.000,0.000,0.00,0.00,no_room
2025.07.25 09:10:00,pullback,-1,3344.551,3360.400,3312.854,3281.156,1.56,1.57,signal
2025.07.31 07:45:00,pullback,1,3303.692,3297.764,0.000,0.000,0.00,0.00,no_room
2025.07.31 08:20:00,pullback,1,3309.771,3299.031,0.000,0.000,0.00,0.00,no_room
2025.07.31 09:30:00,pullback,-1,3308.841,3313.431,0.000,0.000,0.00,0.00,no_room
2025.07.31 10:20:00,pullback,-1,3304.822,3309.483,0.000,0.000,0.00,0.00,no_room
2025.07.31 12:35:00,pullback,1,3307.776,3303.995,0.000,0.000,0.00,0.00,no_room
2025.07.31 13:45:00,pullback,-1,3304.721,3310.785,0.000,0.000,0.00,0.00,no_room
2025.08.01 07:05:00,pullback,-1,3290.523,3300.659,0.000,0.000,0.00,0.00,no_room
2025.08.01 07:35:00,pullback,-1,3289.451,3293.603,0.000,0.000,0.00,0.00,no_room
2025.08.01 08:50:00,pullback,1,3289.619,3285.027,0.000,0.000,0.00,0.00,no_room
2025.08.01 10:50:00,pullback,1,3296.426,3293.044,0.000,0.000,0.00,0.00,no_room
2025.08.01 12:20:00,pullback,1,3301.334,3296.593,0.000,0.000,0.00,0.00,no_room
2025.08.01 13:10:00,pullback,1,3345.261,3296.112,3443.559,3541.857,0.52,0.52,signal
2025.09.03 08:05:00,pullback,1,3537.073,3529.039,0.000,0.000,0.00,0.00,no_room
2025.09.03 10:15:00,pullback,-1,3533.774,3542.158,0.000,0.000,0.00,0.00,no_room
2025.09.03 11:05:00,pullback,1,3541.951,3534.711,0.000,0.000,0.00,0.00,no_room
2025.09.03 11:35:00,pullback,1,3547.880,3534.683,3574.274,3600.668,1.98,1.99,signal
2025.09.04 08:00:00,pullback,1,3540.044,3534.973,0.000,0.000,0.00,0.00,no_room
2025.09.04 08:50:00,pullback,-1,3539.793,3545.394,0.000,0.000,0.00,0.00,no_room
2025.09.04 10:10:00,pullback,1,3541.270,3537.026,0.000,0.000,0.00,0.00,no_room
2025.09.04 11:05:00,pullback,-1,3538.840,3542.498,0.000,0.000,0.00,0.00,no_room
2025.09.04 11:40:00,pullback,1,3542.213,3536.301,0.000,0.000,0.00,0.00,no_room
2025.09.04 13:20:00,pullback,1,3548.340,3540.779,0.000,0.000,0.00,0.00,no_room
2025.09.04 14:05:00,pullback,-1,3539.710,3559.330,0.000,0.000,0.00,0.00,no_room
2025.09.04 15:10:00,pullback,1,3546.488,3534.747,0.000,0.000,0.00,0.00,no_room
2025.09.04 15:45:00,pullback,1,3549.056,3542.016,0.000,0.000,0.00,0.00,no_room
2025.09.05 07:40:00,pullback,-1,3548.259,3554.586,0.000,0.000,0.00,0.00,no_room
2025.09.05 08:15:00,pullback,-1,3547.304,3551.053,0.000,0.000,0.00,0.00,no_room
2025.09.05 09:45:00,pullback,1,3551.215,3544.643,0.000,0.000,0.00,0.00,no_room
2025.09.05 11:05:00,pullback,1,3552.545,3549.245,0.000,0.000,0.00,0.00,no_room
2025.09.05 11:30:00,pullback,-1,3549.404,3555.393,0.000,0.000,0.00,0.00,no_room
2025.09.05 12:30:00,pullback,1,3554.672,3547.582,0.000,0.000,0.00,0.00,no_room
2025.09.05 13:50:00,pullback,1,3584.972,3572.643,0.000,0.000,0.00,0.00,no_room
2025.09.05 15:45:00,pullback,1,3592.365,3581.262,0.000,0.000,0.00,0.00,no_room
2025.09.08 08:25:00,pullback,1,3613.646,3605.978,3628.982,3644.317,3.43,3.44,signal
2025.09.09 07:30:00,pullback,1,3649.835,3636.141,0.000,0.000,0.00,0.00,no_room
2025.09.09 07:55:00,pullback,-1,3643.923,3651.223,0.000,0.000,0.00,0.00,no_room
2025.09.09 08:35:00,pullback,1,3646.123,3641.276,0.000,0.000,0.00,0.00,no_room
2025.09.09 09:15:00,pullback,1,3651.011,3645.962,0.000,0.000,0.00,0.00,no_room
2025.09.09 10:35:00,pullback,-1,3652.071,3656.206,0.000,0.000,0.00,0.00,no_room
2025.09.09 12:00:00,pullback,-1,3648.825,3654.431,0.000,0.000,0.00,0.00,no_room
2025.09.09 12:15:00,pullback,1,3654.209,3646.614,0.000,0.000,0.00,0.00,no_room
2025.09.09 12:40:00,pullback,-1,3646.855,3655.717,0.000,0.000,0.00,0.00,no_room
2025.09.09 13:25:00,pullback,1,3655.410,3643.445,0.000,0.000,0.00,0.00,no_room
2025.09.09 14:35:00,pullback,-1,3642.189,3675.333,0.000,0.000,0.00,0.00,no_room
2025.09.09 15:15:00,pullback,-1,3636.083,3675.256,0.000,0.000,0.00,0.00,no_room
2025.09.10 07:15:00,pullback,1,3646.908,3640.501,0.000,0.000,0.00,0.00,no_room
2025.09.10 09:40:00,pullback,1,3647.664,3644.810,0.000,0.000,0.00,0.00,sl_too_tight
2025.09.10 10:40:00,pullback,1,3655.976,3651.308,0.000,0.000,0.00,0.00,no_room
2025.09.10 11:05:00,pullback,-1,3651.532,3656.205,0.000,0.000,0.00,0.00,no_room
2025.09.10 11:45:00,pullback,-1,3650.237,3656.630,0.000,0.000,0.00,0.00,no_room
2025.09.10 12:50:00,pullback,-1,3647.163,3657.800,0.000,0.000,0.00,0.00,no_room
2025.09.10 14:20:00,pullback,1,3654.046,3646.502,0.000,0.000,0.00,0.00,no_room
2025.09.10 14:50:00,pullback,-1,3646.813,3654.354,0.000,0.000,0.00,0.00,no_room
2025.09.11 08:05:00,pullback,1,3630.596,3623.481,0.000,0.000,0.00,0.00,no_room
2025.09.11 08:45:00,pullback,-1,3627.187,3631.946,0.000,0.000,0.00,0.00,no_room
2025.09.11 10:40:00,pullback,1,3622.765,3619.496,0.000,0.000,0.00,0.00,no_room
2025.09.11 11:40:00,pullback,-1,3619.666,3625.139,0.000,0.000,0.00,0.00,no_room
2025.09.11 12:25:00,pullback,1,3621.654,3615.148,0.000,0.000,0.00,0.00,no_room
2025.09.11 13:20:00,pullback,-1,3626.177,3644.705,0.000,0.000,0.00,0.00,no_room
2025.09.11 15:25:00,pullback,1,3637.853,3626.510,0.000,0.000,0.00,0.00,no_room
2025.09.12 08:15:00,pullback,-1,3648.295,3654.023,0.000,0.000,0.00,0.00,no_room
2025.09.12 08:50:00,pullback,-1,3642.544,3651.461,0.000,0.000,0.00,0.00,no_room
2025.09.12 09:30:00,pullback,1,3646.117,3637.403,0.000,0.000,0.00,0.00,no_room
2025.09.12 10:05:00,pullback,1,3647.021,3642.262,0.000,0.000,0.00,0.00,no_room
2025.09.12 11:30:00,pullback,-1,3649.090,3652.328,0.000,0.000,0.00,0.00,no_room
2025.09.12 12:00:00,pullback,-1,3647.184,3652.341,0.000,0.000,0.00,0.00,no_room
2025.09.12 13:20:00,pullback,1,3649.421,3637.915,0.000,0.000,0.00,0.00,no_room
2025.09.12 14:20:00,pullback,1,3652.534,0.000,0.000,0.000,0.00,0.00,against_bias
2025.09.12 15:10:00,pullback,-1,3646.596,3654.562,0.000,0.000,0.00,0.00,no_room
2025.09.15 08:00:00,pullback,1,3643.888,3633.510,0.000,0.000,0.00,0.00,no_room
2025.09.15 08:50:00,pullback,-1,3641.074,3645.460,0.000,0.000,0.00,0.00,no_room
2025.09.15 09:00:00,pullback,1,3645.255,3640.862,0.000,0.000,0.00,0.00,no_room
2025.09.15 09:25:00,pullback,-1,3640.812,3646.192,0.000,0.000,0.00,0.00,no_room
2025.09.15 12:30:00,pullback,-1,3639.048,3646.917,0.000,0.000,0.00,0.00,no_room
2025.09.15 12:50:00,pullback,1,3646.698,3636.666,0.000,0.000,0.00,0.00,no_room
2025.09.15 13:25:00,pullback,1,3651.081,3636.629,0.000,0.000,0.00,0.00,no_room
2025.09.15 15:05:00,pullback,1,3664.371,3653.532,3686.048,3707.725,2.50,2.51,signal
2025.09.18 07:10:00,pullback,1,3640.247,3633.401,0.000,0.000,0.00,0.00,no_room
2025.09.18 08:40:00,pullback,1,3659.850,3653.349,0.000,0.000,0.00,0.00,no_room
2025.09.18 11:20:00,pullback,1,3669.367,3665.295,0.000,0.000,0.00,0.00,no_room
2025.09.18 11:35:00,pullback,-1,3665.691,3669.608,0.000,0.000,0.00,0.00,no_room
2025.09.18 12:25:00,pullback,1,3670.941,3664.165,0.000,0.000,0.00,0.00,no_room
2025.09.18 12:35:00,pullback,-1,3665.973,3671.225,0.000,0.000,0.00,0.00,no_room
2025.09.19 07:50:00,pullback,1,3654.256,3644.199,0.000,0.000,0.00,0.00,no_room
2025.09.19 09:20:00,pullback,1,3657.576,3649.356,0.000,0.000,0.00,0.00,no_room
2025.09.19 10:15:00,pullback,1,3658.537,3655.434,0.000,0.000,0.00,0.00,no_room
2025.09.19 10:55:00,pullback,-1,3655.594,3659.393,0.000,0.000,0.00,0.00,no_room
2025.09.19 11:10:00,pullback,-1,3655.042,3659.378,0.000,0.000,0.00,0.00,no_room
2025.09.19 13:15:00,pullback,1,3651.900,3645.346,0.000,0.000,0.00,0.00,no_room
2025.09.19 14:40:00,pullback,1,3664.365,3656.036,0.000,0.000,0.00,0.00,no_room
2025.09.22 08:05:00,pullback,1,3716.291,3708.290,0.000,0.000,0.00,0.00,no_room
2025.09.22 08:45:00,pullback,1,3719.731,3712.046,0.000,0.000,0.00,0.00,no_room
2025.09.22 09:20:00,pullback,1,3722.578,3719.036,3729.662,3736.746,7.69,7.70,signal
2025.09.22 14:55:00,pullback,1,3723.381,3716.732,0.000,0.000,0.00,0.00,no_room
2025.09.23 07:05:00,pullback,-1,3751.972,3757.719,0.000,0.000,0.00,0.00,no_room
2025.09.23 08:20:00,pullback,1,3757.423,3751.636,0.000,0.000,0.00,0.00,no_room
2025.09.23 10:55:00,pullback,-1,3781.655,3788.146,0.000,0.000,0.00,0.00,no_room
2025.09.23 11:15:00,pullback,-1,3780.824,3788.126,0.000,0.000,0.00,0.00,no_room
2025.09.23 11:25:00,pullback,1,3784.160,3780.544,0.000,0.000,0.00,0.00,no_room
2025.09.23 12:15:00,pullback,-1,3779.670,3789.132,0.000,0.000,0.00,0.00,no_room
2025.09.23 13:10:00,pullback,1,3784.949,3777.042,0.000,0.000,0.00,0.00,no_room
2025.09.23 14:15:00,pullback,-1,3777.352,3789.299,0.000,0.000,0.00,0.00,no_room
2025.09.24 07:40:00,pullback,1,3777.039,3770.385,0.000,0.000,0.00,0.00,no_room
2025.09.24 08:30:00,pullback,-1,3770.623,3779.468,0.000,0.000,0.00,0.00,no_room
2025.09.24 09:40:00,pullback,-1,3766.964,3771.982,0.000,0.000,0.00,0.00,no_room
2025.09.24 10:25:00,pullback,-1,3763.090,3769.177,0.000,0.000,0.00,0.00,no_room
2025.09.24 12:00:00,pullback,1,3768.947,3759.418,0.000,0.000,0.00,0.00,no_room
2025.09.24 13:15:00,pullback,1,3771.475,3763.584,0.000,0.000,0.00,0.00,no_room
2025.09.24 13:35:00,pullback,-1,3763.928,3771.803,0.000,0.000,0.00,0.00,no_room
2025.09.24 14:55:00,pullback,-1,3753.410,3773.523,0.000,0.000,0.00,0.00,no_room
2025.09.24 15:35:00,pullback,-1,3749.359,3773.420,0.000,0.000,0.00,0.00,no_room
2025.09.25 07:40:00,pullback,1,3748.362,3739.626,0.000,0.000,0.00,0.00,no_room
2025.09.25 09:30:00,pullback,-1,3751.383,3757.781,0.000,0.000,0.00,0.00,no_room
2025.09.25 09:50:00,pullback,1,3757.483,3750.106,0.000,0.000,0.00,0.00,no_room
2025.09.25 10:50:00,pullback,1,3758.961,3750.137,0.000,0.000,0.00,0.00,no_room
2025.09.25 11:05:00,pullback,-1,3750.386,3759.255,0.000,0.000,0.00,0.00,no_room
2025.09.25 12:25:00,pullback,1,3754.078,3749.219,0.000,0.000,0.00,0.00,no_room
2025.09.25 12:35:00,pullback,-1,3749.523,3754.432,0.000,0.000,0.00,0.00,no_room
2025.09.25 13:45:00,pullback,-1,3730.542,3746.226,0.000,0.000,0.00,0.00,no_room
2025.09.25 14:25:00,pullback,1,3734.862,3721.295,0.000,0.000,0.00,0.00,no_room
2025.09.25 15:20:00,pullback,1,3736.413,3723.085,0.000,0.000,0.00,0.00,no_room
2025.09.26 07:05:00,pullback,-1,3741.492,3754.513,0.000,0.000,0.00,0.00,no_room
2025.09.26 09:15:00,pullback,-1,3751.606,3755.441,0.000,0.000,0.00,0.00,no_room
2025.09.26 10:05:00,pullback,1,3754.455,3747.010,0.000,0.000,0.00,0.00,no_room
2025.09.26 10:45:00,pullback,-1,3747.225,3755.225,0.000,0.000,0.00,0.00,no_room
2025.09.26 12:35:00,pullback,1,3752.920,3748.032,0.000,0.000,0.00,0.00,no_room
2025.09.26 13:10:00,pullback,1,3757.458,3746.120,0.000,0.000,0.00,0.00,no_room
2025.09.26 14:05:00,pullback,1,3766.361,3751.689,0.000,0.000,0.00,0.00,no_room
2025.09.29 07:35:00,pullback,-1,3811.876,3819.734,0.000,0.000,0.00,0.00,no_room
2025.09.29 08:50:00,pullback,1,3816.474,3808.012,0.000,0.000,0.00,0.00,no_room
2025.09.29 09:50:00,pullback,-1,3808.356,3820.008,0.000,0.000,0.00,0.00,no_room
2025.09.29 11:15:00,pullback,1,3818.491,3814.533,0.000,0.000,0.00,0.00,no_room
2025.09.29 12:35:00,pullback,-1,3814.806,3831.771,0.000,0.000,0.00,0.00,no_room
2025.09.29 13:05:00,pullback,-1,3812.594,3831.836,0.000,0.000,0.00,0.00,no_room
2025.09.29 15:05:00,pullback,1,3828.547,3822.694,0.000,0.000,0.00,0.00,no_room
2025.09.30 09:15:00,pullback,-1,3807.567,3872.286,0.000,0.000,0.00,0.00,no_room
2025.09.30 10:25:00,pullback,1,3806.835,3792.589,0.000,0.000,0.00,0.00,no_room
2025.09.30 11:35:00,pullback,1,3814.577,3803.924,0.000,0.000,0.00,0.00,no_room
2025.09.30 12:50:00,pullback,1,3817.839,3810.388,0.000,0.000,0.00,0.00,no_room
2025.09.30 13:40:00,pullback,1,3821.623,3808.299,0.000,0.000,0.00,0.00,no_room
2025.09.30 14:55:00,pullback,1,3852.639,3819.722,0.000,0.000,0.00,0.00,no_room
2025.10.01 07:15:00,pullback,1,3864.902,3857.442,0.000,0.000,0.00,0.00,no_room
2025.10.01 09:25:00,pullback,-1,3887.894,3895.719,3876.014,3864.133,3.45,3.45,signal
2025.10.01 13:35:00,pullback,1,3874.194,3863.128,0.000,0.000,0.00,0.00,no_room
2025.10.01 14:35:00,pullback,1,3875.986,3867.098,0.000,0.000,0.00,0.00,no_room
2025.10.01 14:50:00,pullback,-1,3867.581,3876.541,0.000,0.000,0.00,0.00,no_room
2025.10.02 08:30:00,pullback,1,3869.508,3864.244,0.000,0.000,0.00,0.00,no_room
2025.10.02 09:55:00,pullback,1,3878.189,3873.051,0.000,0.000,0.00,0.00,no_room
2025.10.02 10:25:00,pullback,1,3879.796,3875.324,0.000,0.000,0.00,0.00,no_room
2025.10.02 11:15:00,pullback,1,3883.201,3878.589,0.000,0.000,0.00,0.00,no_room
2025.10.02 12:00:00,pullback,1,3885.823,3881.756,0.000,0.000,0.00,0.00,no_room
2025.10.02 13:05:00,pullback,1,3888.513,3879.661,0.000,0.000,0.00,0.00,no_room
2025.10.02 13:50:00,pullback,-1,3880.665,3897.642,0.000,0.000,0.00,0.00,no_room
2025.10.02 15:40:00,pullback,-1,3825.281,3845.786,0.000,0.000,0.00,0.00,no_room
2025.10.03 07:25:00,pullback,1,3860.973,3855.062,0.000,0.000,0.00,0.00,no_room
2025.10.03 09:00:00,pullback,1,3863.738,3859.959,0.000,0.000,0.00,0.00,no_room
2025.10.03 09:20:00,pullback,-1,3860.168,3865.664,0.000,0.000,0.00,0.00,no_room
2025.10.03 10:55:00,pullback,1,3866.285,3861.840,0.000,0.000,0.00,0.00,no_room
2025.10.03 11:20:00,pullback,-1,3862.072,3867.981,0.000,0.000,0.00,0.00,no_room
2025.10.03 12:35:00,pullback,1,3864.477,3854.342,0.000,0.000,0.00,0.00,no_room
2025.10.03 14:15:00,pullback,-1,3872.684,3891.316,0.000,0.000,0.00,0.00,no_room
2025.10.03 15:55:00,pullback,1,3889.049,3873.410,0.000,0.000,0.00,0.00,no_room
2025.10.06 07:50:00,pullback,1,3936.470,3928.863,0.000,0.000,0.00,0.00,no_room
2025.10.06 10:40:00,pullback,1,3942.714,3932.189,0.000,0.000,0.00,0.00,no_room
2025.10.06 12:20:00,pullback,1,3940.231,3930.596,0.000,0.000,0.00,0.00,no_room
2025.10.06 12:35:00,pullback,-1,3930.997,3941.834,0.000,0.000,0.00,0.00,no_room
2025.10.06 13:35:00,pullback,-1,3930.789,3939.044,0.000,0.000,0.00,0.00,no_room
2025.10.06 13:45:00,pullback,1,3938.598,3930.283,0.000,0.000,0.00,0.00,no_room
2025.10.06 14:35:00,pullback,1,3950.197,3939.586,3971.419,3992.640,2.60,2.60,signal
2025.10.08 07:10:00,pullback,1,4032.969,4020.907,0.000,0.000,0.00,0.00,no_room
2025.10.08 08:25:00,pullback,1,4038.769,4030.537,0.000,0.000,0.00,0.00,no_room
2025.10.08 09:00:00,pullback,-1,4036.372,4040.754,0.000,0.000,0.00,0.00,no_room
2025.10.08 09:45:00,pullback,1,4040.114,4032.845,0.000,0.000,0.00,0.00,no_room
2025.10.08 11:35:00,pullback,-1,4032.870,4049.984,0.000,0.000,0.00,0.00,no_room
2025.10.08 12:40:00,pullback,-1,4032.037,4046.840,0.000,0.000,0.00,0.00,no_room
2025.10.08 13:45:00,pullback,-1,4030.954,4050.002,0.000,0.000,0.00,0.00,no_room
2025.10.08 15:00:00,pullback,1,4046.173,4025.805,0.000,0.000,0.00,0.00,no_room
2025.10.09 08:15:00,pullback,1,4032.941,4024.363,0.000,0.000,0.00,0.00,no_room
2025.10.09 08:40:00,pullback,1,4038.006,4024.418,0.000,0.000,0.00,0.00,no_room
2025.10.09 09:45:00,pullback,-1,4036.483,4042.381,0.000,0.000,0.00,0.00,no_room
2025.10.09 10:35:00,pullback,1,4039.465,4033.974,0.000,0.000,0.00,0.00,no_room
2025.10.09 12:55:00,pullback,1,4046.462,4036.973,0.000,0.000,0.00,0.00,no_room
2025.10.09 13:45:00,pullback,-1,4037.346,4058.596,0.000,0.000,0.00,0.00,no_room
2025.10.09 14:25:00,pullback,-1,4012.551,4058.947,0.000,0.000,0.00,0.00,no_room
2025.10.09 15:30:00,pullback,-1,4018.020,4029.721,0.000,0.000,0.00,0.00,no_room
2025.10.10 08:05:00,pullback,1,3976.135,3952.012,0.000,0.000,0.00,0.00,no_room
2025.10.10 08:45:00,pullback,1,3988.783,3952.163,0.000,0.000,0.00,0.00,no_room
2025.10.10 09:45:00,pullback,1,4001.720,3984.882,0.000,0.000,0.00,0.00,no_room
2025.10.10 11:35:00,pullback,-1,3993.071,4000.113,0.000,0.000,0.00,0.00,no_room
2025.10.10 12:50:00,pullback,-1,3984.995,3994.094,0.000,0.000,0.00,0.00,no_room
2025.10.10 13:25:00,pullback,1,3989.643,3978.820,0.000,0.000,0.00,0.00,no_room
2025.10.10 14:05:00,pullback,-1,3979.394,3998.906,0.000,0.000,0.00,0.00,no_room
2025.10.10 15:10:00,pullback,1,3998.208,3979.243,0.000,0.000,0.00,0.00,no_room
2025.10.13 07:25:00,pullback,1,4073.572,4066.068,0.000,0.000,0.00,0.00,no_room
2025.10.13 08:55:00,pullback,1,4077.490,4068.623,0.000,0.000,0.00,0.00,no_room
2025.10.13 10:50:00,pullback,1,4079.601,4071.028,0.000,0.000,0.00,0.00,no_room
2025.10.13 11:40:00,pullback,-1,4077.094,4084.975,0.000,0.000,0.00,0.00,no_room
2025.10.13 13:10:00,pullback,1,4085.860,4074.978,4107.623,4129.387,2.61,2.61,signal
2025.10.14 08:05:00,pullback,1,4127.827,4089.992,0.000,0.000,0.00,0.00,no_room
2025.10.14 09:50:00,pullback,-1,4134.062,4144.605,0.000,0.000,0.00,0.00,no_room
2025.10.14 11:40:00,pullback,-1,4128.410,4144.732,0.000,0.000,0.00,0.00,no_room
2025.10.14 12:25:00,pullback,-1,4125.698,4134.973,0.000,0.000,0.00,0.00,no_room
2025.10.14 13:45:00,pullback,1,4119.989,4096.938,0.000,0.000,0.00,0.00,no_room
2025.10.14 15:15:00,pullback,1,4137.582,4126.170,0.000,0.000,0.00,0.00,no_room
2025.10.15 08:05:00,pullback,1,4207.881,4187.168,0.000,0.000,0.00,0.00,no_room
2025.10.15 09:00:00,pullback,-1,4208.580,4218.685,0.000,0.000,0.00,0.00,no_room
2025.10.15 10:10:00,pullback,1,4196.716,4163.948,0.000,0.000,0.00,0.00,no_room
2025.10.15 12:15:00,pullback,-1,4193.452,4204.714,0.000,0.000,0.00,0.00,no_room
2025.10.15 14:05:00,pullback,1,4198.684,4182.528,0.000,0.000,0.00,0.00,no_room
2025.10.15 15:35:00,pullback,-1,4191.439,4213.026,0.000,0.000,0.00,0.00,no_room
2025.10.16 07:10:00,pullback,1,4227.185,4214.958,0.000,0.000,0.00,0.00,no_room
2025.10.16 09:30:00,pullback,-1,4228.445,4235.334,0.000,0.000,0.00,0.00,no_room
2025.10.16 10:00:00,pullback,1,4234.982,4221.649,0.000,0.000,0.00,0.00,no_room
2025.10.16 11:10:00,pullback,1,4243.184,4233.891,0.000,0.000,0.00,0.00,no_room
2025.10.16 11:45:00,pullback,1,4246.192,0.000,0.000,0.000,0.00,0.00,against_bias
2025.10.16 12:25:00,pullback,-1,4240.005,4248.083,0.000,0.000,0.00,0.00,no_room
2025.10.16 13:25:00,pullback,1,4251.174,4226.904,4299.715,4348.256,1.20,1.21,signal
2025.10.17 07:20:00,pullback,-1,4346.810,4368.316,0.000,0.000,0.00,0.00,no_room
2025.10.17 10:35:00,pullback,-1,4332.263,4342.670,0.000,0.000,0.00,0.00,no_room
2025.10.17 11:35:00,pullback,-1,4316.677,4342.651,0.000,0.000,0.00,0.00,no_room
2025.10.17 12:50:00,pullback,1,4316.485,4290.048,0.000,0.000,0.00,0.00,no_room
2025.10.17 13:35:00,pullback,-1,4301.248,4318.878,0.000,0.000,0.00,0.00,no_room
2025.10.17 14:05:00,pullback,-1,4258.315,4319.453,0.000,0.000,0.00,0.00,no_room
2025.10.20 07:10:00,pullback,1,4240.943,4229.685,0.000,0.000,0.00,0.00,no_room
2025.10.20 08:35:00,pullback,1,4263.033,4253.507,0.000,0.000,0.00,0.00,no_room
2025.10.20 08:50:00,pullback,-1,4256.887,4263.497,0.000,0.000,0.00,0.00,no_room
2025.10.20 09:50:00,pullback,1,4260.350,4249.941,0.000,0.000,0.00,0.00,no_room
2025.10.20 10:10:00,pullback,-1,4250.321,4264.112,0.000,0.000,0.00,0.00,no_room
2025.10.20 10:50:00,pullback,1,4258.861,4245.098,0.000,0.000,0.00,0.00,no_room
2025.10.20 11:25:00,pullback,1,4260.306,4250.394,0.000,0.000,0.00,0.00,no_room
2025.10.20 14:00:00,pullback,-1,4302.797,4328.084,0.000,0.000,0.00,0.00,no_room
2025.10.20 14:20:00,pullback,1,4317.390,4291.673,0.000,0.000,0.00,0.00,no_room
2025.10.20 15:05:00,pullback,1,4334.501,4316.222,0.000,0.000,0.00,0.00,no_room
2025.10.21 07:35:00,pullback,-1,4322.095,4345.024,0.000,0.000,0.00,0.00,no_room
2025.10.21 08:05:00,pullback,-1,4293.421,4345.310,0.000,0.000,0.00,0.00,no_room
2025.10.21 10:20:00,pullback,-1,4254.600,4276.929,0.000,0.000,0.00,0.00,no_room
2025.10.21 11:15:00,pullback,1,4266.485,4248.510,0.000,0.000,0.00,0.00,no_room
2025.10.21 11:45:00,pullback,-1,4257.134,4273.132,0.000,0.000,0.00,0.00,no_room
2025.10.21 12:55:00,pullback,-1,4214.886,4273.639,0.000,0.000,0.00,0.00,no_room
2025.10.21 13:50:00,pullback,-1,4189.681,4274.022,0.000,0.000,0.00,0.00,no_room
2025.10.21 14:25:00,pullback,-1,4165.297,4190.200,4115.492,4065.686,1.21,1.21,signal
2025.10.21 14:40:00,pullback,-1,4165.297,0.000,4115.492,0.000,0.00,0.00,missed_move
2025.10.22 08:00:00,pullback,-1,4135.448,4162.219,0.000,0.000,0.00,0.00,no_room
2025.10.22 09:25:00,pullback,-1,4069.352,4103.616,0.000,0.000,0.00,0.00,no_room
2025.10.22 09:45:00,pullback,-1,4064.473,4103.315,0.000,0.000,0.00,0.00,no_room
2025.10.22 10:25:00,pullback,1,4078.262,4060.484,0.000,0.000,0.00,0.00,no_room
2025.10.22 10:45:00,pullback,-1,4061.553,4079.416,0.000,0.000,0.00,0.00,no_room
2025.10.22 12:30:00,pullback,1,4045.093,4013.728,0.000,0.000,0.00,0.00,no_room
2025.10.22 13:40:00,pullback,1,4068.688,4021.689,0.000,0.000,0.00,0.00,no_room
2025.10.22 14:35:00,pullback,-1,4047.240,4086.683,0.000,0.000,0.00,0.00,no_room
2025.10.23 07:40:00,pullback,-1,4110.513,4122.084,0.000,0.000,0.00,0.00,no_room
2025.10.23 09:20:00,pullback,1,4119.027,4107.847,0.000,0.000,0.00,0.00,no_room
2025.10.23 10:30:00,pullback,-1,4111.436,4125.823,0.000,0.000,0.00,0.00,no_room
2025.10.23 12:15:00,pullback,-1,4109.516,4118.284,0.000,0.000,0.00,0.00,no_room
2025.10.23 12:35:00,pullback,1,4117.721,4108.863,0.000,0.000,0.00,0.00,no_room
2025.10.23 14:10:00,pullback,1,4151.129,4099.249,0.000,0.000,0.00,0.00,no_room
2025.10.24 07:25:00,pullback,-1,4090.331,4098.007,0.000,0.000,0.00,0.00,no_room
2025.10.24 11:05:00,pullback,-1,4054.739,4074.195,0.000,0.000,0.00,0.00,no_room
2025.10.24 11:50:00,pullback,1,4061.918,4043.385,0.000,0.000,0.00,0.00,no_room
2025.10.24 12:35:00,pullback,1,4065.572,4054.050,0.000,0.000,0.00,0.00,no_room
2025.10.24 13:10:00,pullback,1,4093.731,4073.210,0.000,0.000,0.00,0.00,no_room
2025.10.24 14:15:00,pullback,1,4122.324,4096.686,0.000,0.000,0.00,0.00,no_room
2025.10.27 07:05:00,pullback,-1,4076.500,4084.694,0.000,0.000,0.00,0.00,no_room
2025.10.27 08:05:00,pullback,-1,4065.925,4084.646,0.000,0.000,0.00,0.00,no_room
2025.10.27 08:55:00,pullback,-1,4056.000,4071.094,0.000,0.000,0.00,0.00,no_room
2025.10.27 10:30:00,pullback,-1,4037.209,4050.475,0.000,0.000,0.00,0.00,no_room
2025.10.27 11:25:00,pullback,-1,4028.795,4046.413,0.000,0.000,0.00,0.00,no_room
2025.10.27 11:40:00,pullback,-1,4020.958,4046.457,0.000,0.000,0.00,0.00,no_room
2025.10.27 12:25:00,pullback,1,4038.162,4014.693,0.000,0.000,0.00,0.00,no_room
2025.10.27 12:50:00,pullback,1,4041.802,4029.447,0.000,0.000,0.00,0.00,no_room
2025.10.27 13:45:00,pullback,-1,4030.146,4051.068,0.000,0.000,0.00,0.00,no_room
2025.10.27 15:05:00,pullback,-1,3982.877,4051.445,3845.741,3708.605,0.43,0.44,signal
2025.11.10 08:10:00,pullback,1,4079.165,4071.681,4094.133,4109.102,3.99,3.99,signal
2025.11.10 09:40:00,pullback,1,4083.481,4071.152,0.000,0.000,0.00,0.00,no_room
2025.11.10 10:50:00,pullback,-1,4077.498,4083.109,0.000,0.000,0.00,0.00,no_room
2025.11.10 11:40:00,pullback,1,4082.236,4075.430,0.000,0.000,0.00,0.00,no_room
2025.11.10 13:55:00,pullback,-1,4093.592,4106.389,0.000,0.000,0.00,0.00,no_room
2025.11.11 07:05:00,pullback,-1,4126.799,4138.289,0.000,0.000,0.00,0.00,no_room
2025.11.11 08:05:00,pullback,1,4133.261,4125.681,0.000,0.000,0.00,0.00,no_room
2025.11.11 09:05:00,pullback,1,4137.718,4128.661,0.000,0.000,0.00,0.00,no_room
2025.11.11 12:15:00,pullback,-1,4139.086,4144.830,0.000,0.000,0.00,0.00,no_room
2025.11.11 12:55:00,pullback,-1,4136.555,4142.066,0.000,0.000,0.00,0.00,no_room
2025.11.11 13:25:00,pullback,1,4141.780,4132.903,0.000,0.000,0.00,0.00,no_room
2025.11.11 14:25:00,pullback,-1,4133.217,4147.065,0.000,0.000,0.00,0.00,no_room
2025.11.12 07:10:00,pullback,1,4119.062,4112.726,0.000,0.000,0.00,0.00,no_room
2025.11.12 08:25:00,pullback,1,4125.318,4112.875,0.000,0.000,0.00,0.00,no_room
2025.11.12 11:10:00,pullback,1,4128.527,4117.725,0.000,0.000,0.00,0.00,no_room
2025.11.12 12:15:00,pullback,1,4128.987,4123.373,0.000,0.000,0.00,0.00,no_room
2025.11.12 13:20:00,pullback,-1,4123.698,4139.911,0.000,0.000,0.00,0.00,no_room
2025.11.12 14:05:00,pullback,1,4132.656,4122.289,0.000,0.000,0.00,0.00,no_room
2025.11.12 14:55:00,pullback,1,4138.027,4124.522,0.000,0.000,0.00,0.00,no_room
2025.11.13 07:25:00,pullback,1,4212.030,4204.781,0.000,0.000,0.00,0.00,no_room
2025.11.13 08:00:00,pullback,1,4219.017,4208.105,0.000,0.000,0.00,0.00,no_room
2025.11.13 09:30:00,pullback,-1,4227.746,4238.981,4213.681,4199.615,2.63,2.63,signal
2025.11.13 11:00:00,pullback,-1,4227.632,4240.658,0.000,0.000,0.00,0.00,no_room
2025.11.13 13:00:00,pullback,1,4240.261,4230.221,4260.342,4280.422,2.91,2.92,signal
2025.11.13 13:10:00,pullback,-1,4230.569,4240.723,0.000,0.000,0.00,0.00,no_room
2025.11.13 13:35:00,pullback,-1,4225.906,4245.945,0.000,0.000,0.00,0.00,no_room
2025.11.13 14:10:00,pullback,-1,4220.174,4238.495,0.000,0.000,0.00,0.00,no_room
2025.11.14 07:25:00,pullback,-1,4169.242,4177.958,0.000,0.000,0.00,0.00,no_room
2025.11.14 07:50:00,pullback,1,4177.339,4158.231,0.000,0.000,0.00,0.00,no_room
2025.11.14 09:05:00,pullback,-1,4173.053,4187.596,0.000,0.000,0.00,0.00,no_room
2025.11.14 09:35:00,pullback,-1,4168.101,4181.056,0.000,0.000,0.00,0.00,no_room
2025.11.14 10:15:00,pullback,-1,4166.491,4172.220,0.000,0.000,0.00,0.00,no_room
2025.11.14 10:35:00,pullback,-1,4162.655,4172.168,0.000,0.000,0.00,0.00,no_room
2025.11.14 11:15:00,pullback,-1,4159.358,4171.586,0.000,0.000,0.00,0.00,no_room
2025.11.14 11:55:00,pullback,-1,4141.839,4171.718,0.000,0.000,0.00,0.00,no_room
2025.11.14 13:15:00,pullback,-1,4107.233,4120.652,0.000,0.000,0.00,0.00,no_room
2025.11.14 15:50:00,pullback,1,4083.906,4031.130,0.000,0.000,0.00,0.00,no_room
2025.11.17 07:15:00,pullback,1,4071.878,4064.348,0.000,0.000,0.00,0.00,no_room
2025.11.17 10:50:00,pullback,-1,4078.899,4089.957,0.000,0.000,0.00,0.00,no_room
2025.11.17 11:40:00,pullback,1,4073.746,4060.390,0.000,0.000,0.00,0.00,no_room
2025.11.17 13:05:00,pullback,1,4085.287,4074.127,0.000,0.000,0.00,0.00,no_room
2025.11.17 13:40:00,pullback,-1,4074.954,4092.855,0.000,0.000,0.00,0.00,no_room
2025.11.17 15:20:00,pullback,-1,4064.119,4082.779,0.000,0.000,0.00,0.00,no_room
2025.11.18 07:05:00,pullback,-1,4007.567,4016.181,0.000,0.000,0.00,0.00,no_room
2025.11.18 07:45:00,pullback,1,4010.906,4007.041,0.000,0.000,0.00,0.00,no_room
2025.11.18 08:35:00,pullback,1,4026.959,3997.385,0.000,0.000,0.00,0.00,no_room
2025.11.18 09:55:00,pullback,1,4040.042,4029.674,0.000,0.000,0.00,0.00,no_room
2025.11.18 10:50:00,pullback,1,4047.210,4036.971,0.000,0.000,0.00,0.00,no_room
2025.11.18 12:25:00,pullback,-1,4036.966,4050.734,0.000,0.000,0.00,0.00,no_room
2025.11.18 13:05:00,pullback,1,4040.012,4031.405,0.000,0.000,0.00,0.00,no_room
2025.11.18 13:25:00,pullback,1,4046.330,4028.484,0.000,0.000,0.00,0.00,no_room
2025.11.18 16:00:00,pullback,-1,4053.372,4073.267,0.000,0.000,0.00,0.00,no_room
2025.11.19 07:10:00,pullback,-1,4089.147,4095.727,0.000,0.000,0.00,0.00,no_room
2025.11.19 08:10:00,pullback,-1,4084.857,4097.358,0.000,0.000,0.00,0.00,no_room
2025.11.19 09:15:00,pullback,1,4088.759,4079.715,0.000,0.000,0.00,0.00,no_room
2025.11.19 09:45:00,pullback,1,4092.058,4079.708,0.000,0.000,0.00,0.00,no_room
2025.11.19 11:00:00,pullback,-1,4110.126,4119.650,0.000,0.000,0.00,0.00,no_room
2025.11.19 13:05:00,pullback,-1,4112.184,4120.409,0.000,0.000,0.00,0.00,no_room
2025.11.19 15:00:00,pullback,1,4118.792,4101.169,0.000,0.000,0.00,0.00,no_room
2025.11.19 15:50:00,pullback,-1,4109.176,4133.388,0.000,0.000,0.00,0.00,no_room
2025.11.20 07:10:00,pullback,1,4072.177,4058.124,0.000,0.000,0.00,0.00,no_room
2025.11.20 07:45:00,pullback,-1,4060.128,4077.225,0.000,0.000,0.00,0.00,no_room
2025.11.20 09:00:00,pullback,1,4063.152,4037.959,0.000,0.000,0.00,0.00,no_room
2025.11.20 11:05:00,pullback,-1,4058.119,4067.411,0.000,0.000,0.00,0.00,no_room
2025.11.20 12:10:00,pullback,1,4068.420,4055.962,0.000,0.000,0.00,0.00,no_room
2025.11.20 13:00:00,pullback,1,4079.480,4055.952,0.000,0.000,0.00,0.00,no_room
2025.11.20 14:45:00,pullback,1,4088.564,4070.929,0.000,0.000,0.00,0.00,no_room
2025.11.20 15:35:00,pullback,-1,4082.519,4108.148,0.000,0.000,0.00,0.00,no_room
2025.11.20 16:00:00,pullback,-1,4074.836,4099.722,0.000,0.000,0.00,0.00,no_room
2025.11.21 08:30:00,pullback,1,4039.836,4021.580,0.000,0.000,0.00,0.00,no_room
2025.11.21 09:15:00,pullback,1,4048.199,4037.952,0.000,0.000,0.00,0.00,no_room
2025.11.21 10:30:00,pullback,-1,4038.658,4064.292,0.000,0.000,0.00,0.00,no_room
2025.11.21 11:55:00,pullback,-1,4032.349,4047.381,0.000,0.000,0.00,0.00,no_room
2025.11.21 12:35:00,pullback,1,4046.888,4030.304,0.000,0.000,0.00,0.00,no_room
2025.11.21 13:45:00,pullback,1,4071.891,4058.460,0.000,0.000,0.00,0.00,no_room
2025.11.21 15:40:00,pullback,-1,4066.390,4077.619,0.000,0.000,0.00,0.00,no_room
2025.11.24 07:35:00,pullback,1,4057.585,4051.048,0.000,0.000,0.00,0.00,no_room
2025.11.24 09:10:00,pullback,1,4067.034,4059.165,0.000,0.000,0.00,0.00,no_room
2025.11.24 10:05:00,pullback,1,4072.889,4066.341,0.000,0.000,0.00,0.00,no_room
2025.11.24 11:00:00,pullback,-1,4065.542,4077.677,0.000,0.000,0.00,0.00,no_room
2025.11.24 12:35:00,pullback,1,4074.292,4065.314,0.000,0.000,0.00,0.00,no_room
2025.11.24 14:40:00,pullback,-1,4073.686,4083.615,0.000,0.000,0.00,0.00,no_room
2025.11.24 15:05:00,pullback,1,4083.122,4067.803,0.000,0.000,0.00,0.00,no_room
2025.11.25 07:30:00,pullback,-1,4138.542,4146.469,0.000,0.000,0.00,0.00,no_room
2025.11.25 08:35:00,pullback,-1,4130.277,4139.983,0.000,0.000,0.00,0.00,no_room
2025.11.25 10:05:00,pullback,1,4131.381,4121.325,0.000,0.000,0.00,0.00,no_room
2025.11.25 11:05:00,pullback,-1,4128.224,0.000,0.000,0.000,0.00,0.00,against_bias
2025.11.25 12:20:00,pullback,1,4137.378,4127.205,0.000,0.000,0.00,0.00,no_room
2025.11.25 12:45:00,pullback,-1,4127.524,4139.174,0.000,0.000,0.00,0.00,no_room
2025.11.25 13:10:00,pullback,1,4136.998,4115.422,0.000,0.000,0.00,0.00,no_room
2025.11.25 14:50:00,pullback,-1,4115.964,4151.545,0.000,0.000,0.00,0.00,no_room
2025.11.26 07:40:00,pullback,1,4154.848,4146.224,0.000,0.000,0.00,0.00,no_room
2025.11.26 10:05:00,pullback,1,4163.963,4157.380,0.000,0.000,0.00,0.00,no_room
2025.11.26 10:50:00,pullback,-1,4157.723,4165.540,0.000,0.000,0.00,0.00,no_room
2025.11.26 11:35:00,pullback,1,4165.209,4157.437,0.000,0.000,0.00,0.00,no_room
2025.11.26 12:30:00,pullback,-1,4166.129,4174.008,0.000,0.000,0.00,0.00,no_room
2025.11.26 14:10:00,pullback,-1,4148.767,4167.236,0.000,0.000,0.00,0.00,no_room
2025.11.26 15:20:00,pullback,1,4154.315,4135.859,0.000,0.000,0.00,0.00,no_room
2025.11.27 08:15:00,pullback,1,4162.288,4157.142,0.000,0.000,0.00,0.00,no_room
2025.11.27 09:15:00,pullback,-1,4157.412,4167.446,0.000,0.000,0.00,0.00,no_room
2025.11.27 11:45:00,pullback,1,4160.727,4156.171,0.000,0.000,0.00,0.00,no_room
2025.11.27 12:45:00,pullback,-1,4156.045,4162.723,0.000,0.000,0.00,0.00,no_room
2025.11.27 14:15:00,pullback,1,4158.023,4152.603,0.000,0.000,0.00,0.00,no_room
2025.11.27 15:25:00,pullback,1,4159.051,4152.444,0.000,0.000,0.00,0.00,no_room
2025.11.28 07:35:00,pullback,-1,4181.704,4188.850,0.000,0.000,0.00,0.00,no_room
2025.11.28 13:15:00,pullback,-1,4173.552,4178.496,0.000,0.000,0.00,0.00,no_room
2025.11.28 14:00:00,pullback,1,4178.440,4168.516,0.000,0.000,0.00,0.00,no_room
2025.12.01 07:35:00,pullback,1,4240.535,4225.824,0.000,0.000,0.00,0.00,no_room
2025.12.01 08:00:00,pullback,1,4243.267,4231.489,0.000,0.000,0.00,0.00,no_room
2025.12.01 10:05:00,pullback,1,4251.701,4238.048,0.000,0.000,0.00,0.00,no_room
2025.12.01 11:45:00,pullback,1,4257.808,4247.988,0.000,0.000,0.00,0.00,no_room
2025.12.01 13:00:00,pullback,-1,4247.463,4256.502,0.000,0.000,0.00,0.00,no_room
2025.12.01 13:30:00,pullback,1,4256.093,4243.808,0.000,0.000,0.00,0.00,no_room
2025.12.01 14:40:00,pullback,-1,4238.560,4250.008,0.000,0.000,0.00,0.00,no_room
2025.12.02 07:20:00,pullback,1,4215.310,4202.791,0.000,0.000,0.00,0.00,no_room
2025.12.02 09:20:00,pullback,-1,4207.135,4217.589,0.000,0.000,0.00,0.00,no_room
2025.12.02 11:20:00,pullback,1,4189.792,4181.892,0.000,0.000,0.00,0.00,no_room
2025.12.02 12:55:00,pullback,1,4208.084,4200.729,0.000,0.000,0.00,0.00,no_room
2025.12.02 14:05:00,pullback,1,4215.271,4202.253,0.000,0.000,0.00,0.00,no_room
2025.12.02 15:20:00,pullback,-1,4202.760,4231.544,0.000,0.000,0.00,0.00,no_room
2025.12.03 07:25:00,pullback,-1,4204.707,4210.544,0.000,0.000,0.00,0.00,no_room
2025.12.03 08:45:00,pullback,1,4208.207,4203.446,0.000,0.000,0.00,0.00,no_room
2025.12.03 09:10:00,pullback,-1,4203.746,4210.666,0.000,0.000,0.00,0.00,no_room
2025.12.03 10:15:00,pullback,-1,4196.979,4210.647,0.000,0.000,0.00,0.00,no_room
2025.12.03 10:30:00,pullback,1,4202.573,4196.675,0.000,0.000,0.00,0.00,no_room
2025.12.03 11:30:00,pullback,1,4204.853,4196.671,0.000,0.000,0.00,0.00,no_room
2025.12.03 12:00:00,pullback,1,4207.212,4202.310,0.000,0.000,0.00,0.00,no_room
2025.12.03 12:40:00,pullback,1,4210.589,4204.834,0.000,0.000,0.00,0.00,no_room
2025.12.03 13:10:00,pullback,1,4214.306,4204.818,0.000,0.000,0.00,0.00,no_room
2025.12.03 13:45:00,pullback,1,4223.017,4210.947,0.000,0.000,0.00,0.00,no_room
2025.12.03 14:55:00,pullback,-1,4218.564,4242.496,0.000,0.000,0.00,0.00,no_room
2025.12.04 09:00:00,pullback,-1,4189.889,4196.755,0.000,0.000,0.00,0.00,no_room
2025.12.04 09:45:00,pullback,1,4196.387,4183.339,0.000,0.000,0.00,0.00,no_room
2025.12.04 10:55:00,pullback,-1,4197.950,4202.940,0.000,0.000,0.00,0.00,no_room
2025.12.04 11:10:00,pullback,1,4201.915,4197.662,0.000,0.000,0.00,0.00,no_room
2025.12.04 12:05:00,pullback,-1,4197.211,4206.852,0.000,0.000,0.00,0.00,no_room
2025.12.04 12:35:00,pullback,-1,4193.522,4202.120,0.000,0.000,0.00,0.00,no_room
2025.12.04 13:15:00,pullback,-1,4188.716,4202.185,0.000,0.000,0.00,0.00,no_room
2025.12.04 14:00:00,pullback,1,4196.915,4184.978,0.000,0.000,0.00,0.00,no_room
2025.12.04 15:35:00,pullback,1,4208.215,4190.611,0.000,0.000,0.00,0.00,no_room
2025.12.05 07:30:00,pullback,1,4229.339,4223.421,0.000,0.000,0.00,0.00,no_room
2025.12.05 07:55:00,pullback,-1,4223.688,4230.958,0.000,0.000,0.00,0.00,no_room
2025.12.05 09:00:00,pullback,-1,4220.806,4227.420,0.000,0.000,0.00,0.00,no_room
2025.12.05 10:25:00,pullback,1,4226.148,4222.915,0.000,0.000,0.00,0.00,no_room
2025.12.05 11:00:00,pullback,-1,4223.172,4227.758,0.000,0.000,0.00,0.00,no_room
2025.12.05 12:05:00,pullback,1,4224.253,4220.245,0.000,0.000,0.00,0.00,no_room
2025.12.05 13:35:00,pullback,1,4233.429,4221.140,0.000,0.000,0.00,0.00,no_room
2025.12.05 14:50:00,pullback,1,4239.557,4229.424,0.000,0.000,0.00,0.00,no_room
2025.12.05 15:30:00,pullback,1,4245.686,4233.632,0.000,0.000,0.00,0.00,no_room
2025.12.08 07:15:00,pullback,-1,4215.059,4218.313,0.000,0.000,0.00,0.00,no_room
2025.12.08 07:40:00,pullback,-1,4212.557,4218.289,0.000,0.000,0.00,0.00,no_room
2025.12.08 10:30:00,pullback,-1,4206.106,4213.042,0.000,0.000,0.00,0.00,no_room
2025.12.08 11:40:00,pullback,1,4212.766,4199.281,0.000,0.000,0.00,0.00,no_room
2025.12.08 12:55:00,pullback,1,4212.961,4209.140,0.000,0.000,0.00,0.00,no_room
2025.12.08 13:05:00,pullback,-1,4209.403,4213.256,0.000,0.000,0.00,0.00,no_room
2025.12.08 14:15:00,pullback,1,4206.490,4199.975,0.000,0.000,0.00,0.00,no_room
2025.12.08 15:00:00,pullback,-1,4197.348,0.000,0.000,0.000,0.00,0.00,against_bias
2025.12.09 07:10:00,pullback,1,4184.000,4169.773,0.000,0.000,0.00,0.00,no_room
2025.12.09 08:05:00,pullback,1,4185.866,4175.499,0.000,0.000,0.00,0.00,no_room
2025.12.09 08:45:00,pullback,1,4189.327,4175.520,0.000,0.000,0.00,0.00,no_room
2025.12.09 12:20:00,pullback,-1,4201.200,4206.716,0.000,0.000,0.00,0.00,no_room
2025.12.09 12:55:00,pullback,1,4206.468,4198.256,0.000,0.000,0.00,0.00,no_room
2025.12.09 13:35:00,pullback,-1,4198.515,4208.801,0.000,0.000,0.00,0.00,no_room
2025.12.09 14:15:00,pullback,-1,4195.763,4203.875,0.000,0.000,0.00,0.00,no_room
2025.12.09 14:45:00,pullback,1,4203.414,4188.876,0.000,0.000,0.00,0.00,no_room
2025.12.09 16:00:00,pullback,1,4208.531,4189.477,0.000,0.000,0.00,0.00,no_room
2025.12.10 07:55:00,pullback,-1,4204.647,4209.725,0.000,0.000,0.00,0.00,no_room
2025.12.10 08:45:00,pullback,-1,4200.090,4206.879,0.000,0.000,0.00,0.00,no_room
2025.12.10 09:55:00,pullback,-1,4194.444,4206.877,0.000,0.000,0.00,0.00,no_room
2025.12.10 12:00:00,pullback,1,4196.378,4193.462,0.000,0.000,0.00,0.00,sl_too_tight
2025.12.10 13:00:00,pullback,-1,4196.678,4199.502,0.000,0.000,0.00,0.00,sl_too_tight
2025.12.10 13:45:00,pullback,1,4200.294,4192.578,0.000,0.000,0.00,0.00,no_room
2025.12.10 14:30:00,pullback,-1,4198.999,4207.519,0.000,0.000,0.00,0.00,no_room
2025.12.11 07:45:00,pullback,1,4215.447,4210.246,0.000,0.000,0.00,0.00,no_room
2025.12.11 08:40:00,pullback,1,4217.876,4213.197,0.000,0.000,0.00,0.00,no_room
2025.12.11 09:05:00,pullback,-1,4213.508,4219.946,0.000,0.000,0.00,0.00,no_room
2025.12.11 09:50:00,pullback,1,4219.628,4210.020,0.000,0.000,0.00,0.00,no_room
2025.12.11 11:35:00,pullback,-1,4214.056,4219.480,0.000,0.000,0.00,0.00,no_room
2025.12.11 12:25:00,pullback,1,4215.497,4208.499,0.000,0.000,0.00,0.00,no_room
2025.12.11 13:00:00,pullback,1,4220.366,4208.515,0.000,0.000,0.00,0.00,no_room
2025.12.11 14:10:00,pullback,1,4222.518,4204.661,0.000,0.000,0.00,0.00,no_room
2025.12.11 15:35:00,pullback,1,4244.470,4225.508,0.000,0.000,0.00,0.00,no_room
2025.12.12 07:35:00,pullback,1,4288.879,4276.378,4313.881,4338.882,2.31,2.32,signal
2025.12.12 12:45:00,pullback,-1,4330.063,4339.426,0.000,0.000,0.00,0.00,no_room
2025.12.12 13:35:00,pullback,1,4339.041,4320.842,0.000,0.000,0.00,0.00,no_room
2025.12.12 14:55:00,pullback,1,4345.032,4330.028,0.000,0.000,0.00,0.00,no_room
2025.12.12 15:20:00,pullback,-1,4330.681,4354.362,0.000,0.000,0.00,0.00,no_room
2025.12.12 16:00:00,pullback,-1,4295.160,4354.880,0.000,0.000,0.00,0.00,no_room
2025.12.15 07:05:00,pullback,-1,4341.867,4347.869,0.000,0.000,0.00,0.00,no_room
2025.12.15 07:40:00,pullback,-1,4340.720,4345.133,0.000,0.000,0.00,0.00,no_room
2025.12.15 08:30:00,pullback,1,4344.623,4338.591,0.000,0.000,0.00,0.00,no_room
2025.12.15 09:15:00,pullback,1,4349.083,4338.635,0.000,0.000,0.00,0.00,no_room
2025.12.15 09:55:00,pullback,-1,4343.364,4350.656,0.000,0.000,0.00,0.00,no_room
2025.12.15 10:35:00,pullback,-1,4340.702,4350.658,0.000,0.000,0.00,0.00,no_room
2025.12.15 11:10:00,pullback,-1,4337.725,4342.605,0.000,0.000,0.00,0.00,no_room
2025.12.15 11:55:00,pullback,1,4342.305,4335.088,0.000,0.000,0.00,0.00,no_room
2025.12.15 12:30:00,pullback,1,4345.752,4335.129,0.000,0.000,0.00,0.00,no_room
2025.12.15 14:00:00,pullback,-1,4335.712,4347.720,0.000,0.000,0.00,0.00,no_room
2025.12.15 14:55:00,pullback,-1,4320.636,4336.044,0.000,0.000,0.00,0.00,no_room
2025.12.16 08:20:00,pullback,-1,4279.496,4289.926,0.000,0.000,0.00,0.00,no_room
2025.12.16 09:50:00,pullback,-1,4281.107,4287.170,0.000,0.000,0.00,0.00,no_room
2025.12.16 10:35:00,pullback,-1,4276.642,4284.670,0.000,0.000,0.00,0.00,no_room
2025.12.16 12:10:00,pullback,1,4279.629,4273.464,0.000,0.000,0.00,0.00,no_room
2025.12.16 14:00:00,pullback,1,4312.806,4290.290,0.000,0.000,0.00,0.00,no_room
2025.12.16 15:10:00,pullback,1,4332.005,4320.956,0.000,0.000,0.00,0.00,no_room
2025.12.16 15:20:00,pullback,-1,4321.646,4332.756,0.000,0.000,0.00,0.00,no_room
2025.12.17 07:45:00,pullback,-1,4319.472,4338.135,0.000,0.000,0.00,0.00,no_room
2025.12.17 08:10:00,pullback,-1,4315.555,4324.947,0.000,0.000,0.00,0.00,no_room
2025.12.17 09:10:00,pullback,1,4321.003,4312.706,0.000,0.000,0.00,0.00,no_room
2025.12.17 10:35:00,pullback,-1,4316.001,4322.484,0.000,0.000,0.00,0.00,no_room
2025.12.17 12:20:00,pullback,1,4318.832,4314.910,0.000,0.000,0.00,0.00,no_room
2025.12.17 13:10:00,pullback,1,4323.287,4314.624,0.000,0.000,0.00,0.00,no_room
2025.12.17 15:35:00,pullback,1,4345.293,4332.071,0.000,0.000,0.00,0.00,no_room
2025.12.17 15:45:00,pullback,-1,4332.858,4346.165,0.000,0.000,0.00,0.00,no_room
2025.12.18 07:10:00,pullback,-1,4332.044,4336.398,0.000,0.000,0.00,0.00,no_room
2025.12.18 07:30:00,pullback,1,4334.863,4329.769,0.000,0.000,0.00,0.00,no_room
2025.12.18 08:05:00,pullback,-1,4330.022,4338.020,0.000,0.000,0.00,0.00,no_room
2025.12.18 09:55:00,pullback,-1,4321.799,4338.018,0.000,0.000,0.00,0.00,no_room
2025.12.18 10:45:00,pullback,1,4325.939,4320.338,0.000,0.000,0.00,0.00,no_room
2025.12.18 11:10:00,pullback,1,4327.562,4321.741,0.000,0.000,0.00,0.00,no_room
2025.12.18 12:05:00,pullback,-1,4324.072,4328.863,0.000,0.000,0.00,0.00,no_room
2025.12.18 13:15:00,pullback,-1,4317.162,4328.969,0.000,0.000,0.00,0.00,no_room
2025.12.18 13:35:00,pullback,1,4324.256,4314.051,0.000,0.000,0.00,0.00,no_room
2025.12.18 14:30:00,pullback,-1,4333.138,4343.693,0.000,0.000,0.00,0.00,no_room
2025.12.18 15:35:00,pullback,1,4337.005,4307.824,0.000,0.000,0.00,0.00,no_room
2025.12.19 07:35:00,pullback,1,4328.485,4321.551,0.000,0.000,0.00,0.00,no_room
2025.12.19 08:00:00,pullback,-1,4323.162,4329.799,0.000,0.000,0.00,0.00,no_room
2025.12.19 10:40:00,pullback,-1,4325.731,4332.056,0.000,0.000,0.00,0.00,no_room
2025.12.19 12:05:00,pullback,-1,4325.081,4329.983,0.000,0.000,0.00,0.00,no_room
2025.12.19 13:10:00,pullback,1,4328.982,4322.817,0.000,0.000,0.00,0.00,no_room
2025.12.19 14:25:00,pullback,-1,4327.665,0.000,0.000,0.000,0.00,0.00,against_bias
2025.12.19 14:40:00,pullback,1,4333.981,4324.639,0.000,0.000,0.00,0.00,no_room
2025.12.19 15:05:00,pullback,1,4338.024,4319.132,0.000,0.000,0.00,0.00,no_room
2025.12.19 16:00:00,pullback,1,4346.493,4334.641,0.000,0.000,0.00,0.00,no_room
2025.12.22 08:40:00,pullback,-1,4409.862,4418.581,0.000,0.000,0.00,0.00,no_room
2025.12.22 10:05:00,pullback,1,4413.963,0.000,0.000,0.000,0.00,0.00,against_bias
2025.12.22 10:35:00,pullback,-1,4411.006,4416.183,0.000,0.000,0.00,0.00,no_room
2025.12.22 12:05:00,pullback,1,4411.698,4405.962,0.000,0.000,0.00,0.00,no_room
2025.12.22 12:55:00,pullback,1,4413.359,4407.321,0.000,0.000,0.00,0.00,no_room
2025.12.22 14:20:00,pullback,1,4427.043,4419.132,0.000,0.000,0.00,0.00,no_room
2025.12.22 14:35:00,pullback,-1,4419.621,4427.514,0.000,0.000,0.00,0.00,no_room
2025.12.22 15:50:00,pullback,1,4429.383,4411.240,4465.669,4501.955,1.64,1.65,signal
2025.12.24 07:40:00,pullback,-1,4490.632,4495.061,0.000,0.000,0.00,0.00,no_room
2025.12.24 09:00:00,pullback,-1,4482.469,4493.343,0.000,0.000,0.00,0.00,no_room
2025.12.24 09:50:00,pullback,1,4493.425,4481.152,0.000,0.000,0.00,0.00,no_room
2025.12.24 10:35:00,pullback,-1,4486.421,4500.327,0.000,0.000,0.00,0.00,no_room
2025.12.24 11:40:00,pullback,-1,4484.931,4491.001,0.000,0.000,0.00,0.00,no_room
2025.12.24 11:55:00,pullback,1,4490.648,4482.785,0.000,0.000,0.00,0.00,no_room
2025.12.24 13:20:00,pullback,-1,4483.082,4496.458,0.000,0.000,0.00,0.00,no_room
2025.12.24 14:40:00,pullback,-1,4474.508,0.000,0.000,0.000,0.00,0.00,against_bias
2025.12.24 15:45:00,pullback,-1,4460.347,4477.517,0.000,0.000,0.00,0.00,no_room
2025.12.26 08:20:00,pullback,1,4515.753,4507.083,0.000,0.000,0.00,0.00,no_room
2025.12.26 09:00:00,pullback,1,4517.382,4512.875,0.000,0.000,0.00,0.00,no_room
2025.12.26 09:45:00,pullback,-1,4515.149,4519.080,0.000,0.000,0.00,0.00,no_room
2025.12.26 10:20:00,pullback,1,4518.802,4511.568,0.000,0.000,0.00,0.00,no_room
2025.12.26 11:05:00,pullback,-1,4511.850,4524.210,0.000,0.000,0.00,0.00,no_room
2025.12.26 13:20:00,pullback,1,4515.018,4503.468,0.000,0.000,0.00,0.00,no_room
2025.12.26 14:30:00,pullback,1,4527.028,4514.676,0.000,0.000,0.00,0.00,no_room
2025.12.26 15:35:00,pullback,1,4533.438,4512.057,4576.201,4618.963,1.43,1.44,signal
2025.12.29 08:15:00,pullback,1,4481.813,4469.408,0.000,0.000,0.00,0.00,no_room
2025.12.29 08:50:00,pullback,-1,4466.149,4489.366,0.000,0.000,0.00,0.00,no_room
2025.12.29 09:45:00,pullback,1,4468.977,4451.827,0.000,0.000,0.00,0.00,no_room
2025.12.29 10:45:00,pullback,-1,4460.214,4476.757,0.000,0.000,0.00,0.00,no_room
2025.12.29 11:40:00,pullback,-1,4455.927,4468.144,0.000,0.000,0.00,0.00,no_room
2025.12.29 13:45:00,pullback,-1,4434.210,4468.481,0.000,0.000,0.00,0.00,no_room
2025.12.29 14:35:00,pullback,-1,4386.125,4469.168,4220.038,4053.951,0.36,0.37,signal
2026.01.06 07:10:00,pullback,1,4465.693,4449.044,0.000,0.000,0.00,0.00,no_room
2026.01.06 07:55:00,pullback,-1,4461.487,4470.779,0.000,0.000,0.00,0.00,no_room
2026.01.06 08:25:00,pullback,1,4466.451,4456.876,0.000,0.000,0.00,0.00,no_room
2026.01.06 09:05:00,pullback,-1,4464.538,4476.406,0.000,0.000,0.00,0.00,no_room
2026.01.06 09:50:00,pullback,-1,4452.226,4469.856,0.000,0.000,0.00,0.00,no_room
2026.01.06 11:35:00,pullback,1,4456.015,4448.360,0.000,0.000,0.00,0.00,no_room
2026.01.06 12:25:00,pullback,1,4464.805,4448.355,0.000,0.000,0.00,0.00,no_room
2026.01.06 13:20:00,pullback,1,4466.318,4458.371,0.000,0.000,0.00,0.00,no_room
2026.01.06 13:35:00,pullback,-1,4458.738,4471.028,0.000,0.000,0.00,0.00,no_room
2026.01.06 14:10:00,pullback,1,4470.587,4453.413,0.000,0.000,0.00,0.00,no_room
2026.01.07 07:50:00,pullback,1,4460.477,4440.984,0.000,0.000,0.00,0.00,no_room
2026.01.07 10:30:00,pullback,-1,4459.868,4466.000,0.000,0.000,0.00,0.00,no_room
2026.01.07 11:35:00,pullback,-1,4458.660,4468.170,0.000,0.000,0.00,0.00,no_room
2026.01.07 13:10:00,pullback,-1,4439.158,4455.742,0.000,0.000,0.00,0.00,no_room
2026.01.07 15:15:00,pullback,-1,4435.782,4453.860,0.000,0.000,0.00,0.00,no_room
2026.01.08 07:10:00,pullback,1,4437.619,4415.300,0.000,0.000,0.00,0.00,no_room
2026.01.08 07:50:00,pullback,-1,4430.707,4440.349,0.000,0.000,0.00,0.00,no_room
2026.01.08 10:10:00,pullback,-1,4429.134,4435.188,0.000,0.000,0.00,0.00,no_room
2026.01.08 12:00:00,pullback,-1,4422.964,4435.129,0.000,0.000,0.00,0.00,no_room
2026.01.08 13:25:00,pullback,1,4431.351,4407.006,0.000,0.000,0.00,0.00,no_room
2026.01.08 14:50:00,pullback,1,4436.309,4418.188,0.000,0.000,0.00,0.00,no_room
2026.01.08 15:50:00,pullback,1,4454.140,4442.640,0.000,0.000,0.00,0.00,no_room
2026.01.09 10:30:00,pullback,-1,4469.722,4474.596,0.000,0.000,0.00,0.00,no_room
2026.01.09 12:00:00,pullback,1,4474.800,4466.936,0.000,0.000,0.00,0.00,no_room
2026.01.09 12:30:00,pullback,-1,4468.615,4480.931,0.000,0.000,0.00,0.00,no_room
2026.01.09 13:35:00,pullback,1,4473.725,4460.203,0.000,0.000,0.00,0.00,no_room
2026.01.09 14:25:00,pullback,1,4491.969,4457.972,0.000,0.000,0.00,0.00,no_room
2026.01.09 15:10:00,pullback,1,4498.150,4478.416,0.000,0.000,0.00,0.00,no_room
2026.01.12 07:20:00,pullback,1,4585.100,4571.580,0.000,0.000,0.00,0.00,no_room
2026.01.12 08:00:00,pullback,1,4587.578,4578.198,4597.182,4606.786,3.21,3.21,signal
2026.01.12 13:50:00,pullback,1,4611.237,4577.922,0.000,0.000,0.00,0.00,no_room
2026.01.12 15:10:00,pullback,1,4611.490,4583.810,0.000,0.000,0.00,0.00,no_room
2026.01.13 07:35:00,pullback,1,4585.248,4572.849,0.000,0.000,0.00,0.00,no_room
2026.01.13 07:55:00,pullback,-1,4578.804,4587.599,0.000,0.000,0.00,0.00,no_room
2026.01.13 08:10:00,pullback,1,4587.236,4577.104,0.000,0.000,0.00,0.00,no_room
2026.01.13 09:30:00,pullback,-1,4589.627,4596.060,0.000,0.000,0.00,0.00,no_room
2026.01.13 10:45:00,pullback,1,4586.357,4580.089,0.000,0.000,0.00,0.00,no_room
2026.01.13 11:45:00,pullback,1,4588.909,4581.767,0.000,0.000,0.00,0.00,no_room
2026.01.13 12:25:00,pullback,-1,4582.032,4592.351,0.000,0.000,0.00,0.00,no_room
2026.01.13 13:00:00,pullback,1,4592.030,4577.500,0.000,0.000,0.00,0.00,no_room
2026.01.13 14:25:00,pullback,1,4621.052,4606.644,0.000,0.000,0.00,0.00,no_room
2026.01.13 14:45:00,pullback,1,4623.840,4606.637,0.000,0.000,0.00,0.00,no_room
2026.01.13 15:20:00,pullback,-1,4611.572,4635.747,0.000,0.000,0.00,0.00,no_room
2026.01.14 08:05:00,pullback,-1,4631.374,4639.935,0.000,0.000,0.00,0.00,no_room
2026.01.14 09:10:00,pullback,1,4637.912,4621.518,0.000,0.000,0.00,0.00,no_room
2026.01.14 11:30:00,pullback,-1,4630.251,4638.534,0.000,0.000,0.00,0.00,no_room
2026.01.14 12:25:00,pullback,1,4637.518,4625.527,0.000,0.000,0.00,0.00,no_room
2026.01.14 14:40:00,pullback,-1,4624.312,4638.613,0.000,0.000,0.00,0.00,no_room
2026.01.15 07:20:00,pullback,1,4612.104,4600.027,0.000,0.000,0.00,0.00,no_room
2026.01.15 07:40:00,pullback,-1,4605.890,4614.014,0.000,0.000,0.00,0.00,no_room
2026.01.15 08:45:00,pullback,1,4606.288,4597.397,0.000,0.000,0.00,0.00,no_room
2026.01.15 09:40:00,pullback,1,4607.150,4600.320,0.000,0.000,0.00,0.00,no_room
2026.01.15 11:40:00,pullback,1,4621.622,4617.043,0.000,0.000,0.00,0.00,no_room
2026.01.15 11:50:00,pullback,-1,4617.322,4621.889,0.000,0.000,0.00,0.00,no_room
2026.01.15 12:15:00,pullback,-1,4615.404,4623.319,0.000,0.000,0.00,0.00,no_room
2026.01.15 12:55:00,pullback,-1,4613.901,4621.072,0.000,0.000,0.00,0.00,no_room
2026.01.15 14:55:00,pullback,1,4611.925,4581.394,0.000,0.000,0.00,0.00,no_room
2026.01.16 08:45:00,pullback,-1,4604.708,4611.094,0.000,0.000,0.00,0.00,no_room
2026.01.16 09:30:00,pullback,-1,4601.344,4608.817,0.000,0.000,0.00,0.00,no_room
2026.01.16 10:05:00,pullback,1,4603.518,4598.551,0.000,0.000,0.00,0.00,no_room
2026.01.16 11:30:00,pullback,1,4611.170,4598.269,0.000,0.000,0.00,0.00,no_room
2026.01.16 13:10:00,pullback,-1,4598.593,4613.436,0.000,0.000,0.00,0.00,no_room
2026.01.16 14:15:00,pullback,1,4605.596,4581.918,0.000,0.000,0.00,0.00,no_room
2026.01.16 14:50:00,pullback,1,4609.503,4595.506,0.000,0.000,0.00,0.00,no_room
2026.01.16 15:25:00,pullback,-1,4596.140,4621.366,0.000,0.000,0.00,0.00,no_room
2026.01.19 10:30:00,pullback,-1,4666.666,4673.213,0.000,0.000,0.00,0.00,no_room
2026.01.19 11:30:00,pullback,1,4666.917,4660.981,0.000,0.000,0.00,0.00,no_room
2026.01.19 12:00:00,pullback,-1,4661.717,4667.879,0.000,0.000,0.00,0.00,no_room
2026.01.19 12:20:00,pullback,1,4667.569,4659.248,0.000,0.000,0.00,0.00,no_room
2026.01.19 13:55:00,pullback,-1,4668.124,4674.029,0.000,0.000,0.00,0.00,no_room
2026.01.19 15:50:00,pullback,1,4670.899,4663.952,0.000,0.000,0.00,0.00,no_room
2026.01.20 07:25:00,pullback,1,4717.125,4705.038,0.000,0.000,0.00,0.00,no_room
2026.01.20 08:10:00,pullback,1,4722.775,4705.061,4758.203,4793.631,1.72,1.73,signal
2026.01.21 07:55:00,pullback,1,4851.900,4831.598,0.000,0.000,0.00,0.00,no_room
2026.01.21 09:30:00,pullback,1,4869.713,4850.954,0.000,0.000,0.00,0.00,no_room
2026.01.21 11:20:00,pullback,1,4866.752,4860.523,0.000,0.000,0.00,0.00,no_room
2026.01.21 11:50:00,pullback,-1,4860.879,4871.938,0.000,0.000,0.00,0.00,no_room
2026.01.21 13:35:00,pullback,1,4871.322,4856.199,0.000,0.000,0.00,0.00,no_room
2026.01.21 14:05:00,pullback,-1,4856.757,4872.085,0.000,0.000,0.00,0.00,no_room
2026.01.21 15:20:00,pullback,-1,4846.522,4874.000,0.000,0.000,0.00,0.00,no_room
2026.01.22 07:05:00,pullback,1,4829.247,4794.682,0.000,0.000,0.00,0.00,no_room
2026.01.22 08:10:00,pullback,-1,4830.241,4839.331,0.000,0.000,0.00,0.00,no_room
2026.01.22 09:00:00,pullback,1,4830.590,4821.983,0.000,0.000,0.00,0.00,no_room
2026.01.22 09:40:00,pullback,-1,4822.389,4838.466,0.000,0.000,0.00,0.00,no_room
2026.01.22 11:50:00,pullback,1,4831.851,4824.194,0.000,0.000,0.00,0.00,no_room
2026.01.22 12:05:00,pullback,-1,4825.166,4832.219,0.000,0.000,0.00,0.00,no_room
2026.01.22 13:00:00,pullback,-1,4823.494,4832.928,0.000,0.000,0.00,0.00,no_room
2026.01.22 13:25:00,pullback,1,4832.560,4815.585,0.000,0.000,0.00,0.00,no_room
2026.01.22 13:45:00,pullback,-1,4816.015,4835.878,0.000,0.000,0.00,0.00,no_room
2026.01.22 14:35:00,pullback,1,4835.278,4809.961,0.000,0.000,0.00,0.00,no_room
2026.01.22 15:30:00,pullback,1,4847.751,4825.961,0.000,0.000,0.00,0.00,no_room
2026.01.23 07:45:00,pullback,-1,4951.863,4960.031,0.000,0.000,0.00,0.00,no_room
2026.01.23 09:20:00,pullback,-1,4908.794,4927.270,0.000,0.000,0.00,0.00,no_room
2026.01.23 10:30:00,pullback,1,4926.352,4915.062,0.000,0.000,0.00,0.00,no_room
2026.01.23 12:10:00,pullback,1,4930.718,4911.420,0.000,0.000,0.00,0.00,no_room
2026.01.23 12:50:00,pullback,1,4936.997,4917.825,0.000,0.000,0.00,0.00,no_room
2026.01.23 13:25:00,pullback,-1,4933.626,4948.588,0.000,0.000,0.00,0.00,no_room
2026.01.23 14:50:00,pullback,1,4947.878,4932.153,0.000,0.000,0.00,0.00,no_room
2026.01.23 15:45:00,pullback,1,4956.538,4941.672,0.000,0.000,0.00,0.00,no_room
2026.01.26 08:15:00,pullback,1,5095.701,5085.220,0.000,0.000,0.00,0.00,no_room
2026.01.26 08:55:00,pullback,-1,5087.332,5098.767,0.000,0.000,0.00,0.00,no_room
2026.01.26 09:55:00,pullback,-1,5080.015,5099.266,0.000,0.000,0.00,0.00,no_room
2026.01.26 11:20:00,pullback,-1,5085.880,5095.526,0.000,0.000,0.00,0.00,no_room
2026.01.26 12:25:00,pullback,1,5095.074,5078.084,0.000,0.000,0.00,0.00,no_room
2026.01.26 13:05:00,pullback,-1,5078.591,5097.600,0.000,0.000,0.00,0.00,no_room
2026.01.26 13:35:00,pullback,-1,5066.067,5084.126,0.000,0.000,0.00,0.00,no_room
2026.01.26 14:25:00,pullback,1,5075.995,5057.413,0.000,0.000,0.00,0.00,no_room
2026.01.27 07:35:00,pullback,1,5094.582,5081.233,0.000,0.000,0.00,0.00,no_room
2026.01.27 08:30:00,pullback,-1,5079.429,5101.610,0.000,0.000,0.00,0.00,no_room
2026.01.27 09:20:00,pullback,1,5085.414,5072.797,0.000,0.000,0.00,0.00,no_room
2026.01.27 11:50:00,pullback,-1,5081.890,5091.371,0.000,0.000,0.00,0.00,no_room
2026.01.27 12:35:00,pullback,1,5082.638,5066.237,0.000,0.000,0.00,0.00,no_room
2026.01.27 13:45:00,pullback,-1,5073.600,5093.700,0.000,0.000,0.00,0.00,no_room
2026.01.27 14:05:00,pullback,-1,5069.493,5093.780,0.000,0.000,0.00,0.00,no_room
2026.01.27 15:40:00,pullback,1,5082.471,5046.138,0.000,0.000,0.00,0.00,no_room
2026.01.28 08:35:00,pullback,1,5299.741,5271.345,5356.533,5413.325,1.10,1.11,signal
2026.01.28 09:45:00,pullback,-1,5268.498,5298.414,0.000,0.000,0.00,0.00,no_room
2026.01.28 11:05:00,pullback,-1,5269.345,5286.373,0.000,0.000,0.00,0.00,no_room
2026.01.28 12:40:00,pullback,1,5267.741,5250.988,0.000,0.000,0.00,0.00,no_room
2026.01.28 13:40:00,pullback,-1,5268.697,5290.454,0.000,0.000,0.00,0.00,no_room
2026.01.28 14:40:00,pullback,1,5270.118,5247.423,0.000,0.000,0.00,0.00,no_room
2026.01.28 15:10:00,pullback,-1,5250.331,5271.632,0.000,0.000,0.00,0.00,no_room
2026.01.29 07:30:00,pullback,-1,5554.807,5596.647,0.000,0.000,0.00,0.00,no_room
2026.01.29 08:05:00,pullback,-1,5536.964,5596.608,0.000,0.000,0.00,0.00,no_room
2026.01.29 08:40:00,pullback,-1,5522.977,5556.243,0.000,0.000,0.00,0.00,no_room
2026.01.29 11:00:00,pullback,-1,5497.290,5526.233,0.000,0.000,0.00,0.00,no_room
2026.01.29 11:55:00,pullback,1,5525.283,5469.633,0.000,0.000,0.00,0.00,no_room
2026.01.29 12:15:00,pullback,1,5528.813,5507.542,0.000,0.000,0.00,0.00,no_room
2026.01.29 13:15:00,pullback,-1,5526.207,5543.492,0.000,0.000,0.00,0.00,no_room
2026.01.29 14:10:00,pullback,1,5530.953,5498.854,0.000,0.000,0.00,0.00,no_room
2026.01.29 14:55:00,pullback,-1,5506.142,5551.438,0.000,0.000,0.00,0.00,no_room
2026.01.30 08:35:00,pullback,-1,5117.625,5187.706,0.000,0.000,0.00,0.00,no_room
2026.01.30 09:15:00,pullback,-1,5055.990,5188.446,0.000,0.000,0.00,0.00,no_room
2026.01.30 09:45:00,pullback,-1,5014.374,5136.616,0.000,0.000,0.00,0.00,no_room
2026.01.30 11:50:00,pullback,-1,5105.527,5134.912,0.000,0.000,0.00,0.00,no_room
2026.01.30 12:00:00,pullback,1,5132.854,5103.374,0.000,0.000,0.00,0.00,no_room
2026.01.30 12:50:00,pullback,-1,5089.698,5148.193,0.000,0.000,0.00,0.00,no_room
2026.01.30 15:05:00,pullback,-1,4991.925,5117.051,0.000,0.000,0.00,0.00,no_room
2026.01.30 15:50:00,pullback,1,5060.295,4977.380,0.000,0.000,0.00,0.00,no_room
2026.02.02 08:20:00,pullback,1,4619.114,4558.049,0.000,0.000,0.00,0.00,no_room
2026.02.02 09:30:00,pullback,1,4651.402,4600.801,0.000,0.000,0.00,0.00,no_room
2026.02.02 11:15:00,pullback,1,4734.034,4655.006,0.000,0.000,0.00,0.00,no_room
2026.02.02 12:25:00,pullback,1,4779.775,4741.314,0.000,0.000,0.00,0.00,no_room
2026.02.02 12:45:00,pullback,1,4790.393,4741.384,4843.549,4896.705,0.63,0.64,signal
2026.02.02 13:35:00,pullback,-1,4720.669,4806.903,0.000,0.000,0.00,0.00,no_room
2026.02.02 14:35:00,pullback,1,4738.829,4666.355,0.000,0.000,0.00,0.00,no_room
2026.02.02 15:30:00,pullback,-1,4690.369,4798.055,0.000,0.000,0.00,0.00,no_room
2026.02.02 15:55:00,pullback,-1,4648.386,4797.836,0.000,0.000,0.00,0.00,no_room
2026.02.03 07:30:00,pullback,1,4894.213,4863.350,0.000,0.000,0.00,0.00,no_room
2026.02.03 08:20:00,pullback,1,4933.738,4863.196,0.000,0.000,0.00,0.00,no_room
2026.02.03 09:30:00,pullback,-1,4898.547,4951.064,0.000,0.000,0.00,0.00,no_room
2026.02.03 11:00:00,pullback,-1,4913.649,4930.583,0.000,0.000,0.00,0.00,no_room
2026.02.03 11:25:00,pullback,-1,4889.760,4924.987,0.000,0.000,0.00,0.00,no_room
2026.02.03 12:05:00,pullback,1,4919.234,4882.158,0.000,0.000,0.00,0.00,no_room
2026.02.03 13:05:00,pullback,1,4919.482,4890.926,0.000,0.000,0.00,0.00,no_room
2026.02.03 13:30:00,pullback,1,4930.881,4901.115,0.000,0.000,0.00,0.00,no_room
2026.02.03 15:10:00,pullback,1,4928.957,4891.773,0.000,0.000,0.00,0.00,no_room
2026.02.04 07:30:00,pullback,1,5082.408,5050.054,0.000,0.000,0.00,0.00,no_room
2026.02.04 08:35:00,pullback,-1,5074.785,5092.893,0.000,0.000,0.00,0.00,no_room
2026.02.04 09:20:00,pullback,-1,5068.587,5087.702,0.000,0.000,0.00,0.00,no_room
2026.02.04 10:25:00,pullback,-1,5042.768,5066.975,0.000,0.000,0.00,0.00,no_room
2026.02.04 11:20:00,pullback,-1,5041.431,5062.691,0.000,0.000,0.00,0.00,no_room
2026.02.04 12:35:00,pullback,1,5055.241,5036.470,0.000,0.000,0.00,0.00,no_room
2026.02.04 13:10:00,pullback,-1,5037.409,5064.246,0.000,0.000,0.00,0.00,no_room
2026.02.04 13:55:00,pullback,1,5059.053,5021.746,0.000,0.000,0.00,0.00,no_room
2026.02.04 14:30:00,pullback,-1,5034.230,5064.903,0.000,0.000,0.00,0.00,no_room
2026.02.04 15:25:00,pullback,-1,4966.734,5066.181,0.000,0.000,0.00,0.00,no_room
2026.02.05 09:05:00,pullback,-1,4895.729,4944.971,0.000,0.000,0.00,0.00,no_room
2026.02.05 10:50:00,pullback,1,4878.100,4845.639,0.000,0.000,0.00,0.00,no_room
2026.02.05 11:15:00,pullback,1,4886.933,4845.864,0.000,0.000,0.00,0.00,no_room
2026.02.05 12:15:00,pullback,-1,4847.059,4895.770,0.000,0.000,0.00,0.00,no_room
2026.02.05 14:40:00,pullback,1,4850.158,4799.656,0.000,0.000,0.00,0.00,no_room
2026.02.05 15:30:00,pullback,-1,4821.748,4872.597,0.000,0.000,0.00,0.00,no_room
2026.02.06 08:25:00,pullback,1,4861.726,4828.494,0.000,0.000,0.00,0.00,no_room
2026.02.06 10:10:00,pullback,1,4872.675,4854.736,0.000,0.000,0.00,0.00,no_room
2026.02.06 10:30:00,pullback,-1,4855.961,4878.781,0.000,0.000,0.00,0.00,no_room
2026.02.06 11:00:00,pullback,1,4877.771,0.000,0.000,0.000,0.00,0.00,against_bias
2026.02.06 11:25:00,pullback,1,4887.868,4862.804,0.000,0.000,0.00,0.00,no_room
2026.02.06 12:10:00,pullback,1,4894.169,4862.791,0.000,0.000,0.00,0.00,no_room
2026.02.06 13:05:00,pullback,1,4903.470,4869.965,0.000,0.000,0.00,0.00,no_room
2026.02.06 14:25:00,pullback,-1,4904.964,4939.714,0.000,0.000,0.00,0.00,no_room
2026.02.06 14:50:00,pullback,1,4938.358,4893.085,0.000,0.000,0.00,0.00,no_room
2026.02.06 15:00:00,pullback,1,4947.658,4893.030,0.000,0.000,0.00,0.00,no_room
2026.02.09 07:15:00,pullback,-1,5013.796,5040.822,0.000,0.000,0.00,0.00,no_room
2026.02.09 08:05:00,pullback,1,5015.418,4996.184,0.000,0.000,0.00,0.00,no_room
2026.02.09 09:05:00,pullback,1,5031.937,4999.735,0.000,0.000,0.00,0.00,no_room
2026.02.09 10:30:00,pullback,-1,4996.619,5041.718,0.000,0.000,0.00,0.00,no_room
2026.02.09 13:10:00,pullback,1,5021.794,5008.933,0.000,0.000,0.00,0.00,no_room
2026.02.09 13:30:00,pullback,-1,5007.250,5025.547,0.000,0.000,0.00,0.00,no_room
2026.02.09 14:35:00,pullback,1,5024.652,4993.974,0.000,0.000,0.00,0.00,no_room
2026.02.09 15:35:00,pullback,1,5042.333,5022.672,0.000,0.000,0.00,0.00,no_room
2026.02.10 08:05:00,pullback,1,5034.359,5018.550,0.000,0.000,0.00,0.00,no_room
2026.02.10 09:10:00,pullback,1,5054.905,5018.428,0.000,0.000,0.00,0.00,no_room
2026.02.10 10:40:00,pullback,1,5052.627,5036.378,0.000,0.000,0.00,0.00,no_room
2026.02.10 12:15:00,pullback,-1,5045.105,5057.943,0.000,0.000,0.00,0.00,no_room
2026.02.10 12:45:00,pullback,-1,5041.095,5058.118,0.000,0.000,0.00,0.00,no_room
2026.02.10 14:20:00,pullback,1,5058.765,5045.681,0.000,0.000,0.00,0.00,no_room
2026.02.10 14:50:00,pullback,-1,5046.585,5079.764,0.000,0.000,0.00,0.00,no_room
2026.02.10 15:40:00,pullback,-1,5020.462,5049.412,0.000,0.000,0.00,0.00,no_room
2026.02.11 07:50:00,pullback,-1,5052.674,5069.866,0.000,0.000,0.00,0.00,no_room
2026.02.11 08:35:00,pullback,-1,5048.663,5060.863,0.000,0.000,0.00,0.00,no_room
2026.02.11 09:35:00,pullback,1,5055.803,5046.513,0.000,0.000,0.00,0.00,no_room
2026.02.11 10:20:00,pullback,1,5072.179,5046.471,0.000,0.000,0.00,0.00,no_room
2026.02.11 10:45:00,pullback,1,5076.701,5046.250,0.000,0.000,0.00,0.00,no_room
2026.02.11 11:30:00,pullback,1,5101.914,5081.432,0.000,0.000,0.00,0.00,no_room
2026.02.11 12:45:00,pullback,-1,5082.384,5120.372,0.000,0.000,0.00,0.00,no_room
2026.02.11 13:35:00,pullback,-1,5050.077,5089.536,0.000,0.000,0.00,0.00,no_room
2026.02.12 08:05:00,pullback,1,5066.340,5056.282,0.000,0.000,0.00,0.00,no_room
2026.02.12 09:10:00,pullback,1,5073.527,5051.621,0.000,0.000,0.00,0.00,no_room
2026.02.12 09:55:00,pullback,1,5077.767,5068.197,0.000,0.000,0.00,0.00,no_room
2026.02.12 10:15:00,pullback,-1,5068.687,5081.539,0.000,0.000,0.00,0.00,no_room
2026.02.12 10:50:00,pullback,-1,5061.052,5081.536,0.000,0.000,0.00,0.00,no_room
2026.02.12 11:55:00,pullback,1,5065.538,5055.779,0.000,0.000,0.00,0.00,no_room
2026.02.12 12:50:00,pullback,-1,5056.561,5068.702,0.000,0.000,0.00,0.00,no_room
2026.02.12 13:20:00,pullback,1,5068.562,5048.210,0.000,0.000,0.00,0.00,no_room
2026.02.12 14:20:00,pullback,-1,5060.491,5084.612,0.000,0.000,0.00,0.00,no_room
2026.02.12 14:50:00,pullback,-1,5055.083,5072.535,0.000,0.000,0.00,0.00,no_room
2026.02.12 15:50:00,pullback,1,5071.612,5038.235,0.000,0.000,0.00,0.00,no_room
2026.02.13 07:20:00,pullback,1,4968.801,4948.855,0.000,0.000,0.00,0.00,no_room
2026.02.13 07:40:00,pullback,1,4976.298,4949.941,0.000,0.000,0.00,0.00,no_room
2026.02.13 08:10:00,pullback,1,4982.525,4949.906,0.000,0.000,0.00,0.00,no_room
2026.02.13 09:30:00,pullback,-1,4970.642,4987.522,0.000,0.000,0.00,0.00,no_room
2026.02.13 10:30:00,pullback,1,4976.444,4960.780,0.000,0.000,0.00,0.00,no_room
2026.02.13 10:50:00,pullback,-1,4965.930,4981.475,0.000,0.000,0.00,0.00,no_room
2026.02.13 13:20:00,pullback,-1,4964.391,4976.913,0.000,0.000,0.00,0.00,no_room
2026.02.13 13:35:00,pullback,1,4976.218,4963.487,0.000,0.000,0.00,0.00,no_room
2026.02.13 14:20:00,pullback,1,5001.784,4956.288,0.000,0.000,0.00,0.00,no_room
2026.02.16 07:50:00,pullback,1,5003.106,4988.505,0.000,0.000,0.00,0.00,no_room
2026.02.16 09:05:00,pullback,1,5008.680,5002.910,0.000,0.000,0.00,0.00,no_room
2026.02.16 10:15:00,pullback,-1,5008.513,5017.646,0.000,0.000,0.00,0.00,no_room
2026.02.16 12:15:00,pullback,-1,4998.695,5008.354,0.000,0.000,0.00,0.00,no_room
2026.02.16 13:15:00,pullback,-1,4999.003,5008.575,0.000,0.000,0.00,0.00,no_room
2026.02.16 14:45:00,pullback,-1,4989.547,4999.906,0.000,0.000,0.00,0.00,no_room
2026.02.17 07:40:00,pullback,1,4914.262,4885.780,0.000,0.000,0.00,0.00,no_room
2026.02.17 10:15:00,pullback,1,4932.591,4912.104,0.000,0.000,0.00,0.00,no_room
2026.02.17 10:55:00,pullback,-1,4912.708,4939.905,0.000,0.000,0.00,0.00,no_room
2026.02.17 12:10:00,pullback,1,4930.979,4921.632,0.000,0.000,0.00,0.00,no_room
2026.02.17 13:20:00,pullback,-1,4921.323,4945.026,0.000,0.000,0.00,0.00,no_room
2026.02.17 14:00:00,pullback,-1,4907.850,4945.493,0.000,0.000,0.00,0.00,no_room
2026.02.17 16:00:00,pullback,1,4877.555,4851.360,0.000,0.000,0.00,0.00,no_room
2026.02.18 07:50:00,pullback,-1,4932.405,4942.865,0.000,0.000,0.00,0.00,no_room
2026.02.18 10:40:00,pullback,-1,4916.232,4924.944,0.000,0.000,0.00,0.00,no_room
2026.02.18 11:20:00,pullback,1,4916.860,4908.816,0.000,0.000,0.00,0.00,no_room
2026.02.18 12:05:00,pullback,1,4917.675,4905.841,0.000,0.000,0.00,0.00,no_room
2026.02.18 12:50:00,pullback,1,4929.531,4917.304,0.000,0.000,0.00,0.00,no_room
2026.02.18 14:35:00,pullback,1,4961.373,4948.055,0.000,0.000,0.00,0.00,no_room
2026.02.19 07:55:00,pullback,-1,5014.782,5020.438,0.000,0.000,0.00,0.00,no_room
2026.02.19 09:30:00,pullback,-1,5010.323,5022.552,0.000,0.000,0.00,0.00,no_room
2026.02.19 10:05:00,pullback,-1,4992.815,5020.892,0.000,0.000,0.00,0.00,no_room
2026.02.19 12:30:00,pullback,1,4990.188,4977.622,0.000,0.000,0.00,0.00,no_room
2026.02.19 13:40:00,pullback,1,4992.810,4973.712,0.000,0.000,0.00,0.00,no_room
2026.02.19 14:50:00,pullback,1,4998.466,4962.397,0.000,0.000,0.00,0.00,no_room
2026.02.19 15:30:00,pullback,1,5010.310,4962.269,0.000,0.000,0.00,0.00,no_room
2026.02.20 07:25:00,pullback,-1,5015.844,5030.742,0.000,0.000,0.00,0.00,no_room
2026.02.20 08:00:00,pullback,-1,5009.418,5028.823,0.000,0.000,0.00,0.00,no_room
2026.02.20 08:30:00,pullback,1,5016.357,5004.554,0.000,0.000,0.00,0.00,no_room
2026.02.20 10:00:00,pullback,-1,5029.816,5043.179,0.000,0.000,0.00,0.00,no_room
2026.02.20 11:50:00,pullback,-1,5025.753,5034.041,0.000,0.000,0.00,0.00,no_room
2026.02.20 12:30:00,pullback,-1,5013.487,5024.507,0.000,0.000,0.00,0.00,no_room
2026.02.20 12:45:00,pullback,1,5023.881,5012.787,0.000,0.000,0.00,0.00,no_room
2026.02.20 13:50:00,pullback,1,5031.985,5017.618,0.000,0.000,0.00,0.00,no_room
2026.02.20 14:45:00,pullback,1,5048.843,5036.333,0.000,0.000,0.00,0.00,no_room
2026.02.20 15:05:00,pullback,-1,5037.589,5049.927,0.000,0.000,0.00,0.00,no_room
2026.02.23 08:25:00,pullback,-1,5130.879,5140.171,0.000,0.000,0.00,0.00,no_room
2026.02.23 09:00:00,pullback,1,5139.497,5121.474,0.000,0.000,0.00,0.00,no_room
2026.02.23 10:05:00,pullback,1,5150.114,5142.526,0.000,0.000,0.00,0.00,no_room
2026.02.23 10:25:00,pullback,1,5153.070,5142.509,0.000,0.000,0.00,0.00,no_room
2026.02.23 10:55:00,pullback,1,5157.680,5144.455,0.000,0.000,0.00,0.00,no_room
2026.02.23 12:40:00,pullback,1,5154.869,5146.661,0.000,0.000,0.00,0.00,no_room
2026.02.23 14:35:00,pullback,1,5165.520,5140.614,0.000,0.000,0.00,0.00,no_room
2026.02.24 07:20:00,pullback,1,5175.282,5155.329,0.000,0.000,0.00,0.00,no_room
2026.02.24 09:30:00,pullback,-1,5169.177,5180.868,0.000,0.000,0.00,0.00,no_room
2026.02.24 10:25:00,pullback,1,5176.099,5165.876,0.000,0.000,0.00,0.00,no_room
2026.02.24 11:45:00,pullback,1,5177.299,5170.407,0.000,0.000,0.00,0.00,no_room
2026.02.24 12:05:00,pullback,-1,5170.798,5178.961,0.000,0.000,0.00,0.00,no_room
2026.02.24 13:40:00,pullback,-1,5144.594,5161.936,0.000,0.000,0.00,0.00,no_room
2026.02.24 15:20:00,pullback,1,5139.172,5116.687,0.000,0.000,0.00,0.00,no_room
2026.02.25 07:20:00,pullback,-1,5188.194,5195.577,0.000,0.000,0.00,0.00,no_room
2026.02.25 08:20:00,pullback,1,5190.514,5179.907,0.000,0.000,0.00,0.00,no_room
2026.02.25 10:25:00,pullback,-1,5176.193,5195.421,0.000,0.000,0.00,0.00,no_room
2026.02.25 11:15:00,pullback,-1,5169.723,5181.511,0.000,0.000,0.00,0.00,no_room
2026.02.25 12:00:00,pullback,1,5180.961,5154.221,0.000,0.000,0.00,0.00,no_room
2026.02.25 13:10:00,pullback,1,5187.426,5176.886,0.000,0.000,0.00,0.00,no_room
2026.02.25 14:25:00,pullback,-1,5181.750,5191.700,0.000,0.000,0.00,0.00,no_room
2026.02.25 15:05:00,pullback,1,5191.211,5157.762,0.000,0.000,0.00,0.00,no_room
2026.02.26 07:05:00,pullback,-1,5192.609,5199.146,0.000,0.000,0.00,0.00,no_room
2026.02.26 08:05:00,pullback,-1,5181.799,5190.359,0.000,0.000,0.00,0.00,no_room
2026.02.26 08:30:00,pullback,-1,5179.229,5191.453,0.000,0.000,0.00,0.00,no_room
2026.02.26 09:40:00,pullback,1,5182.332,5173.180,0.000,0.000,0.00,0.00,no_room
2026.02.26 10:45:00,pullback,-1,5173.762,5190.383,0.000,0.000,0.00,0.00,no_room
2026.02.26 11:55:00,pullback,-1,5170.738,5178.602,0.000,0.000,0.00,0.00,no_room
2026.02.26 12:30:00,pullback,1,5178.117,5157.167,0.000,0.000,0.00,0.00,no_room
2026.02.26 13:45:00,pullback,-1,5168.172,5188.794,0.000,0.000,0.00,0.00,no_room
2026.02.26 14:10:00,pullback,-1,5164.119,5188.821,0.000,0.000,0.00,0.00,no_room
2026.02.26 15:50:00,pullback,1,5176.156,5129.082,0.000,0.000,0.00,0.00,no_room
2026.02.27 07:20:00,pullback,-1,5180.622,5199.598,0.000,0.000,0.00,0.00,no_room
2026.02.27 08:25:00,pullback,-1,5175.700,5199.634,0.000,0.000,0.00,0.00,no_room
2026.02.27 09:55:00,pullback,-1,5174.969,5182.563,0.000,0.000,0.00,0.00,no_room
2026.02.27 11:50:00,pullback,1,5178.743,5172.315,0.000,0.000,0.00,0.00,no_room
2026.02.27 12:50:00,pullback,-1,5184.979,5190.928,0.000,0.000,0.00,0.00,no_room
2026.02.27 13:05:00,pullback,1,5190.610,5182.502,0.000,0.000,0.00,0.00,no_room
2026.02.27 14:25:00,pullback,1,5230.345,5206.516,0.000,0.000,0.00,0.00,no_room
2026.02.27 15:15:00,pullback,1,5236.071,5212.574,0.000,0.000,0.00,0.00,no_room
2026.03.02 08:30:00,pullback,1,5414.119,5400.989,0.000,0.000,0.00,0.00,no_room
2026.03.02 08:45:00,pullback,-1,5402.175,5414.930,0.000,0.000,0.00,0.00,no_room
2026.03.02 11:50:00,pullback,-1,5381.517,5401.760,0.000,0.000,0.00,0.00,no_room
2026.03.02 13:05:00,pullback,1,5398.811,5374.286,0.000,0.000,0.00,0.00,no_room
2026.03.02 14:05:00,pullback,-1,5381.687,5417.779,0.000,0.000,0.00,0.00,no_room
2026.03.02 15:40:00,pullback,1,5346.804,5308.604,0.000,0.000,0.00,0.00,no_room
2026.03.03 07:35:00,pullback,1,5319.335,5289.814,0.000,0.000,0.00,0.00,no_room
2026.03.03 09:05:00,pullback,-1,5290.828,5336.701,0.000,0.000,0.00,0.00,no_room
2026.03.03 11:10:00,pullback,-1,5225.856,5283.053,0.000,0.000,0.00,0.00,no_room
2026.03.03 11:30:00,pullback,-1,5159.749,5266.759,0.000,0.000,0.00,0.00,no_room
2026.03.03 13:00:00,pullback,1,5212.286,5071.166,0.000,0.000,0.00,0.00,no_room
2026.03.03 13:55:00,pullback,-1,5145.984,5188.381,0.000,0.000,0.00,0.00,no_room
2026.03.03 14:25:00,pullback,-1,5127.064,5177.534,0.000,0.000,0.00,0.00,no_room
2026.03.04 07:10:00,pullback,1,5168.105,5120.012,0.000,0.000,0.00,0.00,no_room
2026.03.04 08:50:00,pullback,1,5175.941,5146.288,0.000,0.000,0.00,0.00,no_room
2026.03.04 09:40:00,pullback,1,5182.212,5158.552,0.000,0.000,0.00,0.00,no_room
2026.03.04 10:05:00,pullback,1,5185.120,5158.629,0.000,0.000,0.00,0.00,no_room
2026.03.04 12:05:00,pullback,1,5200.796,5178.638,0.000,0.000,0.00,0.00,no_room
2026.03.04 12:20:00,pullback,-1,5187.335,5206.694,0.000,0.000,0.00,0.00,no_room
2026.03.04 14:50:00,pullback,-1,5159.690,5186.434,0.000,0.000,0.00,0.00,no_room
2026.03.05 08:05:00,pullback,-1,5159.870,5173.458,0.000,0.000,0.00,0.00,no_room
2026.03.05 09:10:00,pullback,1,5172.791,5136.601,0.000,0.000,0.00,0.00,no_room
2026.03.05 10:05:00,pullback,-1,5153.115,5181.126,0.000,0.000,0.00,0.00,no_room
2026.03.05 12:10:00,pullback,1,5167.939,5156.349,0.000,0.000,0.00,0.00,no_room
2026.03.05 13:05:00,pullback,-1,5160.715,5172.164,0.000,0.000,0.00,0.00,no_room
2026.03.05 14:20:00,pullback,-1,5109.470,5139.860,0.000,0.000,0.00,0.00,no_room
2026.03.05 14:40:00,pullback,-1,5102.662,5131.313,0.000,0.000,0.00,0.00,no_room
2026.03.05 15:10:00,pullback,-1,5090.590,5125.736,0.000,0.000,0.00,0.00,no_room
2026.03.06 08:30:00,pullback,-1,5107.664,5123.856,0.000,0.000,0.00,0.00,no_room
2026.03.06 09:15:00,pullback,-1,5096.077,5114.243,0.000,0.000,0.00,0.00,no_room
2026.03.06 11:25:00,pullback,1,5092.848,5080.390,0.000,0.000,0.00,0.00,no_room
2026.03.06 11:55:00,pullback,-1,5080.125,5100.367,0.000,0.000,0.00,0.00,no_room
2026.03.06 12:45:00,pullback,1,5096.283,5061.663,0.000,0.000,0.00,0.00,no_room
2026.03.06 13:00:00,pullback,-1,5085.206,5097.098,0.000,0.000,0.00,0.00,no_room
2026.03.06 13:35:00,pullback,1,5096.744,5064.145,0.000,0.000,0.00,0.00,no_room
2026.03.06 15:00:00,pullback,1,5115.750,5082.469,0.000,0.000,0.00,0.00,no_room
2026.03.09 08:05:00,pullback,1,5107.486,5092.770,0.000,0.000,0.00,0.00,no_room
2026.03.09 08:30:00,pullback,-1,5093.511,5111.510,0.000,0.000,0.00,0.00,no_room
2026.03.09 09:15:00,pullback,1,5110.739,5086.048,0.000,0.000,0.00,0.00,no_room
2026.03.09 10:35:00,pullback,-1,5096.200,5111.914,0.000,0.000,0.00,0.00,no_room
2026.03.09 12:05:00,pullback,1,5093.217,5078.473,0.000,0.000,0.00,0.00,no_room
2026.03.09 13:45:00,pullback,-1,5084.291,5112.879,0.000,0.000,0.00,0.00,no_room
2026.03.09 14:35:00,pullback,1,5088.138,5059.197,0.000,0.000,0.00,0.00,no_room
2026.03.10 07:20:00,pullback,-1,5172.023,5181.576,0.000,0.000,0.00,0.00,no_room
2026.03.10 08:00:00,pullback,1,5178.968,5157.839,0.000,0.000,0.00,0.00,no_room
2026.03.10 08:40:00,pullback,1,5185.123,5174.188,0.000,0.000,0.00,0.00,no_room
2026.03.10 10:05:00,pullback,-1,5180.643,5189.436,0.000,0.000,0.00,0.00,no_room
2026.03.10 11:10:00,pullback,1,5188.945,5155.801,0.000,0.000,0.00,0.00,no_room
2026.03.10 13:05:00,pullback,1,5191.855,5161.893,0.000,0.000,0.00,0.00,no_room
2026.03.10 14:10:00,pullback,-1,5196.415,5229.847,0.000,0.000,0.00,0.00,no_room
2026.03.10 15:10:00,pullback,1,5214.188,5201.842,0.000,0.000,0.00,0.00,no_room
2026.03.11 07:40:00,pullback,-1,5191.680,5202.600,0.000,0.000,0.00,0.00,no_room
2026.03.11 08:15:00,pullback,1,5197.581,5183.903,0.000,0.000,0.00,0.00,no_room
2026.03.11 08:25:00,pullback,-1,5187.725,5198.147,0.000,0.000,0.00,0.00,no_room
2026.03.11 09:35:00,pullback,1,5188.774,5178.980,0.000,0.000,0.00,0.00,no_room
2026.03.11 10:35:00,pullback,-1,5186.431,5195.768,0.000,0.000,0.00,0.00,no_room
2026.03.11 12:15:00,pullback,1,5190.721,5174.455,0.000,0.000,0.00,0.00,no_room
2026.03.11 13:00:00,pullback,-1,5175.047,5197.443,0.000,0.000,0.00,0.00,no_room
2026.03.11 13:50:00,pullback,-1,5161.984,5183.809,0.000,0.000,0.00,0.00,no_room
2026.03.11 14:05:00,pullback,1,5182.910,5160.974,0.000,0.000,0.00,0.00,no_room
2026.03.11 15:15:00,pullback,-1,5174.185,5194.619,0.000,0.000,0.00,0.00,no_room
2026.03.12 07:45:00,pullback,1,5170.249,5164.076,0.000,0.000,0.00,0.00,no_room
2026.03.12 09:35:00,pullback,1,5181.207,5175.203,0.000,0.000,0.00,0.00,no_room
2026.03.12 10:30:00,pullback,-1,5182.487,5192.197,0.000,0.000,0.00,0.00,no_room
2026.03.12 11:20:00,pullback,-1,5175.940,5184.465,0.000,0.000,0.00,0.00,no_room
2026.03.12 12:10:00,pullback,-1,5172.526,5181.910,0.000,0.000,0.00,0.00,no_room
2026.03.12 12:55:00,pullback,1,5181.481,5162.793,0.000,0.000,0.00,0.00,no_room
2026.03.12 13:35:00,pullback,-1,5168.501,5186.819,0.000,0.000,0.00,0.00,no_room
2026.03.12 14:40:00,pullback,-1,5145.856,5164.244,0.000,0.000,0.00,0.00,no_room
2026.03.13 08:05:00,pullback,-1,5071.708,5093.764,0.000,0.000,0.00,0.00,no_room
2026.03.13 09:05:00,pullback,1,5093.051,5060.425,0.000,0.000,0.00,0.00,no_room
2026.03.13 10:35:00,pullback,-1,5083.242,5097.362,0.000,0.000,0.00,0.00,no_room
2026.03.13 12:00:00,pullback,1,5097.451,5085.522,0.000,0.000,0.00,0.00,no_room
2026.03.13 12:50:00,pullback,1,5118.871,5103.516,0.000,0.000,0.00,0.00,no_room
2026.03.13 13:35:00,pullback,-1,5108.041,5121.939,0.000,0.000,0.00,0.00,no_room
2026.03.13 14:15:00,pullback,-1,5096.248,5117.621,0.000,0.000,0.00,0.00,no_room
2026.03.13 14:45:00,pullback,-1,5082.656,5117.702,0.000,0.000,0.00,0.00,no_room
2026.03.13 16:00:00,pullback,-1,5035.216,5072.814,4960.020,4884.825,0.82,0.82,signal
2026.03.18 14:10:00,pullback,1,4885.497,4832.444,0.000,0.000,0.00,0.00,no_room
2026.03.18 15:45:00,pullback,-1,4867.214,4880.855,0.000,0.000,0.00,0.00,no_room
2026.03.19 07:45:00,pullback,-1,4747.279,4785.884,4670.069,4592.859,0.82,0.82,signal
2026.03.19 13:55:00,pullback,1,4583.218,4499.356,0.000,0.000,0.00,0.00,no_room
2026.03.19 15:35:00,pullback,-1,4593.437,4640.829,0.000,0.000,0.00,0.00,no_room
2026.03.20 08:20:00,pullback,1,4723.722,4660.558,0.000,0.000,0.00,0.00,no_room
2026.03.20 09:35:00,pullback,-1,4683.930,4701.604,0.000,0.000,0.00,0.00,no_room
2026.03.20 11:00:00,pullback,-1,4645.810,4671.244,0.000,0.000,0.00,0.00,no_room
2026.03.20 12:05:00,pullback,1,4674.308,4635.888,0.000,0.000,0.00,0.00,no_room
2026.03.20 13:15:00,pullback,-1,4661.933,4682.856,0.000,0.000,0.00,0.00,no_room
2026.03.20 13:35:00,pullback,-1,4653.602,4682.872,0.000,0.000,0.00,0.00,no_room
2026.03.23 07:10:00,pullback,-1,4162.913,4383.240,3722.259,3281.604,0.14,0.15,signal
2026.03.23 12:45:00,pullback,1,4432.116,4333.355,0.000,0.000,0.00,0.00,no_room
2026.03.23 14:25:00,pullback,1,4492.771,4398.940,0.000,0.000,0.00,0.00,no_room
2026.03.23 15:40:00,pullback,-1,4427.162,4489.251,0.000,0.000,0.00,0.00,no_room
2026.03.24 08:25:00,pullback,-1,4399.821,4433.799,0.000,0.000,0.00,0.00,no_room
2026.03.24 10:00:00,pullback,1,4419.325,4394.696,0.000,0.000,0.00,0.00,no_room
2026.03.24 11:00:00,pullback,1,4432.942,4413.438,0.000,0.000,0.00,0.00,no_room
2026.03.24 11:05:00,pullback,-1,4414.442,4434.377,0.000,0.000,0.00,0.00,no_room
2026.03.24 12:35:00,pullback,-1,4390.523,4429.086,0.000,0.000,0.00,0.00,no_room
2026.03.24 13:30:00,pullback,-1,4361.994,4392.530,0.000,0.000,0.00,0.00,no_room
2026.03.24 14:05:00,pullback,1,4390.654,4349.826,0.000,0.000,0.00,0.00,no_room
2026.03.25 07:15:00,pullback,1,4556.783,4542.117,0.000,0.000,0.00,0.00,no_room
2026.03.25 08:00:00,pullback,-1,4542.897,4564.053,0.000,0.000,0.00,0.00,no_room
2026.03.25 08:30:00,pullback,1,4563.329,4534.780,0.000,0.000,0.00,0.00,no_room
2026.03.25 09:45:00,pullback,-1,4554.188,4568.381,0.000,0.000,0.00,0.00,no_room
2026.03.25 10:55:00,pullback,1,4561.054,4550.137,0.000,0.000,0.00,0.00,no_room
2026.03.25 12:20:00,pullback,-1,4572.287,4586.484,0.000,0.000,0.00,0.00,no_room
2026.03.25 13:55:00,pullback,-1,4551.395,4577.790,0.000,0.000,0.00,0.00,no_room
2026.03.26 08:25:00,pullback,-1,4438.803,4464.981,0.000,0.000,0.00,0.00,no_room
2026.03.26 10:25:00,pullback,1,4437.149,4415.860,0.000,0.000,0.00,0.00,no_room
2026.03.26 11:35:00,pullback,1,4448.115,4438.354,0.000,0.000,0.00,0.00,no_room
2026.03.26 11:50:00,pullback,-1,4439.324,4457.858,0.000,0.000,0.00,0.00,no_room
2026.03.26 13:00:00,pullback,-1,4431.819,4446.008,0.000,0.000,0.00,0.00,no_room
2026.03.26 13:25:00,pullback,1,4444.978,4419.164,0.000,0.000,0.00,0.00,no_room
2026.03.26 13:55:00,pullback,1,4453.913,4419.000,0.000,0.000,0.00,0.00,no_room
2026.03.26 14:35:00,pullback,1,4460.391,4427.679,0.000,0.000,0.00,0.00,no_room
2026.03.26 15:35:00,pullback,-1,4445.781,4480.965,0.000,0.000,0.00,0.00,no_room
2026.03.27 07:05:00,pullback,-1,4451.653,4469.478,0.000,0.000,0.00,0.00,no_room
2026.03.27 07:55:00,pullback,-1,4447.637,4469.353,0.000,0.000,0.00,0.00,no_room
2026.03.27 08:20:00,pullback,-1,4442.654,4469.255,0.000,0.000,0.00,0.00,no_room
2026.03.27 10:40:00,pullback,-1,4423.674,4433.527,0.000,0.000,0.00,0.00,no_room
2026.03.27 12:50:00,pullback,1,4434.403,4411.824,0.000,0.000,0.00,0.00,no_room
2026.03.27 14:05:00,pullback,1,4441.904,4412.170,0.000,0.000,0.00,0.00,no_room
2026.03.27 14:50:00,pullback,1,4470.085,4450.412,0.000,0.000,0.00,0.00,no_room
2026.03.30 07:05:00,pullback,-1,4525.972,4551.459,0.000,0.000,0.00,0.00,no_room
2026.03.30 07:30:00,pullback,-1,4523.593,4551.431,0.000,0.000,0.00,0.00,no_room
2026.03.30 08:10:00,pullback,1,4534.966,4514.946,0.000,0.000,0.00,0.00,no_room
2026.03.30 08:55:00,pullback,1,4538.273,4525.103,0.000,0.000,0.00,0.00,no_room
2026.03.30 11:05:00,pullback,-1,4527.517,4540.627,0.000,0.000,0.00,0.00,no_room
2026.03.30 11:20:00,pullback,1,4540.063,4524.771,0.000,0.000,0.00,0.00,no_room
2026.03.30 13:45:00,pullback,-1,4545.262,4579.512,0.000,0.000,0.00,0.00,no_room
2026.03.30 15:40:00,pullback,1,4543.485,4523.704,0.000,0.000,0.00,0.00,no_room
2026.03.31 07:15:00,pullback,-1,4554.266,4566.369,0.000,0.000,0.00,0.00,no_room
2026.03.31 08:00:00,pullback,1,4564.073,4542.532,0.000,0.000,0.00,0.00,no_room
2026.03.31 09:30:00,pullback,-1,4563.082,4575.608,0.000,0.000,0.00,0.00,no_room
2026.03.31 10:40:00,pullback,-1,4550.108,4562.458,0.000,0.000,0.00,0.00,no_room
2026.03.31 11:20:00,pullback,1,4561.793,4528.264,0.000,0.000,0.00,0.00,no_room
2026.03.31 13:05:00,pullback,-1,4571.493,0.000,0.000,0.000,0.00,0.00,against_bias
2026.03.31 13:50:00,pullback,1,4587.963,4567.357,0.000,0.000,0.00,0.00,no_room
2026.03.31 14:50:00,pullback,-1,4602.737,4631.524,0.000,0.000,0.00,0.00,no_room
2026.04.01 07:40:00,pullback,1,4733.170,4712.222,4775.066,4816.961,1.54,1.55,signal
2026.04.01 08:00:00,pullback,-1,4713.169,4748.594,0.000,0.000,0.00,0.00,no_room
2026.04.01 09:50:00,pullback,1,4723.994,4712.392,0.000,0.000,0.00,0.00,no_room
2026.04.01 10:30:00,pullback,1,4727.728,0.000,0.000,0.000,0.00,0.00,against_bias
2026.04.01 11:10:00,pullback,1,4738.795,4714.680,0.000,0.000,0.00,0.00,no_room
2026.04.01 13:00:00,pullback,-1,4724.707,4754.864,0.000,0.000,0.00,0.00,no_room
2026.04.01 14:50:00,pullback,1,4754.963,4729.252,0.000,0.000,0.00,0.00,no_room
2026.04.02 08:50:00,pullback,-1,4628.744,4652.168,0.000,0.000,0.00,0.00,no_room
2026.04.02 10:20:00,pullback,-1,4615.196,4632.949,0.000,0.000,0.00,0.00,no_room
2026.04.02 11:30:00,pullback,-1,4616.561,4632.375,0.000,0.000,0.00,0.00,no_room
2026.04.02 13:15:00,pullback,-1,4594.436,4627.821,0.000,0.000,0.00,0.00,no_room
2026.04.02 13:50:00,pullback,1,4626.572,4578.993,0.000,0.000,0.00,0.00,no_room
2026.04.06 07:20:00,pullback,-1,4651.606,4668.535,0.000,0.000,0.00,0.00,no_room
2026.04.06 07:50:00,pullback,1,4667.858,4644.233,0.000,0.000,0.00,0.00,no_room
2026.04.06 08:50:00,pullback,1,4695.807,4644.108,0.000,0.000,0.00,0.00,no_room
2026.04.06 09:55:00,pullback,-1,4697.069,4696.312,0.000,0.000,0.00,0.00,sl_on_wrong_side
2026.04.06 11:50:00,pullback,-1,4684.652,4697.480,0.000,0.000,0.00,0.00,no_room
2026.04.06 14:35:00,pullback,1,4690.928,4658.952,0.000,0.000,0.00,0.00,no_room
2026.04.07 08:15:00,pullback,1,4657.144,4638.111,0.000,0.000,0.00,0.00,no_room
2026.04.07 09:25:00,pullback,1,4690.803,4637.969,0.000,0.000,0.00,0.00,no_room
2026.04.07 10:50:00,pullback,-1,4662.070,4681.500,0.000,0.000,0.00,0.00,no_room
2026.04.07 12:25:00,pullback,1,4664.232,4627.761,0.000,0.000,0.00,0.00,no_room
2026.04.07 12:50:00,pullback,-1,4651.135,4671.644,0.000,0.000,0.00,0.00,no_room
2026.04.07 13:45:00,pullback,-1,4646.720,4671.776,0.000,0.000,0.00,0.00,no_room
2026.04.07 14:05:00,pullback,-1,4635.388,4664.321,0.000,0.000,0.00,0.00,no_room
2026.04.07 14:40:00,pullback,1,4653.985,4605.796,0.000,0.000,0.00,0.00,no_room
2026.04.08 08:35:00,pullback,-1,4807.859,4820.680,0.000,0.000,0.00,0.00,no_room
2026.04.08 09:45:00,pullback,-1,4790.155,4807.751,0.000,0.000,0.00,0.00,no_room
2026.04.08 10:45:00,pullback,1,4790.369,4770.082,0.000,0.000,0.00,0.00,no_room
2026.04.08 12:00:00,pullback,1,4797.066,4777.002,0.000,0.000,0.00,0.00,no_room
2026.04.08 12:25:00,pullback,-1,4777.764,4798.009,0.000,0.000,0.00,0.00,no_room
2026.04.08 14:30:00,pullback,-1,4767.760,4793.355,0.000,0.000,0.00,0.00,no_room
2026.04.09 07:10:00,pullback,1,4723.101,4702.610,0.000,0.000,0.00,0.00,no_room
2026.04.09 08:40:00,pullback,1,4726.158,4711.062,0.000,0.000,0.00,0.00,no_room
2026.04.09 10:25:00,pullback,1,4732.863,4723.215,0.000,0.000,0.00,0.00,no_room
2026.04.09 11:40:00,pullback,1,4746.665,4737.911,0.000,0.000,0.00,0.00,no_room
2026.04.09 12:30:00,pullback,-1,4738.365,4760.434,0.000,0.000,0.00,0.00,no_room
2026.04.09 13:10:00,pullback,1,4747.985,4734.180,0.000,0.000,0.00,0.00,no_room
2026.04.09 15:20:00,pullback,1,4777.255,4746.041,0.000,0.000,0.00,0.00,no_room
2026.04.10 08:50:00,pullback,-1,4742.226,4757.972,0.000,0.000,0.00,0.00,no_room
2026.04.10 09:20:00,pullback,1,4752.153,4729.923,0.000,0.000,0.00,0.00,no_room
2026.04.10 10:25:00,pullback,1,4753.584,4741.726,0.000,0.000,0.00,0.00,no_room
2026.04.10 11:25:00,pullback,1,4760.681,4741.867,0.000,0.000,0.00,0.00,no_room
2026.04.10 14:20:00,pullback,1,4780.361,4764.046,0.000,0.000,0.00,0.00,no_room
2026.04.10 15:40:00,pullback,-1,4769.492,4788.247,0.000,0.000,0.00,0.00,no_room
2026.04.13 07:05:00,pullback,1,4732.760,4720.223,0.000,0.000,0.00,0.00,no_room
2026.04.13 07:50:00,pullback,1,4738.719,4720.238,0.000,0.000,0.00,0.00,no_room
2026.04.13 08:45:00,pullback,-1,4729.979,4740.600,0.000,0.000,0.00,0.00,no_room
2026.04.13 09:10:00,pullback,-1,4720.019,4736.869,0.000,0.000,0.00,0.00,no_room
2026.04.13 10:50:00,pullback,1,4718.928,4707.649,0.000,0.000,0.00,0.00,no_room
2026.04.13 11:45:00,pullback,-1,4708.068,4729.588,0.000,0.000,0.00,0.00,no_room
2026.04.13 12:50:00,pullback,1,4720.221,4702.935,0.000,0.000,0.00,0.00,no_room
2026.04.13 13:50:00,pullback,1,4737.577,4702.926,0.000,0.000,0.00,0.00,no_room
2026.04.13 15:05:00,pullback,-1,4708.587,4724.295,0.000,0.000,0.00,0.00,no_room
2026.04.14 08:30:00,pullback,1,4782.579,4773.381,0.000,0.000,0.00,0.00,no_room
2026.04.14 09:30:00,pullback,-1,4780.404,4788.603,0.000,0.000,0.00,0.00,no_room
2026.04.14 10:40:00,pullback,-1,4771.366,4788.777,0.000,0.000,0.00,0.00,no_room
2026.04.14 12:15:00,pullback,-1,4770.270,4783.371,0.000,0.000,0.00,0.00,no_room
2026.04.14 13:05:00,pullback,1,4776.402,4761.536,0.000,0.000,0.00,0.00,no_room
2026.04.14 14:20:00,pullback,1,4803.445,4779.487,0.000,0.000,0.00,0.00,no_room
2026.04.14 15:10:00,pullback,-1,4795.223,4818.924,0.000,0.000,0.00,0.00,no_room
2026.04.14 15:35:00,pullback,1,4806.677,4790.180,0.000,0.000,0.00,0.00,no_room
2026.04.15 07:05:00,pullback,-1,4810.987,4822.559,0.000,0.000,0.00,0.00,no_room
2026.04.15 08:55:00,pullback,1,4814.007,4804.820,0.000,0.000,0.00,0.00,no_room
2026.04.15 09:15:00,pullback,-1,4805.287,4821.587,0.000,0.000,0.00,0.00,no_room
2026.04.15 10:55:00,pullback,1,4803.063,4789.476,0.000,0.000,0.00,0.00,no_room
2026.04.15 11:25:00,pullback,1,4805.185,4795.081,0.000,0.000,0.00,0.00,no_room
2026.04.15 13:25:00,pullback,1,4816.345,4807.709,0.000,0.000,0.00,0.00,no_room
2026.04.15 15:10:00,pullback,-1,4808.195,4831.292,0.000,0.000,0.00,0.00,no_room
2026.04.15 15:30:00,pullback,-1,4800.041,4831.341,0.000,0.000,0.00,0.00,no_room
2026.04.16 08:05:00,pullback,-1,4816.961,4830.695,0.000,0.000,0.00,0.00,no_room
2026.04.16 11:00:00,pullback,1,4815.390,4804.603,0.000,0.000,0.00,0.00,no_room
2026.04.16 12:00:00,pullback,1,4819.837,4815.065,0.000,0.000,0.00,0.00,no_room
2026.04.16 13:50:00,pullback,-1,4814.015,4823.764,0.000,0.000,0.00,0.00,no_room
2026.04.16 15:10:00,pullback,1,4805.229,4771.910,0.000,0.000,0.00,0.00,no_room
2026.04.17 07:30:00,pullback,1,4790.953,4778.689,0.000,0.000,0.00,0.00,no_room
2026.04.17 08:45:00,pullback,1,4790.899,4780.317,0.000,0.000,0.00,0.00,no_room
2026.04.17 09:50:00,pullback,-1,4792.099,4801.473,0.000,0.000,0.00,0.00,no_room
2026.04.17 10:40:00,pullback,-1,4787.072,4794.319,0.000,0.000,0.00,0.00,no_room
2026.04.17 11:25:00,pullback,1,4789.697,4781.757,0.000,0.000,0.00,0.00,no_room
2026.04.17 12:25:00,pullback,1,4811.696,4797.005,0.000,0.000,0.00,0.00,no_room
2026.04.17 15:45:00,pullback,-1,4862.914,4881.291,0.000,0.000,0.00,0.00,no_room
2026.04.20 10:20:00,pullback,1,4797.970,4782.782,0.000,0.000,0.00,0.00,no_room
2026.04.20 11:50:00,pullback,1,4801.067,4786.178,0.000,0.000,0.00,0.00,no_room
2026.04.20 13:30:00,pullback,1,4822.201,4798.993,0.000,0.000,0.00,0.00,no_room
2026.04.20 15:00:00,pullback,-1,4806.813,4828.471,0.000,0.000,0.00,0.00,no_room
2026.04.21 07:05:00,pullback,-1,4775.055,4784.060,0.000,0.000,0.00,0.00,no_room
2026.04.21 07:20:00,pullback,1,4783.455,4772.082,0.000,0.000,0.00,0.00,no_room
2026.04.21 07:50:00,pullback,1,4787.463,4772.156,0.000,0.000,0.00,0.00,no_room
2026.04.21 08:10:00,pullback,-1,4780.723,4793.149,0.000,0.000,0.00,0.00,no_room
2026.04.21 10:55:00,pullback,1,4789.746,4780.405,0.000,0.000,0.00,0.00,no_room
2026.04.21 11:10:00,pullback,-1,4780.739,4790.110,0.000,0.000,0.00,0.00,no_room
2026.04.21 11:45:00,pullback,1,4790.400,4778.634,0.000,0.000,0.00,0.00,no_room
2026.04.21 12:45:00,pullback,-1,4779.067,4798.789,0.000,0.000,0.00,0.00,no_room
2026.04.21 13:15:00,pullback,-1,4766.569,4791.286,0.000,0.000,0.00,0.00,no_room
2026.04.21 13:40:00,pullback,1,4783.831,4759.345,0.000,0.000,0.00,0.00,no_room
2026.04.21 14:25:00,pullback,-1,4773.150,4795.135,0.000,0.000,0.00,0.00,no_room
2026.04.22 07:05:00,pullback,1,4767.869,4762.946,0.000,0.000,0.00,0.00,no_room
2026.04.22 07:50:00,pullback,-1,4762.336,4772.718,0.000,0.000,0.00,0.00,no_room
2026.04.22 09:55:00,pullback,-1,4755.022,4762.291,0.000,0.000,0.00,0.00,no_room
2026.04.22 11:20:00,pullback,1,4759.402,4745.314,0.000,0.000,0.00,0.00,no_room
2026.04.22 12:45:00,pullback,-1,4746.971,4760.792,0.000,0.000,0.00,0.00,no_room
2026.04.22 13:45:00,pullback,1,4750.598,4735.623,0.000,0.000,0.00,0.00,no_room
2026.04.22 14:35:00,pullback,-1,4742.295,4761.578,0.000,0.000,0.00,0.00,no_room
2026.04.22 15:40:00,pullback,-1,4729.744,4740.893,0.000,0.000,0.00,0.00,no_room
2026.04.23 07:25:00,pullback,-1,4707.455,4721.735,0.000,0.000,0.00,0.00,no_room
2026.04.23 08:05:00,pullback,1,4721.201,4702.617,0.000,0.000,0.00,0.00,no_room
2026.04.23 09:05:00,pullback,-1,4703.214,4725.544,0.000,0.000,0.00,0.00,no_room
2026.04.23 10:10:00,pullback,-1,4694.749,4703.633,0.000,0.000,0.00,0.00,no_room
2026.04.23 11:20:00,pullback,1,4701.744,4683.608,0.000,0.000,0.00,0.00,no_room
2026.04.23 12:45:00,pullback,1,4738.911,4683.423,0.000,0.000,0.00,0.00,no_room
2026.04.23 14:00:00,pullback,-1,4724.612,4743.901,0.000,0.000,0.00,0.00,no_room
2026.04.23 15:20:00,pullback,1,4736.705,4716.249,0.000,0.000,0.00,0.00,no_room
2026.04.23 15:50:00,pullback,-1,4726.631,4741.626,0.000,0.000,0.00,0.00,no_room
2026.04.24 07:50:00,pullback,1,4688.160,4666.216,0.000,0.000,0.00,0.00,no_room
2026.04.24 09:30:00,pullback,-1,4685.261,4697.849,0.000,0.000,0.00,0.00,no_room
2026.04.24 10:35:00,pullback,-1,4679.210,4688.800,0.000,0.000,0.00,0.00,no_room
2026.04.24 11:05:00,pullback,1,4686.167,4674.186,0.000,0.000,0.00,0.00,no_room
2026.04.24 12:45:00,pullback,-1,4701.292,4712.312,0.000,0.000,0.00,0.00,no_room
2026.04.24 13:45:00,pullback,1,4705.604,4689.537,0.000,0.000,0.00,0.00,no_room
2026.04.24 14:10:00,pullback,1,4717.579,4688.595,0.000,0.000,0.00,0.00,no_room
2026.04.24 15:20:00,pullback,-1,4721.567,4733.632,0.000,0.000,0.00,0.00,no_room
2026.04.24 15:35:00,pullback,-1,4718.840,4733.542,0.000,0.000,0.00,0.00,no_room
2026.04.24 15:45:00,pullback,1,4726.409,4718.265,0.000,0.000,0.00,0.00,no_room
2026.04.27 07:05:00,pullback,1,4715.604,4708.654,0.000,0.000,0.00,0.00,no_room
2026.04.27 08:40:00,pullback,-1,4709.036,4718.593,0.000,0.000,0.00,0.00,no_room
2026.04.27 09:10:00,pullback,-1,4705.289,4714.952,0.000,0.000,0.00,0.00,no_room
2026.04.27 10:35:00,pullback,1,4706.750,4699.046,0.000,0.000,0.00,0.00,no_room
2026.04.27 12:15:00,pullback,1,4708.647,4699.540,0.000,0.000,0.00,0.00,no_room
2026.04.27 12:45:00,pullback,-1,4699.931,4713.022,0.000,0.000,0.00,0.00,no_room
2026.04.27 13:40:00,pullback,-1,4693.005,4703.882,0.000,0.000,0.00,0.00,no_room
2026.04.27 14:35:00,pullback,-1,4688.930,4697.210,0.000,0.000,0.00,0.00,no_room
2026.04.27 14:55:00,pullback,-1,4683.367,4697.424,0.000,0.000,0.00,0.00,no_room
2026.04.28 07:05:00,pullback,1,4634.840,4622.416,0.000,0.000,0.00,0.00,no_room
2026.04.28 08:05:00,pullback,-1,4623.172,4636.017,0.000,0.000,0.00,0.00,no_room
2026.04.28 09:35:00,pullback,-1,4614.607,4635.898,4572.025,4529.444,1.50,1.51,signal
2026.04.29 14:20:00,pullback,1,4529.988,4509.219,0.000,0.000,0.00,0.00,no_room
2026.04.29 15:40:00,pullback,1,4546.910,4535.589,0.000,0.000,0.00,0.00,no_room
