time_server,strategy,side,entry,sl,tp1,tp2,lots_tp1,lots_tp2,outcome
2025.06.02 09:10:00,pullback,-1,3350.008,0.000,0.000,0.000,0.00,0.00,against_bias
2025.06.02 10:45:00,pullback,-1,3345.531,0.000,0.000,0.000,0.00,0.00,against_bias
2025.06.02 11:25:00,pullback,1,3351.442,3345.827,0.000,0.000,0.00,0.00,no_room
2025.06.02 12:25:00,pullback,1,3360.152,3352.753,0.000,0.000,0.00,0.00,no_room
2025.06.02 13:45:00,pullback,1,3363.587,3352.708,0.000,0.000,0.00,0.00,no_room
2025.06.03 08:05:00,pullback,1,3360.388,0.000,0.000,0.000,0.00,0.00,against_bias
2025.06.03 11:35:00,pullback,1,3358.705,0.000,0.000,0.000,0.00,0.00,against_bias
2025.06.03 12:15:00,pullback,-1,3353.305,3360.764,0.000,0.000,0.00,0.00,no_room
2025.06.03 12:45:00,pullback,1,3360.518,0.000,0.000,0.000,0.00,0.00,against_bias
2025.06.03 13:35:00,pullback,-1,3357.073,3363.465,0.000,0.000,0.00,0.00,no_room
2025.06.03 15:40:00,pullback,1,3350.170,0.000,0.000,0.000,0.00,0.00,against_bias
2025.06.04 07:35:00,pullback,1,3362.948,3354.253,0.000,0.000,0.00,0.00,no_room
2025.06.04 07:55:00,pullback,-1,3358.498,0.000,0.000,0.000,0.00,0.00,against_bias
2025.06.04 09:50:00,pullback,-1,3360.802,0.000,0.000,0.000,0.00,0.00,against_bias
2025.06.04 10:25:00,pullback,-1,3359.315,0.000,0.000,0.000,0.00,0.00,against_bias
2025.06.04 11:30:00,pullback,-1,3347.341,3364.854,0.000,0.000,0.00,0.00,no_room
2025.06.04 12:20:00,pullback,1,3350.606,0.000,0.000,0.000,0.00,0.00,against_bias
2025.06.04 14:10:00,pullback,1,3362.827,0.000,0.000,0.000,0.00,0.00,against_bias
2025.06.04 15:40:00,pullback,-1,3370.358,0.000,0.000,0.000,0.00,0.00,against_bias
2025.06.05 07:10:00,pullback,1,3370.086,0.000,0.000,0.000,0.00,0.00,against_bias
2025.06.05 08:40:00,pullback,1,3373.431,0.000,0.000,0.000,0.00,0.00,against_bias
2025.06.05 10:05:00,pullback,1,3390.018,3373.653,0.000,0.000,0.00,0.00,no_room
2025.06.05 10:30:00,pullback,1,3394.146,3373.629,0.000,0.000,0.00,0.00,no_room
2025.06.05 12:50:00,pullback,-1,3389.531,0.000,0.000,0.000,0.00,0.00,against_bias
2025.06.05 14:05:00,pullback,-1,3377.519,0.000,0.000,0.000,0.00,0.00,against_bias
2025.06.05 14:50:00,pullback,-1,3367.553,0.000,0.000,0.000,0.00,0.00,against_bias
2025.06.05 15:30:00,pullback,-1,3363.859,0.000,0.000,0.000,0.00,0.00,against_bias
2025.06.06 07:50:00,pullback,-1,3356.668,3362.682,0.000,0.000,0.00,0.00,no_room
2025.06.06 08:30:00,pullback,1,3362.270,0.000,0.000,0.000,0.00,0.00,against_bias
2025.06.06 09:25:00,pullback,-1,3358.375,3368.059,0.000,0.000,0.00,0.00,no_room
2025.06.06 11:00:00,pullback,1,3360.307,0.000,0.000,0.000,0.00,0.00,against_bias
2025.06.06 12:40:00,pullback,-1,3355.903,3364.770,0.000,0.000,0.00,0.00,no_room
2025.06.06 14:00:00,pullback,-1,3346.611,3356.008,0.000,0.000,0.00,0.00,no_room
2025.06.06 15:40:00,pullback,1,3334.272,0.000,0.000,0.000,0.00,0.00,against_bias
2025.06.09 09:00:00,pullback,-1,3321.731,0.000,0.000,0.000,0.00,0.00,against_bias
2025.06.09 09:25:00,pullback,-1,3319.489,0.000,0.000,0.000,0.00,0.00,against_bias
2025.06.09 10:25:00,pullback,-1,3316.830,0.000,0.000,0.000,0.00,0.00,against_bias
2025.06.09 12:35:00,pullback,1,3321.310,3313.280,0.000,0.000,0.00,0.00,no_room
2025.06.09 13:25:00,pullback,-1,3312.953,0.000,0.000,0.000,0.00,0.00,against_bias
2025.06.09 14:10:00,pullback,1,3322.432,3310.311,0.000,0.000,0.00,0.00,no_room
2025.06.09 15:25:00,pullback,1,3326.839,3315.830,0.000,0.000,0.00,0.00,no_room
2025.06.10 07:25:00,pullback,-1,3325.349,0.000,0.000,0.000,0.00,0.00,against_bias
2025.06.10 07:35:00,pullback,1,3329.571,3325.019,0.000,0.000,0.00,0.00,no_room
2025.06.10 08:20:00,pullback,1,3332.201,3323.692,0.000,0.000,0.00,0.00,no_room
2025.06.10 10:25:00,pullback,1,3331.863,3326.952,0.000,0.000,0.00,0.00,no_room
2025.06.10 11:10:00,pullback,1,3335.397,3332.610,0.000,0.000,0.00,0.00,sl_too_tight
2025.06.10 12:05:00,pullback,-1,3332.822,0.000,0.000,0.000,0.00,0.00,against_bias
2025.06.10 13:20:00,pullback,1,3340.279,3335.219,0.000,0.000,0.00,0.00,no_room
2025.06.10 14:10:00,pullback,-1,3335.525,0.000,0.000,0.000,0.00,0.00,against_bias
2025.06.11 07:25:00,pullback,1,3339.168,3332.233,0.000,0.000,0.00,0.00,no_room
2025.06.11 09:05:00,pullback,-1,3342.535,0.000,0.000,0.000,0.00,0.00,against_bias
2025.06.11 09:55:00,pullback,-1,3333.981,0.000,0.000,0.000,0.00,0.00,against_bias
2025.06.11 10:45:00,pullback,-1,3331.238,3337.065,0.000,0.000,0.00,0.00,no_room
2025.06.11 11:00:00,pullback,-1,3330.492,3337.059,0.000,0.000,0.00,0.00,no_room
2025.06.11 12:20:00,pullback,1,3336.798,0.000,0.000,0.000,0.00,0.00,against_bias
2025.06.11 14:00:00,pullback,-1,3331.731,0.000,0.000,0.000,0.00,0.00,against_bias
2025.06.11 14:45:00,pullback,1,3335.590,3327.451,0.000,0.000,0.00,0.00,no_room
2025.06.11 15:20:00,pullback,1,3341.280,3327.548,0.000,0.000,0.00,0.00,no_room
2025.06.11 15:45:00,pullback,-1,3336.550,0.000,0.000,0.000,0.00,0.00,against_bias
2025.06.12 07:35:00,pullback,-1,3365.254,0.000,0.000,0.000,0.00,0.00,against_bias
2025.06.12 09:15:00,pullback,1,3361.157,0.000,0.000,0.000,0.00,0.00,against_bias
2025.06.12 09:50:00,pullback,1,3363.853,0.000,0.000,0.000,0.00,0.00,against_bias
2025.06.12 10:20:00,pullback,1,3367.962,0.000,0.000,0.000,0.00,0.00,against_bias
2025.06.12 11:05:00,pullback,1,3385.913,3362.119,0.000,0.000,0.00,0.00,no_room
2025.06.12 11:30:00,pullback,-1,3381.300,0.000,0.000,0.000,0.00,0.00,against_bias
2025.06.12 12:40:00,pullback,1,3384.553,3372.718,0.000,0.000,0.00,0.00,no_room
2025.06.12 13:05:00,pullback,1,3390.391,3372.742,0.000,0.000,0.00,0.00,no_room
2025.06.12 13:45:00,pullback,1,3393.823,3378.841,0.000,0.000,0.00,0.00,no_room
2025.06.12 15:00:00,pullback,-1,3384.453,0.000,0.000,0.000,0.00,0.00,against_bias
2025.06.13 08:10:00,pullback,1,3419.000,3407.490,0.000,0.000,0.00,0.00,no_room
2025.06.13 10:15:00,pullback,-1,3420.025,0.000,0.000,0.000,0.00,0.00,against_bias
2025.06.13 12:10:00,pullback,1,3424.147,3411.292,0.000,0.000,0.00,0.00,no_room
2025.06.13 12:30:00,pullback,1,3427.078,3411.289,0.000,0.000,0.00,0.00,no_room
2025.06.13 13:55:00,pullback,-1,3435.449,0.000,0.000,0.000,0.00,0.00,against_bias
2025.06.13 15:15:00,pullback,-1,3424.777,0.000,0.000,0.000,0.00,0.00,against_bias
2025.06.16 07:15:00,pullback,-1,3412.999,3420.362,0.000,0.000,0.00,0.00,no_room
2025.06.16 09:30:00,pullback,1,3418.566,0.000,0.000,0.000,0.00,0.00,against_bias
2025.06.16 09:55:00,pullback,-1,3413.009,3419.765,0.000,0.000,0.00,0.00,no_room
2025.06.16 10:35:00,pullback,1,3415.881,0.000,0.000,0.000,0.00,0.00,against_bias
2025.06.16 11:35:00,pullback,-1,3418.158,3416.122,0.000,0.000,0.00,0.00,sl_on_wrong_side
2025.06.16 13:55:00,pullback,-1,3405.914,3418.014,3386.979,3368.045,2.06,2.07,signal
2025.06.16 14:00:00,pullback,-1,3405.914,0.000,3386.979,0.000,0.00,0.00,missed_move
2025.06.16 15:30:00,pullback,1,3403.536,0.000,0.000,0.000,0.00,0.00,against_bias
2025.06.17 08:45:00,pullback,-1,3384.329,3387.727,0.000,0.000,0.00,0.00,no_room
2025.06.17 10:00:00,pullback,1,3384.772,0.000,0.000,0.000,0.00,0.00,against_bias
2025.06.17 11:05:00,pullback,1,3398.711,3378.765,0.000,0.000,0.00,0.00,no_room
2025.06.17 13:15:00,pullback,1,3391.590,3383.312,0.000,0.000,0.00,0.00,no_room
2025.06.17 14:35:00,pullback,-1,3383.716,0.000,0.000,0.000,0.00,0.00,against_bias
2025.06.18 07:30:00,pullback,-1,3379.400,0.000,0.000,0.000,0.00,0.00,against_bias
2025.06.18 08:00:00,pullback,1,3385.509,3376.762,0.000,0.000,0.00,0.00,no_room
2025.06.18 09:20:00,pullback,-1,3382.560,0.000,0.000,0.000,0.00,0.00,against_bias
2025.06.18 11:20:00,pullback,1,3382.389,0.000,0.000,0.000,0.00,0.00,against_bias
2025.06.18 12:25:00,pullback,1,3387.026,0.000,0.000,0.000,0.00,0.00,against_bias
2025.06.18 13:10:00,pullback,1,3389.918,3384.517,0.000,0.000,0.00,0.00,no_room
2025.06.18 14:20:00,pullback,-1,3384.801,0.000,0.000,0.000,0.00,0.00,against_bias
2025.06.18 15:50:00,pullback,1,3389.040,3380.884,0.000,0.000,0.00,0.00,no_room
2025.06.19 07:40:00,pullback,1,3358.724,0.000,0.000,0.000,0.00,0.00,against_bias
2025.06.19 08:45:00,pullback,1,3369.182,0.000,0.000,0.000,0.00,0.00,against_bias
2025.06.19 09:25:00,pullback,1,3371.651,0.000,0.000,0.000,0.00,0.00,against_bias
2025.06.19 10:20:00,pullback,1,3373.447,0.000,0.000,0.000,0.00,0.00,against_bias
2025.06.19 11:55:00,pullback,-1,3371.821,0.000,0.000,0.000,0.00,0.00,against_bias
2025.06.19 13:30:00,pullback,-1,3363.784,0.000,0.000,0.000,0.00,0.00,against_bias
2025.06.19 13:55:00,pullback,1,3371.359,3361.162,0.000,0.000,0.00,0.00,no_room
2025.06.19 15:10:00,pullback,1,3366.770,3361.296,0.000,0.000,0.00,0.00,no_room
2025.06.20 07:10:00,pullback,1,3348.714,0.000,0.000,0.000,0.00,0.00,against_bias
2025.06.20 09:10:00,pullback,1,3352.517,0.000,0.000,0.000,0.00,0.00,against_bias
2025.06.20 11:05:00,pullback,-1,3355.110,0.000,0.000,0.000,0.00,0.00,against_bias
2025.06.20 13:15:00,pullback,1,3350.723,3341.526,0.000,0.000,0.00,0.00,no_room
2025.06.23 07:15:00,pullback,-1,3352.644,3358.973,0.000,0.000,0.00,0.00,no_room
2025.06.23 08:05:00,pullback,1,3358.680,0.000,0.000,0.000,0.00,0.00,against_bias
2025.06.23 09:05:00,pullback,1,3362.382,0.000,0.000,0.000,0.00,0.00,against_bias
2025.06.23 11:05:00,pullback,1,3368.046,3364.533,0.000,0.000,0.00,0.00,no_room
2025.06.23 12:20:00,pullback,-1,3364.725,0.000,0.000,0.000,0.00,0.00,against_bias
2025.06.23 13:45:00,pullback,1,3381.353,3355.517,0.000,0.000,0.00,0.00,no_room
2025.06.23 15:25:00,pullback,1,3387.768,3369.508,0.000,0.000,0.00,0.00,no_room
2025.06.24 07:35:00,pullback,1,3326.073,0.000,0.000,0.000,0.00,0.00,against_bias
2025.06.24 08:00:00,pullback,1,3328.994,0.000,0.000,0.000,0.00,0.00,against_bias
2025.06.24 09:05:00,pullback,-1,3324.880,3328.808,0.000,0.000,0.00,0.00,no_room
2025.06.24 09:55:00,pullback,-1,3319.139,3329.041,0.000,0.000,0.00,0.00,no_room
2025.06.24 10:15:00,pullback,1,3323.312,0.000,0.000,0.000,0.00,0.00,against_bias
2025.06.24 12:15:00,pullback,-1,3317.829,3329.289,0.000,0.000,0.00,0.00,no_room
2025.06.24 13:30:00,pullback,-1,3311.426,3329.452,0.000,0.000,0.00,0.00,no_room
2025.06.24 15:05:00,pullback,-1,3301.852,3309.520,0.000,0.000,0.00,0.00,no_room
2025.06.24 15:30:00,pullback,1,3309.079,0.000,0.000,0.000,0.00,0.00,against_bias
2025.06.25 07:15:00,pullback,-1,3329.015,0.000,0.000,0.000,0.00,0.00,against_bias
2025.06.25 07:30:00,pullback,1,3333.966,3328.783,0.000,0.000,0.00,0.00,no_room
2025.06.25 09:10:00,pullback,-1,3326.525,0.000,0.000,0.000,0.00,0.00,against_bias
2025.06.25 10:00:00,pullback,1,3325.056,0.000,0.000,0.000,0.00,0.00,against_bias
2025.06.25 11:15:00,pullback,1,3328.108,0.000,0.000,0.000,0.00,0.00,against_bias
2025.06.25 11:50:00,pullback,-1,3323.967,3329.775,0.000,0.000,0.00,0.00,no_room
2025.06.25 12:45:00,pullback,-1,3321.626,3329.777,0.000,0.000,0.00,0.00,no_room
2025.06.25 13:35:00,pullback,-1,3313.817,3329.823,0.000,0.000,0.00,0.00,no_room
2025.06.25 14:10:00,pullback,1,3318.991,0.000,0.000,0.000,0.00,0.00,against_bias
2025.06.25 15:45:00,pullback,1,3325.894,0.000,0.000,0.000,0.00,0.00,against_bias
2025.06.26 08:50:00,pullback,1,3347.468,3344.853,0.000,0.000,0.00,0.00,sl_too_tight
2025.06.26 09:10:00,pullback,-1,3345.029,0.000,0.000,0.000,0.00,0.00,against_bias
2025.06.26 10:55:00,pullback,1,3341.118,3337.655,0.000,0.000,0.00,0.00,no_room
2025.06.26 11:35:00,pullback,-1,3337.838,0.000,0.000,0.000,0.00,0.00,against_bias
2025.06.26 12:50:00,pullback,-1,3331.469,0.000,0.000,0.000,0.00,0.00,against_bias
2025.06.26 13:35:00,pullback,-1,3316.186,3344.683,0.000,0.000,0.00,0.00,no_room
2025.06.26 13:50:00,pullback,1,3325.505,0.000,0.000,0.000,0.00,0.00,against_bias
2025.06.26 14:25:00,pullback,-1,3317.081,3329.288,0.000,0.000,0.00,0.00,no_room
2025.06.26 15:55:00,pullback,1,3323.786,0.000,0.000,0.000,0.00,0.00,against_bias
2025.06.27 07:20:00,pullback,-1,3286.871,3296.268,0.000,0.000,0.00,0.00,no_room
2025.06.27 08:50:00,pullback,1,3287.970,0.000,0.000,0.000,0.00,0.00,against_bias
2025.06.27 10:00:00,pullback,-1,3284.170,3289.822,0.000,0.000,0.00,0.00,no_room
2025.06.27 10:20:00,pullback,1,3289.554,0.000,0.000,0.000,0.00,0.00,against_bias
2025.06.27 10:55:00,pullback,-1,3282.072,3291.242,0.000,0.000,0.00,0.00,no_room
2025.06.27 11:55:00,pullback,-1,3279.692,3288.256,0.000,0.000,0.00,0.00,no_room
2025.06.27 12:45:00,pullback,-1,3272.344,3281.789,0.000,0.000,0.00,0.00,no_room
2025.06.27 15:45:00,pullback,1,3275.489,0.000,0.000,0.000,0.00,0.00,against_bias
2025.06.30 07:25:00,pullback,1,3295.551,3290.750,0.000,0.000,0.00,0.00,no_room
2025.06.30 08:00:00,pullback,-1,3293.224,0.000,0.000,0.000,0.00,0.00,against_bias
2025.06.30 08:40:00,pullback,-1,3290.726,0.000,0.000,0.000,0.00,0.00,against_bias
2025.06.30 09:35:00,pullback,-1,3281.303,0.000,0.000,0.000,0.00,0.00,against_bias
2025.06.30 09:50:00,pullback,1,3286.927,3277.122,0.000,0.000,0.00,0.00,no_room
2025.06.30 11:25:00,pullback,-1,3277.453,0.000,0.000,0.000,0.00,0.00,against_bias
2025.06.30 15:15:00,pullback,-1,3285.050,3289.900,0.000,0.000,0.00,0.00,no_room
2025.07.01 07:15:00,pullback,1,3334.567,3324.778,0.000,0.000,0.00,0.00,no_room
2025.07.01 08:05:00,pullback,1,3339.931,3333.257,0.000,0.000,0.00,0.00,no_room
2025.07.01 09:25:00,pullback,1,3342.422,3337.234,0.000,0.000,0.00,0.00,no_room
2025.07.01 10:55:00,pullback,1,3348.656,3344.147,0.000,0.000,0.00,0.00,no_room
2025.07.01 12:20:00,pullback,1,3350.773,3346.759,0.000,0.000,0.00,0.00,no_room
2025.07.01 13:10:00,pullback,-1,3350.006,0.000,0.000,0.000,0.00,0.00,against_bias
2025.07.01 14:45:00,pullback,-1,3347.454,0.000,0.000,0.000,0.00,0.00,against_bias
2025.07.01 15:55:00,pullback,-1,3338.829,0.000,0.000,0.000,0.00,0.00,against_bias
2025.07.02 08:20:00,pullback,1,3336.836,3327.325,0.000,0.000,0.00,0.00,no_room
2025.07.02 09:25:00,pullback,1,3338.054,3332.650,0.000,0.000,0.00,0.00,no_room
2025.07.02 10:05:00,pullback,1,3341.719,3332.652,0.000,0.000,0.00,0.00,no_room
2025.07.02 10:40:00,pullback,1,3344.626,3340.387,0.000,0.000,0.00,0.00,no_room
2025.07.02 11:20:00,pullback,-1,3343.129,0.000,0.000,0.000,0.00,0.00,against_bias
2025.07.02 11:50:00,pullback,-1,3341.509,0.000,0.000,0.000,0.00,0.00,against_bias
2025.07.02 12:15:00,pullback,-1,3339.708,0.000,0.000,0.000,0.00,0.00,against_bias
2025.07.02 12:25:00,pullback,1,3347.752,3339.412,0.000,0.000,0.00,0.00,no_room
2025.07.02 13:50:00,pullback,-1,3337.733,0.000,0.000,0.000,0.00,0.00,against_bias
2025.07.03 07:30:00,pullback,-1,3356.482,0.000,0.000,0.000,0.00,0.00,against_bias
2025.07.03 07:50:00,pullback,-1,3354.232,0.000,0.000,0.000,0.00,0.00,against_bias
2025.07.03 09:30:00,pullback,-1,3351.678,0.000,0.000,0.000,0.00,0.00,against_bias
2025.07.03 12:35:00,pullback,-1,3342.952,3355.759,0.000,0.000,0.00,0.00,no_room
2025.07.03 14:25:00,pullback,-1,3326.350,3338.995,0.000,0.000,0.00,0.00,no_room
2025.07.04 07:15:00,pullback,-1,3341.933,0.000,0.000,0.000,0.00,0.00,against_bias
2025.07.04 08:05:00,pullback,1,3343.782,0.000,0.000,0.000,0.00,0.00,against_bias
2025.07.04 09:10:00,pullback,-1,3340.849,3344.123,0.000,0.000,0.00,0.00,no_room
2025.07.04 10:50:00,pullback,1,3336.308,0.000,0.000,0.000,0.00,0.00,against_bias
2025.07.04 12:00:00,pullback,-1,3335.111,3337.990,0.000,0.000,0.00,0.00,sl_too_tight
2025.07.04 12:40:00,pullback,-1,3333.797,3338.009,0.000,0.000,0.00,0.00,no_room
2025.07.04 13:45:00,pullback,1,3335.675,0.000,0.000,0.000,0.00,0.00,against_bias
2025.07.07 07:05:00,pullback,-1,3308.292,3312.778,0.000,0.000,0.00,0.00,no_room
2025.07.07 07:50:00,pullback,-1,3305.816,3313.520,0.000,0.000,0.00,0.00,no_room
2025.07.07 09:30:00,pullback,-1,3308.391,3312.139,0.000,0.000,0.00,0.00,no_room
2025.07.07 10:40:00,pullback,-1,3306.103,3310.964,0.000,0.000,0.00,0.00,no_room
2025.07.07 12:40:00,pullback,1,3305.856,0.000,0.000,0.000,0.00,0.00,against_bias
2025.07.07 13:55:00,pullback,1,3312.527,0.000,0.000,0.000,0.00,0.00,against_bias
2025.07.07 14:45:00,pullback,1,3319.109,3313.901,0.000,0.000,0.00,0.00,no_room
2025.07.08 07:00:00,pullback,1,3335.059,0.000,0.000,0.000,0.00,0.00,against_bias
2025.07.08 07:35:00,pullback,-1,3332.590,0.000,0.000,0.000,0.00,0.00,against_bias
2025.07.08 08:10:00,pullback,-1,3330.509,0.000,0.000,0.000,0.00,0.00,against_bias
2025.07.08 08:50:00,pullback,-1,3324.517,3329.896,0.000,0.000,0.00,0.00,no_room
2025.07.08 10:45:00,pullback,1,3324.947,0.000,0.000,0.000,0.00,0.00,against_bias
2025.07.08 11:40:00,pullback,-1,3323.395,3327.696,0.000,0.000,0.00,0.00,no_room
2025.07.08 12:10:00,pullback,1,3327.484,0.000,0.000,0.000,0.00,0.00,against_bias
2025.07.08 13:10:00,pullback,-1,3325.265,3330.104,0.000,0.000,0.00,0.00,no_room
2025.07.08 13:50:00,pullback,-1,3318.954,3327.275,0.000,0.000,0.00,0.00,no_room
2025.07.09 07:55:00,pullback,1,3294.140,0.000,0.000,0.000,0.00,0.00,against_bias
2025.07.09 08:20:00,pullback,-1,3288.207,3296.317,0.000,0.000,0.00,0.00,no_room
2025.07.09 09:20:00,pullback,1,3289.553,0.000,0.000,0.000,0.00,0.00,against_bias
2025.07.09 10:05:00,pullback,1,3290.425,0.000,0.000,0.000,0.00,0.00,against_bias
2025.07.09 10:35:00,pullback,1,3292.164,0.000,0.000,0.000,0.00,0.00,against_bias
2025.07.09 11:30:00,pullback,-1,3288.197,3296.196,0.000,0.000,0.00,0.00,no_room
2025.07.09 12:55:00,pullback,1,3295.989,0.000,0.000,0.000,0.00,0.00,against_bias
2025.07.09 13:55:00,pullback,1,3299.543,3282.810,0.000,0.000,0.00,0.00,no_room
2025.07.09 15:55:00,pullback,1,3310.122,3291.593,0.000,0.000,0.00,0.00,no_room
2025.07.10 07:45:00,pullback,-1,3323.566,0.000,0.000,0.000,0.00,0.00,against_bias
2025.07.10 08:35:00,pullback,1,3322.380,3319.686,0.000,0.000,0.00,0.00,sl_too_tight
2025.07.10 10:25:00,pullback,-1,3323.203,0.000,0.000,0.000,0.00,0.00,against_bias
2025.07.10 10:55:00,pullback,1,3326.818,3322.042,0.000,0.000,0.00,0.00,no_room
2025.07.10 11:55:00,pullback,-1,3322.228,0.000,0.000,0.000,0.00,0.00,against_bias
2025.07.10 13:55:00,pullback,-1,3317.966,3329.855,0.000,0.000,0.00,0.00,no_room
2025.07.10 15:25:00,pullback,1,3318.782,0.000,0.000,0.000,0.00,0.00,against_bias
2025.07.11 07:10:00,pullback,-1,3332.306,0.000,0.000,0.000,0.00,0.00,against_bias
2025.07.11 10:05:00,pullback,1,3340.155,3333.277,0.000,0.000,0.00,0.00,no_room
2025.07.11 11:45:00,pullback,1,3348.420,3341.793,0.000,0.000,0.00,0.00,no_room
2025.07.11 12:35:00,pullback,1,3350.288,3344.065,0.000,0.000,0.00,0.00,no_room
2025.07.11 14:45:00,pullback,1,3359.260,3349.798,0.000,0.000,0.00,0.00,no_room
2025.07.14 08:30:00,pullback,-1,3369.350,0.000,0.000,0.000,0.00,0.00,against_bias
2025.07.14 09:05:00,pullback,-1,3365.299,0.000,0.000,0.000,0.00,0.00,against_bias
2025.07.14 10:00:00,pullback,1,3369.048,3363.855,0.000,0.000,0.00,0.00,no_room
2025.07.14 11:30:00,pullback,-1,3369.760,0.000,0.000,0.000,0.00,0.00,against_bias
2025.07.14 14:40:00,pullback,-1,3347.139,3359.418,0.000,0.000,0.00,0.00,no_room
2025.07.15 07:00:00,pullback,-1,3358.319,0.000,0.000,0.000,0.00,0.00,against_bias
2025.07.15 07:45:00,pullback,1,3362.843,3357.274,0.000,0.000,0.00,0.00,no_room
2025.07.15 09:20:00,pullback,-1,3360.445,0.000,0.000,0.000,0.00,0.00,against_bias
2025.07.15 10:05:00,pullback,1,3364.683,3358.372,0.000,0.000,0.00,0.00,no_room
2025.07.15 11:30:00,pullback,-1,3358.623,0.000,0.000,0.000,0.00,0.00,against_bias
2025.07.15 13:20:00,pullback,-1,3346.428,3355.396,0.000,0.000,0.00,0.00,no_room
2025.07.15 15:20:00,pullback,-1,3345.473,3352.465,0.000,0.000,0.00,0.00,no_room
2025.07.16 07:45:00,pullback,-1,3336.975,0.000,0.000,0.000,0.00,0.00,against_bias
2025.07.16 08:05:00,pullback,1,3340.177,3335.749,0.000,0.000,0.00,0.00,no_room
2025.07.16 10:10:00,pullback,-1,3338.973,0.000,0.000,0.000,0.00,0.00,against_bias
2025.07.16 11:00:00,pullback,-1,3337.016,3339.530,0.000,0.000,0.00,0.00,sl_too_tight
2025.07.16 11:45:00,pullback,1,3337.394,0.000,0.000,0.000,0.00,0.00,against_bias
2025.07.16 12:50:00,pullback,-1,3333.720,3338.891,0.000,0.000,0.00,0.00,no_room
2025.07.16 13:20:00,pullback,1,3338.581,0.000,0.000,0.000,0.00,0.00,against_bias
2025.07.16 13:35:00,pullback,-1,3331.002,3339.799,0.000,0.000,0.00,0.00,no_room
2025.07.16 14:35:00,pullback,-1,3321.938,3339.862,0.000,0.000,0.00,0.00,no_room
2025.07.16 14:55:00,pullback,1,3329.308,0.000,0.000,0.000,0.00,0.00,against_bias
2025.07.17 07:45:00,pullback,-1,3327.903,3336.735,0.000,0.000,0.00,0.00,no_room
2025.07.17 08:25:00,pullback,1,3329.970,0.000,0.000,0.000,0.00,0.00,against_bias
2025.07.17 09:25:00,pullback,1,3332.032,0.000,0.000,0.000,0.00,0.00,against_bias
2025.07.17 09:50:00,pullback,-1,3327.488,3332.711,0.000,0.000,0.00,0.00,no_room
2025.07.17 12:10:00,pullback,-1,3322.955,3331.334,0.000,0.000,0.00,0.00,no_room
2025.07.17 12:35:00,pullback,-1,3322.110,3331.433,0.000,0.000,0.00,0.00,no_room
2025.07.17 14:10:00,pullback,1,3320.588,0.000,0.000,0.000,0.00,0.00,against_bias
2025.07.17 15:30:00,pullback,1,3336.102,3313.371,0.000,0.000,0.00,0.00,no_room
2025.07.18 09:10:00,pullback,1,3349.875,3346.046,0.000,0.000,0.00,0.00,no_room
2025.07.18 11:15:00,pullback,1,3352.772,3349.636,0.000,0.000,0.00,0.00,no_room
2025.07.18 13:35:00,pullback,-1,3356.557,0.000,0.000,0.000,0.00,0.00,against_bias
2025.07.21 07:25:00,pullback,-1,3365.377,0.000,0.000,0.000,0.00,0.00,against_bias
2025.07.21 07:55:00,pullback,-1,3364.675,0.000,0.000,0.000,0.00,0.00,against_bias
2025.07.21 09:35:00,pullback,-1,3364.326,0.000,0.000,0.000,0.00,0.00,against_bias
2025.07.21 10:05:00,pullback,1,3366.413,3362.566,0.000,0.000,0.00,0.00,no_room
2025.07.21 11:15:00,pullback,1,3368.040,3362.658,0.000,0.000,0.00,0.00,no_room
2025.07.21 13:50:00,pullback,1,3389.712,3383.370,0.000,0.000,0.00,0.00,no_room
2025.07.21 14:25:00,pullback,1,3395.321,3385.811,0.000,0.000,0.00,0.00,no_room
2025.07.21 15:15:00,pullback,-1,3397.270,0.000,0.000,0.000,0.00,0.00,against_bias
2025.07.22 07:30:00,pullback,-1,3384.359,3385.972,0.000,0.000,0.00,0.00,sl_too_tight
2025.07.22 07:40:00,pullback,1,3385.834,0.000,0.000,0.000,0.00,0.00,against_bias
2025.07.22 10:10:00,pullback,1,3386.905,0.000,0.000,0.000,0.00,0.00,against_bias
2025.07.22 11:45:00,pullback,1,3388.863,0.000,0.000,0.000,0.00,0.00,against_bias
2025.07.22 14:30:00,pullback,1,3420.208,3404.617,0.000,0.000,0.00,0.00,no_room
2025.07.22 15:05:00,pullback,1,3427.711,3404.581,0.000,0.000,0.00,0.00,no_room
2025.07.23 07:50:00,pullback,-1,3422.864,3429.927,0.000,0.000,0.00,0.00,no_room
2025.07.23 09:00:00,pullback,1,3428.342,0.000,0.000,0.000,0.00,0.00,against_bias
2025.07.23 10:05:00,pullback,-1,3430.115,0.000,0.000,0.000,0.00,0.00,against_bias
2025.07.23 12:55:00,pullback,-1,3422.931,0.000,0.000,0.000,0.00,0.00,against_bias
2025.07.23 15:05:00,pullback,-1,3410.613,3417.028,0.000,0.000,0.00,0.00,no_room
2025.07.23 15:50:00,pullback,-1,3410.313,3416.130,0.000,0.000,0.00,0.00,no_room
2025.07.24 07:50:00,pullback,-1,3373.088,3377.884,0.000,0.000,0.00,0.00,no_room
2025.07.24 09:20:00,pullback,-1,3365.820,3374.962,0.000,0.000,0.00,0.00,no_room
2025.07.24 10:30:00,pullback,1,3364.452,0.000,0.000,0.000,0.00,0.00,against_bias
2025.07.24 10:50:00,pullback,1,3365.479,0.000,0.000,0.000,0.00,0.00,against_bias
2025.07.24 12:50:00,pullback,-1,3358.072,3366.436,0.000,0.000,0.00,0.00,no_room
2025.07.24 13:35:00,pullback,1,3359.362,0.000,0.000,0.000,0.00,0.00,against_bias
2025.07.24 14:20:00,pullback,1,3372.207,3350.901,0.000,0.000,0.00,0.00,no_room
2025.07.25 07:25:00,pullback,1,3359.503,0.000,0.000,0.000,0.00,0.00,against_bias
2025.07.25 07:40:00,pullback,-1,3356.715,3360.386,0.000,0.000,0.00,0.00,no_room
2025.07.25 08:20:00,pullback,-1,3352.705,3360.375,0.000,0.000,0.00,0.00,no_room
2025.07.25 09:10:00,pullback,-1,3344.551,3360.400,0.000,0.000,0.00,0.00,no_room
2025.07.25 11:30:00,pullback,-1,3340.959,3345.392,0.000,0.000,0.00,0.00,no_room
2025.07.25 12:35:00,pullback,-1,3339.659,3344.326,0.000,0.000,0.00,0.00,no_room
2025.07.25 13:35:00,pullback,1,3342.469,0.000,0.000,0.000,0.00,0.00,against_bias
2025.07.25 14:20:00,pullback,-1,3339.293,3345.978,0.000,0.000,0.00,0.00,no_room
2025.07.25 14:40:00,pullback,-1,3333.811,3345.974,0.000,0.000,0.00,0.00,no_room
2025.07.25 15:45:00,pullback,-1,3328.138,3336.303,0.000,0.000,0.00,0.00,no_room
2025.07.28 07:25:00,pullback,1,3341.539,3335.545,0.000,0.000,0.00,0.00,no_room
2025.07.28 07:35:00,pullback,-1,3338.675,0.000,0.000,0.000,0.00,0.00,against_bias
2025.07.28 08:50:00,pullback,-1,3333.785,0.000,0.000,0.000,0.00,0.00,against_bias
2025.07.28 09:20:00,pullback,1,3338.791,3332.201,0.000,0.000,0.00,0.00,no_room
2025.07.28 10:40:00,pullback,-1,3335.394,0.000,0.000,0.000,0.00,0.00,against_bias
2025.07.28 12:15:00,pullback,-1,3334.407,3338.416,0.000,0.000,0.00,0.00,no_room
2025.07.28 13:35:00,pullback,-1,3325.532,3330.983,0.000,0.000,0.00,0.00,no_room
2025.07.28 15:35:00,pullback,1,3314.817,0.000,0.000,0.000,0.00,0.00,against_bias
2025.07.29 07:10:00,pullback,-1,3316.774,0.000,0.000,0.000,0.00,0.00,against_bias
2025.07.29 08:10:00,pullback,1,3322.430,3310.984,0.000,0.000,0.00,0.00,no_room
2025.07.29 09:05:00,pullback,-1,3324.715,0.000,0.000,0.000,0.00,0.00,against_bias
2025.07.29 11:00:00,pullback,-1,3323.449,0.000,0.000,0.000,0.00,0.00,against_bias
2025.07.29 11:40:00,pullback,-1,3318.101,0.000,0.000,0.000,0.00,0.00,against_bias
2025.07.29 12:25:00,pullback,1,3321.368,3314.630,0.000,0.000,0.00,0.00,no_room
2025.07.29 13:35:00,pullback,-1,3319.390,0.000,0.000,0.000,0.00,0.00,against_bias
2025.07.29 14:30:00,pullback,1,3324.054,3311.441,0.000,0.000,0.00,0.00,no_room
2025.07.30 08:15:00,pullback,1,3331.052,3327.109,0.000,0.000,0.00,0.00,no_room
2025.07.30 08:55:00,pullback,1,3332.864,3328.980,0.000,0.000,0.00,0.00,no_room
2025.07.30 10:20:00,pullback,-1,3329.330,0.000,0.000,0.000,0.00,0.00,against_bias
2025.07.30 11:10:00,pullback,-1,3326.622,0.000,0.000,0.000,0.00,0.00,against_bias
2025.07.30 12:00:00,pullback,1,3330.380,3324.739,0.000,0.000,0.00,0.00,no_room
2025.07.30 12:35:00,pullback,-1,3323.966,0.000,0.000,0.000,0.00,0.00,against_bias
2025.07.30 15:10:00,pullback,-1,3301.166,3306.641,0.000,0.000,0.00,0.00,no_room
2025.07.31 07:45:00,pullback,1,3303.692,3297.764,0.000,0.000,0.00,0.00,no_room
2025.07.31 08:20:00,pullback,1,3309.771,3299.031,0.000,0.000,0.00,0.00,no_room
2025.07.31 09:30:00,pullback,-1,3308.841,0.000,0.000,0.000,0.00,0.00,against_bias
2025.07.31 10:20:00,pullback,-1,3304.822,0.000,0.000,0.000,0.00,0.00,against_bias
2025.07.31 12:35:00,pullback,1,3307.776,3303.995,0.000,0.000,0.00,0.00,no_room
2025.07.31 13:45:00,pullback,-1,3304.721,0.000,0.000,0.000,0.00,0.00,against_bias
2025.08.01 07:05:00,pullback,-1,3290.523,0.000,0.000,0.000,0.00,0.00,against_bias
2025.08.01 07:35:00,pullback,-1,3289.451,0.000,0.000,0.000,0.00,0.00,against_bias
2025.08.01 08:50:00,pullback,1,3289.619,0.000,0.000,0.000,0.00,0.00,against_bias
2025.08.01 10:50:00,pullback,1,3296.426,0.000,0.000,0.000,0.00,0.00,against_bias
2025.08.01 12:20:00,pullback,1,3301.334,3296.593,0.000,0.000,0.00,0.00,no_room
2025.08.01 13:10:00,pullback,1,3345.261,3296.112,0.000,0.000,0.00,0.00,no_room
2025.08.01 15:10:00,pullback,1,3347.765,3340.780,0.000,0.000,0.00,0.00,no_room
2025.08.04 09:10:00,pullback,1,3359.754,3351.567,0.000,0.000,0.00,0.00,no_room
2025.08.04 10:05:00,pullback,-1,3357.910,0.000,0.000,0.000,0.00,0.00,against_bias
2025.08.04 11:15:00,pullback,1,3361.811,3356.674,0.000,0.000,0.00,0.00,no_room
2025.08.04 11:55:00,pullback,1,3368.164,3356.674,0.000,0.000,0.00,0.00,no_room
2025.08.04 13:05:00,pullback,1,3371.527,3360.666,0.000,0.000,0.00,0.00,no_room
2025.08.04 14:50:00,pullback,-1,3374.792,0.000,0.000,0.000,0.00,0.00,against_bias
2025.08.04 15:45:00,pullback,1,3375.698,3374.525,0.000,0.000,0.00,0.00,sl_too_tight
2025.08.05 07:30:00,pullback,1,3374.192,0.000,0.000,0.000,0.00,0.00,against_bias
2025.08.05 08:45:00,pullback,-1,3370.649,3374.807,0.000,0.000,0.00,0.00,no_room
2025.08.05 09:35:00,pullback,-1,3364.017,3374.779,0.000,0.000,0.00,0.00,no_room
2025.08.05 11:00:00,pullback,-1,3354.449,3358.234,0.000,0.000,0.00,0.00,no_room
2025.08.05 11:35:00,pullback,-1,3351.332,3358.169,0.000,0.000,0.00,0.00,no_room
2025.08.05 12:10:00,pullback,1,3353.956,0.000,0.000,0.000,0.00,0.00,against_bias
2025.08.05 14:25:00,pullback,1,3380.741,3349.450,0.000,0.000,0.00,0.00,no_room
2025.08.05 15:50:00,pullback,1,3387.951,3381.875,0.000,0.000,0.00,0.00,no_room
2025.08.06 07:05:00,pullback,-1,3374.939,3378.840,0.000,0.000,0.00,0.00,no_room
2025.08.06 08:20:00,pullback,-1,3368.953,3377.427,0.000,0.000,0.00,0.00,no_room
2025.08.06 09:30:00,pullback,-1,3364.758,3377.373,0.000,0.000,0.00,0.00,no_room
2025.08.06 11:25:00,pullback,1,3365.302,0.000,0.000,0.000,0.00,0.00,against_bias
2025.08.06 12:55:00,pullback,1,3365.379,0.000,0.000,0.000,0.00,0.00,against_bias
2025.08.06 13:55:00,pullback,1,3371.037,0.000,0.000,0.000,0.00,0.00,against_bias
2025.08.07 09:35:00,pullback,-1,3376.400,0.000,0.000,0.000,0.00,0.00,against_bias
2025.08.07 10:30:00,pullback,-1,3374.602,0.000,0.000,0.000,0.00,0.00,against_bias
2025.08.07 10:55:00,pullback,-1,3374.366,0.000,0.000,0.000,0.00,0.00,against_bias
2025.08.07 11:15:00,pullback,1,3378.131,3374.094,0.000,0.000,0.00,0.00,no_room
2025.08.07 12:30:00,pullback,1,3380.397,3375.011,0.000,0.000,0.00,0.00,no_room
2025.08.07 13:45:00,pullback,1,3389.798,3379.379,0.000,0.000,0.00,0.00,no_room
2025.08.08 07:05:00,pullback,1,3397.676,0.000,0.000,0.000,0.00,0.00,against_bias
2025.08.08 07:50:00,pullback,1,3400.421,0.000,0.000,0.000,0.00,0.00,against_bias
2025.08.08 10:20:00,pullback,-1,3396.691,0.000,0.000,0.000,0.00,0.00,against_bias
2025.08.08 11:00:00,pullback,-1,3386.534,3401.675,0.000,0.000,0.00,0.00,no_room
2025.08.08 14:30:00,pullback,-1,3384.208,3402.173,0.000,0.000,0.00,0.00,no_room
2025.08.11 07:05:00,pullback,-1,3363.716,3379.176,0.000,0.000,0.00,0.00,no_room
2025.08.11 07:50:00,pullback,-1,3359.466,3366.724,0.000,0.000,0.00,0.00,no_room
2025.08.11 08:25:00,pullback,1,3362.979,0.000,0.000,0.000,0.00,0.00,against_bias
2025.08.11 09:10:00,pullback,-1,3358.817,3366.093,0.000,0.000,0.00,0.00,no_room
2025.08.11 09:55:00,pullback,-1,3354.311,3364.003,0.000,0.000,0.00,0.00,no_room
2025.08.11 11:25:00,pullback,-1,3352.926,3364.039,0.000,0.000,0.00,0.00,no_room
2025.08.11 12:30:00,pullback,-1,3349.852,3357.288,0.000,0.000,0.00,0.00,no_room
2025.08.11 13:50:00,pullback,1,3358.838,0.000,0.000,0.000,0.00,0.00,against_bias
2025.08.11 14:40:00,pullback,-1,3348.301,3363.307,0.000,0.000,0.00,0.00,no_room
2025.08.12 07:30:00,pullback,1,3348.051,0.000,0.000,0.000,0.00,0.00,against_bias
2025.08.12 10:05:00,pullback,-1,3345.526,3351.977,0.000,0.000,0.00,0.00,no_room
2025.08.12 11:05:00,pullback,-1,3344.022,3350.838,0.000,0.000,0.00,0.00,no_room
2025.08.12 12:35:00,pullback,1,3348.379,0.000,0.000,0.000,0.00,0.00,against_bias
2025.08.12 13:40:00,pullback,-1,3342.562,3358.665,0.000,0.000,0.00,0.00,no_room
2025.08.12 14:15:00,pullback,-1,3340.026,3357.758,0.000,0.000,0.00,0.00,no_room
2025.08.12 15:05:00,pullback,1,3338.930,0.000,0.000,0.000,0.00,0.00,against_bias
2025.08.13 07:00:00,pullback,1,3356.579,3353.486,0.000,0.000,0.00,0.00,no_room
2025.08.13 08:05:00,pullback,-1,3353.895,0.000,0.000,0.000,0.00,0.00,against_bias
2025.08.13 08:50:00,pullback,1,3361.004,3352.621,0.000,0.000,0.00,0.00,no_room
2025.08.13 09:40:00,pullback,1,3363.460,3358.402,0.000,0.000,0.00,0.00,no_room
2025.08.13 11:10:00,pullback,-1,3363.799,0.000,0.000,0.000,0.00,0.00,against_bias
2025.08.13 12:10:00,pullback,-1,3358.834,0.000,0.000,0.000,0.00,0.00,against_bias
2025.08.13 13:05:00,pullback,-1,3355.470,0.000,0.000,0.000,0.00,0.00,against_bias
2025.08.13 13:40:00,pullback,1,3361.009,3353.821,0.000,0.000,0.00,0.00,no_room
2025.08.14 07:40:00,pullback,-1,3357.271,0.000,0.000,0.000,0.00,0.00,against_bias
2025.08.14 09:10:00,pullback,1,3350.318,0.000,0.000,0.000,0.00,0.00,against_bias
2025.08.14 10:50:00,pullback,-1,3353.851,3359.293,0.000,0.000,0.00,0.00,no_room
2025.08.14 12:10:00,pullback,1,3356.910,0.000,0.000,0.000,0.00,0.00,against_bias
2025.08.14 12:30:00,pullback,-1,3353.230,3358.602,0.000,0.000,0.00,0.00,no_room
2025.08.14 13:25:00,pullback,-1,3348.968,3356.955,0.000,0.000,0.00,0.00,no_room
2025.08.14 14:00:00,pullback,-1,3344.498,3349.730,0.000,0.000,0.00,0.00,no_room
2025.08.15 07:00:00,pullback,-1,3340.842,0.000,0.000,0.000,0.00,0.00,against_bias
2025.08.15 07:20:00,pullback,1,3344.021,3340.631,0.000,0.000,0.00,0.00,no_room
2025.08.15 08:00:00,pullback,1,3345.881,3340.095,0.000,0.000,0.00,0.00,no_room
2025.08.15 08:30:00,pullback,-1,3340.301,0.000,0.000,0.000,0.00,0.00,against_bias
2025.08.15 09:25:00,pullback,1,3342.828,3338.171,0.000,0.000,0.00,0.00,no_room
2025.08.15 10:10:00,pullback,-1,3340.616,0.000,0.000,0.000,0.00,0.00,against_bias
2025.08.15 11:35:00,pullback,1,3340.675,0.000,0.000,0.000,0.00,0.00,against_bias
2025.08.15 12:30:00,pullback,-1,3337.700,3344.375,0.000,0.000,0.00,0.00,no_room
2025.08.15 15:05:00,pullback,1,3342.657,0.000,0.000,0.000,0.00,0.00,against_bias
2025.08.18 07:10:00,pullback,1,3350.767,3345.804,0.000,0.000,0.00,0.00,no_room
2025.08.18 08:05:00,pullback,-1,3347.780,0.000,0.000,0.000,0.00,0.00,against_bias
2025.08.18 11:00:00,pullback,-1,3347.521,3350.254,0.000,0.000,0.00,0.00,sl_too_tight
2025.08.18 11:55:00,pullback,-1,3346.507,3348.860,0.000,0.000,0.00,0.00,sl_too_tight
2025.08.18 13:05:00,pullback,-1,3344.475,3349.047,0.000,0.000,0.00,0.00,no_room
2025.08.18 15:50:00,pullback,1,3335.955,0.000,0.000,0.000,0.00,0.00,against_bias
2025.08.19 07:10:00,pullback,1,3338.795,3334.292,0.000,0.000,0.00,0.00,no_room
2025.08.19 08:15:00,pullback,-1,3337.547,0.000,0.000,0.000,0.00,0.00,against_bias
2025.08.19 10:05:00,pullback,1,3339.499,3336.742,0.000,0.000,0.00,0.00,sl_too_tight
2025.08.19 11:30:00,pullback,-1,3341.718,0.000,0.000,0.000,0.00,0.00,against_bias
2025.08.19 12:10:00,pullback,-1,3339.273,0.000,0.000,0.000,0.00,0.00,against_bias
2025.08.19 14:40:00,pullback,-1,3332.206,3339.667,0.000,0.000,0.00,0.00,no_room
2025.08.20 07:00:00,pullback,-1,3323.012,0.000,0.000,0.000,0.00,0.00,against_bias
2025.08.20 07:15:00,pullback,1,3324.899,3322.863,0.000,0.000,0.00,0.00,sl_too_tight
2025.08.20 08:15:00,pullback,-1,3323.642,0.000,0.000,0.000,0.00,0.00,against_bias
2025.08.20 09:15:00,pullback,1,3326.657,3320.718,0.000,0.000,0.00,0.00,no_room
2025.08.20 10:25:00,pullback,-1,3325.292,0.000,0.000,0.000,0.00,0.00,against_bias
2025.08.20 11:10:00,pullback,1,3327.913,3325.292,0.000,0.000,0.00,0.00,sl_too_tight
2025.08.20 12:00:00,pullback,1,3331.647,3328.766,0.000,0.000,0.00,0.00,sl_too_tight
2025.08.20 12:55:00,pullback,1,3341.780,3328.710,0.000,0.000,0.00,0.00,no_room
2025.08.20 13:45:00,pullback,1,3344.901,3338.623,0.000,0.000,0.00,0.00,no_room
2025.08.20 14:50:00,pullback,1,3348.420,3339.612,0.000,0.000,0.00,0.00,no_room
2025.08.20 15:55:00,pullback,-1,3339.508,0.000,0.000,0.000,0.00,0.00,against_bias
2025.08.21 07:15:00,pullback,1,3338.005,0.000,0.000,0.000,0.00,0.00,against_bias
2025.08.21 07:40:00,pullback,1,3339.231,0.000,0.000,0.000,0.00,0.00,against_bias
2025.08.21 08:50:00,pullback,-1,3338.710,3341.108,0.000,0.000,0.00,0.00,sl_too_tight
2025.08.21 10:35:00,pullback,-1,3338.484,3342.350,0.000,0.000,0.00,0.00,no_room
2025.08.21 12:35:00,pullback,1,3342.806,0.000,0.000,0.000,0.00,0.00,against_bias
2025.08.21 13:30:00,pullback,1,3345.114,3336.057,0.000,0.000,0.00,0.00,no_room
2025.08.21 15:10:00,pullback,-1,3341.537,0.000,0.000,0.000,0.00,0.00,against_bias
2025.08.21 15:45:00,pullback,1,3345.294,3337.280,0.000,0.000,0.00,0.00,no_room
2025.08.22 07:05:00,pullback,1,3330.426,0.000,0.000,0.000,0.00,0.00,against_bias
2025.08.22 08:35:00,pullback,1,3329.230,0.000,0.000,0.000,0.00,0.00,against_bias
2025.08.22 09:15:00,pullback,1,3330.696,0.000,0.000,0.000,0.00,0.00,against_bias
2025.08.22 11:20:00,pullback,-1,3329.118,3331.873,0.000,0.000,0.00,0.00,sl_too_tight
2025.08.22 12:05:00,pullback,-1,3327.858,3331.225,0.000,0.000,0.00,0.00,no_room
2025.08.22 12:35:00,pullback,-1,3325.006,3330.217,0.000,0.000,0.00,0.00,no_room
2025.08.22 13:35:00,pullback,1,3329.990,0.000,0.000,0.000,0.00,0.00,against_bias
2025.08.22 14:05:00,pullback,1,3336.232,3322.720,0.000,0.000,0.00,0.00,no_room
2025.08.22 15:35:00,pullback,1,3377.827,3322.799,0.000,0.000,0.00,0.00,no_room
2025.08.25 07:10:00,pullback,1,3369.251,3365.788,0.000,0.000,0.00,0.00,no_room
2025.08.25 08:00:00,pullback,-1,3366.540,0.000,0.000,0.000,0.00,0.00,against_bias
2025.08.25 09:10:00,pullback,-1,3363.408,0.000,0.000,0.000,0.00,0.00,against_bias
2025.08.25 09:45:00,pullback,1,3365.322,0.000,0.000,0.000,0.00,0.00,against_bias
2025.08.25 11:35:00,pullback,1,3368.280,0.000,0.000,0.000,0.00,0.00,against_bias
2025.08.25 13:00:00,pullback,-1,3365.160,0.000,0.000,0.000,0.00,0.00,against_bias
2025.08.25 14:00:00,pullback,1,3370.431,3362.187,0.000,0.000,0.00,0.00,no_room
2025.08.25 14:50:00,pullback,1,3374.190,3368.963,0.000,0.000,0.00,0.00,no_room
2025.08.26 07:15:00,pullback,-1,3372.465,0.000,0.000,0.000,0.00,0.00,against_bias
2025.08.26 08:05:00,pullback,1,3377.710,3367.006,0.000,0.000,0.00,0.00,no_room
2025.08.26 09:35:00,pullback,-1,3374.558,0.000,0.000,0.000,0.00,0.00,against_bias
2025.08.26 10:35:00,pullback,-1,3369.491,0.000,0.000,0.000,0.00,0.00,against_bias
2025.08.26 11:10:00,pullback,1,3375.138,3367.044,0.000,0.000,0.00,0.00,no_room
2025.08.26 12:55:00,pullback,-1,3375.571,0.000,0.000,0.000,0.00,0.00,against_bias
2025.08.26 14:50:00,pullback,1,3378.092,3370.066,0.000,0.000,0.00,0.00,no_room
2025.08.27 07:05:00,pullback,-1,3375.841,3382.114,0.000,0.000,0.00,0.00,no_room
2025.08.27 08:05:00,pullback,1,3381.954,0.000,0.000,0.000,0.00,0.00,against_bias
2025.08.27 09:50:00,pullback,-1,3381.744,0.000,0.000,0.000,0.00,0.00,against_bias
2025.08.27 12:25:00,pullback,1,3378.159,3374.084,0.000,0.000,0.00,0.00,no_room
2025.08.27 13:10:00,pullback,1,3382.742,3374.031,0.000,0.000,0.00,0.00,no_room
2025.08.27 13:35:00,pullback,-1,3380.013,0.000,0.000,0.000,0.00,0.00,against_bias
2025.08.27 14:55:00,pullback,1,3384.797,3375.883,0.000,0.000,0.00,0.00,no_room
2025.08.28 07:15:00,pullback,1,3395.719,3388.567,0.000,0.000,0.00,0.00,no_room
2025.08.28 08:40:00,pullback,1,3397.477,3393.807,0.000,0.000,0.00,0.00,no_room
2025.08.28 10:05:00,pullback,-1,3398.403,0.000,0.000,0.000,0.00,0.00,against_bias
2025.08.28 11:20:00,pullback,1,3398.643,3393.735,0.000,0.000,0.00,0.00,no_room
2025.08.28 12:10:00,pullback,1,3407.658,3396.018,0.000,0.000,0.00,0.00,no_room
2025.08.28 12:40:00,pullback,-1,3403.656,0.000,0.000,0.000,0.00,0.00,against_bias
2025.08.28 13:55:00,pullback,1,3408.791,3393.919,0.000,0.000,0.00,0.00,no_room
2025.08.28 15:30:00,pullback,-1,3407.497,0.000,0.000,0.000,0.00,0.00,against_bias
2025.08.29 07:30:00,pullback,-1,3407.858,3412.810,0.000,0.000,0.00,0.00,no_room
2025.08.29 08:05:00,pullback,1,3412.653,0.000,0.000,0.000,0.00,0.00,against_bias
2025.08.29 08:55:00,pullback,-1,3412.160,0.000,0.000,0.000,0.00,0.00,against_bias
2025.08.29 11:10:00,pullback,-1,3405.400,3407.914,0.000,0.000,0.00,0.00,sl_too_tight
2025.08.29 11:35:00,pullback,1,3407.790,0.000,0.000,0.000,0.00,0.00,against_bias
2025.08.29 12:35:00,pullback,1,3411.266,0.000,0.000,0.000,0.00,0.00,against_bias
2025.08.29 14:35:00,pullback,1,3437.321,3413.337,0.000,0.000,0.00,0.00,no_room
2025.08.29 15:00:00,pullback,1,3440.189,3413.320,0.000,0.000,0.00,0.00,no_room
2025.08.29 15:45:00,pullback,1,3446.232,3433.064,0.000,0.000,0.00,0.00,no_room
2025.09.01 07:20:00,pullback,-1,3474.620,0.000,0.000,0.000,0.00,0.00,against_bias
2025.09.01 09:05:00,pullback,-1,3476.584,0.000,0.000,0.000,0.00,0.00,against_bias
2025.09.01 11:50:00,pullback,-1,3468.852,0.000,0.000,0.000,0.00,0.00,against_bias
2025.09.01 13:10:00,pullback,1,3473.451,3466.848,3485.879,3498.307,3.78,3.79,signal
2025.09.02 07:25:00,pullback,-1,3483.236,3488.655,3477.189,3471.142,4.73,4.74,signal
2025.09.02 08:40:00,pullback,1,3478.545,0.000,0.000,0.000,0.00,0.00,against_bias
2025.09.02 10:10:00,pullback,1,3480.367,0.000,0.000,0.000,0.00,0.00,against_bias
2025.09.02 10:40:00,pullback,1,3483.636,0.000,0.000,0.000,0.00,0.00,against_bias
2025.09.02 11:00:00,pullback,1,3485.074,0.000,0.000,0.000,0.00,0.00,against_bias
2025.09.02 11:55:00,pullback,1,3486.603,0.000,0.000,0.000,0.00,0.00,against_bias
2025.09.02 12:40:00,pullback,-1,3478.517,3494.494,0.000,0.000,0.00,0.00,no_room
2025.09.02 13:45:00,pullback,1,3487.283,0.000,0.000,0.000,0.00,0.00,against_bias
2025.09.02 15:10:00,pullback,1,3514.171,3494.862,3552.789,3591.407,1.35,1.35,signal
2025.09.05 13:50:00,pullback,1,3584.972,3572.643,3609.630,3634.288,2.17,2.18,signal
2025.09.08 13:50:00,pullback,1,3632.103,3619.888,3656.532,3680.961,2.26,2.27,signal
2025.09.11 10:40:00,pullback,1,3622.765,0.000,0.000,0.000,0.00,0.00,against_bias
2025.09.11 11:40:00,pullback,-1,3619.666,3625.139,0.000,0.000,0.00,0.00,no_room
2025.09.11 12:25:00,pullback,1,3621.654,0.000,0.000,0.000,0.00,0.00,against_bias
2025.09.11 13:20:00,pullback,-1,3626.177,0.000,0.000,0.000,0.00,0.00,against_bias
2025.09.11 15:25:00,pullback,1,3637.853,3626.510,0.000,0.000,0.00,0.00,no_room
2025.09.12 08:15:00,pullback,-1,3648.295,0.000,0.000,0.000,0.00,0.00,against_bias
2025.09.12 08:50:00,pullback,-1,3642.544,0.000,0.000,0.000,0.00,0.00,against_bias
2025.09.12 09:30:00,pullback,1,3646.117,3637.403,0.000,0.000,0.00,0.00,no_room
2025.09.12 10:05:00,pullback,1,3647.021,3642.262,0.000,0.000,0.00,0.00,no_room
2025.09.12 11:30:00,pullback,-1,3649.090,0.000,0.000,0.000,0.00,0.00,against_bias
2025.09.12 12:00:00,pullback,-1,3647.184,0.000,0.000,0.000,0.00,0.00,against_bias
2025.09.12 13:20:00,pullback,1,3649.421,3637.915,0.000,0.000,0.00,0.00,no_room
2025.09.12 14:20:00,pullback,1,3652.534,3646.287,0.000,0.000,0.00,0.00,no_room
2025.09.12 15:10:00,pullback,-1,3646.596,0.000,0.000,0.000,0.00,0.00,against_bias
2025.09.15 08:00:00,pullback,1,3643.888,3633.510,0.000,0.000,0.00,0.00,no_room
2025.09.15 08:50:00,pullback,-1,3641.074,0.000,0.000,0.000,0.00,0.00,against_bias
2025.09.15 09:00:00,pullback,1,3645.255,3640.862,0.000,0.000,0.00,0.00,no_room
2025.09.15 09:25:00,pullback,-1,3640.812,0.000,0.000,0.000,0.00,0.00,against_bias
2025.09.15 12:30:00,pullback,-1,3639.048,0.000,0.000,0.000,0.00,0.00,against_bias
2025.09.15 12:50:00,pullback,1,3646.698,3636.666,0.000,0.000,0.00,0.00,no_room
2025.09.15 13:25:00,pullback,1,3651.081,3636.629,0.000,0.000,0.00,0.00,no_room
2025.09.15 15:05:00,pullback,1,3664.371,3653.532,0.000,0.000,0.00,0.00,no_room
2025.09.16 07:40:00,pullback,-1,3689.742,0.000,0.000,0.000,0.00,0.00,against_bias
2025.09.16 08:15:00,pullback,1,3694.211,3689.489,3703.654,3713.098,5.88,5.88,signal
2025.09.16 12:40:00,pullback,-1,3690.542,0.000,0.000,0.000,0.00,0.00,against_bias
2025.09.16 14:15:00,pullback,1,3698.600,3684.759,0.000,0.000,0.00,0.00,no_room
2025.09.16 14:30:00,pullback,-1,3693.655,0.000,0.000,0.000,0.00,0.00,against_bias
2025.09.16 15:35:00,pullback,-1,3680.053,3703.528,0.000,0.000,0.00,0.00,no_room
2025.09.17 07:20:00,pullback,-1,3670.370,3677.686,3655.739,3641.107,3.75,3.76,signal
2025.09.17 13:35:00,pullback,1,3679.495,3672.485,0.000,0.000,0.00,0.00,no_room
2025.09.17 14:15:00,pullback,1,3682.554,3675.940,0.000,0.000,0.00,0.00,no_room
2025.09.17 15:55:00,pullback,-1,3684.365,0.000,0.000,0.000,0.00,0.00,against_bias
2025.09.18 07:10:00,pullback,1,3640.247,0.000,0.000,0.000,0.00,0.00,against_bias
2025.09.18 08:40:00,pullback,1,3659.850,0.000,0.000,0.000,0.00,0.00,against_bias
2025.09.18 11:20:00,pullback,1,3669.367,3665.295,0.000,0.000,0.00,0.00,no_room
2025.09.18 11:35:00,pullback,-1,3665.691,0.000,0.000,0.000,0.00,0.00,against_bias
2025.09.18 12:25:00,pullback,1,3670.941,3664.165,0.000,0.000,0.00,0.00,no_room
2025.09.18 12:35:00,pullback,-1,3665.973,0.000,0.000,0.000,0.00,0.00,against_bias
2025.09.19 07:50:00,pullback,1,3654.256,3644.199,0.000,0.000,0.00,0.00,no_room
2025.09.19 09:20:00,pullback,1,3657.576,3649.356,0.000,0.000,0.00,0.00,no_room
2025.09.19 10:15:00,pullback,1,3658.537,3655.434,0.000,0.000,0.00,0.00,no_room
2025.09.19 10:55:00,pullback,-1,3655.594,0.000,0.000,0.000,0.00,0.00,against_bias
2025.09.19 11:10:00,pullback,-1,3655.042,0.000,0.000,0.000,0.00,0.00,against_bias
2025.09.19 13:15:00,pullback,1,3651.900,3645.346,0.000,0.000,0.00,0.00,no_room
2025.09.19 14:40:00,pullback,1,3664.365,3656.036,0.000,0.000,0.00,0.00,no_room
2025.09.22 08:05:00,pullback,1,3716.291,3708.290,3732.292,3748.293,3.40,3.40,signal
2025.09.23 07:05:00,pullback,-1,3751.972,0.000,0.000,0.000,0.00,0.00,against_bias
2025.09.23 08:20:00,pullback,1,3757.423,3751.636,0.000,0.000,0.00,0.00,no_room
2025.09.23 10:55:00,pullback,-1,3781.655,0.000,0.000,0.000,0.00,0.00,against_bias
2025.09.23 11:15:00,pullback,-1,3780.824,0.000,0.000,0.000,0.00,0.00,against_bias
2025.09.23 11:25:00,pullback,1,3784.160,3780.544,3790.804,3797.448,7.75,7.75,signal
2025.09.23 12:15:00,pullback,-1,3779.670,0.000,0.000,0.000,0.00,0.00,against_bias
2025.09.23 13:10:00,pullback,1,3784.949,3777.042,0.000,0.000,0.00,0.00,no_room
2025.09.23 14:15:00,pullback,-1,3777.352,3789.299,3753.459,3729.566,2.32,2.32,signal
2025.09.25 07:40:00,pullback,1,3748.362,3739.626,0.000,0.000,0.00,0.00,no_room
2025.09.25 09:30:00,pullback,-1,3751.383,0.000,0.000,0.000,0.00,0.00,against_bias
2025.09.25 09:50:00,pullback,1,3757.483,3750.106,0.000,0.000,0.00,0.00,no_room
2025.09.25 10:50:00,pullback,1,3758.961,3750.137,0.000,0.000,0.00,0.00,no_room
2025.09.25 11:05:00,pullback,-1,3750.386,0.000,0.000,0.000,0.00,0.00,against_bias
2025.09.25 12:25:00,pullback,1,3754.078,0.000,0.000,0.000,0.00,0.00,against_bias
2025.09.25 12:35:00,pullback,-1,3749.523,3754.432,0.000,0.000,0.00,0.00,no_room
2025.09.25 13:45:00,pullback,-1,3730.542,3746.226,0.000,0.000,0.00,0.00,no_room
2025.09.25 14:25:00,pullback,1,3734.862,0.000,0.000,0.000,0.00,0.00,against_bias
2025.09.25 15:20:00,pullback,1,3736.413,0.000,0.000,0.000,0.00,0.00,against_bias
2025.09.26 07:05:00,pullback,-1,3741.492,3754.513,0.000,0.000,0.00,0.00,no_room
2025.09.26 09:15:00,pullback,-1,3751.606,3755.441,0.000,0.000,0.00,0.00,no_room
2025.09.26 10:05:00,pullback,1,3754.455,0.000,0.000,0.000,0.00,0.00,against_bias
2025.09.26 10:45:00,pullback,-1,3747.225,3755.225,0.000,0.000,0.00,0.00,no_room
2025.09.26 12:35:00,pullback,1,3752.920,0.000,0.000,0.000,0.00,0.00,against_bias
2025.09.26 13:10:00,pullback,1,3757.458,0.000,0.000,0.000,0.00,0.00,against_bias
2025.09.26 14:05:00,pullback,1,3766.361,3751.689,0.000,0.000,0.00,0.00,no_room
2025.09.29 07:35:00,pullback,-1,3811.876,0.000,0.000,0.000,0.00,0.00,against_bias
2025.09.29 08:50:00,pullback,1,3816.474,3808.012,0.000,0.000,0.00,0.00,no_room
2025.09.29 09:50:00,pullback,-1,3808.356,0.000,0.000,0.000,0.00,0.00,against_bias
2025.09.29 11:15:00,pullback,1,3818.491,3814.533,0.000,0.000,0.00,0.00,no_room
2025.09.29 12:35:00,pullback,-1,3814.806,0.000,0.000,0.000,0.00,0.00,against_bias
2025.09.29 13:05:00,pullback,-1,3812.594,0.000,0.000,0.000,0.00,0.00,against_bias
2025.09.29 15:05:00,pullback,1,3828.547,3822.694,0.000,0.000,0.00,0.00,no_room
2025.09.30 09:15:00,pullback,-1,3807.567,3872.286,0.000,0.000,0.00,0.00,no_room
2025.09.30 10:25:00,pullback,1,3806.835,0.000,0.000,0.000,0.00,0.00,against_bias
2025.09.30 11:35:00,pullback,1,3814.577,0.000,0.000,0.000,0.00,0.00,against_bias
2025.09.30 12:50:00,pullback,1,3817.839,0.000,0.000,0.000,0.00,0.00,against_bias
2025.09.30 13:40:00,pullback,1,3821.623,0.000,0.000,0.000,0.00,0.00,against_bias
2025.09.30 14:55:00,pullback,1,3852.639,0.000,0.000,0.000,0.00,0.00,against_bias
2025.10.01 07:15:00,pullback,1,3864.902,3857.442,0.000,0.000,0.00,0.00,no_room
2025.10.01 09:25:00,pullback,-1,3887.894,0.000,0.000,0.000,0.00,0.00,against_bias
2025.10.01 11:15:00,pullback,-1,3885.145,3889.879,0.000,0.000,0.00,0.00,no_room
2025.10.01 11:40:00,pullback,-1,3881.124,3889.882,3863.607,3846.091,3.26,3.26,signal
2025.10.01 12:30:00,pullback,-1,3878.059,3890.003,3858.950,3839.841,2.36,2.37,signal
2025.10.02 13:05:00,pullback,1,3888.513,3879.661,0.000,0.000,0.00,0.00,no_room
2025.10.02 13:50:00,pullback,-1,3880.665,0.000,0.000,0.000,0.00,0.00,against_bias
2025.10.02 15:40:00,pullback,-1,3825.281,3845.786,0.000,0.000,0.00,0.00,no_room
2025.10.03 07:25:00,pullback,1,3860.973,0.000,0.000,0.000,0.00,0.00,against_bias
2025.10.03 09:00:00,pullback,1,3863.738,3859.959,0.000,0.000,0.00,0.00,no_room
2025.10.03 09:20:00,pullback,-1,3860.168,0.000,0.000,0.000,0.00,0.00,against_bias
2025.10.03 10:55:00,pullback,1,3866.285,3861.840,0.000,0.000,0.00,0.00,no_room
2025.10.03 11:20:00,pullback,-1,3862.072,0.000,0.000,0.000,0.00,0.00,against_bias
2025.10.03 12:35:00,pullback,1,3864.477,3854.342,0.000,0.000,0.00,0.00,no_room
2025.10.03 14:15:00,pullback,-1,3872.684,0.000,0.000,0.000,0.00,0.00,against_bias
2025.10.03 15:55:00,pullback,1,3889.049,3873.410,0.000,0.000,0.00,0.00,no_room
2025.10.06 07:50:00,pullback,1,3936.470,3928.863,3944.796,3953.122,3.73,3.73,signal
2025.10.06 08:05:00,pullback,1,3936.470,0.000,3944.796,0.000,0.00,0.00,missed_move
2025.10.06 10:40:00,pullback,1,3942.714,3932.189,0.000,0.000,0.00,0.00,no_room
2025.10.06 12:20:00,pullback,1,3940.231,3930.596,0.000,0.000,0.00,0.00,no_room
2025.10.06 12:35:00,pullback,-1,3930.997,3941.834,0.000,0.000,0.00,0.00,no_room
2025.10.06 13:35:00,pullback,-1,3930.789,3939.044,0.000,0.000,0.00,0.00,no_room
2025.10.06 13:45:00,pullback,1,3938.598,0.000,0.000,0.000,0.00,0.00,against_bias
2025.10.06 14:35:00,pullback,1,3950.197,3939.586,3971.419,3992.640,2.67,2.67,signal
2025.10.08 07:10:00,pullback,1,4032.969,4020.907,0.000,0.000,0.00,0.00,no_room
2025.10.08 08:25:00,pullback,1,4038.769,4030.537,4055.233,4071.697,3.55,3.55,signal
2025.10.08 13:45:00,pullback,-1,4030.954,4050.002,0.000,0.000,0.00,0.00,no_room
2025.10.08 15:00:00,pullback,1,4046.173,0.000,0.000,0.000,0.00,0.00,against_bias
2025.10.09 08:15:00,pullback,1,4032.941,4024.363,0.000,0.000,0.00,0.00,no_room
2025.10.09 08:40:00,pullback,1,4038.006,4024.418,0.000,0.000,0.00,0.00,no_room
2025.10.09 09:45:00,pullback,-1,4036.483,0.000,0.000,0.000,0.00,0.00,against_bias
2025.10.09 10:35:00,pullback,1,4039.465,4033.974,0.000,0.000,0.00,0.00,no_room
2025.10.09 12:55:00,pullback,1,4046.462,4036.973,0.000,0.000,0.00,0.00,no_room
2025.10.09 13:45:00,pullback,-1,4037.346,4058.596,0.000,0.000,0.00,0.00,no_room
2025.10.09 14:25:00,pullback,-1,4012.551,4058.947,0.000,0.000,0.00,0.00,no_room
2025.10.09 15:30:00,pullback,-1,4018.020,4029.721,4003.329,3988.638,2.47,2.47,signal
2025.10.10 08:05:00,pullback,1,3976.135,0.000,0.000,0.000,0.00,0.00,against_bias
2025.10.10 08:45:00,pullback,1,3988.783,3952.163,0.000,0.000,0.00,0.00,no_room
2025.10.10 09:45:00,pullback,1,4001.720,3984.882,4035.396,4069.072,1.75,1.75,signal
2025.10.10 12:50:00,pullback,-1,3984.995,0.000,0.000,0.000,0.00,0.00,against_bias
2025.10.10 13:25:00,pullback,1,3989.643,3978.820,0.000,0.000,0.00,0.00,no_room
2025.10.10 14:05:00,pullback,-1,3979.394,0.000,0.000,0.000,0.00,0.00,against_bias
2025.10.10 15:10:00,pullback,1,3998.208,3979.243,0.000,0.000,0.00,0.00,no_room
2025.10.13 07:25:00,pullback,1,4073.572,4066.068,0.000,0.000,0.00,0.00,no_room
2025.10.13 08:55:00,pullback,1,4077.490,4068.623,0.000,0.000,0.00,0.00,no_room
2025.10.13 10:50:00,pullback,1,4079.601,4071.028,0.000,0.000,0.00,0.00,no_room
2025.10.13 11:40:00,pullback,-1,4077.094,0.000,0.000,0.000,0.00,0.00,against_bias
2025.10.13 13:10:00,pullback,1,4085.860,4074.978,4107.623,4129.387,2.68,2.68,signal
2025.10.14 08:05:00,pullback,1,4127.827,0.000,0.000,0.000,0.00,0.00,against_bias
2025.10.14 09:50:00,pullback,-1,4134.062,4144.605,4112.976,4091.889,2.85,2.85,signal
2025.10.15 08:05:00,pullback,1,4207.881,4187.168,4249.308,4290.735,1.45,1.46,signal
2025.10.15 10:10:00,pullback,1,4196.716,4163.948,0.000,0.000,0.00,0.00,no_room
2025.10.15 12:15:00,pullback,-1,4193.452,0.000,0.000,0.000,0.00,0.00,against_bias
2025.10.15 14:05:00,pullback,1,4198.684,4182.528,4217.488,4236.293,1.85,1.85,signal
2025.10.16 07:10:00,pullback,1,4227.185,4214.958,4241.625,4256.064,2.42,2.42,signal
2025.10.16 14:10:00,pullback,1,4258.793,4226.891,4322.596,4386.399,0.94,0.94,signal
2025.10.20 07:10:00,pullback,1,4240.943,0.000,0.000,0.000,0.00,0.00,against_bias
2025.10.20 08:35:00,pullback,1,4263.033,0.000,0.000,0.000,0.00,0.00,against_bias
2025.10.20 08:50:00,pullback,-1,4256.887,4263.497,4249.183,4241.479,4.58,4.58,signal
2025.10.20 09:50:00,pullback,1,4260.350,0.000,0.000,0.000,0.00,0.00,against_bias
2025.10.20 10:10:00,pullback,-1,4250.321,4264.112,0.000,0.000,0.00,0.00,no_room
2025.10.20 10:50:00,pullback,1,4258.861,0.000,0.000,0.000,0.00,0.00,against_bias
2025.10.20 11:25:00,pullback,1,4260.306,0.000,0.000,0.000,0.00,0.00,against_bias
2025.10.20 14:00:00,pullback,-1,4302.797,0.000,0.000,0.000,0.00,0.00,against_bias
2025.10.20 14:20:00,pullback,1,4317.390,4291.673,0.000,0.000,0.00,0.00,no_room
2025.10.20 15:05:00,pullback,1,4334.501,4316.222,0.000,0.000,0.00,0.00,no_room
2025.10.21 07:35:00,pullback,-1,4322.095,4345.024,0.000,0.000,0.00,0.00,no_room
2025.10.21 08:05:00,pullback,-1,4293.421,4345.310,0.000,0.000,0.00,0.00,no_room
2025.10.21 10:20:00,pullback,-1,4254.600,4276.929,0.000,0.000,0.00,0.00,no_room
2025.10.21 11:15:00,pullback,1,4266.485,0.000,0.000,0.000,0.00,0.00,against_bias
2025.10.21 11:45:00,pullback,-1,4257.134,4273.132,0.000,0.000,0.00,0.00,no_room
2025.10.21 12:55:00,pullback,-1,4214.886,4273.639,0.000,0.000,0.00,0.00,no_room
2025.10.21 13:50:00,pullback,-1,4189.681,4274.022,0.000,0.000,0.00,0.00,no_room
2025.10.21 14:25:00,pullback,-1,4165.297,4190.200,0.000,0.000,0.00,0.00,no_room
2025.10.22 08:00:00,pullback,-1,4135.448,0.000,0.000,0.000,0.00,0.00,against_bias
2025.10.22 09:25:00,pullback,-1,4069.352,0.000,0.000,0.000,0.00,0.00,against_bias
2025.10.22 09:45:00,pullback,-1,4064.473,0.000,0.000,0.000,0.00,0.00,against_bias
2025.10.22 10:25:00,pullback,1,4078.262,4060.484,0.000,0.000,0.00,0.00,no_room
2025.10.22 10:45:00,pullback,-1,4061.553,4079.416,0.000,0.000,0.00,0.00,no_room
2025.10.22 12:30:00,pullback,1,4045.093,0.000,0.000,0.000,0.00,0.00,against_bias
2025.10.22 13:40:00,pullback,1,4068.688,0.000,0.000,0.000,0.00,0.00,against_bias
2025.10.22 14:35:00,pullback,-1,4047.240,4086.683,0.000,0.000,0.00,0.00,no_room
2025.10.23 07:40:00,pullback,-1,4110.513,0.000,0.000,0.000,0.00,0.00,against_bias
2025.10.23 09:20:00,pullback,1,4119.027,4107.847,0.000,0.000,0.00,0.00,no_room
2025.10.23 10:30:00,pullback,-1,4111.436,0.000,0.000,0.000,0.00,0.00,against_bias
2025.10.23 12:15:00,pullback,-1,4109.516,0.000,0.000,0.000,0.00,0.00,against_bias
2025.10.23 12:35:00,pullback,1,4117.721,4108.863,0.000,0.000,0.00,0.00,no_room
2025.10.23 14:10:00,pullback,1,4151.129,4099.249,0.000,0.000,0.00,0.00,no_room
2025.10.24 07:25:00,pullback,-1,4090.331,4098.007,4081.389,4072.446,3.90,3.91,signal
2025.10.24 11:05:00,pullback,-1,4054.739,4074.195,0.000,0.000,0.00,0.00,no_room
2025.10.24 11:50:00,pullback,1,4061.918,0.000,0.000,0.000,0.00,0.00,against_bias
2025.10.24 12:35:00,pullback,1,4065.572,0.000,0.000,0.000,0.00,0.00,against_bias
2025.10.24 13:10:00,pullback,1,4093.731,4073.210,0.000,0.000,0.00,0.00,no_room
2025.10.24 14:15:00,pullback,1,4122.324,4096.686,0.000,0.000,0.00,0.00,no_room
2025.10.27 07:05:00,pullback,-1,4076.500,0.000,0.000,0.000,0.00,0.00,against_bias
2025.10.27 08:05:00,pullback,-1,4065.925,0.000,0.000,0.000,0.00,0.00,against_bias
2025.10.27 08:55:00,pullback,-1,4056.000,0.000,0.000,0.000,0.00,0.00,against_bias
2025.10.27 10:30:00,pullback,-1,4037.209,4050.475,0.000,0.000,0.00,0.00,no_room
2025.10.27 11:25:00,pullback,-1,4028.795,4046.413,0.000,0.000,0.00,0.00,no_room
2025.10.27 11:40:00,pullback,-1,4020.958,4046.457,0.000,0.000,0.00,0.00,no_room
2025.10.27 12:25:00,pullback,1,4038.162,0.000,0.000,0.000,0.00,0.00,against_bias
2025.10.27 12:50:00,pullback,1,4041.802,0.000,0.000,0.000,0.00,0.00,against_bias
2025.10.27 13:45:00,pullback,-1,4030.146,4051.068,0.000,0.000,0.00,0.00,no_room
2025.10.27 15:05:00,pullback,-1,3982.877,4051.445,0.000,0.000,0.00,0.00,no_room
2025.10.28 08:20:00,pullback,-1,3921.754,3937.019,3891.224,3860.693,1.99,2.00,signal
2025.10.28 09:10:00,pullback,-1,3921.754,0.000,3891.224,0.000,0.00,0.00,missed_move
2025.10.28 09:45:00,pullback,1,3907.977,0.000,0.000,0.000,0.00,0.00,against_bias
2025.10.28 10:35:00,pullback,1,3909.254,0.000,0.000,0.000,0.00,0.00,against_bias
2025.10.28 12:40:00,pullback,-1,3921.739,3930.383,3904.452,3887.165,3.52,3.53,signal
2025.10.28 13:20:00,pullback,1,3929.875,0.000,0.000,0.000,0.00,0.00,against_bias
2025.10.28 13:55:00,pullback,1,3933.776,3904.724,0.000,0.000,0.00,0.00,no_room
2025.10.28 14:30:00,pullback,1,3944.781,3914.086,0.000,0.000,0.00,0.00,no_room
2025.10.29 07:10:00,pullback,1,3984.966,3957.309,0.000,0.000,0.00,0.00,no_room
2025.10.29 08:00:00,pullback,1,3998.593,3989.226,0.000,0.000,0.00,0.00,no_room
2025.10.29 09:50:00,pullback,1,4021.930,4012.901,0.000,0.000,0.00,0.00,no_room
2025.10.29 11:20:00,pullback,-1,4020.959,0.000,0.000,0.000,0.00,0.00,against_bias
2025.10.29 13:05:00,pullback,-1,4021.707,0.000,0.000,0.000,0.00,0.00,against_bias
2025.10.29 13:40:00,pullback,-1,4009.851,0.000,0.000,0.000,0.00,0.00,against_bias
2025.10.29 15:50:00,pullback,-1,4001.914,0.000,0.000,0.000,0.00,0.00,against_bias
2025.10.30 07:00:00,pullback,1,3970.813,3955.920,0.000,0.000,0.00,0.00,no_room
2025.10.30 09:05:00,pullback,1,3977.241,3955.290,0.000,0.000,0.00,0.00,no_room
2025.10.30 10:25:00,pullback,-1,3992.646,0.000,0.000,0.000,0.00,0.00,against_bias
2025.10.30 11:20:00,pullback,-1,3973.717,0.000,0.000,0.000,0.00,0.00,against_bias
2025.10.30 12:05:00,pullback,1,3976.524,3963.456,0.000,0.000,0.00,0.00,no_room
2025.10.30 13:00:00,pullback,-1,3966.637,3986.339,0.000,0.000,0.00,0.00,no_room
2025.10.30 13:55:00,pullback,1,3977.900,0.000,0.000,0.000,0.00,0.00,against_bias
2025.10.30 15:45:00,pullback,1,4003.606,3994.009,0.000,0.000,0.00,0.00,no_room
2025.10.31 07:05:00,pullback,1,4015.115,0.000,0.000,0.000,0.00,0.00,against_bias
2025.10.31 08:10:00,pullback,1,4025.306,0.000,0.000,0.000,0.00,0.00,against_bias
2025.10.31 08:55:00,pullback,-1,4018.382,4027.393,0.000,0.000,0.00,0.00,no_room
2025.10.31 09:20:00,pullback,-1,4006.614,4026.462,0.000,0.000,0.00,0.00,no_room
2025.10.31 10:00:00,pullback,1,4007.003,0.000,0.000,0.000,0.00,0.00,against_bias
2025.10.31 11:35:00,pullback,-1,4003.540,4010.035,0.000,0.000,0.00,0.00,no_room
2025.10.31 12:00:00,pullback,1,4009.638,0.000,0.000,0.000,0.00,0.00,against_bias
2025.10.31 13:40:00,pullback,-1,4020.379,0.000,0.000,0.000,0.00,0.00,against_bias
2025.11.03 07:05:00,pullback,1,4018.777,4012.652,0.000,0.000,0.00,0.00,no_room
2025.11.03 08:00:00,pullback,1,4023.646,4013.109,0.000,0.000,0.00,0.00,no_room
2025.11.03 09:30:00,pullback,-1,4011.152,0.000,0.000,0.000,0.00,0.00,against_bias
2025.11.03 11:20:00,pullback,1,4001.346,0.000,0.000,0.000,0.00,0.00,against_bias
2025.11.03 12:35:00,pullback,1,4008.674,0.000,0.000,0.000,0.00,0.00,against_bias
2025.11.03 14:30:00,pullback,-1,4012.534,4021.328,0.000,0.000,0.00,0.00,no_room
2025.11.03 14:50:00,pullback,1,4020.439,0.000,0.000,0.000,0.00,0.00,against_bias
2025.11.04 07:20:00,pullback,1,3987.147,0.000,0.000,0.000,0.00,0.00,against_bias
2025.11.04 08:05:00,pullback,1,3996.438,0.000,0.000,0.000,0.00,0.00,against_bias
2025.11.04 08:30:00,pullback,1,3999.325,3966.310,0.000,0.000,0.00,0.00,no_room
2025.11.04 10:05:00,pullback,-1,3991.172,0.000,0.000,0.000,0.00,0.00,against_bias
2025.11.04 11:50:00,pullback,1,3995.855,3991.280,0.000,0.000,0.00,0.00,no_room
2025.11.04 12:30:00,pullback,-1,3991.839,0.000,0.000,0.000,0.00,0.00,against_bias
2025.11.04 13:15:00,pullback,1,3992.490,0.000,0.000,0.000,0.00,0.00,against_bias
2025.11.04 13:35:00,pullback,-1,3983.430,3996.567,0.000,0.000,0.00,0.00,no_room
2025.11.04 14:30:00,pullback,-1,3964.296,3996.798,0.000,0.000,0.00,0.00,no_room
2025.11.04 15:40:00,pullback,1,3959.810,0.000,0.000,0.000,0.00,0.00,against_bias
2025.11.05 07:40:00,pullback,1,3969.704,3963.268,0.000,0.000,0.00,0.00,no_room
2025.11.05 09:15:00,pullback,-1,3978.235,0.000,0.000,0.000,0.00,0.00,against_bias
2025.11.05 10:05:00,pullback,-1,3963.519,0.000,0.000,0.000,0.00,0.00,against_bias
2025.11.05 10:50:00,pullback,1,3967.272,3955.641,0.000,0.000,0.00,0.00,no_room
2025.11.05 11:25:00,pullback,-1,3960.483,3970.621,0.000,0.000,0.00,0.00,no_room
2025.11.05 13:10:00,pullback,1,3969.910,0.000,0.000,0.000,0.00,0.00,against_bias
2025.11.05 13:55:00,pullback,1,3977.556,0.000,0.000,0.000,0.00,0.00,against_bias
2025.11.06 07:00:00,pullback,1,3989.883,3984.711,0.000,0.000,0.00,0.00,no_room
2025.11.06 08:20:00,pullback,1,4009.616,3981.816,0.000,0.000,0.00,0.00,no_room
2025.11.06 10:05:00,pullback,-1,4010.773,0.000,0.000,0.000,0.00,0.00,against_bias
2025.11.06 11:35:00,pullback,1,4010.652,4004.008,0.000,0.000,0.00,0.00,no_room
2025.11.06 12:55:00,pullback,-1,4006.901,0.000,0.000,0.000,0.00,0.00,against_bias
2025.11.06 14:20:00,pullback,-1,4002.899,0.000,0.000,0.000,0.00,0.00,against_bias
2025.11.06 15:05:00,pullback,-1,3988.840,4003.757,0.000,0.000,0.00,0.00,no_room
2025.11.07 09:00:00,pullback,1,4008.810,4003.320,0.000,0.000,0.00,0.00,no_room
2025.11.07 11:05:00,pullback,1,4009.405,4002.822,0.000,0.000,0.00,0.00,no_room
2025.11.07 11:25:00,pullback,-1,4003.119,0.000,0.000,0.000,0.00,0.00,against_bias
2025.11.07 12:50:00,pullback,-1,3993.655,0.000,0.000,0.000,0.00,0.00,against_bias
2025.11.07 14:15:00,pullback,1,4002.003,3991.333,0.000,0.000,0.00,0.00,no_room
2025.11.07 14:35:00,pullback,-1,3995.420,0.000,0.000,0.000,0.00,0.00,against_bias
2025.11.07 15:45:00,pullback,-1,3987.889,3999.817,0.000,0.000,0.00,0.00,no_room
2025.11.10 08:10:00,pullback,1,4079.165,4071.681,0.000,0.000,0.00,0.00,no_room
2025.11.10 08:40:00,pullback,1,4083.301,4074.414,0.000,0.000,0.00,0.00,no_room
2025.11.10 09:40:00,pullback,1,4083.481,4071.152,0.000,0.000,0.00,0.00,no_room
2025.11.10 10:50:00,pullback,-1,4077.498,0.000,0.000,0.000,0.00,0.00,against_bias
2025.11.10 11:40:00,pullback,1,4082.236,4075.430,0.000,0.000,0.00,0.00,no_room
2025.11.10 13:55:00,pullback,-1,4093.592,0.000,0.000,0.000,0.00,0.00,against_bias
2025.11.11 07:05:00,pullback,-1,4126.799,0.000,0.000,0.000,0.00,0.00,against_bias
2025.11.11 08:05:00,pullback,1,4133.261,4125.681,0.000,0.000,0.00,0.00,no_room
2025.11.11 09:05:00,pullback,1,4137.718,4128.661,0.000,0.000,0.00,0.00,no_room
2025.11.11 12:15:00,pullback,-1,4139.086,0.000,0.000,0.000,0.00,0.00,against_bias
2025.11.11 12:55:00,pullback,-1,4136.555,0.000,0.000,0.000,0.00,0.00,against_bias
2025.11.11 13:25:00,pullback,1,4141.780,0.000,0.000,0.000,0.00,0.00,against_bias
2025.11.11 14:25:00,pullback,-1,4133.217,4147.065,0.000,0.000,0.00,0.00,no_room
2025.11.12 07:10:00,pullback,1,4119.062,4112.726,0.000,0.000,0.00,0.00,no_room
2025.11.12 08:25:00,pullback,1,4125.318,4112.875,0.000,0.000,0.00,0.00,no_room
2025.11.12 11:10:00,pullback,1,4128.527,4117.725,0.000,0.000,0.00,0.00,no_room
2025.11.12 12:15:00,pullback,1,4128.987,4123.373,0.000,0.000,0.00,0.00,no_room
2025.11.12 13:20:00,pullback,-1,4123.698,0.000,0.000,0.000,0.00,0.00,against_bias
2025.11.12 14:05:00,pullback,1,4132.656,4122.289,0.000,0.000,0.00,0.00,no_room
2025.11.12 14:55:00,pullback,1,4138.027,4124.522,0.000,0.000,0.00,0.00,no_room
2025.11.13 07:25:00,pullback,1,4212.030,4204.781,0.000,0.000,0.00,0.00,no_room
2025.11.13 08:00:00,pullback,1,4219.017,4208.105,0.000,0.000,0.00,0.00,no_room
2025.11.13 09:30:00,pullback,-1,4227.746,0.000,0.000,0.000,0.00,0.00,against_bias
2025.11.13 11:00:00,pullback,-1,4227.632,0.000,0.000,0.000,0.00,0.00,against_bias
2025.11.13 13:00:00,pullback,1,4240.261,4230.221,0.000,0.000,0.00,0.00,no_room
2025.11.13 13:10:00,pullback,-1,4230.569,0.000,0.000,0.000,0.00,0.00,against_bias
2025.11.13 13:35:00,pullback,-1,4225.906,0.000,0.000,0.000,0.00,0.00,against_bias
2025.11.13 14:10:00,pullback,-1,4220.174,0.000,0.000,0.000,0.00,0.00,against_bias
2025.11.14 07:25:00,pullback,-1,4169.242,4177.958,0.000,0.000,0.00,0.00,no_room
2025.11.14 07:50:00,pullback,1,4177.339,0.000,0.000,0.000,0.00,0.00,against_bias
2025.11.14 09:05:00,pullback,-1,4173.053,4187.596,0.000,0.000,0.00,0.00,no_room
2025.11.14 09:35:00,pullback,-1,4168.101,4181.056,0.000,0.000,0.00,0.00,no_room
2025.11.14 10:15:00,pullback,-1,4166.491,4172.220,0.000,0.000,0.00,0.00,no_room
2025.11.14 10:35:00,pullback,-1,4162.655,4172.168,0.000,0.000,0.00,0.00,no_room
2025.11.14 11:15:00,pullback,-1,4159.358,4171.586,0.000,0.000,0.00,0.00,no_room
2025.11.14 11:55:00,pullback,-1,4141.839,4171.718,0.000,0.000,0.00,0.00,no_room
2025.11.14 13:15:00,pullback,-1,4107.233,4120.652,0.000,0.000,0.00,0.00,no_room
2025.11.14 15:50:00,pullback,1,4083.906,0.000,0.000,0.000,0.00,0.00,against_bias
2025.11.17 07:15:00,pullback,1,4071.878,0.000,0.000,0.000,0.00,0.00,against_bias
2025.11.17 10:50:00,pullback,-1,4078.899,4089.957,0.000,0.000,0.00,0.00,no_room
2025.11.17 11:40:00,pullback,1,4073.746,0.000,0.000,0.000,0.00,0.00,against_bias
2025.11.17 13:05:00,pullback,1,4085.287,0.000,0.000,0.000,0.00,0.00,against_bias
2025.11.17 13:40:00,pullback,-1,4074.954,4092.855,0.000,0.000,0.00,0.00,no_room
2025.11.17 15:20:00,pullback,-1,4064.119,4082.779,0.000,0.000,0.00,0.00,no_room
2025.11.18 07:05:00,pullback,-1,4007.567,4016.181,0.000,0.000,0.00,0.00,no_room
2025.11.18 07:45:00,pullback,1,4010.906,0.000,0.000,0.000,0.00,0.00,against_bias
2025.11.18 08:35:00,pullback,1,4026.959,0.000,0.000,0.000,0.00,0.00,against_bias
2025.11.18 09:55:00,pullback,1,4040.042,4029.674,0.000,0.000,0.00,0.00,no_room
2025.11.18 10:50:00,pullback,1,4047.210,4036.971,0.000,0.000,0.00,0.00,no_room
2025.11.18 12:25:00,pullback,-1,4036.966,0.000,0.000,0.000,0.00,0.00,against_bias
2025.11.18 13:05:00,pullback,1,4040.012,4031.405,0.000,0.000,0.00,0.00,no_room
2025.11.18 13:25:00,pullback,1,4046.330,4028.484,0.000,0.000,0.00,0.00,no_room
2025.11.19 07:10:00,pullback,-1,4089.147,0.000,0.000,0.000,0.00,0.00,against_bias
2025.11.19 08:10:00,pullback,-1,4084.857,0.000,0.000,0.000,0.00,0.00,against_bias
2025.11.19 09:15:00,pullback,1,4088.759,4079.715,0.000,0.000,0.00,0.00,no_room
2025.11.19 09:45:00,pullback,1,4092.058,4079.708,0.000,0.000,0.00,0.00,no_room
2025.11.19 11:00:00,pullback,-1,4110.126,0.000,0.000,0.000,0.00,0.00,against_bias
2025.11.19 13:05:00,pullback,-1,4112.184,0.000,0.000,0.000,0.00,0.00,against_bias
2025.11.19 15:00:00,pullback,1,4118.792,4101.169,0.000,0.000,0.00,0.00,no_room
2025.11.19 15:50:00,pullback,-1,4109.176,0.000,0.000,0.000,0.00,0.00,against_bias
2025.11.20 07:10:00,pullback,1,4072.177,0.000,0.000,0.000,0.00,0.00,against_bias
2025.11.20 07:45:00,pullback,-1,4060.128,4077.225,0.000,0.000,0.00,0.00,no_room
2025.11.20 09:00:00,pullback,1,4063.152,0.000,0.000,0.000,0.00,0.00,against_bias
2025.11.20 11:05:00,pullback,-1,4058.119,4067.411,0.000,0.000,0.00,0.00,no_room
2025.11.20 12:10:00,pullback,1,4068.420,0.000,0.000,0.000,0.00,0.00,against_bias
2025.11.20 13:00:00,pullback,1,4079.480,4055.952,0.000,0.000,0.00,0.00,no_room
2025.11.20 14:45:00,pullback,1,4088.564,4070.929,0.000,0.000,0.00,0.00,no_room
2025.11.20 15:35:00,pullback,-1,4082.519,0.000,0.000,0.000,0.00,0.00,against_bias
2025.11.21 08:30:00,pullback,1,4039.836,0.000,0.000,0.000,0.00,0.00,against_bias
2025.11.21 09:15:00,pullback,1,4048.199,0.000,0.000,0.000,0.00,0.00,against_bias
2025.11.21 10:30:00,pullback,-1,4038.658,4064.292,0.000,0.000,0.00,0.00,no_room
2025.11.21 11:55:00,pullback,-1,4032.349,4047.381,0.000,0.000,0.00,0.00,no_room
2025.11.21 12:35:00,pullback,1,4046.888,0.000,0.000,0.000,0.00,0.00,against_bias
2025.11.21 13:45:00,pullback,1,4071.891,4058.460,0.000,0.000,0.00,0.00,no_room
2025.11.21 15:40:00,pullback,-1,4066.390,0.000,0.000,0.000,0.00,0.00,against_bias
2025.11.24 07:35:00,pullback,1,4057.585,0.000,0.000,0.000,0.00,0.00,against_bias
2025.11.24 09:10:00,pullback,1,4067.034,4059.165,0.000,0.000,0.00,0.00,no_room
2025.11.24 10:05:00,pullback,1,4072.889,4066.341,0.000,0.000,0.00,0.00,no_room
2025.11.24 11:00:00,pullback,-1,4065.542,0.000,0.000,0.000,0.00,0.00,against_bias
2025.11.24 12:35:00,pullback,1,4074.292,4065.314,0.000,0.000,0.00,0.00,no_room
2025.11.24 14:40:00,pullback,-1,4073.686,0.000,0.000,0.000,0.00,0.00,against_bias
2025.11.24 15:05:00,pullback,1,4083.122,4067.803,0.000,0.000,0.00,0.00,no_room
2025.11.25 07:30:00,pullback,-1,4138.542,4146.469,0.000,0.000,0.00,0.00,no_room
2025.11.25 08:35:00,pullback,-1,4130.277,4139.983,0.000,0.000,0.00,0.00,no_room
2025.11.25 10:05:00,pullback,1,4131.381,0.000,0.000,0.000,0.00,0.00,against_bias
2025.11.25 11:05:00,pullback,-1,4128.224,4135.159,0.000,0.000,0.00,0.00,no_room
2025.11.25 12:20:00,pullback,1,4137.378,0.000,0.000,0.000,0.00,0.00,against_bias
2025.11.25 12:45:00,pullback,-1,4127.524,4139.174,0.000,0.000,0.00,0.00,no_room
2025.11.25 13:10:00,pullback,1,4136.998,0.000,0.000,0.000,0.00,0.00,against_bias
2025.11.25 14:50:00,pullback,-1,4115.964,0.000,0.000,0.000,0.00,0.00,against_bias
2025.11.26 07:40:00,pullback,1,4154.848,0.000,0.000,0.000,0.00,0.00,against_bias
2025.11.26 10:05:00,pullback,1,4163.963,0.000,0.000,0.000,0.00,0.00,against_bias
2025.11.26 10:50:00,pullback,-1,4157.723,4165.540,0.000,0.000,0.00,0.00,no_room
2025.11.26 11:35:00,pullback,1,4165.209,0.000,0.000,0.000,0.00,0.00,against_bias
2025.11.26 12:30:00,pullback,-1,4166.129,0.000,0.000,0.000,0.00,0.00,against_bias
2025.11.26 14:10:00,pullback,-1,4148.767,4167.236,0.000,0.000,0.00,0.00,no_room
2025.11.26 15:20:00,pullback,1,4154.315,0.000,0.000,0.000,0.00,0.00,against_bias
2025.11.27 08:15:00,pullback,1,4162.288,0.000,0.000,0.000,0.00,0.00,against_bias
2025.11.27 09:15:00,pullback,-1,4157.412,4167.446,0.000,0.000,0.00,0.00,no_room
2025.11.27 11:45:00,pullback,1,4160.727,0.000,0.000,0.000,0.00,0.00,against_bias
2025.11.27 12:45:00,pullback,-1,4156.045,4162.723,0.000,0.000,0.00,0.00,no_room
2025.11.27 14:15:00,pullback,1,4158.023,0.000,0.000,0.000,0.00,0.00,against_bias
2025.11.27 15:25:00,pullback,1,4159.051,0.000,0.000,0.000,0.00,0.00,against_bias
2025.11.28 07:35:00,pullback,-1,4181.704,0.000,0.000,0.000,0.00,0.00,against_bias
2025.11.28 13:15:00,pullback,-1,4173.552,0.000,0.000,0.000,0.00,0.00,against_bias
2025.11.28 14:00:00,pullback,1,4178.440,4168.516,0.000,0.000,0.00,0.00,no_room
2025.12.01 07:35:00,pullback,1,4240.535,0.000,0.000,0.000,0.00,0.00,against_bias
2025.12.01 08:00:00,pullback,1,4243.267,0.000,0.000,0.000,0.00,0.00,against_bias
2025.12.01 10:05:00,pullback,1,4251.701,4238.048,0.000,0.000,0.00,0.00,no_room
2025.12.01 11:45:00,pullback,1,4257.808,4247.988,0.000,0.000,0.00,0.00,no_room
2025.12.01 13:00:00,pullback,-1,4247.463,0.000,0.000,0.000,0.00,0.00,against_bias
2025.12.01 13:30:00,pullback,1,4256.093,4243.808,0.000,0.000,0.00,0.00,no_room
2025.12.01 14:40:00,pullback,-1,4238.560,0.000,0.000,0.000,0.00,0.00,against_bias
2025.12.02 07:20:00,pullback,1,4215.310,0.000,0.000,0.000,0.00,0.00,against_bias
2025.12.02 09:20:00,pullback,-1,4207.135,4217.589,0.000,0.000,0.00,0.00,no_room
2025.12.02 11:20:00,pullback,1,4189.792,0.000,0.000,0.000,0.00,0.00,against_bias
2025.12.02 12:55:00,pullback,1,4208.084,0.000,0.000,0.000,0.00,0.00,against_bias
2025.12.02 14:05:00,pullback,1,4215.271,0.000,0.000,0.000,0.00,0.00,against_bias
2025.12.02 15:20:00,pullback,-1,4202.760,0.000,0.000,0.000,0.00,0.00,against_bias
2025.12.03 07:25:00,pullback,-1,4204.707,4210.544,0.000,0.000,0.00,0.00,no_room
2025.12.03 08:45:00,pullback,1,4208.207,0.000,0.000,0.000,0.00,0.00,against_bias
2025.12.03 09:10:00,pullback,-1,4203.746,4210.666,0.000,0.000,0.00,0.00,no_room
2025.12.03 10:15:00,pullback,-1,4196.979,4210.647,0.000,0.000,0.00,0.00,no_room
2025.12.03 10:30:00,pullback,1,4202.573,0.000,0.000,0.000,0.00,0.00,against_bias
2025.12.03 11:30:00,pullback,1,4204.853,0.000,0.000,0.000,0.00,0.00,against_bias
2025.12.03 12:00:00,pullback,1,4207.212,0.000,0.000,0.000,0.00,0.00,against_bias
2025.12.03 12:40:00,pullback,1,4210.589,0.000,0.000,0.000,0.00,0.00,against_bias
2025.12.03 13:10:00,pullback,1,4214.306,4204.818,0.000,0.000,0.00,0.00,no_room
2025.12.03 13:45:00,pullback,1,4223.017,4210.947,0.000,0.000,0.00,0.00,no_room
2025.12.03 14:55:00,pullback,-1,4218.564,0.000,0.000,0.000,0.00,0.00,against_bias
2025.12.04 09:00:00,pullback,-1,4189.889,4196.755,0.000,0.000,0.00,0.00,no_room
2025.12.04 09:45:00,pullback,1,4196.387,0.000,0.000,0.000,0.00,0.00,against_bias
2025.12.04 10:55:00,pullback,-1,4197.950,4202.940,0.000,0.000,0.00,0.00,no_room
2025.12.04 11:10:00,pullback,1,4201.915,0.000,0.000,0.000,0.00,0.00,against_bias
2025.12.04 12:05:00,pullback,-1,4197.211,4206.852,0.000,0.000,0.00,0.00,no_room
2025.12.04 12:35:00,pullback,-1,4193.522,4202.120,0.000,0.000,0.00,0.00,no_room
2025.12.04 13:15:00,pullback,-1,4188.716,4202.185,0.000,0.000,0.00,0.00,no_room
2025.12.04 14:00:00,pullback,1,4196.915,0.000,0.000,0.000,0.00,0.00,against_bias
2025.12.04 15:35:00,pullback,1,4208.215,4190.611,0.000,0.000,0.00,0.00,no_room
2025.12.05 07:30:00,pullback,1,4229.339,4223.421,0.000,0.000,0.00,0.00,no_room
2025.12.05 07:55:00,pullback,-1,4223.688,0.000,0.000,0.000,0.00,0.00,against_bias
2025.12.05 09:00:00,pullback,-1,4220.806,0.000,0.000,0.000,0.00,0.00,against_bias
2025.12.05 10:25:00,pullback,1,4226.148,4222.915,0.000,0.000,0.00,0.00,no_room
2025.12.05 11:00:00,pullback,-1,4223.172,0.000,0.000,0.000,0.00,0.00,against_bias
2025.12.05 12:05:00,pullback,1,4224.253,4220.245,0.000,0.000,0.00,0.00,no_room
2025.12.05 13:35:00,pullback,1,4233.429,4221.140,0.000,0.000,0.00,0.00,no_room
2025.12.05 14:50:00,pullback,1,4239.557,4229.424,0.000,0.000,0.00,0.00,no_room
2025.12.05 15:30:00,pullback,1,4245.686,4233.632,0.000,0.000,0.00,0.00,no_room
2025.12.08 07:15:00,pullback,-1,4215.059,0.000,0.000,0.000,0.00,0.00,against_bias
2025.12.08 07:40:00,pullback,-1,4212.557,0.000,0.000,0.000,0.00,0.00,against_bias
2025.12.08 10:30:00,pullback,-1,4206.106,0.000,0.000,0.000,0.00,0.00,against_bias
2025.12.08 11:40:00,pullback,1,4212.766,4199.281,0.000,0.000,0.00,0.00,no_room
2025.12.08 12:55:00,pullback,1,4212.961,4209.140,0.000,0.000,0.00,0.00,no_room
2025.12.08 13:05:00,pullback,-1,4209.403,0.000,0.000,0.000,0.00,0.00,against_bias
2025.12.08 14:15:00,pullback,1,4206.490,4199.975,0.000,0.000,0.00,0.00,no_room
2025.12.08 15:00:00,pullback,-1,4197.348,4212.199,0.000,0.000,0.00,0.00,no_room
2025.12.09 07:10:00,pullback,1,4184.000,0.000,0.000,0.000,0.00,0.00,against_bias
2025.12.09 08:05:00,pullback,1,4185.866,0.000,0.000,0.000,0.00,0.00,against_bias
2025.12.09 08:45:00,pullback,1,4189.327,0.000,0.000,0.000,0.00,0.00,against_bias
2025.12.09 12:20:00,pullback,-1,4201.200,0.000,0.000,0.000,0.00,0.00,against_bias
2025.12.09 12:55:00,pullback,1,4206.468,4198.256,0.000,0.000,0.00,0.00,no_room
2025.12.09 13:35:00,pullback,-1,4198.515,0.000,0.000,0.000,0.00,0.00,against_bias
2025.12.09 14:15:00,pullback,-1,4195.763,0.000,0.000,0.000,0.00,0.00,against_bias
2025.12.09 14:45:00,pullback,1,4203.414,4188.876,0.000,0.000,0.00,0.00,no_room
2025.12.10 07:55:00,pullback,-1,4204.647,4209.725,0.000,0.000,0.00,0.00,no_room
2025.12.10 08:45:00,pullback,-1,4200.090,4206.879,0.000,0.000,0.00,0.00,no_room
2025.12.10 09:55:00,pullback,-1,4194.444,4206.877,0.000,0.000,0.00,0.00,no_room
2025.12.10 12:00:00,pullback,1,4196.378,0.000,0.000,0.000,0.00,0.00,against_bias
2025.12.10 13:00:00,pullback,-1,4196.678,4199.502,0.000,0.000,0.00,0.00,sl_too_tight
2025.12.10 13:45:00,pullback,1,4200.294,0.000,0.000,0.000,0.00,0.00,against_bias
2025.12.10 14:30:00,pullback,-1,4198.999,4207.519,0.000,0.000,0.00,0.00,no_room
2025.12.11 07:45:00,pullback,1,4215.447,0.000,0.000,0.000,0.00,0.00,against_bias
2025.12.11 08:40:00,pullback,1,4217.876,0.000,0.000,0.000,0.00,0.00,against_bias
2025.12.11 09:05:00,pullback,-1,4213.508,4219.946,0.000,0.000,0.00,0.00,no_room
2025.12.11 09:50:00,pullback,1,4219.628,0.000,0.000,0.000,0.00,0.00,against_bias
2025.12.11 11:35:00,pullback,-1,4214.056,4219.480,0.000,0.000,0.00,0.00,no_room
2025.12.11 12:25:00,pullback,1,4215.497,0.000,0.000,0.000,0.00,0.00,against_bias
2025.12.11 13:00:00,pullback,1,4220.366,0.000,0.000,0.000,0.00,0.00,against_bias
2025.12.11 14:10:00,pullback,1,4222.518,0.000,0.000,0.000,0.00,0.00,against_bias
2025.12.11 15:35:00,pullback,1,4244.470,4225.508,0.000,0.000,0.00,0.00,no_room
2025.12.12 07:35:00,pullback,1,4288.879,4276.378,0.000,0.000,0.00,0.00,no_room
2025.12.12 08:05:00,pullback,1,4290.557,4283.909,4298.402,4306.246,4.54,4.54,signal
2025.12.12 09:55:00,pullback,1,4317.964,4306.705,0.000,0.000,0.00,0.00,no_room
2025.12.12 12:45:00,pullback,-1,4330.063,0.000,0.000,0.000,0.00,0.00,against_bias
2025.12.12 13:35:00,pullback,1,4339.041,4320.842,0.000,0.000,0.00,0.00,no_room
2025.12.12 14:55:00,pullback,1,4345.032,4330.028,0.000,0.000,0.00,0.00,no_room
2025.12.12 15:20:00,pullback,-1,4330.681,0.000,0.000,0.000,0.00,0.00,against_bias
2025.12.15 07:05:00,pullback,-1,4341.867,0.000,0.000,0.000,0.00,0.00,against_bias
2025.12.15 07:40:00,pullback,-1,4340.720,0.000,0.000,0.000,0.00,0.00,against_bias
2025.12.15 08:30:00,pullback,1,4344.623,4338.591,0.000,0.000,0.00,0.00,no_room
2025.12.15 09:15:00,pullback,1,4349.083,4338.635,0.000,0.000,0.00,0.00,no_room
2025.12.15 09:55:00,pullback,-1,4343.364,0.000,0.000,0.000,0.00,0.00,against_bias
2025.12.15 10:35:00,pullback,-1,4340.702,0.000,0.000,0.000,0.00,0.00,against_bias
2025.12.15 11:10:00,pullback,-1,4337.725,0.000,0.000,0.000,0.00,0.00,against_bias
2025.12.15 11:55:00,pullback,1,4342.305,4335.088,0.000,0.000,0.00,0.00,no_room
2025.12.15 12:30:00,pullback,1,4345.752,4335.129,0.000,0.000,0.00,0.00,no_room
2025.12.15 14:00:00,pullback,-1,4335.712,4347.720,0.000,0.000,0.00,0.00,no_room
2025.12.15 14:55:00,pullback,-1,4320.636,4336.044,0.000,0.000,0.00,0.00,no_room
2025.12.16 08:20:00,pullback,-1,4279.496,4289.926,0.000,0.000,0.00,0.00,no_room
2025.12.16 09:50:00,pullback,-1,4281.107,4287.170,0.000,0.000,0.00,0.00,no_room
2025.12.16 10:35:00,pullback,-1,4276.642,4284.670,0.000,0.000,0.00,0.00,no_room
2025.12.16 12:10:00,pullback,1,4279.629,0.000,0.000,0.000,0.00,0.00,against_bias
2025.12.16 14:00:00,pullback,1,4312.806,4290.290,0.000,0.000,0.00,0.00,no_room
2025.12.16 15:10:00,pullback,1,4332.005,4320.956,0.000,0.000,0.00,0.00,no_room
2025.12.16 15:20:00,pullback,-1,4321.646,0.000,0.000,0.000,0.00,0.00,against_bias
2025.12.17 07:45:00,pullback,-1,4319.472,0.000,0.000,0.000,0.00,0.00,against_bias
2025.12.17 08:10:00,pullback,-1,4315.555,0.000,0.000,0.000,0.00,0.00,against_bias
2025.12.17 09:10:00,pullback,1,4321.003,4312.706,0.000,0.000,0.00,0.00,no_room
2025.12.17 10:35:00,pullback,-1,4316.001,0.000,0.000,0.000,0.00,0.00,against_bias
2025.12.17 12:20:00,pullback,1,4318.832,4314.910,4323.023,4327.213,7.83,7.83,signal
2025.12.17 12:25:00,pullback,1,4318.832,0.000,4323.023,0.000,0.00,0.00,missed_move
2025.12.17 13:10:00,pullback,1,4323.287,4314.624,0.000,0.000,0.00,0.00,no_room
2025.12.17 15:35:00,pullback,1,4345.293,4332.071,0.000,0.000,0.00,0.00,no_room
2025.12.17 15:45:00,pullback,-1,4332.858,0.000,0.000,0.000,0.00,0.00,against_bias
2025.12.18 07:10:00,pullback,-1,4332.044,4336.398,0.000,0.000,0.00,0.00,no_room
2025.12.18 07:30:00,pullback,1,4334.863,0.000,0.000,0.000,0.00,0.00,against_bias
2025.12.18 08:05:00,pullback,-1,4330.022,4338.020,0.000,0.000,0.00,0.00,no_room
2025.12.18 09:55:00,pullback,-1,4321.799,4338.018,0.000,0.000,0.00,0.00,no_room
2025.12.18 10:45:00,pullback,1,4325.939,0.000,0.000,0.000,0.00,0.00,against_bias
2025.12.18 11:10:00,pullback,1,4327.562,0.000,0.000,0.000,0.00,0.00,against_bias
2025.12.18 12:05:00,pullback,-1,4324.072,4328.863,0.000,0.000,0.00,0.00,no_room
2025.12.18 13:15:00,pullback,-1,4317.162,4328.969,0.000,0.000,0.00,0.00,no_room
2025.12.18 13:35:00,pullback,1,4324.256,0.000,0.000,0.000,0.00,0.00,against_bias
2025.12.18 14:30:00,pullback,-1,4333.138,0.000,0.000,0.000,0.00,0.00,against_bias
2025.12.18 15:35:00,pullback,1,4337.005,0.000,0.000,0.000,0.00,0.00,against_bias
2025.12.19 07:35:00,pullback,1,4328.485,0.000,0.000,0.000,0.00,0.00,against_bias
2025.12.19 08:00:00,pullback,-1,4323.162,4329.799,0.000,0.000,0.00,0.00,no_room
2025.12.19 10:40:00,pullback,-1,4325.731,4332.056,0.000,0.000,0.00,0.00,no_room
2025.12.19 12:05:00,pullback,-1,4325.081,4329.983,0.000,0.000,0.00,0.00,no_room
2025.12.19 13:10:00,pullback,1,4328.982,0.000,0.000,0.000,0.00,0.00,against_bias
2025.12.19 14:25:00,pullback,-1,4327.665,0.000,0.000,0.000,0.00,0.00,against_bias
2025.12.19 14:40:00,pullback,1,4333.981,4324.639,0.000,0.000,0.00,0.00,no_room
2025.12.19 15:05:00,pullback,1,4338.024,4319.132,0.000,0.000,0.00,0.00,no_room
2025.12.22 08:40:00,pullback,-1,4409.862,0.000,0.000,0.000,0.00,0.00,against_bias
2025.12.22 10:05:00,pullback,1,4413.963,4405.890,0.000,0.000,0.00,0.00,no_room
2025.12.22 10:35:00,pullback,-1,4411.006,0.000,0.000,0.000,0.00,0.00,against_bias
2025.12.22 12:05:00,pullback,1,4411.698,4405.962,0.000,0.000,0.00,0.00,no_room
2025.12.22 12:55:00,pullback,1,4413.359,4407.321,0.000,0.000,0.00,0.00,no_room
2025.12.22 14:20:00,pullback,1,4427.043,4419.132,4442.866,4458.689,3.88,3.88,signal
2025.12.22 14:35:00,pullback,-1,4419.621,0.000,0.000,0.000,0.00,0.00,against_bias
2025.12.22 15:50:00,pullback,1,4429.383,4411.240,4465.669,4501.955,1.67,1.68,signal
2025.12.24 07:40:00,pullback,-1,4490.632,4495.061,4485.596,4480.560,7.07,7.07,signal
2025.12.24 09:00:00,pullback,-1,4482.469,4493.343,0.000,0.000,0.00,0.00,no_room
2025.12.24 09:50:00,pullback,1,4493.425,0.000,0.000,0.000,0.00,0.00,against_bias
2025.12.24 10:35:00,pullback,-1,4486.421,4500.327,0.000,0.000,0.00,0.00,no_room
2025.12.24 11:40:00,pullback,-1,4484.931,4491.001,0.000,0.000,0.00,0.00,no_room
2025.12.24 11:55:00,pullback,1,4490.648,0.000,0.000,0.000,0.00,0.00,against_bias
2025.12.24 13:20:00,pullback,-1,4483.082,4496.458,0.000,0.000,0.00,0.00,no_room
2025.12.24 14:40:00,pullback,-1,4474.508,4489.870,0.000,0.000,0.00,0.00,no_room
2025.12.24 15:45:00,pullback,-1,4460.347,4477.517,4431.572,4402.798,1.85,1.86,signal
2025.12.26 08:20:00,pullback,1,4515.753,4507.083,0.000,0.000,0.00,0.00,no_room
2025.12.26 09:00:00,pullback,1,4517.382,4512.875,0.000,0.000,0.00,0.00,no_room
2025.12.26 09:45:00,pullback,-1,4515.149,0.000,0.000,0.000,0.00,0.00,against_bias
2025.12.26 10:20:00,pullback,1,4518.802,4511.568,0.000,0.000,0.00,0.00,no_room
2025.12.26 11:05:00,pullback,-1,4511.850,0.000,0.000,0.000,0.00,0.00,against_bias
2025.12.26 13:20:00,pullback,1,4515.018,0.000,0.000,0.000,0.00,0.00,against_bias
2025.12.26 14:30:00,pullback,1,4527.028,4514.676,0.000,0.000,0.00,0.00,no_room
2025.12.26 15:35:00,pullback,1,4533.438,4512.057,4576.201,4618.963,1.47,1.48,signal
2025.12.29 08:15:00,pullback,1,4481.813,0.000,0.000,0.000,0.00,0.00,against_bias
2025.12.29 08:50:00,pullback,-1,4466.149,4489.366,0.000,0.000,0.00,0.00,no_room
2025.12.29 09:45:00,pullback,1,4468.977,0.000,0.000,0.000,0.00,0.00,against_bias
2025.12.29 10:45:00,pullback,-1,4460.214,4476.757,0.000,0.000,0.00,0.00,no_room
2025.12.29 11:40:00,pullback,-1,4455.927,4468.144,0.000,0.000,0.00,0.00,no_room
2025.12.29 13:45:00,pullback,-1,4434.210,4468.481,0.000,0.000,0.00,0.00,no_room
2025.12.29 14:35:00,pullback,-1,4386.125,4469.168,0.000,0.000,0.00,0.00,no_room
2025.12.29 15:05:00,pullback,-1,4356.544,4469.315,0.000,0.000,0.00,0.00,no_room
2025.12.30 07:40:00,pullback,1,4372.476,4358.651,0.000,0.000,0.00,0.00,no_room
2025.12.30 08:25:00,pullback,-1,4363.459,0.000,0.000,0.000,0.00,0.00,against_bias
2025.12.30 10:20:00,pullback,1,4376.425,4366.713,0.000,0.000,0.00,0.00,no_room
2025.12.30 12:15:00,pullback,1,4390.256,4380.822,0.000,0.000,0.00,0.00,no_room
2025.12.30 12:40:00,pullback,1,4399.261,4380.798,0.000,0.000,0.00,0.00,no_room
2025.12.30 13:45:00,pullback,-1,4381.208,0.000,0.000,0.000,0.00,0.00,against_bias
2025.12.30 14:30:00,pullback,1,4390.472,4375.432,0.000,0.000,0.00,0.00,no_room
2025.12.30 14:45:00,pullback,-1,4376.127,0.000,0.000,0.000,0.00,0.00,against_bias
2025.12.31 08:45:00,pullback,-1,4320.289,4333.522,0.000,0.000,0.00,0.00,no_room
2025.12.31 09:45:00,pullback,1,4333.067,4302.712,0.000,0.000,0.00,0.00,no_room
2025.12.31 12:20:00,pullback,-1,4307.801,0.000,0.000,0.000,0.00,0.00,against_bias
2025.12.31 12:45:00,pullback,1,4316.473,4302.621,0.000,0.000,0.00,0.00,no_room
2025.12.31 13:25:00,pullback,1,4318.143,4307.549,0.000,0.000,0.00,0.00,no_room
2025.12.31 15:10:00,pullback,-1,4332.911,0.000,0.000,0.000,0.00,0.00,against_bias
2026.01.02 07:10:00,pullback,-1,4373.522,0.000,0.000,0.000,0.00,0.00,against_bias
2026.01.02 07:35:00,pullback,1,4378.125,4373.183,0.000,0.000,0.00,0.00,no_room
2026.01.02 08:35:00,pullback,1,4386.599,4371.573,0.000,0.000,0.00,0.00,no_room
2026.01.02 09:25:00,pullback,-1,4386.210,0.000,0.000,0.000,0.00,0.00,against_bias
2026.01.02 10:40:00,pullback,1,4391.700,4384.240,0.000,0.000,0.00,0.00,no_room
2026.01.02 11:40:00,pullback,-1,4393.983,0.000,0.000,0.000,0.00,0.00,against_bias
2026.01.02 12:05:00,pullback,-1,4391.722,0.000,0.000,0.000,0.00,0.00,against_bias
2026.01.02 12:45:00,pullback,-1,4390.794,0.000,0.000,0.000,0.00,0.00,against_bias
2026.01.02 13:15:00,pullback,1,4398.330,4384.781,0.000,0.000,0.00,0.00,no_room
2026.01.02 13:25:00,pullback,-1,4385.177,0.000,0.000,0.000,0.00,0.00,against_bias
2026.01.02 14:35:00,pullback,-1,4361.783,4378.702,0.000,0.000,0.00,0.00,no_room
2026.01.02 15:05:00,pullback,-1,4348.143,4374.505,0.000,0.000,0.00,0.00,no_room
2026.01.05 07:45:00,pullback,1,4424.111,4416.391,4439.550,4454.990,4.04,4.04,signal
2026.01.05 12:45:00,pullback,-1,4411.073,0.000,0.000,0.000,0.00,0.00,against_bias
2026.01.05 13:30:00,pullback,-1,4405.439,4419.640,0.000,0.000,0.00,0.00,no_room
2026.01.05 14:05:00,pullback,1,4418.988,0.000,0.000,0.000,0.00,0.00,against_bias
2026.01.05 14:50:00,pullback,1,4429.678,0.000,0.000,0.000,0.00,0.00,against_bias
2026.01.06 07:10:00,pullback,1,4465.693,4449.044,0.000,0.000,0.00,0.00,no_room
2026.01.06 07:55:00,pullback,-1,4461.487,0.000,0.000,0.000,0.00,0.00,against_bias
2026.01.06 08:25:00,pullback,1,4466.451,4456.876,0.000,0.000,0.00,0.00,no_room
2026.01.06 09:05:00,pullback,-1,4464.538,0.000,0.000,0.000,0.00,0.00,against_bias
2026.01.06 09:50:00,pullback,-1,4452.226,0.000,0.000,0.000,0.00,0.00,against_bias
2026.01.06 11:35:00,pullback,1,4456.015,0.000,0.000,0.000,0.00,0.00,against_bias
2026.01.06 12:25:00,pullback,1,4464.805,0.000,0.000,0.000,0.00,0.00,against_bias
2026.01.06 13:20:00,pullback,1,4466.318,0.000,0.000,0.000,0.00,0.00,against_bias
2026.01.06 13:35:00,pullback,-1,4458.738,4471.028,0.000,0.000,0.00,0.00,no_room
2026.01.06 14:10:00,pullback,1,4470.587,0.000,0.000,0.000,0.00,0.00,against_bias
2026.01.07 07:50:00,pullback,1,4460.477,0.000,0.000,0.000,0.00,0.00,against_bias
2026.01.07 10:30:00,pullback,-1,4459.868,4466.000,0.000,0.000,0.00,0.00,no_room
2026.01.07 11:35:00,pullback,-1,4458.660,4468.170,0.000,0.000,0.00,0.00,no_room
2026.01.07 13:10:00,pullback,-1,4439.158,4455.742,0.000,0.000,0.00,0.00,no_room
2026.01.07 15:15:00,pullback,-1,4435.782,4453.860,0.000,0.000,0.00,0.00,no_room
2026.01.08 07:10:00,pullback,1,4437.619,0.000,0.000,0.000,0.00,0.00,against_bias
2026.01.08 07:50:00,pullback,-1,4430.707,4440.349,0.000,0.000,0.00,0.00,no_room
2026.01.08 10:10:00,pullback,-1,4429.134,4435.188,0.000,0.000,0.00,0.00,no_room
2026.01.08 12:00:00,pullback,-1,4422.964,4435.129,0.000,0.000,0.00,0.00,no_room
2026.01.08 13:25:00,pullback,1,4431.351,0.000,0.000,0.000,0.00,0.00,against_bias
2026.01.08 14:50:00,pullback,1,4436.309,0.000,0.000,0.000,0.00,0.00,against_bias
2026.01.08 15:50:00,pullback,1,4454.140,4442.640,0.000,0.000,0.00,0.00,no_room
2026.01.09 10:30:00,pullback,-1,4469.722,0.000,0.000,0.000,0.00,0.00,against_bias
2026.01.09 12:00:00,pullback,1,4474.800,4466.936,0.000,0.000,0.00,0.00,no_room
2026.01.09 12:30:00,pullback,-1,4468.615,0.000,0.000,0.000,0.00,0.00,against_bias
2026.01.09 13:35:00,pullback,1,4473.725,0.000,0.000,0.000,0.00,0.00,against_bias
2026.01.09 14:25:00,pullback,1,4491.969,4457.972,0.000,0.000,0.00,0.00,no_room
2026.01.09 15:10:00,pullback,1,4498.150,4478.416,0.000,0.000,0.00,0.00,no_room
2026.01.12 07:20:00,pullback,1,4585.100,4571.580,4600.842,4616.584,2.32,2.32,signal
2026.01.12 15:10:00,pullback,1,4611.490,4583.810,4666.851,4722.212,1.15,1.15,signal
2026.01.13 07:35:00,pullback,1,4585.248,0.000,0.000,0.000,0.00,0.00,against_bias
2026.01.13 07:55:00,pullback,-1,4578.804,4587.599,0.000,0.000,0.00,0.00,no_room
2026.01.13 08:10:00,pullback,1,4587.236,0.000,0.000,0.000,0.00,0.00,against_bias
2026.01.13 09:30:00,pullback,-1,4589.627,4596.060,0.000,0.000,0.00,0.00,no_room
2026.01.13 10:45:00,pullback,1,4586.357,0.000,0.000,0.000,0.00,0.00,against_bias
2026.01.13 11:45:00,pullback,1,4588.909,0.000,0.000,0.000,0.00,0.00,against_bias
2026.01.13 12:25:00,pullback,-1,4582.032,4592.351,0.000,0.000,0.00,0.00,no_room
2026.01.13 13:00:00,pullback,1,4592.030,0.000,0.000,0.000,0.00,0.00,against_bias
2026.01.13 14:25:00,pullback,1,4621.052,4606.644,0.000,0.000,0.00,0.00,no_room
2026.01.13 14:45:00,pullback,1,4623.840,4606.637,0.000,0.000,0.00,0.00,no_room
2026.01.13 15:20:00,pullback,-1,4611.572,0.000,0.000,0.000,0.00,0.00,against_bias
2026.01.14 07:00:00,pullback,1,4635.443,4625.549,0.000,0.000,0.00,0.00,no_room
2026.01.14 08:05:00,pullback,-1,4631.374,0.000,0.000,0.000,0.00,0.00,against_bias
2026.01.14 09:10:00,pullback,1,4637.912,4621.518,0.000,0.000,0.00,0.00,no_room
2026.01.14 11:30:00,pullback,-1,4630.251,0.000,0.000,0.000,0.00,0.00,against_bias
2026.01.14 12:25:00,pullback,1,4637.518,4625.527,0.000,0.000,0.00,0.00,no_room
2026.01.14 14:40:00,pullback,-1,4624.312,0.000,0.000,0.000,0.00,0.00,against_bias
2026.01.15 07:20:00,pullback,1,4612.104,0.000,0.000,0.000,0.00,0.00,against_bias
2026.01.15 07:40:00,pullback,-1,4605.890,4614.014,0.000,0.000,0.00,0.00,no_room
2026.01.15 08:45:00,pullback,1,4606.288,0.000,0.000,0.000,0.00,0.00,against_bias
2026.01.15 09:40:00,pullback,1,4607.150,0.000,0.000,0.000,0.00,0.00,against_bias
2026.01.15 11:40:00,pullback,1,4621.622,4617.043,4629.904,4638.185,6.90,6.90,signal
2026.01.15 11:50:00,pullback,-1,4617.322,0.000,0.000,0.000,0.00,0.00,against_bias
2026.01.15 12:15:00,pullback,-1,4615.404,0.000,0.000,0.000,0.00,0.00,against_bias
2026.01.15 12:55:00,pullback,-1,4613.901,0.000,0.000,0.000,0.00,0.00,against_bias
2026.01.15 14:55:00,pullback,1,4611.925,0.000,0.000,0.000,0.00,0.00,against_bias
2026.01.16 08:45:00,pullback,-1,4604.708,4611.094,0.000,0.000,0.00,0.00,no_room
2026.01.16 09:30:00,pullback,-1,4601.344,4608.817,0.000,0.000,0.00,0.00,no_room
2026.01.16 10:05:00,pullback,1,4603.518,0.000,0.000,0.000,0.00,0.00,against_bias
2026.01.16 11:30:00,pullback,1,4611.170,0.000,0.000,0.000,0.00,0.00,against_bias
2026.01.16 13:10:00,pullback,-1,4598.593,4613.436,0.000,0.000,0.00,0.00,no_room
2026.01.16 14:15:00,pullback,1,4605.596,0.000,0.000,0.000,0.00,0.00,against_bias
2026.01.16 14:50:00,pullback,1,4609.503,0.000,0.000,0.000,0.00,0.00,against_bias
2026.01.16 15:25:00,pullback,-1,4596.140,4621.366,0.000,0.000,0.00,0.00,no_room
2026.01.19 10:30:00,pullback,-1,4666.666,0.000,0.000,0.000,0.00,0.00,against_bias
2026.01.19 11:30:00,pullback,1,4666.917,0.000,0.000,0.000,0.00,0.00,against_bias
2026.01.19 12:00:00,pullback,-1,4661.717,4667.879,0.000,0.000,0.00,0.00,no_room
2026.01.19 12:20:00,pullback,1,4667.569,0.000,0.000,0.000,0.00,0.00,against_bias
2026.01.19 13:55:00,pullback,-1,4668.124,4674.029,4662.005,4655.886,5.29,5.30,signal
2026.01.19 14:15:00,pullback,-1,4668.124,0.000,4662.005,0.000,0.00,0.00,missed_move
2026.01.19 15:50:00,pullback,1,4670.899,0.000,0.000,0.000,0.00,0.00,against_bias
2026.01.20 07:25:00,pullback,1,4717.125,4705.038,4741.300,4765.474,2.58,2.59,signal
2026.01.21 07:55:00,pullback,1,4851.900,4831.598,4887.612,4923.323,1.58,1.59,signal
2026.01.21 15:20:00,pullback,-1,4846.522,4874.000,0.000,0.000,0.00,0.00,no_room
2026.01.22 07:05:00,pullback,1,4829.247,4794.682,0.000,0.000,0.00,0.00,no_room
2026.01.22 08:10:00,pullback,-1,4830.241,0.000,0.000,0.000,0.00,0.00,against_bias
2026.01.22 09:00:00,pullback,1,4830.590,4821.983,0.000,0.000,0.00,0.00,no_room
2026.01.22 09:40:00,pullback,-1,4822.389,0.000,0.000,0.000,0.00,0.00,against_bias
2026.01.22 11:50:00,pullback,1,4831.851,4824.194,0.000,0.000,0.00,0.00,no_room
2026.01.22 12:05:00,pullback,-1,4825.166,0.000,0.000,0.000,0.00,0.00,against_bias
2026.01.22 13:00:00,pullback,-1,4823.494,0.000,0.000,0.000,0.00,0.00,against_bias
2026.01.22 13:25:00,pullback,1,4832.560,4815.585,0.000,0.000,0.00,0.00,no_room
2026.01.22 13:45:00,pullback,-1,4816.015,4835.878,0.000,0.000,0.00,0.00,no_room
2026.01.22 14:35:00,pullback,1,4835.278,0.000,0.000,0.000,0.00,0.00,against_bias
2026.01.22 15:30:00,pullback,1,4847.751,4825.961,0.000,0.000,0.00,0.00,no_room
2026.01.23 07:45:00,pullback,-1,4951.863,0.000,0.000,0.000,0.00,0.00,against_bias
2026.01.23 09:20:00,pullback,-1,4908.794,4927.270,0.000,0.000,0.00,0.00,no_room
2026.01.23 10:30:00,pullback,1,4926.352,0.000,0.000,0.000,0.00,0.00,against_bias
2026.01.23 12:10:00,pullback,1,4930.718,0.000,0.000,0.000,0.00,0.00,against_bias
2026.01.23 12:50:00,pullback,1,4936.997,4917.825,4966.840,4996.683,1.66,1.66,signal
2026.01.26 08:15:00,pullback,1,5095.701,5085.220,5110.577,5125.453,3.11,3.12,signal
2026.01.26 08:55:00,pullback,-1,5087.332,0.000,0.000,0.000,0.00,0.00,against_bias
2026.01.26 09:55:00,pullback,-1,5080.015,0.000,0.000,0.000,0.00,0.00,against_bias
2026.01.26 11:20:00,pullback,-1,5085.880,0.000,0.000,0.000,0.00,0.00,against_bias
2026.01.26 12:25:00,pullback,1,5095.074,5078.084,0.000,0.000,0.00,0.00,no_room
2026.01.26 13:05:00,pullback,-1,5078.591,0.000,0.000,0.000,0.00,0.00,against_bias
2026.01.26 13:35:00,pullback,-1,5066.067,5084.126,0.000,0.000,0.00,0.00,no_room
2026.01.26 14:25:00,pullback,1,5075.995,0.000,0.000,0.000,0.00,0.00,against_bias
2026.01.27 07:35:00,pullback,1,5094.582,5081.233,0.000,0.000,0.00,0.00,no_room
2026.01.27 08:30:00,pullback,-1,5079.429,0.000,0.000,0.000,0.00,0.00,against_bias
2026.01.27 09:20:00,pullback,1,5085.414,5072.797,0.000,0.000,0.00,0.00,no_room
2026.01.27 11:50:00,pullback,-1,5081.890,0.000,0.000,0.000,0.00,0.00,against_bias
2026.01.27 12:35:00,pullback,1,5082.638,5066.237,0.000,0.000,0.00,0.00,no_room
2026.01.27 13:45:00,pullback,-1,5073.600,0.000,0.000,0.000,0.00,0.00,against_bias
2026.01.27 14:05:00,pullback,-1,5069.493,0.000,0.000,0.000,0.00,0.00,against_bias
2026.01.27 15:40:00,pullback,1,5082.471,0.000,0.000,0.000,0.00,0.00,against_bias
2026.01.28 08:35:00,pullback,1,5299.741,5271.345,5356.533,5413.325,1.13,1.14,signal
2026.01.28 09:45:00,pullback,-1,5268.498,0.000,0.000,0.000,0.00,0.00,against_bias
2026.01.28 11:05:00,pullback,-1,5269.345,0.000,0.000,0.000,0.00,0.00,against_bias
2026.01.28 12:40:00,pullback,1,5267.741,0.000,0.000,0.000,0.00,0.00,against_bias
2026.01.28 13:40:00,pullback,-1,5268.697,5290.454,0.000,0.000,0.00,0.00,no_room
2026.01.28 14:40:00,pullback,1,5270.118,0.000,0.000,0.000,0.00,0.00,against_bias
2026.01.28 15:10:00,pullback,-1,5250.331,5271.632,0.000,0.000,0.00,0.00,no_room
2026.01.29 07:30:00,pullback,-1,5554.807,0.000,0.000,0.000,0.00,0.00,against_bias
2026.01.29 08:05:00,pullback,-1,5536.964,0.000,0.000,0.000,0.00,0.00,against_bias
2026.01.29 08:40:00,pullback,-1,5522.977,0.000,0.000,0.000,0.00,0.00,against_bias
2026.01.29 11:00:00,pullback,-1,5497.290,5526.233,0.000,0.000,0.00,0.00,no_room
2026.01.29 11:55:00,pullback,1,5525.283,0.000,0.000,0.000,0.00,0.00,against_bias
2026.01.29 12:15:00,pullback,1,5528.813,0.000,0.000,0.000,0.00,0.00,against_bias
2026.01.29 13:15:00,pullback,-1,5526.207,5543.492,0.000,0.000,0.00,0.00,no_room
2026.01.29 14:10:00,pullback,1,5530.953,0.000,0.000,0.000,0.00,0.00,against_bias
2026.01.29 14:55:00,pullback,-1,5506.142,0.000,0.000,0.000,0.00,0.00,against_bias
2026.01.30 08:35:00,pullback,-1,5117.625,5187.706,0.000,0.000,0.00,0.00,no_room
2026.01.30 09:15:00,pullback,-1,5055.990,5188.446,0.000,0.000,0.00,0.00,no_room
2026.01.30 09:45:00,pullback,-1,5014.374,5136.616,0.000,0.000,0.00,0.00,no_room
2026.01.30 11:50:00,pullback,-1,5105.527,5134.912,0.000,0.000,0.00,0.00,no_room
2026.01.30 12:00:00,pullback,1,5132.854,0.000,0.000,0.000,0.00,0.00,against_bias
2026.01.30 12:50:00,pullback,-1,5089.698,5148.193,0.000,0.000,0.00,0.00,no_room
2026.01.30 15:05:00,pullback,-1,4991.925,5117.051,0.000,0.000,0.00,0.00,no_room
2026.01.30 15:50:00,pullback,1,5060.295,0.000,0.000,0.000,0.00,0.00,against_bias
2026.02.02 08:20:00,pullback,1,4619.114,0.000,0.000,0.000,0.00,0.00,against_bias
2026.02.02 09:30:00,pullback,1,4651.402,0.000,0.000,0.000,0.00,0.00,against_bias
2026.02.02 11:15:00,pullback,1,4734.034,4655.006,0.000,0.000,0.00,0.00,no_room
2026.02.02 12:25:00,pullback,1,4779.775,4741.314,0.000,0.000,0.00,0.00,no_room
2026.02.02 12:45:00,pullback,1,4790.393,4741.384,0.000,0.000,0.00,0.00,no_room
2026.02.02 13:35:00,pullback,-1,4720.669,0.000,0.000,0.000,0.00,0.00,against_bias
2026.02.02 14:35:00,pullback,1,4738.829,4666.355,0.000,0.000,0.00,0.00,no_room
2026.02.02 15:30:00,pullback,-1,4690.369,0.000,0.000,0.000,0.00,0.00,against_bias
2026.02.02 15:55:00,pullback,-1,4648.386,0.000,0.000,0.000,0.00,0.00,against_bias
2026.02.03 07:30:00,pullback,1,4894.213,4863.350,4931.053,4967.892,1.03,1.04,signal
2026.02.03 07:40:00,pullback,1,4894.213,0.000,4931.053,0.000,0.00,0.00,missed_move
2026.02.03 08:20:00,pullback,1,4933.738,4863.196,0.000,0.000,0.00,0.00,no_room
2026.02.03 09:30:00,pullback,-1,4898.547,0.000,0.000,0.000,0.00,0.00,against_bias
2026.02.03 11:00:00,pullback,-1,4913.649,0.000,0.000,0.000,0.00,0.00,against_bias
2026.02.03 11:25:00,pullback,-1,4889.760,0.000,0.000,0.000,0.00,0.00,against_bias
2026.02.03 12:05:00,pullback,1,4919.234,4882.158,0.000,0.000,0.00,0.00,no_room
2026.02.03 13:05:00,pullback,1,4919.482,4890.926,0.000,0.000,0.00,0.00,no_room
2026.02.03 13:30:00,pullback,1,4930.881,4901.115,0.000,0.000,0.00,0.00,no_room
2026.02.03 15:10:00,pullback,1,4928.957,4891.773,0.000,0.000,0.00,0.00,no_room
2026.02.04 07:30:00,pullback,1,5082.408,5050.054,0.000,0.000,0.00,0.00,no_room
2026.02.04 08:35:00,pullback,-1,5074.785,0.000,0.000,0.000,0.00,0.00,against_bias
2026.02.04 09:20:00,pullback,-1,5068.587,0.000,0.000,0.000,0.00,0.00,against_bias
2026.02.04 10:25:00,pullback,-1,5042.768,0.000,0.000,0.000,0.00,0.00,against_bias
2026.02.04 11:20:00,pullback,-1,5041.431,5062.691,5014.478,4987.525,1.50,1.51,signal
2026.02.04 12:35:00,pullback,1,5055.241,0.000,0.000,0.000,0.00,0.00,against_bias
2026.02.04 13:10:00,pullback,-1,5037.409,5064.246,0.000,0.000,0.00,0.00,no_room
2026.02.04 13:55:00,pullback,1,5059.053,0.000,0.000,0.000,0.00,0.00,against_bias
2026.02.04 14:30:00,pullback,-1,5034.230,5064.903,0.000,0.000,0.00,0.00,no_room
2026.02.04 15:25:00,pullback,-1,4966.734,5066.181,0.000,0.000,0.00,0.00,no_room
2026.02.05 09:05:00,pullback,-1,4895.729,0.000,0.000,0.000,0.00,0.00,against_bias
2026.02.05 10:50:00,pullback,1,4878.100,0.000,0.000,0.000,0.00,0.00,against_bias
2026.02.05 11:15:00,pullback,1,4886.933,0.000,0.000,0.000,0.00,0.00,against_bias
2026.02.05 12:15:00,pullback,-1,4847.059,4895.770,0.000,0.000,0.00,0.00,no_room
2026.02.05 14:40:00,pullback,1,4850.158,0.000,0.000,0.000,0.00,0.00,against_bias
2026.02.05 15:30:00,pullback,-1,4821.748,4872.597,0.000,0.000,0.00,0.00,no_room
2026.02.06 08:25:00,pullback,1,4861.726,4828.494,0.000,0.000,0.00,0.00,no_room
2026.02.06 10:10:00,pullback,1,4872.675,4854.736,0.000,0.000,0.00,0.00,no_room
2026.02.06 10:30:00,pullback,-1,4855.961,0.000,0.000,0.000,0.00,0.00,against_bias
2026.02.06 11:00:00,pullback,1,4877.771,4850.579,0.000,0.000,0.00,0.00,no_room
2026.02.06 11:25:00,pullback,1,4887.868,4862.804,0.000,0.000,0.00,0.00,no_room
2026.02.06 12:10:00,pullback,1,4894.169,4862.791,0.000,0.000,0.00,0.00,no_room
2026.02.06 13:05:00,pullback,1,4903.470,4869.965,0.000,0.000,0.00,0.00,no_room
2026.02.06 14:25:00,pullback,-1,4904.964,0.000,0.000,0.000,0.00,0.00,against_bias
2026.02.06 14:50:00,pullback,1,4938.358,4893.085,0.000,0.000,0.00,0.00,no_room
2026.02.06 15:00:00,pullback,1,4947.658,4893.030,0.000,0.000,0.00,0.00,no_room
2026.02.09 07:15:00,pullback,-1,5013.796,0.000,0.000,0.000,0.00,0.00,against_bias
2026.02.09 08:05:00,pullback,1,5015.418,0.000,0.000,0.000,0.00,0.00,against_bias
2026.02.09 09:05:00,pullback,1,5031.937,0.000,0.000,0.000,0.00,0.00,against_bias
2026.02.09 10:30:00,pullback,-1,4996.619,5041.718,0.000,0.000,0.00,0.00,no_room
2026.02.09 13:10:00,pullback,1,5021.794,0.000,0.000,0.000,0.00,0.00,against_bias
2026.02.09 13:30:00,pullback,-1,5007.250,5025.547,0.000,0.000,0.00,0.00,no_room
2026.02.09 14:35:00,pullback,1,5024.652,0.000,0.000,0.000,0.00,0.00,against_bias
2026.02.09 15:35:00,pullback,1,5042.333,5022.672,0.000,0.000,0.00,0.00,no_room
2026.02.10 08:05:00,pullback,1,5034.359,0.000,0.000,0.000,0.00,0.00,against_bias
2026.02.10 09:10:00,pullback,1,5054.905,5018.428,0.000,0.000,0.00,0.00,no_room
2026.02.10 10:40:00,pullback,1,5052.627,5036.378,0.000,0.000,0.00,0.00,no_room
2026.02.10 12:15:00,pullback,-1,5045.105,0.000,0.000,0.000,0.00,0.00,against_bias
2026.02.10 12:45:00,pullback,-1,5041.095,5058.118,0.000,0.000,0.00,0.00,no_room
2026.02.10 14:20:00,pullback,1,5058.765,0.000,0.000,0.000,0.00,0.00,against_bias
2026.02.10 14:50:00,pullback,-1,5046.585,0.000,0.000,0.000,0.00,0.00,against_bias
2026.02.10 15:40:00,pullback,-1,5020.462,0.000,0.000,0.000,0.00,0.00,against_bias
2026.02.11 07:00:00,pullback,1,5061.563,5045.474,0.000,0.000,0.00,0.00,no_room
2026.02.11 07:50:00,pullback,-1,5052.674,0.000,0.000,0.000,0.00,0.00,against_bias
2026.02.11 08:35:00,pullback,-1,5048.663,0.000,0.000,0.000,0.00,0.00,against_bias
2026.02.11 09:35:00,pullback,1,5055.803,5046.513,0.000,0.000,0.00,0.00,no_room
2026.02.11 10:20:00,pullback,1,5072.179,5046.471,0.000,0.000,0.00,0.00,no_room
2026.02.11 10:45:00,pullback,1,5076.701,5046.250,0.000,0.000,0.00,0.00,no_room
2026.02.11 11:30:00,pullback,1,5101.914,5081.432,0.000,0.000,0.00,0.00,no_room
2026.02.11 12:45:00,pullback,-1,5082.384,0.000,0.000,0.000,0.00,0.00,against_bias
2026.02.11 13:35:00,pullback,-1,5050.077,0.000,0.000,0.000,0.00,0.00,against_bias
2026.02.12 08:05:00,pullback,1,5066.340,5056.282,0.000,0.000,0.00,0.00,no_room
2026.02.12 09:10:00,pullback,1,5073.527,5051.621,0.000,0.000,0.00,0.00,no_room
2026.02.12 09:55:00,pullback,1,5077.767,5068.197,0.000,0.000,0.00,0.00,no_room
2026.02.12 10:15:00,pullback,-1,5068.687,0.000,0.000,0.000,0.00,0.00,against_bias
2026.02.12 10:50:00,pullback,-1,5061.052,0.000,0.000,0.000,0.00,0.00,against_bias
2026.02.12 11:55:00,pullback,1,5065.538,5055.779,0.000,0.000,0.00,0.00,no_room
2026.02.12 12:50:00,pullback,-1,5056.561,0.000,0.000,0.000,0.00,0.00,against_bias
2026.02.12 13:20:00,pullback,1,5068.562,0.000,0.000,0.000,0.00,0.00,against_bias
2026.02.12 14:20:00,pullback,-1,5060.491,5084.612,0.000,0.000,0.00,0.00,no_room
2026.02.12 14:50:00,pullback,-1,5055.083,5072.535,0.000,0.000,0.00,0.00,no_room
2026.02.12 15:50:00,pullback,1,5071.612,0.000,0.000,0.000,0.00,0.00,against_bias
2026.02.13 07:00:00,pullback,1,4962.341,4948.891,0.000,0.000,0.00,0.00,no_room
2026.02.13 07:20:00,pullback,1,4968.801,4948.855,0.000,0.000,0.00,0.00,no_room
2026.02.13 07:40:00,pullback,1,4976.298,4949.941,0.000,0.000,0.00,0.00,no_room
2026.02.13 08:10:00,pullback,1,4982.525,4949.906,0.000,0.000,0.00,0.00,no_room
2026.02.13 09:30:00,pullback,-1,4970.642,0.000,0.000,0.000,0.00,0.00,against_bias
2026.02.13 10:30:00,pullback,1,4976.444,4960.780,0.000,0.000,0.00,0.00,no_room
2026.02.13 10:50:00,pullback,-1,4965.930,0.000,0.000,0.000,0.00,0.00,against_bias
2026.02.13 13:20:00,pullback,-1,4964.391,4976.913,0.000,0.000,0.00,0.00,no_room
2026.02.13 13:35:00,pullback,1,4976.218,0.000,0.000,0.000,0.00,0.00,against_bias
2026.02.13 14:20:00,pullback,1,5001.784,4956.288,0.000,0.000,0.00,0.00,no_room
2026.02.16 07:50:00,pullback,1,5003.106,0.000,0.000,0.000,0.00,0.00,against_bias
2026.02.16 09:05:00,pullback,1,5008.680,0.000,0.000,0.000,0.00,0.00,against_bias
2026.02.16 10:15:00,pullback,-1,5008.513,5017.646,0.000,0.000,0.00,0.00,no_room
2026.02.16 12:15:00,pullback,-1,4998.695,5008.354,0.000,0.000,0.00,0.00,no_room
2026.02.16 13:15:00,pullback,-1,4999.003,5008.575,0.000,0.000,0.00,0.00,no_room
2026.02.16 14:45:00,pullback,-1,4989.547,4999.906,0.000,0.000,0.00,0.00,no_room
2026.02.17 07:40:00,pullback,1,4914.262,0.000,0.000,0.000,0.00,0.00,against_bias
2026.02.17 10:15:00,pullback,1,4932.591,4912.104,0.000,0.000,0.00,0.00,no_room
2026.02.17 10:55:00,pullback,-1,4912.708,0.000,0.000,0.000,0.00,0.00,against_bias
2026.02.17 12:10:00,pullback,1,4930.979,4921.632,0.000,0.000,0.00,0.00,no_room
2026.02.17 13:20:00,pullback,-1,4921.323,0.000,0.000,0.000,0.00,0.00,against_bias
2026.02.17 14:00:00,pullback,-1,4907.850,4945.493,0.000,0.000,0.00,0.00,no_room
2026.02.18 07:50:00,pullback,-1,4932.405,0.000,0.000,0.000,0.00,0.00,against_bias
2026.02.18 10:40:00,pullback,-1,4916.232,4924.944,0.000,0.000,0.00,0.00,no_room
2026.02.18 11:20:00,pullback,1,4916.860,0.000,0.000,0.000,0.00,0.00,against_bias
2026.02.18 12:05:00,pullback,1,4917.675,0.000,0.000,0.000,0.00,0.00,against_bias
2026.02.18 12:50:00,pullback,1,4929.531,4917.304,0.000,0.000,0.00,0.00,no_room
2026.02.18 14:35:00,pullback,1,4961.373,4948.055,0.000,0.000,0.00,0.00,no_room
2026.02.19 07:55:00,pullback,-1,5014.782,0.000,0.000,0.000,0.00,0.00,against_bias
2026.02.19 09:30:00,pullback,-1,5010.323,0.000,0.000,0.000,0.00,0.00,against_bias
2026.02.19 10:05:00,pullback,-1,4992.815,0.000,0.000,0.000,0.00,0.00,against_bias
2026.02.19 12:30:00,pullback,1,4990.188,4977.622,0.000,0.000,0.00,0.00,no_room
2026.02.19 13:40:00,pullback,1,4992.810,4973.712,0.000,0.000,0.00,0.00,no_room
2026.02.19 14:50:00,pullback,1,4998.466,0.000,0.000,0.000,0.00,0.00,against_bias
2026.02.19 15:30:00,pullback,1,5010.310,0.000,0.000,0.000,0.00,0.00,against_bias
2026.02.20 07:25:00,pullback,-1,5015.844,0.000,0.000,0.000,0.00,0.00,against_bias
2026.02.20 08:00:00,pullback,-1,5009.418,0.000,0.000,0.000,0.00,0.00,against_bias
2026.02.20 08:30:00,pullback,1,5016.357,5004.554,0.000,0.000,0.00,0.00,no_room
2026.02.20 10:00:00,pullback,-1,5029.816,0.000,0.000,0.000,0.00,0.00,against_bias
2026.02.20 11:50:00,pullback,-1,5025.753,0.000,0.000,0.000,0.00,0.00,against_bias
2026.02.20 12:30:00,pullback,-1,5013.487,5024.507,0.000,0.000,0.00,0.00,no_room
2026.02.20 12:45:00,pullback,1,5023.881,0.000,0.000,0.000,0.00,0.00,against_bias
2026.02.20 13:50:00,pullback,1,5031.985,0.000,0.000,0.000,0.00,0.00,against_bias
2026.02.20 14:45:00,pullback,1,5048.843,5036.333,0.000,0.000,0.00,0.00,no_room
2026.02.20 15:05:00,pullback,-1,5037.589,0.000,0.000,0.000,0.00,0.00,against_bias
2026.02.23 08:25:00,pullback,-1,5130.879,5140.171,5112.720,5094.560,3.40,3.41,signal
2026.02.23 09:00:00,pullback,1,5139.497,0.000,0.000,0.000,0.00,0.00,against_bias
2026.02.23 10:05:00,pullback,1,5150.114,0.000,0.000,0.000,0.00,0.00,against_bias
2026.02.23 10:25:00,pullback,1,5153.070,0.000,0.000,0.000,0.00,0.00,against_bias
2026.02.23 10:55:00,pullback,1,5157.680,0.000,0.000,0.000,0.00,0.00,against_bias
2026.02.23 12:40:00,pullback,1,5154.869,0.000,0.000,0.000,0.00,0.00,against_bias
2026.02.23 14:35:00,pullback,1,5165.520,5140.614,0.000,0.000,0.00,0.00,no_room
2026.02.24 07:20:00,pullback,1,5175.282,0.000,0.000,0.000,0.00,0.00,against_bias
2026.02.24 09:30:00,pullback,-1,5169.177,5180.868,0.000,0.000,0.00,0.00,no_room
2026.02.24 10:25:00,pullback,1,5176.099,0.000,0.000,0.000,0.00,0.00,against_bias
2026.02.24 11:45:00,pullback,1,5177.299,0.000,0.000,0.000,0.00,0.00,against_bias
2026.02.24 12:05:00,pullback,-1,5170.798,5178.961,0.000,0.000,0.00,0.00,no_room
2026.02.24 13:40:00,pullback,-1,5144.594,5161.936,0.000,0.000,0.00,0.00,no_room
2026.02.24 15:20:00,pullback,1,5139.172,0.000,0.000,0.000,0.00,0.00,against_bias
2026.02.25 07:20:00,pullback,-1,5188.194,0.000,0.000,0.000,0.00,0.00,against_bias
2026.02.25 08:20:00,pullback,1,5190.514,5179.907,0.000,0.000,0.00,0.00,no_room
2026.02.25 10:25:00,pullback,-1,5176.193,0.000,0.000,0.000,0.00,0.00,against_bias
2026.02.25 11:15:00,pullback,-1,5169.723,5181.511,0.000,0.000,0.00,0.00,no_room
2026.02.25 12:00:00,pullback,1,5180.961,0.000,0.000,0.000,0.00,0.00,against_bias
2026.02.25 13:10:00,pullback,1,5187.426,0.000,0.000,0.000,0.00,0.00,against_bias
2026.02.25 14:25:00,pullback,-1,5181.750,5191.700,0.000,0.000,0.00,0.00,no_room
2026.02.25 15:05:00,pullback,1,5191.211,0.000,0.000,0.000,0.00,0.00,against_bias
2026.02.26 07:05:00,pullback,-1,5192.609,0.000,0.000,0.000,0.00,0.00,against_bias
2026.02.26 08:05:00,pullback,-1,5181.799,0.000,0.000,0.000,0.00,0.00,against_bias
2026.02.26 08:30:00,pullback,-1,5179.229,0.000,0.000,0.000,0.00,0.00,against_bias
2026.02.26 09:40:00,pullback,1,5182.332,5173.180,0.000,0.000,0.00,0.00,no_room
2026.02.26 10:45:00,pullback,-1,5173.762,0.000,0.000,0.000,0.00,0.00,against_bias
2026.02.26 11:55:00,pullback,-1,5170.738,0.000,0.000,0.000,0.00,0.00,against_bias
2026.02.26 12:30:00,pullback,1,5178.117,0.000,0.000,0.000,0.00,0.00,against_bias
2026.02.26 13:45:00,pullback,-1,5168.172,5188.794,0.000,0.000,0.00,0.00,no_room
2026.02.26 14:10:00,pullback,-1,5164.119,5188.821,0.000,0.000,0.00,0.00,no_room
2026.02.26 15:50:00,pullback,1,5176.156,0.000,0.000,0.000,0.00,0.00,against_bias
2026.02.27 07:20:00,pullback,-1,5180.622,0.000,0.000,0.000,0.00,0.00,against_bias
2026.02.27 08:25:00,pullback,-1,5175.700,5199.634,0.000,0.000,0.00,0.00,no_room
2026.02.27 09:55:00,pullback,-1,5174.969,5182.563,0.000,0.000,0.00,0.00,no_room
2026.02.27 11:50:00,pullback,1,5178.743,0.000,0.000,0.000,0.00,0.00,against_bias
2026.02.27 12:50:00,pullback,-1,5184.979,0.000,0.000,0.000,0.00,0.00,against_bias
2026.02.27 13:05:00,pullback,1,5190.610,5182.502,0.000,0.000,0.00,0.00,no_room
2026.02.27 14:25:00,pullback,1,5230.345,5206.516,0.000,0.000,0.00,0.00,no_room
2026.02.27 15:15:00,pullback,1,5236.071,5212.574,0.000,0.000,0.00,0.00,no_room
2026.03.02 08:30:00,pullback,1,5414.119,5400.989,5440.379,5466.638,2.38,2.39,signal
2026.03.02 08:45:00,pullback,-1,5402.175,0.000,0.000,0.000,0.00,0.00,against_bias
2026.03.02 11:50:00,pullback,-1,5381.517,0.000,0.000,0.000,0.00,0.00,against_bias
2026.03.02 13:05:00,pullback,1,5398.811,5374.286,0.000,0.000,0.00,0.00,no_room
2026.03.02 14:05:00,pullback,-1,5381.687,0.000,0.000,0.000,0.00,0.00,against_bias
2026.03.02 15:40:00,pullback,1,5346.804,0.000,0.000,0.000,0.00,0.00,against_bias
2026.03.03 07:35:00,pullback,1,5319.335,0.000,0.000,0.000,0.00,0.00,against_bias
2026.03.03 09:05:00,pullback,-1,5290.828,5336.701,0.000,0.000,0.00,0.00,no_room
2026.03.03 11:10:00,pullback,-1,5225.856,5283.053,0.000,0.000,0.00,0.00,no_room
2026.03.03 11:30:00,pullback,-1,5159.749,5266.759,0.000,0.000,0.00,0.00,no_room
2026.03.03 13:00:00,pullback,1,5212.286,0.000,0.000,0.000,0.00,0.00,against_bias
2026.03.03 13:55:00,pullback,-1,5145.984,5188.381,0.000,0.000,0.00,0.00,no_room
2026.03.03 14:25:00,pullback,-1,5127.064,5177.534,0.000,0.000,0.00,0.00,no_room
2026.03.04 07:10:00,pullback,1,5168.105,0.000,0.000,0.000,0.00,0.00,against_bias
2026.03.04 08:50:00,pullback,1,5175.941,0.000,0.000,0.000,0.00,0.00,against_bias
2026.03.04 09:40:00,pullback,1,5182.212,0.000,0.000,0.000,0.00,0.00,against_bias
2026.03.04 10:05:00,pullback,1,5185.120,5158.629,0.000,0.000,0.00,0.00,no_room
2026.03.04 12:05:00,pullback,1,5200.796,5178.638,0.000,0.000,0.00,0.00,no_room
2026.03.04 12:20:00,pullback,-1,5187.335,0.000,0.000,0.000,0.00,0.00,against_bias
2026.03.04 14:50:00,pullback,-1,5159.690,0.000,0.000,0.000,0.00,0.00,against_bias
2026.03.05 08:05:00,pullback,-1,5159.870,0.000,0.000,0.000,0.00,0.00,against_bias
2026.03.05 09:10:00,pullback,1,5172.791,5136.601,0.000,0.000,0.00,0.00,no_room
2026.03.05 10:05:00,pullback,-1,5153.115,0.000,0.000,0.000,0.00,0.00,against_bias
2026.03.05 12:10:00,pullback,1,5167.939,5156.349,0.000,0.000,0.00,0.00,no_room
2026.03.05 13:05:00,pullback,-1,5160.715,0.000,0.000,0.000,0.00,0.00,against_bias
2026.03.05 14:20:00,pullback,-1,5109.470,5139.860,0.000,0.000,0.00,0.00,no_room
2026.03.05 14:40:00,pullback,-1,5102.662,5131.313,0.000,0.000,0.00,0.00,no_room
2026.03.05 15:10:00,pullback,-1,5090.590,5125.736,0.000,0.000,0.00,0.00,no_room
2026.03.06 07:00:00,pullback,-1,5116.631,0.000,0.000,0.000,0.00,0.00,against_bias
2026.03.06 08:30:00,pullback,-1,5107.664,0.000,0.000,0.000,0.00,0.00,against_bias
2026.03.06 09:15:00,pullback,-1,5096.077,0.000,0.000,0.000,0.00,0.00,against_bias
2026.03.06 11:25:00,pullback,1,5092.848,5080.390,0.000,0.000,0.00,0.00,no_room
2026.03.06 11:55:00,pullback,-1,5080.125,0.000,0.000,0.000,0.00,0.00,against_bias
2026.03.06 12:45:00,pullback,1,5096.283,5061.663,0.000,0.000,0.00,0.00,no_room
2026.03.06 13:00:00,pullback,-1,5085.206,0.000,0.000,0.000,0.00,0.00,against_bias
2026.03.06 13:35:00,pullback,1,5096.744,5064.145,0.000,0.000,0.00,0.00,no_room
2026.03.06 15:00:00,pullback,1,5115.750,5082.469,0.000,0.000,0.00,0.00,no_room
2026.03.09 08:05:00,pullback,1,5107.486,5092.770,0.000,0.000,0.00,0.00,no_room
2026.03.09 08:30:00,pullback,-1,5093.511,0.000,0.000,0.000,0.00,0.00,against_bias
2026.03.09 09:15:00,pullback,1,5110.739,5086.048,0.000,0.000,0.00,0.00,no_room
2026.03.09 10:35:00,pullback,-1,5096.200,0.000,0.000,0.000,0.00,0.00,against_bias
2026.03.09 12:05:00,pullback,1,5093.217,0.000,0.000,0.000,0.00,0.00,against_bias
2026.03.09 13:45:00,pullback,-1,5084.291,5112.879,0.000,0.000,0.00,0.00,no_room
2026.03.09 14:35:00,pullback,1,5088.138,0.000,0.000,0.000,0.00,0.00,against_bias
2026.03.10 07:20:00,pullback,-1,5172.023,0.000,0.000,0.000,0.00,0.00,against_bias
2026.03.10 08:00:00,pullback,1,5178.968,5157.839,0.000,0.000,0.00,0.00,no_room
2026.03.10 08:40:00,pullback,1,5185.123,5174.188,0.000,0.000,0.00,0.00,no_room
2026.03.10 10:05:00,pullback,-1,5180.643,0.000,0.000,0.000,0.00,0.00,against_bias
2026.03.10 11:10:00,pullback,1,5188.945,5155.801,0.000,0.000,0.00,0.00,no_room
2026.03.10 13:05:00,pullback,1,5191.855,5161.893,0.000,0.000,0.00,0.00,no_room
2026.03.10 14:10:00,pullback,-1,5196.415,0.000,0.000,0.000,0.00,0.00,against_bias
2026.03.10 15:10:00,pullback,1,5214.188,5201.842,0.000,0.000,0.00,0.00,no_room
2026.03.11 07:40:00,pullback,-1,5191.680,5202.600,0.000,0.000,0.00,0.00,no_room
2026.03.11 08:15:00,pullback,1,5197.581,0.000,0.000,0.000,0.00,0.00,against_bias
2026.03.11 08:25:00,pullback,-1,5187.725,5198.147,0.000,0.000,0.00,0.00,no_room
2026.03.11 09:35:00,pullback,1,5188.774,0.000,0.000,0.000,0.00,0.00,against_bias
2026.03.11 10:35:00,pullback,-1,5186.431,5195.768,0.000,0.000,0.00,0.00,no_room
2026.03.11 12:15:00,pullback,1,5190.721,0.000,0.000,0.000,0.00,0.00,against_bias
2026.03.11 13:00:00,pullback,-1,5175.047,5197.443,0.000,0.000,0.00,0.00,no_room
2026.03.11 13:50:00,pullback,-1,5161.984,5183.809,0.000,0.000,0.00,0.00,no_room
2026.03.11 14:05:00,pullback,1,5182.910,0.000,0.000,0.000,0.00,0.00,against_bias
2026.03.11 15:15:00,pullback,-1,5174.185,5194.619,0.000,0.000,0.00,0.00,no_room
2026.03.12 07:45:00,pullback,1,5170.249,5164.076,0.000,0.000,0.00,0.00,no_room
2026.03.12 09:35:00,pullback,1,5181.207,5175.203,0.000,0.000,0.00,0.00,no_room
2026.03.12 10:30:00,pullback,-1,5182.487,0.000,0.000,0.000,0.00,0.00,against_bias
2026.03.12 11:20:00,pullback,-1,5175.940,0.000,0.000,0.000,0.00,0.00,against_bias
2026.03.12 12:10:00,pullback,-1,5172.526,0.000,0.000,0.000,0.00,0.00,against_bias
2026.03.12 12:55:00,pullback,1,5181.481,0.000,0.000,0.000,0.00,0.00,against_bias
2026.03.12 13:35:00,pullback,-1,5168.501,5186.819,0.000,0.000,0.00,0.00,no_room
2026.03.12 14:40:00,pullback,-1,5145.856,5164.244,0.000,0.000,0.00,0.00,no_room
2026.03.13 08:05:00,pullback,-1,5071.708,5093.764,0.000,0.000,0.00,0.00,no_room
2026.03.13 09:05:00,pullback,1,5093.051,0.000,0.000,0.000,0.00,0.00,against_bias
2026.03.13 10:35:00,pullback,-1,5083.242,5097.362,0.000,0.000,0.00,0.00,no_room
2026.03.13 12:00:00,pullback,1,5097.451,5085.522,0.000,0.000,0.00,0.00,no_room
2026.03.13 12:50:00,pullback,1,5118.871,5103.516,0.000,0.000,0.00,0.00,no_room
2026.03.13 13:35:00,pullback,-1,5108.041,0.000,0.000,0.000,0.00,0.00,against_bias
2026.03.13 14:15:00,pullback,-1,5096.248,0.000,0.000,0.000,0.00,0.00,against_bias
2026.03.13 14:45:00,pullback,-1,5082.656,5117.702,0.000,0.000,0.00,0.00,no_room
2026.03.16 07:25:00,pullback,-1,5005.497,0.000,0.000,0.000,0.00,0.00,against_bias
2026.03.16 08:15:00,pullback,-1,4991.653,5017.126,0.000,0.000,0.00,0.00,no_room
2026.03.16 08:45:00,pullback,-1,4987.755,5004.061,0.000,0.000,0.00,0.00,no_room
2026.03.16 09:10:00,pullback,-1,4984.742,4998.617,0.000,0.000,0.00,0.00,no_room
2026.03.16 09:50:00,pullback,-1,4980.060,4992.066,0.000,0.000,0.00,0.00,no_room
2026.03.16 10:50:00,pullback,1,4990.900,0.000,0.000,0.000,0.00,0.00,against_bias
2026.03.16 12:40:00,pullback,1,5022.751,0.000,0.000,0.000,0.00,0.00,against_bias
2026.03.16 13:20:00,pullback,1,5025.697,0.000,0.000,0.000,0.00,0.00,against_bias
2026.03.16 13:45:00,pullback,1,5030.206,0.000,0.000,0.000,0.00,0.00,against_bias
2026.03.16 14:30:00,pullback,-1,5017.922,5038.952,0.000,0.000,0.00,0.00,no_room
2026.03.17 07:35:00,pullback,1,5016.951,5007.795,0.000,0.000,0.00,0.00,no_room
2026.03.17 09:15:00,pullback,-1,5018.082,0.000,0.000,0.000,0.00,0.00,against_bias
2026.03.17 10:00:00,pullback,-1,5012.889,0.000,0.000,0.000,0.00,0.00,against_bias
2026.03.17 10:40:00,pullback,-1,5000.983,5016.909,0.000,0.000,0.00,0.00,no_room
2026.03.17 12:00:00,pullback,-1,5003.981,5010.576,0.000,0.000,0.00,0.00,no_room
2026.03.17 12:20:00,pullback,1,5011.552,0.000,0.000,0.000,0.00,0.00,against_bias
2026.03.17 13:35:00,pullback,1,5023.702,0.000,0.000,0.000,0.00,0.00,against_bias
2026.03.17 15:30:00,pullback,-1,5006.250,5020.034,0.000,0.000,0.00,0.00,no_room
2026.03.18 07:20:00,pullback,-1,5008.560,5016.748,0.000,0.000,0.00,0.00,no_room
2026.03.18 09:30:00,pullback,1,4992.120,0.000,0.000,0.000,0.00,0.00,against_bias
2026.03.18 10:30:00,pullback,-1,4984.692,4995.719,0.000,0.000,0.00,0.00,no_room
2026.03.18 11:05:00,pullback,-1,4960.202,4996.071,0.000,0.000,0.00,0.00,no_room
2026.03.18 11:30:00,pullback,-1,4950.203,4996.351,0.000,0.000,0.00,0.00,no_room
2026.03.18 14:10:00,pullback,1,4885.497,0.000,0.000,0.000,0.00,0.00,against_bias
2026.03.18 15:45:00,pullback,-1,4867.214,4880.855,0.000,0.000,0.00,0.00,no_room
2026.03.19 07:45:00,pullback,-1,4747.279,4785.884,0.000,0.000,0.00,0.00,no_room
2026.03.19 08:45:00,pullback,-1,4701.294,4786.093,0.000,0.000,0.00,0.00,no_room
2026.03.19 10:20:00,pullback,-1,4696.010,4727.500,0.000,0.000,0.00,0.00,no_room
2026.03.19 11:45:00,pullback,-1,4676.365,4700.945,0.000,0.000,0.00,0.00,no_room
2026.03.19 13:55:00,pullback,1,4583.218,0.000,0.000,0.000,0.00,0.00,against_bias
2026.03.19 15:35:00,pullback,-1,4593.437,4640.829,0.000,0.000,0.00,0.00,no_room
2026.03.20 08:20:00,pullback,1,4723.722,4660.558,0.000,0.000,0.00,0.00,no_room
2026.03.20 09:35:00,pullback,-1,4683.930,0.000,0.000,0.000,0.00,0.00,against_bias
2026.03.20 11:00:00,pullback,-1,4645.810,4671.244,0.000,0.000,0.00,0.00,no_room
2026.03.20 12:05:00,pullback,1,4674.308,0.000,0.000,0.000,0.00,0.00,against_bias
2026.03.20 13:15:00,pullback,-1,4661.933,4682.856,0.000,0.000,0.00,0.00,no_room
2026.03.20 13:35:00,pullback,-1,4653.602,4682.872,0.000,0.000,0.00,0.00,no_room
2026.03.23 07:10:00,pullback,-1,4162.913,4383.240,3722.259,3281.604,0.14,0.14,signal
2026.03.23 12:45:00,pullback,1,4432.116,4333.355,0.000,0.000,0.00,0.00,no_room
2026.03.23 14:25:00,pullback,1,4492.771,4398.940,0.000,0.000,0.00,0.00,no_room
2026.03.23 15:40:00,pullback,-1,4427.162,0.000,0.000,0.000,0.00,0.00,against_bias
2026.03.24 08:25:00,pullback,-1,4399.821,0.000,0.000,0.000,0.00,0.00,against_bias
2026.03.24 10:00:00,pullback,1,4419.325,4394.696,0.000,0.000,0.00,0.00,no_room
2026.03.24 11:00:00,pullback,1,4432.942,4413.438,0.000,0.000,0.00,0.00,no_room
2026.03.24 11:05:00,pullback,-1,4414.442,0.000,0.000,0.000,0.00,0.00,against_bias
2026.03.24 12:35:00,pullback,-1,4390.523,0.000,0.000,0.000,0.00,0.00,against_bias
2026.03.24 13:30:00,pullback,-1,4361.994,4392.530,0.000,0.000,0.00,0.00,no_room
2026.03.24 14:05:00,pullback,1,4390.654,0.000,0.000,0.000,0.00,0.00,against_bias
2026.03.25 07:15:00,pullback,1,4556.783,4542.117,4584.320,4611.856,2.09,2.10,signal
2026.03.25 08:00:00,pullback,-1,4542.897,0.000,0.000,0.000,0.00,0.00,against_bias
2026.03.25 08:30:00,pullback,1,4563.329,4534.780,0.000,0.000,0.00,0.00,no_room
2026.03.25 09:45:00,pullback,-1,4554.188,0.000,0.000,0.000,0.00,0.00,against_bias
2026.03.25 10:55:00,pullback,1,4561.054,4550.137,0.000,0.000,0.00,0.00,no_room
2026.03.25 12:20:00,pullback,-1,4572.287,0.000,0.000,0.000,0.00,0.00,against_bias
2026.03.25 13:55:00,pullback,-1,4551.395,0.000,0.000,0.000,0.00,0.00,against_bias
2026.03.26 08:25:00,pullback,-1,4438.803,4464.981,0.000,0.000,0.00,0.00,no_room
2026.03.26 10:25:00,pullback,1,4437.149,0.000,0.000,0.000,0.00,0.00,against_bias
2026.03.26 11:35:00,pullback,1,4448.115,0.000,0.000,0.000,0.00,0.00,against_bias
2026.03.26 11:50:00,pullback,-1,4439.324,4457.858,4416.751,4394.179,1.64,1.64,signal
2026.03.26 12:05:00,pullback,-1,4439.324,0.000,4416.751,0.000,0.00,0.00,missed_move
2026.03.26 13:00:00,pullback,-1,4431.819,4446.008,4416.767,4401.715,2.14,2.14,signal
2026.03.26 13:25:00,pullback,1,4444.978,0.000,0.000,0.000,0.00,0.00,against_bias
2026.03.26 13:55:00,pullback,1,4453.913,0.000,0.000,0.000,0.00,0.00,against_bias
2026.03.26 14:35:00,pullback,1,4460.391,4427.679,0.000,0.000,0.00,0.00,no_room
2026.03.26 15:35:00,pullback,-1,4445.781,0.000,0.000,0.000,0.00,0.00,against_bias
2026.03.27 07:05:00,pullback,-1,4451.653,0.000,0.000,0.000,0.00,0.00,against_bias
2026.03.27 07:55:00,pullback,-1,4447.637,0.000,0.000,0.000,0.00,0.00,against_bias
2026.03.27 08:20:00,pullback,-1,4442.654,0.000,0.000,0.000,0.00,0.00,against_bias
2026.03.27 10:40:00,pullback,-1,4423.674,0.000,0.000,0.000,0.00,0.00,against_bias
2026.03.27 12:50:00,pullback,1,4434.403,0.000,0.000,0.000,0.00,0.00,against_bias
2026.03.27 14:05:00,pullback,1,4441.904,0.000,0.000,0.000,0.00,0.00,against_bias
2026.03.27 14:50:00,pullback,1,4470.085,0.000,0.000,0.000,0.00,0.00,against_bias
2026.03.30 07:05:00,pullback,-1,4525.972,0.000,0.000,0.000,0.00,0.00,against_bias
2026.03.30 07:30:00,pullback,-1,4523.593,0.000,0.000,0.000,0.00,0.00,against_bias
2026.03.30 08:10:00,pullback,1,4534.966,4514.946,0.000,0.000,0.00,0.00,no_room
2026.03.30 08:55:00,pullback,1,4538.273,4525.103,0.000,0.000,0.00,0.00,no_room
2026.03.30 11:05:00,pullback,-1,4527.517,0.000,0.000,0.000,0.00,0.00,against_bias
2026.03.30 11:20:00,pullback,1,4540.063,4524.771,0.000,0.000,0.00,0.00,no_room
2026.03.30 13:45:00,pullback,-1,4545.262,0.000,0.000,0.000,0.00,0.00,against_bias
2026.03.30 15:40:00,pullback,1,4543.485,0.000,0.000,0.000,0.00,0.00,against_bias
2026.03.31 07:15:00,pullback,-1,4554.266,0.000,0.000,0.000,0.00,0.00,against_bias
2026.03.31 08:00:00,pullback,1,4564.073,4542.532,0.000,0.000,0.00,0.00,no_room
2026.03.31 09:30:00,pullback,-1,4563.082,0.000,0.000,0.000,0.00,0.00,against_bias
2026.03.31 10:40:00,pullback,-1,4550.108,0.000,0.000,0.000,0.00,0.00,against_bias
2026.03.31 11:20:00,pullback,1,4561.793,0.000,0.000,0.000,0.00,0.00,against_bias
2026.03.31 13:05:00,pullback,-1,4571.493,0.000,0.000,0.000,0.00,0.00,against_bias
2026.03.31 13:50:00,pullback,1,4587.963,4567.357,0.000,0.000,0.00,0.00,no_room
2026.03.31 14:50:00,pullback,-1,4602.737,0.000,0.000,0.000,0.00,0.00,against_bias
2026.04.01 07:40:00,pullback,1,4733.170,4712.222,0.000,0.000,0.00,0.00,no_room
2026.04.01 08:00:00,pullback,-1,4713.169,0.000,0.000,0.000,0.00,0.00,against_bias
2026.04.01 09:50:00,pullback,1,4723.994,4712.392,0.000,0.000,0.00,0.00,no_room
2026.04.01 10:30:00,pullback,1,4727.728,4714.640,0.000,0.000,0.00,0.00,no_room
2026.04.01 11:10:00,pullback,1,4738.795,4714.680,0.000,0.000,0.00,0.00,no_room
2026.04.01 13:00:00,pullback,-1,4724.707,0.000,0.000,0.000,0.00,0.00,against_bias
2026.04.01 14:50:00,pullback,1,4754.963,4729.252,0.000,0.000,0.00,0.00,no_room
2026.04.02 08:50:00,pullback,-1,4628.744,4652.168,0.000,0.000,0.00,0.00,no_room
2026.04.02 10:20:00,pullback,-1,4615.196,4632.949,0.000,0.000,0.00,0.00,no_room
2026.04.02 11:30:00,pullback,-1,4616.561,4632.375,0.000,0.000,0.00,0.00,no_room
2026.04.02 13:15:00,pullback,-1,4594.436,4627.821,0.000,0.000,0.00,0.00,no_room
2026.04.02 13:50:00,pullback,1,4626.572,0.000,0.000,0.000,0.00,0.00,against_bias
2026.04.06 07:20:00,pullback,-1,4651.606,0.000,0.000,0.000,0.00,0.00,against_bias
2026.04.06 07:50:00,pullback,1,4667.858,4644.233,0.000,0.000,0.00,0.00,no_room
2026.04.06 08:50:00,pullback,1,4695.807,4644.108,0.000,0.000,0.00,0.00,no_room
2026.04.06 09:55:00,pullback,-1,4697.069,0.000,0.000,0.000,0.00,0.00,against_bias
2026.04.06 11:50:00,pullback,-1,4684.652,0.000,0.000,0.000,0.00,0.00,against_bias
2026.04.06 14:35:00,pullback,1,4690.928,4658.952,0.000,0.000,0.00,0.00,no_room
2026.04.07 08:15:00,pullback,1,4657.144,0.000,0.000,0.000,0.00,0.00,against_bias
2026.04.07 09:25:00,pullback,1,4690.803,4637.969,0.000,0.000,0.00,0.00,no_room
2026.04.07 10:50:00,pullback,-1,4662.070,0.000,0.000,0.000,0.00,0.00,against_bias
2026.04.07 12:25:00,pullback,1,4664.232,0.000,0.000,0.000,0.00,0.00,against_bias
2026.04.07 12:50:00,pullback,-1,4651.135,4671.644,0.000,0.000,0.00,0.00,no_room
2026.04.07 13:45:00,pullback,-1,4646.720,4671.776,0.000,0.000,0.00,0.00,no_room
2026.04.07 14:05:00,pullback,-1,4635.388,4664.321,0.000,0.000,0.00,0.00,no_room
2026.04.07 14:40:00,pullback,1,4653.985,0.000,0.000,0.000,0.00,0.00,against_bias
2026.04.08 07:00:00,pullback,-1,4821.288,0.000,0.000,0.000,0.00,0.00,against_bias
2026.04.08 08:35:00,pullback,-1,4807.859,0.000,0.000,0.000,0.00,0.00,against_bias
2026.04.08 09:45:00,pullback,-1,4790.155,4807.751,0.000,0.000,0.00,0.00,no_room
2026.04.08 10:45:00,pullback,1,4790.369,0.000,0.000,0.000,0.00,0.00,against_bias
2026.04.08 12:00:00,pullback,1,4797.066,0.000,0.000,0.000,0.00,0.00,against_bias
2026.04.08 12:25:00,pullback,-1,4777.764,4798.009,0.000,0.000,0.00,0.00,no_room
2026.04.08 14:30:00,pullback,-1,4767.760,4793.355,0.000,0.000,0.00,0.00,no_room
2026.04.09 07:10:00,pullback,1,4723.101,0.000,0.000,0.000,0.00,0.00,against_bias
2026.04.09 08:40:00,pullback,1,4726.158,0.000,0.000,0.000,0.00,0.00,against_bias
2026.04.09 10:25:00,pullback,1,4732.863,4723.215,0.000,0.000,0.00,0.00,no_room
2026.04.09 11:40:00,pullback,1,4746.665,4737.911,0.000,0.000,0.00,0.00,no_room
2026.04.09 12:30:00,pullback,-1,4738.365,0.000,0.000,0.000,0.00,0.00,against_bias
2026.04.09 13:10:00,pullback,1,4747.985,4734.180,4762.275,4776.564,2.18,2.18,signal
2026.04.09 13:40:00,pullback,1,4747.985,0.000,4762.275,0.000,0.00,0.00,missed_move
2026.04.09 15:20:00,pullback,1,4777.255,4746.041,0.000,0.000,0.00,0.00,no_room
2026.04.10 08:50:00,pullback,-1,4742.226,4757.972,0.000,0.000,0.00,0.00,no_room
2026.04.10 09:20:00,pullback,1,4752.153,0.000,0.000,0.000,0.00,0.00,against_bias
2026.04.10 10:25:00,pullback,1,4753.584,0.000,0.000,0.000,0.00,0.00,against_bias
2026.04.10 11:25:00,pullback,1,4760.681,0.000,0.000,0.000,0.00,0.00,against_bias
2026.04.10 14:20:00,pullback,1,4780.361,4764.046,0.000,0.000,0.00,0.00,no_room
2026.04.10 15:40:00,pullback,-1,4769.492,0.000,0.000,0.000,0.00,0.00,against_bias
2026.04.13 07:05:00,pullback,1,4732.760,4720.223,0.000,0.000,0.00,0.00,no_room
2026.04.13 07:50:00,pullback,1,4738.719,4720.238,0.000,0.000,0.00,0.00,no_room
2026.04.13 08:45:00,pullback,-1,4729.979,0.000,0.000,0.000,0.00,0.00,against_bias
2026.04.13 09:10:00,pullback,-1,4720.019,0.000,0.000,0.000,0.00,0.00,against_bias
2026.04.13 10:50:00,pullback,1,4718.928,4707.649,0.000,0.000,0.00,0.00,no_room
2026.04.13 11:45:00,pullback,-1,4708.068,4729.588,0.000,0.000,0.00,0.00,no_room
2026.04.13 12:50:00,pullback,1,4720.221,0.000,0.000,0.000,0.00,0.00,against_bias
2026.04.13 13:50:00,pullback,1,4737.577,4702.926,0.000,0.000,0.00,0.00,no_room
2026.04.13 15:05:00,pullback,-1,4708.587,0.000,0.000,0.000,0.00,0.00,against_bias
2026.04.14 08:30:00,pullback,1,4782.579,4773.381,4792.347,4802.116,3.27,3.28,signal
2026.04.14 10:40:00,pullback,-1,4771.366,0.000,0.000,0.000,0.00,0.00,against_bias
2026.04.14 12:15:00,pullback,-1,4770.270,0.000,0.000,0.000,0.00,0.00,against_bias
2026.04.14 13:05:00,pullback,1,4776.402,4761.536,0.000,0.000,0.00,0.00,no_room
2026.04.14 14:20:00,pullback,1,4803.445,4779.487,0.000,0.000,0.00,0.00,no_room
2026.04.14 15:10:00,pullback,-1,4795.223,0.000,0.000,0.000,0.00,0.00,against_bias
2026.04.14 15:35:00,pullback,1,4806.677,4790.180,0.000,0.000,0.00,0.00,no_room
2026.04.15 07:05:00,pullback,-1,4810.987,4822.559,0.000,0.000,0.00,0.00,no_room
2026.04.15 08:55:00,pullback,1,4814.007,0.000,0.000,0.000,0.00,0.00,against_bias
2026.04.15 09:15:00,pullback,-1,4805.287,4821.587,0.000,0.000,0.00,0.00,no_room
2026.04.15 10:55:00,pullback,1,4803.063,0.000,0.000,0.000,0.00,0.00,against_bias
2026.04.15 11:25:00,pullback,1,4805.185,0.000,0.000,0.000,0.00,0.00,against_bias
2026.04.15 13:25:00,pullback,1,4816.345,0.000,0.000,0.000,0.00,0.00,against_bias
2026.04.15 15:10:00,pullback,-1,4808.195,0.000,0.000,0.000,0.00,0.00,against_bias
2026.04.15 15:30:00,pullback,-1,4800.041,0.000,0.000,0.000,0.00,0.00,against_bias
2026.04.16 08:05:00,pullback,-1,4816.961,0.000,0.000,0.000,0.00,0.00,against_bias
2026.04.16 11:00:00,pullback,1,4815.390,0.000,0.000,0.000,0.00,0.00,against_bias
2026.04.16 12:00:00,pullback,1,4819.837,0.000,0.000,0.000,0.00,0.00,against_bias
2026.04.16 13:50:00,pullback,-1,4814.015,4823.764,0.000,0.000,0.00,0.00,no_room
2026.04.16 15:10:00,pullback,1,4805.229,0.000,0.000,0.000,0.00,0.00,against_bias
2026.04.17 07:30:00,pullback,1,4790.953,4778.689,0.000,0.000,0.00,0.00,no_room
2026.04.17 08:45:00,pullback,1,4790.899,4780.317,0.000,0.000,0.00,0.00,no_room
2026.04.17 09:50:00,pullback,-1,4792.099,0.000,0.000,0.000,0.00,0.00,against_bias
2026.04.17 10:40:00,pullback,-1,4787.072,0.000,0.000,0.000,0.00,0.00,against_bias
2026.04.17 11:25:00,pullback,1,4789.697,4781.757,0.000,0.000,0.00,0.00,no_room
2026.04.17 12:25:00,pullback,1,4811.696,4797.005,0.000,0.000,0.00,0.00,no_room
2026.04.17 15:45:00,pullback,-1,4862.914,0.000,0.000,0.000,0.00,0.00,against_bias
2026.04.20 07:00:00,pullback,1,4791.901,0.000,0.000,0.000,0.00,0.00,against_bias
2026.04.20 10:20:00,pullback,1,4797.970,4782.782,0.000,0.000,0.00,0.00,no_room
2026.04.20 11:50:00,pullback,1,4801.067,4786.178,0.000,0.000,0.00,0.00,no_room
2026.04.20 13:30:00,pullback,1,4822.201,4798.993,0.000,0.000,0.00,0.00,no_room
2026.04.20 15:00:00,pullback,-1,4806.813,0.000,0.000,0.000,0.00,0.00,against_bias
2026.04.21 07:05:00,pullback,-1,4775.055,4784.060,0.000,0.000,0.00,0.00,no_room
2026.04.21 07:20:00,pullback,1,4783.455,0.000,0.000,0.000,0.00,0.00,against_bias
2026.04.21 07:50:00,pullback,1,4787.463,0.000,0.000,0.000,0.00,0.00,against_bias
2026.04.21 08:10:00,pullback,-1,4780.723,4793.149,0.000,0.000,0.00,0.00,no_room
2026.04.21 10:55:00,pullback,1,4789.746,0.000,0.000,0.000,0.00,0.00,against_bias
2026.04.21 11:10:00,pullback,-1,4780.739,4790.110,0.000,0.000,0.00,0.00,no_room
2026.04.21 11:45:00,pullback,1,4790.400,4778.634,0.000,0.000,0.00,0.00,no_room
2026.04.21 12:45:00,pullback,-1,4779.067,0.000,0.000,0.000,0.00,0.00,against_bias
2026.04.21 13:15:00,pullback,-1,4766.569,4791.286,0.000,0.000,0.00,0.00,no_room
2026.04.21 13:40:00,pullback,1,4783.831,0.000,0.000,0.000,0.00,0.00,against_bias
2026.04.21 14:25:00,pullback,-1,4773.150,4795.135,0.000,0.000,0.00,0.00,no_room
2026.04.22 07:05:00,pullback,1,4767.869,4762.946,0.000,0.000,0.00,0.00,no_room
2026.04.22 07:50:00,pullback,-1,4762.336,0.000,0.000,0.000,0.00,0.00,against_bias
2026.04.22 09:55:00,pullback,-1,4755.022,0.000,0.000,0.000,0.00,0.00,against_bias
2026.04.22 11:20:00,pullback,1,4759.402,0.000,0.000,0.000,0.00,0.00,against_bias
2026.04.22 12:45:00,pullback,-1,4746.971,4760.792,0.000,0.000,0.00,0.00,no_room
2026.04.22 13:45:00,pullback,1,4750.598,0.000,0.000,0.000,0.00,0.00,against_bias
2026.04.22 14:35:00,pullback,-1,4742.295,4761.578,0.000,0.000,0.00,0.00,no_room
2026.04.22 15:40:00,pullback,-1,4729.744,4740.893,0.000,0.000,0.00,0.00,no_room
2026.04.23 07:25:00,pullback,-1,4707.455,0.000,0.000,0.000,0.00,0.00,against_bias
2026.04.23 08:05:00,pullback,1,4721.201,4702.617,0.000,0.000,0.00,0.00,no_room
2026.04.23 09:05:00,pullback,-1,4703.214,0.000,0.000,0.000,0.00,0.00,against_bias
2026.04.23 10:10:00,pullback,-1,4694.749,4703.633,0.000,0.000,0.00,0.00,no_room
2026.04.23 11:20:00,pullback,1,4701.744,0.000,0.000,0.000,0.00,0.00,against_bias
2026.04.23 12:45:00,pullback,1,4738.911,4683.423,0.000,0.000,0.00,0.00,no_room
2026.04.23 14:00:00,pullback,-1,4724.612,0.000,0.000,0.000,0.00,0.00,against_bias
2026.04.23 15:20:00,pullback,1,4736.705,4716.249,0.000,0.000,0.00,0.00,no_room
2026.04.23 15:50:00,pullback,-1,4726.631,0.000,0.000,0.000,0.00,0.00,against_bias
2026.04.24 07:50:00,pullback,1,4688.160,0.000,0.000,0.000,0.00,0.00,against_bias
2026.04.24 09:30:00,pullback,-1,4685.261,0.000,0.000,0.000,0.00,0.00,against_bias
2026.04.24 10:35:00,pullback,-1,4679.210,0.000,0.000,0.000,0.00,0.00,against_bias
2026.04.24 11:05:00,pullback,1,4686.167,4674.186,0.000,0.000,0.00,0.00,no_room
2026.04.24 12:45:00,pullback,-1,4701.292,0.000,0.000,0.000,0.00,0.00,against_bias
2026.04.24 13:45:00,pullback,1,4705.604,4689.537,0.000,0.000,0.00,0.00,no_room
2026.04.24 14:10:00,pullback,1,4717.579,4688.595,0.000,0.000,0.00,0.00,no_room
2026.04.24 15:20:00,pullback,-1,4721.567,0.000,0.000,0.000,0.00,0.00,against_bias
2026.04.24 15:35:00,pullback,-1,4718.840,0.000,0.000,0.000,0.00,0.00,against_bias
2026.04.24 15:45:00,pullback,1,4726.409,4718.265,0.000,0.000,0.00,0.00,no_room
2026.04.27 07:05:00,pullback,1,4715.604,4708.654,0.000,0.000,0.00,0.00,no_room
2026.04.27 08:40:00,pullback,-1,4709.036,0.000,0.000,0.000,0.00,0.00,against_bias
2026.04.27 09:10:00,pullback,-1,4705.289,4714.952,0.000,0.000,0.00,0.00,no_room
2026.04.27 10:35:00,pullback,1,4706.750,0.000,0.000,0.000,0.00,0.00,against_bias
2026.04.27 12:15:00,pullback,1,4708.647,0.000,0.000,0.000,0.00,0.00,against_bias
2026.04.27 12:45:00,pullback,-1,4699.931,4713.022,0.000,0.000,0.00,0.00,no_room
2026.04.27 13:40:00,pullback,-1,4693.005,4703.882,0.000,0.000,0.00,0.00,no_room
2026.04.27 14:35:00,pullback,-1,4688.930,4697.210,0.000,0.000,0.00,0.00,no_room
2026.04.27 14:55:00,pullback,-1,4683.367,4697.424,0.000,0.000,0.00,0.00,no_room
2026.04.28 07:05:00,pullback,1,4634.840,0.000,0.000,0.000,0.00,0.00,against_bias
2026.04.28 08:05:00,pullback,-1,4623.172,4636.017,0.000,0.000,0.00,0.00,no_room
2026.04.28 09:35:00,pullback,-1,4614.607,4635.898,0.000,0.000,0.00,0.00,no_room
2026.04.28 11:00:00,pullback,-1,4604.516,4616.530,0.000,0.000,0.00,0.00,no_room
2026.04.28 12:50:00,pullback,1,4597.786,0.000,0.000,0.000,0.00,0.00,against_bias
2026.04.28 14:05:00,pullback,-1,4570.678,4593.722,0.000,0.000,0.00,0.00,no_room
2026.04.28 14:40:00,pullback,-1,4563.903,4593.716,0.000,0.000,0.00,0.00,no_room
2026.04.28 15:55:00,pullback,1,4581.949,0.000,0.000,0.000,0.00,0.00,against_bias
2026.04.29 07:10:00,pullback,-1,4580.623,4603.773,0.000,0.000,0.00,0.00,no_room
2026.04.29 08:35:00,pullback,-1,4564.404,4574.002,0.000,0.000,0.00,0.00,no_room
2026.04.29 08:55:00,pullback,1,4571.288,0.000,0.000,0.000,0.00,0.00,against_bias
2026.04.29 09:20:00,pullback,1,4576.548,0.000,0.000,0.000,0.00,0.00,against_bias
2026.04.29 09:55:00,pullback,-1,4557.089,4581.522,0.000,0.000,0.00,0.00,no_room
2026.04.29 11:50:00,pullback,-1,4563.845,4572.408,0.000,0.000,0.00,0.00,no_room
2026.04.29 12:35:00,pullback,-1,4559.214,4569.455,0.000,0.000,0.00,0.00,no_room
2026.04.29 12:55:00,pullback,-1,4550.926,4569.525,0.000,0.000,0.00,0.00,no_room
2026.04.29 13:25:00,pullback,-1,4541.417,4560.691,0.000,0.000,0.00,0.00,no_room
2026.04.29 14:20:00,pullback,1,4529.988,0.000,0.000,0.000,0.00,0.00,against_bias
2026.04.29 15:40:00,pullback,1,4546.910,0.000,0.000,0.000,0.00,0.00,against_bias
2025.06.02 09:10:00,pullback,-1,3350.008,0.000,0.000,0.000,0.00,0.00,against_bias
2025.06.02 10:45:00,pullback,-1,3345.531,0.000,0.000,0.000,0.00,0.00,against_bias
2025.06.02 11:25:00,pullback,1,3351.442,3345.827,0.000,0.000,0.00,0.00,no_room
2025.06.02 12:25:00,pullback,1,3360.152,3352.753,0.000,0.000,0.00,0.00,no_room
2025.06.02 13:45:00,pullback,1,3363.587,3352.708,0.000,0.000,0.00,0.00,no_room
2025.06.03 08:05:00,pullback,1,3360.388,0.000,0.000,0.000,0.00,0.00,against_bias
2025.06.03 11:35:00,pullback,1,3358.705,0.000,0.000,0.000,0.00,0.00,against_bias
2025.06.03 12:15:00,pullback,-1,3353.305,3360.764,0.000,0.000,0.00,0.00,no_room
2025.06.03 12:45:00,pullback,1,3360.518,0.000,0.000,0.000,0.00,0.00,against_bias
2025.06.03 13:35:00,pullback,-1,3357.073,3363.465,0.000,0.000,0.00,0.00,no_room
2025.06.03 15:40:00,pullback,1,3350.170,0.000,0.000,0.000,0.00,0.00,against_bias
2025.06.04 07:35:00,pullback,1,3362.948,3354.253,0.000,0.000,0.00,0.00,no_room
2025.06.04 07:55:00,pullback,-1,3358.498,0.000,0.000,0.000,0.00,0.00,against_bias
2025.06.04 09:50:00,pullback,-1,3360.802,0.000,0.000,0.000,0.00,0.00,against_bias
2025.06.04 10:25:00,pullback,-1,3359.315,0.000,0.000,0.000,0.00,0.00,against_bias
2025.06.04 11:30:00,pullback,-1,3347.341,3364.854,0.000,0.000,0.00,0.00,no_room
2025.06.04 12:20:00,pullback,1,3350.606,0.000,0.000,0.000,0.00,0.00,against_bias
2025.06.04 14:10:00,pullback,1,3362.827,0.000,0.000,0.000,0.00,0.00,against_bias
2025.06.04 15:40:00,pullback,-1,3370.358,0.000,0.000,0.000,0.00,0.00,against_bias
2025.06.05 07:10:00,pullback,1,3370.086,0.000,0.000,0.000,0.00,0.00,against_bias
2025.06.05 08:40:00,pullback,1,3373.431,0.000,0.000,0.000,0.00,0.00,against_bias
2025.06.05 10:05:00,pullback,1,3390.018,3373.653,0.000,0.000,0.00,0.00,no_room
2025.06.05 10:30:00,pullback,1,3394.146,3373.629,0.000,0.000,0.00,0.00,no_room
2025.06.05 12:50:00,pullback,-1,3389.531,0.000,0.000,0.000,0.00,0.00,against_bias
2025.06.05 14:05:00,pullback,-1,3377.519,0.000,0.000,0.000,0.00,0.00,against_bias
2025.06.05 14:50:00,pullback,-1,3367.553,0.000,0.000,0.000,0.00,0.00,against_bias
2025.06.05 15:30:00,pullback,-1,3363.859,0.000,0.000,0.000,0.00,0.00,against_bias
2025.06.06 07:50:00,pullback,-1,3356.668,3362.682,0.000,0.000,0.00,0.00,no_room
2025.06.06 08:30:00,pullback,1,3362.270,0.000,0.000,0.000,0.00,0.00,against_bias
2025.06.06 09:25:00,pullback,-1,3358.375,3368.059,0.000,0.000,0.00,0.00,no_room
2025.06.06 11:00:00,pullback,1,3360.307,0.000,0.000,0.000,0.00,0.00,against_bias
2025.06.06 12:40:00,pullback,-1,3355.903,3364.770,0.000,0.000,0.00,0.00,no_room
2025.06.06 14:00:00,pullback,-1,3346.611,3356.008,0.000,0.000,0.00,0.00,no_room
2025.06.06 15:40:00,pullback,1,3334.272,0.000,0.000,0.000,0.00,0.00,against_bias
2025.06.09 09:00:00,pullback,-1,3321.731,0.000,0.000,0.000,0.00,0.00,against_bias
2025.06.09 09:25:00,pullback,-1,3319.489,0.000,0.000,0.000,0.00,0.00,against_bias
2025.06.09 10:25:00,pullback,-1,3316.830,0.000,0.000,0.000,0.00,0.00,against_bias
2025.06.09 12:35:00,pullback,1,3321.310,3313.280,0.000,0.000,0.00,0.00,no_room
2025.06.09 13:25:00,pullback,-1,3312.953,0.000,0.000,0.000,0.00,0.00,against_bias
2025.06.09 14:10:00,pullback,1,3322.432,3310.311,0.000,0.000,0.00,0.00,no_room
2025.06.09 15:25:00,pullback,1,3326.839,3315.830,0.000,0.000,0.00,0.00,no_room
2025.06.10 07:25:00,pullback,-1,3325.349,0.000,0.000,0.000,0.00,0.00,against_bias
2025.06.10 07:35:00,pullback,1,3329.571,3325.019,0.000,0.000,0.00,0.00,no_room
2025.06.10 08:20:00,pullback,1,3332.201,3323.692,0.000,0.000,0.00,0.00,no_room
2025.06.10 10:25:00,pullback,1,3331.863,3326.952,0.000,0.000,0.00,0.00,no_room
2025.06.10 11:10:00,pullback,1,3335.397,3332.610,0.000,0.000,0.00,0.00,sl_too_tight
2025.06.10 12:05:00,pullback,-1,3332.822,0.000,0.000,0.000,0.00,0.00,against_bias
2025.06.10 13:20:00,pullback,1,3340.279,3335.219,0.000,0.000,0.00,0.00,no_room
2025.06.10 14:10:00,pullback,-1,3335.525,0.000,0.000,0.000,0.00,0.00,against_bias
2025.06.11 07:25:00,pullback,1,3339.168,3332.233,0.000,0.000,0.00,0.00,no_room
2025.06.11 09:05:00,pullback,-1,3342.535,0.000,0.000,0.000,0.00,0.00,against_bias
2025.06.11 09:55:00,pullback,-1,3333.981,0.000,0.000,0.000,0.00,0.00,against_bias
2025.06.11 10:45:00,pullback,-1,3331.238,3337.065,0.000,0.000,0.00,0.00,no_room
2025.06.11 11:00:00,pullback,-1,3330.492,3337.059,0.000,0.000,0.00,0.00,no_room
2025.06.11 12:20:00,pullback,1,3336.798,0.000,0.000,0.000,0.00,0.00,against_bias
2025.06.11 14:00:00,pullback,-1,3331.731,0.000,0.000,0.000,0.00,0.00,against_bias
2025.06.11 14:45:00,pullback,1,3335.590,3327.451,0.000,0.000,0.00,0.00,no_room
2025.06.11 15:20:00,pullback,1,3341.280,3327.548,0.000,0.000,0.00,0.00,no_room
2025.06.11 15:45:00,pullback,-1,3336.550,0.000,0.000,0.000,0.00,0.00,against_bias
2025.06.12 07:35:00,pullback,-1,3365.254,0.000,0.000,0.000,0.00,0.00,against_bias
2025.06.12 09:15:00,pullback,1,3361.157,0.000,0.000,0.000,0.00,0.00,against_bias
2025.06.12 09:50:00,pullback,1,3363.853,0.000,0.000,0.000,0.00,0.00,against_bias
2025.06.12 10:20:00,pullback,1,3367.962,0.000,0.000,0.000,0.00,0.00,against_bias
2025.06.12 11:05:00,pullback,1,3385.913,3362.119,0.000,0.000,0.00,0.00,no_room
2025.06.12 11:30:00,pullback,-1,3381.300,0.000,0.000,0.000,0.00,0.00,against_bias
2025.06.12 12:40:00,pullback,1,3384.553,3372.718,0.000,0.000,0.00,0.00,no_room
2025.06.12 13:05:00,pullback,1,3390.391,3372.742,0.000,0.000,0.00,0.00,no_room
2025.06.12 13:45:00,pullback,1,3393.823,3378.841,0.000,0.000,0.00,0.00,no_room
2025.06.12 15:00:00,pullback,-1,3384.453,0.000,0.000,0.000,0.00,0.00,against_bias
2025.06.13 08:10:00,pullback,1,3419.000,3407.490,0.000,0.000,0.00,0.00,no_room
2025.06.13 10:15:00,pullback,-1,3420.025,0.000,0.000,0.000,0.00,0.00,against_bias
2025.06.13 12:10:00,pullback,1,3424.147,3411.292,0.000,0.000,0.00,0.00,no_room
2025.06.13 12:30:00,pullback,1,3427.078,3411.289,0.000,0.000,0.00,0.00,no_room
2025.06.13 13:55:00,pullback,-1,3435.449,0.000,0.000,0.000,0.00,0.00,against_bias
2025.06.13 15:15:00,pullback,-1,3424.777,0.000,0.000,0.000,0.00,0.00,against_bias
2025.06.16 07:15:00,pullback,-1,3412.999,3420.362,0.000,0.000,0.00,0.00,no_room
2025.06.16 09:30:00,pullback,1,3418.566,0.000,0.000,0.000,0.00,0.00,against_bias
2025.06.16 09:55:00,pullback,-1,3413.009,3419.765,0.000,0.000,0.00,0.00,no_room
2025.06.16 10:35:00,pullback,1,3415.881,0.000,0.000,0.000,0.00,0.00,against_bias
2025.06.16 11:35:00,pullback,-1,3418.158,3416.122,0.000,0.000,0.00,0.00,sl_on_wrong_side
2025.06.16 13:55:00,pullback,-1,3405.914,3418.014,3386.979,3368.045,2.06,2.07,signal
2025.06.16 14:00:00,pullback,-1,3405.914,0.000,3386.979,0.000,0.00,0.00,missed_move
2025.06.16 15:30:00,pullback,1,3403.536,0.000,0.000,0.000,0.00,0.00,against_bias
2025.06.17 08:45:00,pullback,-1,3384.329,3387.727,0.000,0.000,0.00,0.00,no_room
2025.06.17 10:00:00,pullback,1,3384.772,0.000,0.000,0.000,0.00,0.00,against_bias
2025.06.17 11:05:00,pullback,1,3398.711,3378.765,0.000,0.000,0.00,0.00,no_room
2025.06.17 13:15:00,pullback,1,3391.590,3383.312,0.000,0.000,0.00,0.00,no_room
2025.06.17 14:35:00,pullback,-1,3383.716,0.000,0.000,0.000,0.00,0.00,against_bias
2025.06.18 07:30:00,pullback,-1,3379.400,0.000,0.000,0.000,0.00,0.00,against_bias
2025.06.18 08:00:00,pullback,1,3385.509,3376.762,0.000,0.000,0.00,0.00,no_room
2025.06.18 09:20:00,pullback,-1,3382.560,0.000,0.000,0.000,0.00,0.00,against_bias
2025.06.18 11:20:00,pullback,1,3382.389,0.000,0.000,0.000,0.00,0.00,against_bias
2025.06.18 12:25:00,pullback,1,3387.026,0.000,0.000,0.000,0.00,0.00,against_bias
2025.06.18 13:10:00,pullback,1,3389.918,3384.517,0.000,0.000,0.00,0.00,no_room
2025.06.18 14:20:00,pullback,-1,3384.801,0.000,0.000,0.000,0.00,0.00,against_bias
2025.06.18 15:50:00,pullback,1,3389.040,3380.884,0.000,0.000,0.00,0.00,no_room
2025.06.19 07:40:00,pullback,1,3358.724,0.000,0.000,0.000,0.00,0.00,against_bias
2025.06.19 08:45:00,pullback,1,3369.182,0.000,0.000,0.000,0.00,0.00,against_bias
2025.06.19 09:25:00,pullback,1,3371.651,0.000,0.000,0.000,0.00,0.00,against_bias
2025.06.19 10:20:00,pullback,1,3373.447,0.000,0.000,0.000,0.00,0.00,against_bias
2025.06.19 11:55:00,pullback,-1,3371.821,0.000,0.000,0.000,0.00,0.00,against_bias
2025.06.19 13:30:00,pullback,-1,3363.784,0.000,0.000,0.000,0.00,0.00,against_bias
2025.06.19 13:55:00,pullback,1,3371.359,3361.162,0.000,0.000,0.00,0.00,no_room
2025.06.19 15:10:00,pullback,1,3366.770,3361.296,0.000,0.000,0.00,0.00,no_room
2025.06.20 07:10:00,pullback,1,3348.714,0.000,0.000,0.000,0.00,0.00,against_bias
2025.06.20 09:10:00,pullback,1,3352.517,0.000,0.000,0.000,0.00,0.00,against_bias
2025.06.20 11:05:00,pullback,-1,3355.110,0.000,0.000,0.000,0.00,0.00,against_bias
2025.06.20 13:15:00,pullback,1,3350.723,3341.526,0.000,0.000,0.00,0.00,no_room
2025.06.23 07:15:00,pullback,-1,3352.644,3358.973,0.000,0.000,0.00,0.00,no_room
2025.06.23 08:05:00,pullback,1,3358.680,0.000,0.000,0.000,0.00,0.00,against_bias
2025.06.23 09:05:00,pullback,1,3362.382,0.000,0.000,0.000,0.00,0.00,against_bias
2025.06.23 11:05:00,pullback,1,3368.046,3364.533,0.000,0.000,0.00,0.00,no_room
2025.06.23 12:20:00,pullback,-1,3364.725,0.000,0.000,0.000,0.00,0.00,against_bias
2025.06.23 13:45:00,pullback,1,3381.353,3355.517,0.000,0.000,0.00,0.00,no_room
2025.06.23 15:25:00,pullback,1,3387.768,3369.508,0.000,0.000,0.00,0.00,no_room
2025.06.24 07:35:00,pullback,1,3326.073,0.000,0.000,0.000,0.00,0.00,against_bias
2025.06.24 08:00:00,pullback,1,3328.994,0.000,0.000,0.000,0.00,0.00,against_bias
2025.06.24 09:05:00,pullback,-1,3324.880,3328.808,0.000,0.000,0.00,0.00,no_room
2025.06.24 09:55:00,pullback,-1,3319.139,3329.041,0.000,0.000,0.00,0.00,no_room
2025.06.24 10:15:00,pullback,1,3323.312,0.000,0.000,0.000,0.00,0.00,against_bias
2025.06.24 12:15:00,pullback,-1,3317.829,3329.289,0.000,0.000,0.00,0.00,no_room
2025.06.24 13:30:00,pullback,-1,3311.426,3329.452,0.000,0.000,0.00,0.00,no_room
2025.06.24 15:05:00,pullback,-1,3301.852,3309.520,0.000,0.000,0.00,0.00,no_room
2025.06.24 15:30:00,pullback,1,3309.079,0.000,0.000,0.000,0.00,0.00,against_bias
2025.06.25 07:15:00,pullback,-1,3329.015,0.000,0.000,0.000,0.00,0.00,against_bias
2025.06.25 07:30:00,pullback,1,3333.966,3328.783,0.000,0.000,0.00,0.00,no_room
2025.06.25 09:10:00,pullback,-1,3326.525,0.000,0.000,0.000,0.00,0.00,against_bias
2025.06.25 10:00:00,pullback,1,3325.056,0.000,0.000,0.000,0.00,0.00,against_bias
2025.06.25 11:15:00,pullback,1,3328.108,0.000,0.000,0.000,0.00,0.00,against_bias
2025.06.25 11:50:00,pullback,-1,3323.967,3329.775,0.000,0.000,0.00,0.00,no_room
2025.06.25 12:45:00,pullback,-1,3321.626,3329.777,0.000,0.000,0.00,0.00,no_room
2025.06.25 13:35:00,pullback,-1,3313.817,3329.823,0.000,0.000,0.00,0.00,no_room
2025.06.25 14:10:00,pullback,1,3318.991,0.000,0.000,0.000,0.00,0.00,against_bias
2025.06.25 15:45:00,pullback,1,3325.894,0.000,0.000,0.000,0.00,0.00,against_bias
2025.06.26 08:50:00,pullback,1,3347.468,3344.853,0.000,0.000,0.00,0.00,sl_too_tight
2025.06.26 09:10:00,pullback,-1,3345.029,0.000,0.000,0.000,0.00,0.00,against_bias
2025.06.26 10:55:00,pullback,1,3341.118,3337.655,0.000,0.000,0.00,0.00,no_room
2025.06.26 11:35:00,pullback,-1,3337.838,0.000,0.000,0.000,0.00,0.00,against_bias
2025.06.26 12:50:00,pullback,-1,3331.469,0.000,0.000,0.000,0.00,0.00,against_bias
2025.06.26 13:35:00,pullback,-1,3316.186,3344.683,0.000,0.000,0.00,0.00,no_room
2025.06.26 13:50:00,pullback,1,3325.505,0.000,0.000,0.000,0.00,0.00,against_bias
2025.06.26 14:25:00,pullback,-1,3317.081,3329.288,0.000,0.000,0.00,0.00,no_room
2025.06.26 15:55:00,pullback,1,3323.786,0.000,0.000,0.000,0.00,0.00,against_bias
2025.06.27 07:20:00,pullback,-1,3286.871,3296.268,0.000,0.000,0.00,0.00,no_room
2025.06.27 08:50:00,pullback,1,3287.970,0.000,0.000,0.000,0.00,0.00,against_bias
2025.06.27 10:00:00,pullback,-1,3284.170,3289.822,0.000,0.000,0.00,0.00,no_room
2025.06.27 10:20:00,pullback,1,3289.554,0.000,0.000,0.000,0.00,0.00,against_bias
2025.06.27 10:55:00,pullback,-1,3282.072,3291.242,0.000,0.000,0.00,0.00,no_room
2025.06.27 11:55:00,pullback,-1,3279.692,3288.256,0.000,0.000,0.00,0.00,no_room
2025.06.27 12:45:00,pullback,-1,3272.344,3281.789,0.000,0.000,0.00,0.00,no_room
2025.06.27 15:45:00,pullback,1,3275.489,0.000,0.000,0.000,0.00,0.00,against_bias
2025.06.30 07:25:00,pullback,1,3295.551,3290.750,0.000,0.000,0.00,0.00,no_room
2025.06.30 08:00:00,pullback,-1,3293.224,0.000,0.000,0.000,0.00,0.00,against_bias
2025.06.30 08:40:00,pullback,-1,3290.726,0.000,0.000,0.000,0.00,0.00,against_bias
2025.06.30 09:35:00,pullback,-1,3281.303,0.000,0.000,0.000,0.00,0.00,against_bias
2025.06.30 09:50:00,pullback,1,3286.927,3277.122,0.000,0.000,0.00,0.00,no_room
2025.06.30 11:25:00,pullback,-1,3277.453,0.000,0.000,0.000,0.00,0.00,against_bias
2025.06.30 15:15:00,pullback,-1,3285.050,3289.900,0.000,0.000,0.00,0.00,no_room
2025.07.01 07:15:00,pullback,1,3334.567,3324.778,0.000,0.000,0.00,0.00,no_room
2025.07.01 08:05:00,pullback,1,3339.931,3333.257,0.000,0.000,0.00,0.00,no_room
2025.07.01 09:25:00,pullback,1,3342.422,3337.234,0.000,0.000,0.00,0.00,no_room
2025.07.01 10:55:00,pullback,1,3348.656,3344.147,0.000,0.000,0.00,0.00,no_room
2025.07.01 12:20:00,pullback,1,3350.773,3346.759,0.000,0.000,0.00,0.00,no_room
2025.07.01 13:10:00,pullback,-1,3350.006,0.000,0.000,0.000,0.00,0.00,against_bias
2025.07.01 14:45:00,pullback,-1,3347.454,0.000,0.000,0.000,0.00,0.00,against_bias
2025.07.01 15:55:00,pullback,-1,3338.829,0.000,0.000,0.000,0.00,0.00,against_bias
2025.07.02 08:20:00,pullback,1,3336.836,3327.325,0.000,0.000,0.00,0.00,no_room
2025.07.02 09:25:00,pullback,1,3338.054,3332.650,0.000,0.000,0.00,0.00,no_room
2025.07.02 10:05:00,pullback,1,3341.719,3332.652,0.000,0.000,0.00,0.00,no_room
2025.07.02 10:40:00,pullback,1,3344.626,3340.387,0.000,0.000,0.00,0.00,no_room
2025.07.02 11:20:00,pullback,-1,3343.129,0.000,0.000,0.000,0.00,0.00,against_bias
2025.07.02 11:50:00,pullback,-1,3341.509,0.000,0.000,0.000,0.00,0.00,against_bias
2025.07.02 12:15:00,pullback,-1,3339.708,0.000,0.000,0.000,0.00,0.00,against_bias
2025.07.02 12:25:00,pullback,1,3347.752,3339.412,0.000,0.000,0.00,0.00,no_room
2025.07.02 13:50:00,pullback,-1,3337.733,0.000,0.000,0.000,0.00,0.00,against_bias
2025.07.03 07:30:00,pullback,-1,3356.482,0.000,0.000,0.000,0.00,0.00,against_bias
2025.07.03 07:50:00,pullback,-1,3354.232,0.000,0.000,0.000,0.00,0.00,against_bias
2025.07.03 09:30:00,pullback,-1,3351.678,0.000,0.000,0.000,0.00,0.00,against_bias
2025.07.03 12:35:00,pullback,-1,3342.952,3355.759,0.000,0.000,0.00,0.00,no_room
2025.07.03 14:25:00,pullback,-1,3326.350,3338.995,0.000,0.000,0.00,0.00,no_room
2025.07.04 07:15:00,pullback,-1,3341.933,0.000,0.000,0.000,0.00,0.00,against_bias
2025.07.04 08:05:00,pullback,1,3343.782,0.000,0.000,0.000,0.00,0.00,against_bias
2025.07.04 09:10:00,pullback,-1,3340.849,3344.123,0.000,0.000,0.00,0.00,no_room
2025.07.04 10:50:00,pullback,1,3336.308,0.000,0.000,0.000,0.00,0.00,against_bias
2025.07.04 12:00:00,pullback,-1,3335.111,3337.990,0.000,0.000,0.00,0.00,sl_too_tight
2025.07.04 12:40:00,pullback,-1,3333.797,3338.009,0.000,0.000,0.00,0.00,no_room
2025.07.04 13:45:00,pullback,1,3335.675,0.000,0.000,0.000,0.00,0.00,against_bias
2025.07.07 07:05:00,pullback,-1,3308.292,3312.778,0.000,0.000,0.00,0.00,no_room
2025.07.07 07:50:00,pullback,-1,3305.816,3313.520,0.000,0.000,0.00,0.00,no_room
2025.07.07 09:30:00,pullback,-1,3308.391,3312.139,0.000,0.000,0.00,0.00,no_room
2025.07.07 10:40:00,pullback,-1,3306.103,3310.964,0.000,0.000,0.00,0.00,no_room
2025.07.07 12:40:00,pullback,1,3305.856,0.000,0.000,0.000,0.00,0.00,against_bias
2025.07.07 13:55:00,pullback,1,3312.527,0.000,0.000,0.000,0.00,0.00,against_bias
2025.07.07 14:45:00,pullback,1,3319.109,3313.901,0.000,0.000,0.00,0.00,no_room
2025.07.08 07:00:00,pullback,1,3335.059,0.000,0.000,0.000,0.00,0.00,against_bias
2025.07.08 07:35:00,pullback,-1,3332.590,0.000,0.000,0.000,0.00,0.00,against_bias
2025.07.08 08:10:00,pullback,-1,3330.509,0.000,0.000,0.000,0.00,0.00,against_bias
2025.07.08 08:50:00,pullback,-1,3324.517,3329.896,0.000,0.000,0.00,0.00,no_room
2025.07.08 10:45:00,pullback,1,3324.947,0.000,0.000,0.000,0.00,0.00,against_bias
2025.07.08 11:40:00,pullback,-1,3323.395,3327.696,0.000,0.000,0.00,0.00,no_room
2025.07.08 12:10:00,pullback,1,3327.484,0.000,0.000,0.000,0.00,0.00,against_bias
2025.07.08 13:10:00,pullback,-1,3325.265,3330.104,0.000,0.000,0.00,0.00,no_room
2025.07.08 13:50:00,pullback,-1,3318.954,3327.275,0.000,0.000,0.00,0.00,no_room
2025.07.09 07:55:00,pullback,1,3294.140,0.000,0.000,0.000,0.00,0.00,against_bias
2025.07.09 08:20:00,pullback,-1,3288.207,3296.317,0.000,0.000,0.00,0.00,no_room
2025.07.09 09:20:00,pullback,1,3289.553,0.000,0.000,0.000,0.00,0.00,against_bias
2025.07.09 10:05:00,pullback,1,3290.425,0.000,0.000,0.000,0.00,0.00,against_bias
2025.07.09 10:35:00,pullback,1,3292.164,0.000,0.000,0.000,0.00,0.00,against_bias
2025.07.09 11:30:00,pullback,-1,3288.197,3296.196,0.000,0.000,0.00,0.00,no_room
2025.07.09 12:55:00,pullback,1,3295.989,0.000,0.000,0.000,0.00,0.00,against_bias
2025.07.09 13:55:00,pullback,1,3299.543,3282.810,0.000,0.000,0.00,0.00,no_room
2025.07.09 15:55:00,pullback,1,3310.122,3291.593,0.000,0.000,0.00,0.00,no_room
2025.07.10 07:45:00,pullback,-1,3323.566,0.000,0.000,0.000,0.00,0.00,against_bias
2025.07.10 08:35:00,pullback,1,3322.380,3319.686,0.000,0.000,0.00,0.00,sl_too_tight
2025.07.10 10:25:00,pullback,-1,3323.203,0.000,0.000,0.000,0.00,0.00,against_bias
2025.07.10 10:55:00,pullback,1,3326.818,3322.042,0.000,0.000,0.00,0.00,no_room
2025.07.10 11:55:00,pullback,-1,3322.228,0.000,0.000,0.000,0.00,0.00,against_bias
2025.07.10 13:55:00,pullback,-1,3317.966,3329.855,0.000,0.000,0.00,0.00,no_room
2025.07.10 15:25:00,pullback,1,3318.782,0.000,0.000,0.000,0.00,0.00,against_bias
2025.07.11 07:10:00,pullback,-1,3332.306,0.000,0.000,0.000,0.00,0.00,against_bias
2025.07.11 10:05:00,pullback,1,3340.155,3333.277,0.000,0.000,0.00,0.00,no_room
2025.07.11 11:45:00,pullback,1,3348.420,3341.793,0.000,0.000,0.00,0.00,no_room
2025.07.11 12:35:00,pullback,1,3350.288,3344.065,0.000,0.000,0.00,0.00,no_room
2025.07.11 14:45:00,pullback,1,3359.260,3349.798,0.000,0.000,0.00,0.00,no_room
2025.07.14 08:30:00,pullback,-1,3369.350,0.000,0.000,0.000,0.00,0.00,against_bias
2025.07.14 09:05:00,pullback,-1,3365.299,0.000,0.000,0.000,0.00,0.00,against_bias
2025.07.14 10:00:00,pullback,1,3369.048,3363.855,0.000,0.000,0.00,0.00,no_room
2025.07.14 11:30:00,pullback,-1,3369.760,0.000,0.000,0.000,0.00,0.00,against_bias
2025.07.14 14:40:00,pullback,-1,3347.139,3359.418,0.000,0.000,0.00,0.00,no_room
2025.07.15 07:00:00,pullback,-1,3358.319,0.000,0.000,0.000,0.00,0.00,against_bias
2025.07.15 07:45:00,pullback,1,3362.843,3357.274,0.000,0.000,0.00,0.00,no_room
2025.07.15 09:20:00,pullback,-1,3360.445,0.000,0.000,0.000,0.00,0.00,against_bias
2025.07.15 10:05:00,pullback,1,3364.683,3358.372,0.000,0.000,0.00,0.00,no_room
2025.07.15 11:30:00,pullback,-1,3358.623,0.000,0.000,0.000,0.00,0.00,against_bias
2025.07.15 13:20:00,pullback,-1,3346.428,3355.396,0.000,0.000,0.00,0.00,no_room
2025.07.15 15:20:00,pullback,-1,3345.473,3352.465,0.000,0.000,0.00,0.00,no_room
2025.07.16 07:45:00,pullback,-1,3336.975,0.000,0.000,0.000,0.00,0.00,against_bias
2025.07.16 08:05:00,pullback,1,3340.177,3335.749,0.000,0.000,0.00,0.00,no_room
2025.07.16 10:10:00,pullback,-1,3338.973,0.000,0.000,0.000,0.00,0.00,against_bias
2025.07.16 11:00:00,pullback,-1,3337.016,3339.530,0.000,0.000,0.00,0.00,sl_too_tight
2025.07.16 11:45:00,pullback,1,3337.394,0.000,0.000,0.000,0.00,0.00,against_bias
2025.07.16 12:50:00,pullback,-1,3333.720,3338.891,0.000,0.000,0.00,0.00,no_room
2025.07.16 13:20:00,pullback,1,3338.581,0.000,0.000,0.000,0.00,0.00,against_bias
2025.07.16 13:35:00,pullback,-1,3331.002,3339.799,0.000,0.000,0.00,0.00,no_room
2025.07.16 14:35:00,pullback,-1,3321.938,3339.862,0.000,0.000,0.00,0.00,no_room
2025.07.16 14:55:00,pullback,1,3329.308,0.000,0.000,0.000,0.00,0.00,against_bias
2025.07.17 07:45:00,pullback,-1,3327.903,3336.735,0.000,0.000,0.00,0.00,no_room
2025.07.17 08:25:00,pullback,1,3329.970,0.000,0.000,0.000,0.00,0.00,against_bias
2025.07.17 09:25:00,pullback,1,3332.032,0.000,0.000,0.000,0.00,0.00,against_bias
2025.07.17 09:50:00,pullback,-1,3327.488,3332.711,0.000,0.000,0.00,0.00,no_room
2025.07.17 12:10:00,pullback,-1,3322.955,3331.334,0.000,0.000,0.00,0.00,no_room
2025.07.17 12:35:00,pullback,-1,3322.110,3331.433,0.000,0.000,0.00,0.00,no_room
2025.07.17 14:10:00,pullback,1,3320.588,0.000,0.000,0.000,0.00,0.00,against_bias
2025.07.17 15:30:00,pullback,1,3336.102,3313.371,0.000,0.000,0.00,0.00,no_room
2025.07.18 09:10:00,pullback,1,3349.875,3346.046,0.000,0.000,0.00,0.00,no_room
2025.07.18 11:15:00,pullback,1,3352.772,3349.636,0.000,0.000,0.00,0.00,no_room
2025.07.18 13:35:00,pullback,-1,3356.557,0.000,0.000,0.000,0.00,0.00,against_bias
2025.07.21 07:25:00,pullback,-1,3365.377,0.000,0.000,0.000,0.00,0.00,against_bias
2025.07.21 07:55:00,pullback,-1,3364.675,0.000,0.000,0.000,0.00,0.00,against_bias
2025.07.21 09:35:00,pullback,-1,3364.326,0.000,0.000,0.000,0.00,0.00,against_bias
2025.07.21 10:05:00,pullback,1,3366.413,3362.566,0.000,0.000,0.00,0.00,no_room
2025.07.21 11:15:00,pullback,1,3368.040,3362.658,0.000,0.000,0.00,0.00,no_room
2025.07.21 13:50:00,pullback,1,3389.712,3383.370,0.000,0.000,0.00,0.00,no_room
2025.07.21 14:25:00,pullback,1,3395.321,3385.811,0.000,0.000,0.00,0.00,no_room
2025.07.21 15:15:00,pullback,-1,3397.270,0.000,0.000,0.000,0.00,0.00,against_bias
2025.07.22 07:30:00,pullback,-1,3384.359,3385.972,0.000,0.000,0.00,0.00,sl_too_tight
2025.07.22 07:40:00,pullback,1,3385.834,0.000,0.000,0.000,0.00,0.00,against_bias
2025.07.22 10:10:00,pullback,1,3386.905,0.000,0.000,0.000,0.00,0.00,against_bias
2025.07.22 11:45:00,pullback,1,3388.863,0.000,0.000,0.000,0.00,0.00,against_bias
2025.07.22 14:30:00,pullback,1,3420.208,3404.617,0.000,0.000,0.00,0.00,no_room
2025.07.22 15:05:00,pullback,1,3427.711,3404.581,0.000,0.000,0.00,0.00,no_room
2025.07.23 07:50:00,pullback,-1,3422.864,3429.927,0.000,0.000,0.00,0.00,no_room
2025.07.23 09:00:00,pullback,1,3428.342,0.000,0.000,0.000,0.00,0.00,against_bias
2025.07.23 10:05:00,pullback,-1,3430.115,0.000,0.000,0.000,0.00,0.00,against_bias
2025.07.23 12:55:00,pullback,-1,3422.931,0.000,0.000,0.000,0.00,0.00,against_bias
2025.07.23 15:05:00,pullback,-1,3410.613,3417.028,0.000,0.000,0.00,0.00,no_room
2025.07.23 15:50:00,pullback,-1,3410.313,3416.130,0.000,0.000,0.00,0.00,no_room
2025.07.24 07:50:00,pullback,-1,3373.088,3377.884,0.000,0.000,0.00,0.00,no_room
2025.07.24 09:20:00,pullback,-1,3365.820,3374.962,0.000,0.000,0.00,0.00,no_room
2025.07.24 10:30:00,pullback,1,3364.452,0.000,0.000,0.000,0.00,0.00,against_bias
2025.07.24 10:50:00,pullback,1,3365.479,0.000,0.000,0.000,0.00,0.00,against_bias
2025.07.24 12:50:00,pullback,-1,3358.072,3366.436,0.000,0.000,0.00,0.00,no_room
2025.07.24 13:35:00,pullback,1,3359.362,0.000,0.000,0.000,0.00,0.00,against_bias
2025.07.24 14:20:00,pullback,1,3372.207,3350.901,0.000,0.000,0.00,0.00,no_room
2025.07.25 07:25:00,pullback,1,3359.503,0.000,0.000,0.000,0.00,0.00,against_bias
2025.07.25 07:40:00,pullback,-1,3356.715,3360.386,0.000,0.000,0.00,0.00,no_room
2025.07.25 08:20:00,pullback,-1,3352.705,3360.375,0.000,0.000,0.00,0.00,no_room
2025.07.25 09:10:00,pullback,-1,3344.551,3360.400,0.000,0.000,0.00,0.00,no_room
2025.07.25 11:30:00,pullback,-1,3340.959,3345.392,0.000,0.000,0.00,0.00,no_room
2025.07.25 12:35:00,pullback,-1,3339.659,3344.326,0.000,0.000,0.00,0.00,no_room
2025.07.25 13:35:00,pullback,1,3342.469,0.000,0.000,0.000,0.00,0.00,against_bias
2025.07.25 14:20:00,pullback,-1,3339.293,3345.978,0.000,0.000,0.00,0.00,no_room
2025.07.25 14:40:00,pullback,-1,3333.811,3345.974,0.000,0.000,0.00,0.00,no_room
2025.07.25 15:45:00,pullback,-1,3328.138,3336.303,0.000,0.000,0.00,0.00,no_room
2025.07.28 07:25:00,pullback,1,3341.539,3335.545,0.000,0.000,0.00,0.00,no_room
2025.07.28 07:35:00,pullback,-1,3338.675,0.000,0.000,0.000,0.00,0.00,against_bias
2025.07.28 08:50:00,pullback,-1,3333.785,0.000,0.000,0.000,0.00,0.00,against_bias
2025.07.28 09:20:00,pullback,1,3338.791,3332.201,0.000,0.000,0.00,0.00,no_room
2025.07.28 10:40:00,pullback,-1,3335.394,0.000,0.000,0.000,0.00,0.00,against_bias
2025.07.28 12:15:00,pullback,-1,3334.407,3338.416,0.000,0.000,0.00,0.00,no_room
2025.07.28 13:35:00,pullback,-1,3325.532,3330.983,0.000,0.000,0.00,0.00,no_room
2025.07.28 15:35:00,pullback,1,3314.817,0.000,0.000,0.000,0.00,0.00,against_bias
2025.07.29 07:10:00,pullback,-1,3316.774,0.000,0.000,0.000,0.00,0.00,against_bias
2025.07.29 08:10:00,pullback,1,3322.430,3310.984,0.000,0.000,0.00,0.00,no_room
2025.07.29 09:05:00,pullback,-1,3324.715,0.000,0.000,0.000,0.00,0.00,against_bias
2025.07.29 11:00:00,pullback,-1,3323.449,0.000,0.000,0.000,0.00,0.00,against_bias
2025.07.29 11:40:00,pullback,-1,3318.101,0.000,0.000,0.000,0.00,0.00,against_bias
2025.07.29 12:25:00,pullback,1,3321.368,3314.630,0.000,0.000,0.00,0.00,no_room
2025.07.29 13:35:00,pullback,-1,3319.390,0.000,0.000,0.000,0.00,0.00,against_bias
2025.07.29 14:30:00,pullback,1,3324.054,3311.441,0.000,0.000,0.00,0.00,no_room
2025.07.30 08:15:00,pullback,1,3331.052,3327.109,0.000,0.000,0.00,0.00,no_room
2025.07.30 08:55:00,pullback,1,3332.864,3328.980,0.000,0.000,0.00,0.00,no_room
2025.07.30 10:20:00,pullback,-1,3329.330,0.000,0.000,0.000,0.00,0.00,against_bias
2025.07.30 11:10:00,pullback,-1,3326.622,0.000,0.000,0.000,0.00,0.00,against_bias
2025.07.30 12:00:00,pullback,1,3330.380,3324.739,0.000,0.000,0.00,0.00,no_room
2025.07.30 12:35:00,pullback,-1,3323.966,0.000,0.000,0.000,0.00,0.00,against_bias
2025.07.30 15:10:00,pullback,-1,3301.166,3306.641,0.000,0.000,0.00,0.00,no_room
2025.07.31 07:45:00,pullback,1,3303.692,3297.764,0.000,0.000,0.00,0.00,no_room
2025.07.31 08:20:00,pullback,1,3309.771,3299.031,0.000,0.000,0.00,0.00,no_room
2025.07.31 09:30:00,pullback,-1,3308.841,0.000,0.000,0.000,0.00,0.00,against_bias
2025.07.31 10:20:00,pullback,-1,3304.822,0.000,0.000,0.000,0.00,0.00,against_bias
2025.07.31 12:35:00,pullback,1,3307.776,3303.995,0.000,0.000,0.00,0.00,no_room
2025.07.31 13:45:00,pullback,-1,3304.721,0.000,0.000,0.000,0.00,0.00,against_bias
2025.08.01 07:05:00,pullback,-1,3290.523,0.000,0.000,0.000,0.00,0.00,against_bias
2025.08.01 07:35:00,pullback,-1,3289.451,0.000,0.000,0.000,0.00,0.00,against_bias
2025.08.01 08:50:00,pullback,1,3289.619,0.000,0.000,0.000,0.00,0.00,against_bias
2025.08.01 10:50:00,pullback,1,3296.426,0.000,0.000,0.000,0.00,0.00,against_bias
2025.08.01 12:20:00,pullback,1,3301.334,3296.593,0.000,0.000,0.00,0.00,no_room
2025.08.01 13:10:00,pullback,1,3345.261,3296.112,0.000,0.000,0.00,0.00,no_room
2025.08.01 15:10:00,pullback,1,3347.765,3340.780,0.000,0.000,0.00,0.00,no_room
2025.08.04 09:10:00,pullback,1,3359.754,3351.567,0.000,0.000,0.00,0.00,no_room
2025.08.04 10:05:00,pullback,-1,3357.910,0.000,0.000,0.000,0.00,0.00,against_bias
2025.08.04 11:15:00,pullback,1,3361.811,3356.674,0.000,0.000,0.00,0.00,no_room
2025.08.04 11:55:00,pullback,1,3368.164,3356.674,0.000,0.000,0.00,0.00,no_room
2025.08.04 13:05:00,pullback,1,3371.527,3360.666,0.000,0.000,0.00,0.00,no_room
2025.08.04 14:50:00,pullback,-1,3374.792,0.000,0.000,0.000,0.00,0.00,against_bias
2025.08.04 15:45:00,pullback,1,3375.698,3374.525,0.000,0.000,0.00,0.00,sl_too_tight
2025.08.05 07:30:00,pullback,1,3374.192,0.000,0.000,0.000,0.00,0.00,against_bias
2025.08.05 08:45:00,pullback,-1,3370.649,3374.807,0.000,0.000,0.00,0.00,no_room
2025.08.05 09:35:00,pullback,-1,3364.017,3374.779,0.000,0.000,0.00,0.00,no_room
2025.08.05 11:00:00,pullback,-1,3354.449,3358.234,0.000,0.000,0.00,0.00,no_room
2025.08.05 11:35:00,pullback,-1,3351.332,3358.169,0.000,0.000,0.00,0.00,no_room
2025.08.05 12:10:00,pullback,1,3353.956,0.000,0.000,0.000,0.00,0.00,against_bias
2025.08.05 14:25:00,pullback,1,3380.741,3349.450,0.000,0.000,0.00,0.00,no_room
2025.08.05 15:50:00,pullback,1,3387.951,3381.875,0.000,0.000,0.00,0.00,no_room
2025.08.06 07:05:00,pullback,-1,3374.939,3378.840,0.000,0.000,0.00,0.00,no_room
2025.08.06 08:20:00,pullback,-1,3368.953,3377.427,0.000,0.000,0.00,0.00,no_room
2025.08.06 09:30:00,pullback,-1,3364.758,3377.373,0.000,0.000,0.00,0.00,no_room
2025.08.06 11:25:00,pullback,1,3365.302,0.000,0.000,0.000,0.00,0.00,against_bias
2025.08.06 12:55:00,pullback,1,3365.379,0.000,0.000,0.000,0.00,0.00,against_bias
2025.08.06 13:55:00,pullback,1,3371.037,0.000,0.000,0.000,0.00,0.00,against_bias
2025.08.07 09:35:00,pullback,-1,3376.400,0.000,0.000,0.000,0.00,0.00,against_bias
2025.08.07 10:30:00,pullback,-1,3374.602,0.000,0.000,0.000,0.00,0.00,against_bias
2025.08.07 10:55:00,pullback,-1,3374.366,0.000,0.000,0.000,0.00,0.00,against_bias
2025.08.07 11:15:00,pullback,1,3378.131,3374.094,0.000,0.000,0.00,0.00,no_room
2025.08.07 12:30:00,pullback,1,3380.397,3375.011,0.000,0.000,0.00,0.00,no_room
2025.08.07 13:45:00,pullback,1,3389.798,3379.379,0.000,0.000,0.00,0.00,no_room
2025.08.08 07:05:00,pullback,1,3397.676,0.000,0.000,0.000,0.00,0.00,against_bias
2025.08.08 07:50:00,pullback,1,3400.421,0.000,0.000,0.000,0.00,0.00,against_bias
2025.08.08 10:20:00,pullback,-1,3396.691,0.000,0.000,0.000,0.00,0.00,against_bias
2025.08.08 11:00:00,pullback,-1,3386.534,3401.675,0.000,0.000,0.00,0.00,no_room
2025.08.08 14:30:00,pullback,-1,3384.208,3402.173,0.000,0.000,0.00,0.00,no_room
2025.08.11 07:05:00,pullback,-1,3363.716,3379.176,0.000,0.000,0.00,0.00,no_room
2025.08.11 07:50:00,pullback,-1,3359.466,3366.724,0.000,0.000,0.00,0.00,no_room
2025.08.11 08:25:00,pullback,1,3362.979,0.000,0.000,0.000,0.00,0.00,against_bias
2025.08.11 09:10:00,pullback,-1,3358.817,3366.093,0.000,0.000,0.00,0.00,no_room
2025.08.11 09:55:00,pullback,-1,3354.311,3364.003,0.000,0.000,0.00,0.00,no_room
2025.08.11 11:25:00,pullback,-1,3352.926,3364.039,0.000,0.000,0.00,0.00,no_room
2025.08.11 12:30:00,pullback,-1,3349.852,3357.288,0.000,0.000,0.00,0.00,no_room
2025.08.11 13:50:00,pullback,1,3358.838,0.000,0.000,0.000,0.00,0.00,against_bias
2025.08.11 14:40:00,pullback,-1,3348.301,3363.307,0.000,0.000,0.00,0.00,no_room
2025.08.12 07:30:00,pullback,1,3348.051,0.000,0.000,0.000,0.00,0.00,against_bias
2025.08.12 10:05:00,pullback,-1,3345.526,3351.977,0.000,0.000,0.00,0.00,no_room
2025.08.12 11:05:00,pullback,-1,3344.022,3350.838,0.000,0.000,0.00,0.00,no_room
2025.08.12 12:35:00,pullback,1,3348.379,0.000,0.000,0.000,0.00,0.00,against_bias
2025.08.12 13:40:00,pullback,-1,3342.562,3358.665,0.000,0.000,0.00,0.00,no_room
2025.08.12 14:15:00,pullback,-1,3340.026,3357.758,0.000,0.000,0.00,0.00,no_room
2025.08.12 15:05:00,pullback,1,3338.930,0.000,0.000,0.000,0.00,0.00,against_bias
2025.08.13 07:00:00,pullback,1,3356.579,3353.486,0.000,0.000,0.00,0.00,no_room
2025.08.13 08:05:00,pullback,-1,3353.895,0.000,0.000,0.000,0.00,0.00,against_bias
2025.08.13 08:50:00,pullback,1,3361.004,3352.621,0.000,0.000,0.00,0.00,no_room
2025.08.13 09:40:00,pullback,1,3363.460,3358.402,0.000,0.000,0.00,0.00,no_room
2025.08.13 11:10:00,pullback,-1,3363.799,0.000,0.000,0.000,0.00,0.00,against_bias
2025.08.13 12:10:00,pullback,-1,3358.834,0.000,0.000,0.000,0.00,0.00,against_bias
2025.08.13 13:05:00,pullback,-1,3355.470,0.000,0.000,0.000,0.00,0.00,against_bias
2025.08.13 13:40:00,pullback,1,3361.009,3353.821,0.000,0.000,0.00,0.00,no_room
2025.08.14 07:40:00,pullback,-1,3357.271,0.000,0.000,0.000,0.00,0.00,against_bias
2025.08.14 09:10:00,pullback,1,3350.318,0.000,0.000,0.000,0.00,0.00,against_bias
2025.08.14 10:50:00,pullback,-1,3353.851,3359.293,0.000,0.000,0.00,0.00,no_room
2025.08.14 12:10:00,pullback,1,3356.910,0.000,0.000,0.000,0.00,0.00,against_bias
2025.08.14 12:30:00,pullback,-1,3353.230,3358.602,0.000,0.000,0.00,0.00,no_room
2025.08.14 13:25:00,pullback,-1,3348.968,3356.955,0.000,0.000,0.00,0.00,no_room
2025.08.14 14:00:00,pullback,-1,3344.498,3349.730,0.000,0.000,0.00,0.00,no_room
2025.08.15 07:00:00,pullback,-1,3340.842,0.000,0.000,0.000,0.00,0.00,against_bias
2025.08.15 07:20:00,pullback,1,3344.021,3340.631,0.000,0.000,0.00,0.00,no_room
2025.08.15 08:00:00,pullback,1,3345.881,3340.095,0.000,0.000,0.00,0.00,no_room
2025.08.15 08:30:00,pullback,-1,3340.301,0.000,0.000,0.000,0.00,0.00,against_bias
2025.08.15 09:25:00,pullback,1,3342.828,3338.171,0.000,0.000,0.00,0.00,no_room
2025.08.15 10:10:00,pullback,-1,3340.616,0.000,0.000,0.000,0.00,0.00,against_bias
2025.08.15 11:35:00,pullback,1,3340.675,0.000,0.000,0.000,0.00,0.00,against_bias
2025.08.15 12:30:00,pullback,-1,3337.700,3344.375,0.000,0.000,0.00,0.00,no_room
2025.08.15 15:05:00,pullback,1,3342.657,0.000,0.000,0.000,0.00,0.00,against_bias
2025.08.18 07:10:00,pullback,1,3350.767,3345.804,0.000,0.000,0.00,0.00,no_room
2025.08.18 08:05:00,pullback,-1,3347.780,0.000,0.000,0.000,0.00,0.00,against_bias
2025.08.18 11:00:00,pullback,-1,3347.521,3350.254,0.000,0.000,0.00,0.00,sl_too_tight
2025.08.18 11:55:00,pullback,-1,3346.507,3348.860,0.000,0.000,0.00,0.00,sl_too_tight
2025.08.18 13:05:00,pullback,-1,3344.475,3349.047,0.000,0.000,0.00,0.00,no_room
2025.08.18 15:50:00,pullback,1,3335.955,0.000,0.000,0.000,0.00,0.00,against_bias
2025.08.19 07:10:00,pullback,1,3338.795,3334.292,0.000,0.000,0.00,0.00,no_room
2025.08.19 08:15:00,pullback,-1,3337.547,0.000,0.000,0.000,0.00,0.00,against_bias
2025.08.19 10:05:00,pullback,1,3339.499,3336.742,0.000,0.000,0.00,0.00,sl_too_tight
2025.08.19 11:30:00,pullback,-1,3341.718,0.000,0.000,0.000,0.00,0.00,against_bias
2025.08.19 12:10:00,pullback,-1,3339.273,0.000,0.000,0.000,0.00,0.00,against_bias
2025.08.19 14:40:00,pullback,-1,3332.206,3339.667,0.000,0.000,0.00,0.00,no_room
2025.08.20 07:00:00,pullback,-1,3323.012,0.000,0.000,0.000,0.00,0.00,against_bias
2025.08.20 07:15:00,pullback,1,3324.899,3322.863,0.000,0.000,0.00,0.00,sl_too_tight
2025.08.20 08:15:00,pullback,-1,3323.642,0.000,0.000,0.000,0.00,0.00,against_bias
2025.08.20 09:15:00,pullback,1,3326.657,3320.718,0.000,0.000,0.00,0.00,no_room
2025.08.20 10:25:00,pullback,-1,3325.292,0.000,0.000,0.000,0.00,0.00,against_bias
2025.08.20 11:10:00,pullback,1,3327.913,3325.292,0.000,0.000,0.00,0.00,sl_too_tight
2025.08.20 12:00:00,pullback,1,3331.647,3328.766,0.000,0.000,0.00,0.00,sl_too_tight
2025.08.20 12:55:00,pullback,1,3341.780,3328.710,0.000,0.000,0.00,0.00,no_room
2025.08.20 13:45:00,pullback,1,3344.901,3338.623,0.000,0.000,0.00,0.00,no_room
2025.08.20 14:50:00,pullback,1,3348.420,3339.612,0.000,0.000,0.00,0.00,no_room
2025.08.20 15:55:00,pullback,-1,3339.508,0.000,0.000,0.000,0.00,0.00,against_bias
2025.08.21 07:15:00,pullback,1,3338.005,0.000,0.000,0.000,0.00,0.00,against_bias
2025.08.21 07:40:00,pullback,1,3339.231,0.000,0.000,0.000,0.00,0.00,against_bias
2025.08.21 08:50:00,pullback,-1,3338.710,3341.108,0.000,0.000,0.00,0.00,sl_too_tight
2025.08.21 10:35:00,pullback,-1,3338.484,3342.350,0.000,0.000,0.00,0.00,no_room
2025.08.21 12:35:00,pullback,1,3342.806,0.000,0.000,0.000,0.00,0.00,against_bias
2025.08.21 13:30:00,pullback,1,3345.114,3336.057,0.000,0.000,0.00,0.00,no_room
2025.08.21 15:10:00,pullback,-1,3341.537,0.000,0.000,0.000,0.00,0.00,against_bias
2025.08.21 15:45:00,pullback,1,3345.294,3337.280,0.000,0.000,0.00,0.00,no_room
2025.08.22 07:05:00,pullback,1,3330.426,0.000,0.000,0.000,0.00,0.00,against_bias
2025.08.22 08:35:00,pullback,1,3329.230,0.000,0.000,0.000,0.00,0.00,against_bias
2025.08.22 09:15:00,pullback,1,3330.696,0.000,0.000,0.000,0.00,0.00,against_bias
2025.08.22 11:20:00,pullback,-1,3329.118,3331.873,0.000,0.000,0.00,0.00,sl_too_tight
2025.08.22 12:05:00,pullback,-1,3327.858,3331.225,0.000,0.000,0.00,0.00,no_room
2025.08.22 12:35:00,pullback,-1,3325.006,3330.217,0.000,0.000,0.00,0.00,no_room
2025.08.22 13:35:00,pullback,1,3329.990,0.000,0.000,0.000,0.00,0.00,against_bias
2025.08.22 14:05:00,pullback,1,3336.232,3322.720,0.000,0.000,0.00,0.00,no_room
2025.08.22 15:35:00,pullback,1,3377.827,3322.799,0.000,0.000,0.00,0.00,no_room
2025.08.25 07:10:00,pullback,1,3369.251,3365.788,0.000,0.000,0.00,0.00,no_room
2025.08.25 08:00:00,pullback,-1,3366.540,0.000,0.000,0.000,0.00,0.00,against_bias
2025.08.25 09:10:00,pullback,-1,3363.408,0.000,0.000,0.000,0.00,0.00,against_bias
2025.08.25 09:45:00,pullback,1,3365.322,0.000,0.000,0.000,0.00,0.00,against_bias
2025.08.25 11:35:00,pullback,1,3368.280,0.000,0.000,0.000,0.00,0.00,against_bias
2025.08.25 13:00:00,pullback,-1,3365.160,0.000,0.000,0.000,0.00,0.00,against_bias
2025.08.25 14:00:00,pullback,1,3370.431,3362.187,0.000,0.000,0.00,0.00,no_room
2025.08.25 14:50:00,pullback,1,3374.190,3368.963,0.000,0.000,0.00,0.00,no_room
2025.08.26 07:15:00,pullback,-1,3372.465,0.000,0.000,0.000,0.00,0.00,against_bias
2025.08.26 08:05:00,pullback,1,3377.710,3367.006,0.000,0.000,0.00,0.00,no_room
2025.08.26 09:35:00,pullback,-1,3374.558,0.000,0.000,0.000,0.00,0.00,against_bias
2025.08.26 10:35:00,pullback,-1,3369.491,0.000,0.000,0.000,0.00,0.00,against_bias
2025.08.26 11:10:00,pullback,1,3375.138,3367.044,0.000,0.000,0.00,0.00,no_room
2025.08.26 12:55:00,pullback,-1,3375.571,0.000,0.000,0.000,0.00,0.00,against_bias
2025.08.26 14:50:00,pullback,1,3378.092,3370.066,0.000,0.000,0.00,0.00,no_room
2025.08.27 07:05:00,pullback,-1,3375.841,3382.114,0.000,0.000,0.00,0.00,no_room
2025.08.27 08:05:00,pullback,1,3381.954,0.000,0.000,0.000,0.00,0.00,against_bias
2025.08.27 09:50:00,pullback,-1,3381.744,0.000,0.000,0.000,0.00,0.00,against_bias
2025.08.27 12:25:00,pullback,1,3378.159,3374.084,0.000,0.000,0.00,0.00,no_room
2025.08.27 13:10:00,pullback,1,3382.742,3374.031,0.000,0.000,0.00,0.00,no_room
2025.08.27 13:35:00,pullback,-1,3380.013,0.000,0.000,0.000,0.00,0.00,against_bias
2025.08.27 14:55:00,pullback,1,3384.797,3375.883,0.000,0.000,0.00,0.00,no_room
2025.08.28 07:15:00,pullback,1,3395.719,3388.567,0.000,0.000,0.00,0.00,no_room
2025.08.28 08:40:00,pullback,1,3397.477,3393.807,0.000,0.000,0.00,0.00,no_room
2025.08.28 10:05:00,pullback,-1,3398.403,0.000,0.000,0.000,0.00,0.00,against_bias
2025.08.28 11:20:00,pullback,1,3398.643,3393.735,0.000,0.000,0.00,0.00,no_room
2025.08.28 12:10:00,pullback,1,3407.658,3396.018,0.000,0.000,0.00,0.00,no_room
2025.08.28 12:40:00,pullback,-1,3403.656,0.000,0.000,0.000,0.00,0.00,against_bias
2025.08.28 13:55:00,pullback,1,3408.791,3393.919,0.000,0.000,0.00,0.00,no_room
2025.08.28 15:30:00,pullback,-1,3407.497,0.000,0.000,0.000,0.00,0.00,against_bias
2025.08.29 07:30:00,pullback,-1,3407.858,3412.810,0.000,0.000,0.00,0.00,no_room
2025.08.29 08:05:00,pullback,1,3412.653,0.000,0.000,0.000,0.00,0.00,against_bias
2025.08.29 08:55:00,pullback,-1,3412.160,0.000,0.000,0.000,0.00,0.00,against_bias
2025.08.29 11:10:00,pullback,-1,3405.400,3407.914,0.000,0.000,0.00,0.00,sl_too_tight
2025.08.29 11:35:00,pullback,1,3407.790,0.000,0.000,0.000,0.00,0.00,against_bias
2025.08.29 12:35:00,pullback,1,3411.266,0.000,0.000,0.000,0.00,0.00,against_bias
2025.08.29 14:35:00,pullback,1,3437.321,3413.337,0.000,0.000,0.00,0.00,no_room
2025.08.29 15:00:00,pullback,1,3440.189,3413.320,0.000,0.000,0.00,0.00,no_room
2025.08.29 15:45:00,pullback,1,3446.232,3433.064,0.000,0.000,0.00,0.00,no_room
2025.09.01 07:20:00,pullback,-1,3474.620,0.000,0.000,0.000,0.00,0.00,against_bias
2025.09.01 09:05:00,pullback,-1,3476.584,0.000,0.000,0.000,0.00,0.00,against_bias
2025.09.01 11:50:00,pullback,-1,3468.852,0.000,0.000,0.000,0.00,0.00,against_bias
2025.09.01 13:10:00,pullback,1,3473.451,3466.848,3485.879,3498.307,3.78,3.79,signal
2025.09.02 07:25:00,pullback,-1,3483.236,3488.655,3477.189,3471.142,4.73,4.74,signal
2025.09.02 08:40:00,pullback,1,3478.545,0.000,0.000,0.000,0.00,0.00,against_bias
2025.09.02 10:10:00,pullback,1,3480.367,0.000,0.000,0.000,0.00,0.00,against_bias
2025.09.02 10:40:00,pullback,1,3483.636,0.000,0.000,0.000,0.00,0.00,against_bias
2025.09.02 11:00:00,pullback,1,3485.074,0.000,0.000,0.000,0.00,0.00,against_bias
2025.09.02 11:55:00,pullback,1,3486.603,0.000,0.000,0.000,0.00,0.00,against_bias
2025.09.02 12:40:00,pullback,-1,3478.517,3494.494,0.000,0.000,0.00,0.00,no_room
2025.09.02 13:45:00,pullback,1,3487.283,0.000,0.000,0.000,0.00,0.00,against_bias
2025.09.02 15:10:00,pullback,1,3514.171,3494.862,3552.789,3591.407,1.35,1.35,signal
2025.09.05 13:50:00,pullback,1,3584.972,3572.643,3609.630,3634.288,2.17,2.18,signal
2025.09.08 13:50:00,pullback,1,3632.103,3619.888,3656.532,3680.961,2.26,2.27,signal
2025.09.11 10:40:00,pullback,1,3622.765,0.000,0.000,0.000,0.00,0.00,against_bias
2025.09.11 11:40:00,pullback,-1,3619.666,3625.139,0.000,0.000,0.00,0.00,no_room
2025.09.11 12:25:00,pullback,1,3621.654,0.000,0.000,0.000,0.00,0.00,against_bias
2025.09.11 13:20:00,pullback,-1,3626.177,0.000,0.000,0.000,0.00,0.00,against_bias
2025.09.11 15:25:00,pullback,1,3637.853,3626.510,0.000,0.000,0.00,0.00,no_room
2025.09.12 08:15:00,pullback,-1,3648.295,0.000,0.000,0.000,0.00,0.00,against_bias
2025.09.12 08:50:00,pullback,-1,3642.544,0.000,0.000,0.000,0.00,0.00,against_bias
2025.09.12 09:30:00,pullback,1,3646.117,3637.403,0.000,0.000,0.00,0.00,no_room
2025.09.12 10:05:00,pullback,1,3647.021,3642.262,0.000,0.000,0.00,0.00,no_room
2025.09.12 11:30:00,pullback,-1,3649.090,0.000,0.000,0.000,0.00,0.00,against_bias
2025.09.12 12:00:00,pullback,-1,3647.184,0.000,0.000,0.000,0.00,0.00,against_bias
2025.09.12 13:20:00,pullback,1,3649.421,3637.915,0.000,0.000,0.00,0.00,no_room
2025.09.12 14:20:00,pullback,1,3652.534,3646.287,0.000,0.000,0.00,0.00,no_room
2025.09.12 15:10:00,pullback,-1,3646.596,0.000,0.000,0.000,0.00,0.00,against_bias
2025.09.15 08:00:00,pullback,1,3643.888,3633.510,0.000,0.000,0.00,0.00,no_room
2025.09.15 08:50:00,pullback,-1,3641.074,0.000,0.000,0.000,0.00,0.00,against_bias
2025.09.15 09:00:00,pullback,1,3645.255,3640.862,0.000,0.000,0.00,0.00,no_room
2025.09.15 09:25:00,pullback,-1,3640.812,0.000,0.000,0.000,0.00,0.00,against_bias
2025.09.15 12:30:00,pullback,-1,3639.048,0.000,0.000,0.000,0.00,0.00,against_bias
2025.09.15 12:50:00,pullback,1,3646.698,3636.666,0.000,0.000,0.00,0.00,no_room
2025.09.15 13:25:00,pullback,1,3651.081,3636.629,0.000,0.000,0.00,0.00,no_room
2025.09.15 15:05:00,pullback,1,3664.371,3653.532,0.000,0.000,0.00,0.00,no_room
2025.09.16 07:40:00,pullback,-1,3689.742,0.000,0.000,0.000,0.00,0.00,against_bias
2025.09.16 08:15:00,pullback,1,3694.211,3689.489,3703.654,3713.098,5.88,5.88,signal
2025.09.16 12:40:00,pullback,-1,3690.542,0.000,0.000,0.000,0.00,0.00,against_bias
2025.09.16 14:15:00,pullback,1,3698.600,3684.759,0.000,0.000,0.00,0.00,no_room
2025.09.16 14:30:00,pullback,-1,3693.655,0.000,0.000,0.000,0.00,0.00,against_bias
2025.09.16 15:35:00,pullback,-1,3680.053,3703.528,0.000,0.000,0.00,0.00,no_room
2025.09.17 07:20:00,pullback,-1,3670.370,3677.686,3655.739,3641.107,3.75,3.76,signal
2025.09.17 13:35:00,pullback,1,3679.495,3672.485,0.000,0.000,0.00,0.00,no_room
2025.09.17 14:15:00,pullback,1,3682.554,3675.940,0.000,0.000,0.00,0.00,no_room
2025.09.17 15:55:00,pullback,-1,3684.365,0.000,0.000,0.000,0.00,0.00,against_bias
2025.09.18 07:10:00,pullback,1,3640.247,0.000,0.000,0.000,0.00,0.00,against_bias
2025.09.18 08:40:00,pullback,1,3659.850,0.000,0.000,0.000,0.00,0.00,against_bias
2025.09.18 11:20:00,pullback,1,3669.367,3665.295,0.000,0.000,0.00,0.00,no_room
2025.09.18 11:35:00,pullback,-1,3665.691,0.000,0.000,0.000,0.00,0.00,against_bias
2025.09.18 12:25:00,pullback,1,3670.941,3664.165,0.000,0.000,0.00,0.00,no_room
2025.09.18 12:35:00,pullback,-1,3665.973,0.000,0.000,0.000,0.00,0.00,against_bias
2025.09.19 07:50:00,pullback,1,3654.256,3644.199,0.000,0.000,0.00,0.00,no_room
2025.09.19 09:20:00,pullback,1,3657.576,3649.356,0.000,0.000,0.00,0.00,no_room
2025.09.19 10:15:00,pullback,1,3658.537,3655.434,0.000,0.000,0.00,0.00,no_room
2025.09.19 10:55:00,pullback,-1,3655.594,0.000,0.000,0.000,0.00,0.00,against_bias
2025.09.19 11:10:00,pullback,-1,3655.042,0.000,0.000,0.000,0.00,0.00,against_bias
2025.09.19 13:15:00,pullback,1,3651.900,3645.346,0.000,0.000,0.00,0.00,no_room
2025.09.19 14:40:00,pullback,1,3664.365,3656.036,0.000,0.000,0.00,0.00,no_room
2025.09.22 08:05:00,pullback,1,3716.291,3708.290,3732.292,3748.293,3.40,3.40,signal
2025.09.23 07:05:00,pullback,-1,3751.972,0.000,0.000,0.000,0.00,0.00,against_bias
2025.09.23 08:20:00,pullback,1,3757.423,3751.636,0.000,0.000,0.00,0.00,no_room
2025.09.23 10:55:00,pullback,-1,3781.655,0.000,0.000,0.000,0.00,0.00,against_bias
2025.09.23 11:15:00,pullback,-1,3780.824,0.000,0.000,0.000,0.00,0.00,against_bias
2025.09.23 11:25:00,pullback,1,3784.160,3780.544,3790.804,3797.448,7.75,7.75,signal
2025.09.23 12:15:00,pullback,-1,3779.670,0.000,0.000,0.000,0.00,0.00,against_bias
2025.09.23 13:10:00,pullback,1,3784.949,3777.042,0.000,0.000,0.00,0.00,no_room
2025.09.23 14:15:00,pullback,-1,3777.352,3789.299,3753.459,3729.566,2.32,2.32,signal
2025.09.25 07:40:00,pullback,1,3748.362,3739.626,0.000,0.000,0.00,0.00,no_room
2025.09.25 09:30:00,pullback,-1,3751.383,0.000,0.000,0.000,0.00,0.00,against_bias
2025.09.25 09:50:00,pullback,1,3757.483,3750.106,0.000,0.000,0.00,0.00,no_room
2025.09.25 10:50:00,pullback,1,3758.961,3750.137,0.000,0.000,0.00,0.00,no_room
2025.09.25 11:05:00,pullback,-1,3750.386,0.000,0.000,0.000,0.00,0.00,against_bias
2025.09.25 12:25:00,pullback,1,3754.078,0.000,0.000,0.000,0.00,0.00,against_bias
2025.09.25 12:35:00,pullback,-1,3749.523,3754.432,0.000,0.000,0.00,0.00,no_room
2025.09.25 13:45:00,pullback,-1,3730.542,3746.226,0.000,0.000,0.00,0.00,no_room
2025.09.25 14:25:00,pullback,1,3734.862,0.000,0.000,0.000,0.00,0.00,against_bias
2025.09.25 15:20:00,pullback,1,3736.413,0.000,0.000,0.000,0.00,0.00,against_bias
2025.09.26 07:05:00,pullback,-1,3741.492,3754.513,0.000,0.000,0.00,0.00,no_room
2025.09.26 09:15:00,pullback,-1,3751.606,3755.441,0.000,0.000,0.00,0.00,no_room
2025.09.26 10:05:00,pullback,1,3754.455,0.000,0.000,0.000,0.00,0.00,against_bias
2025.09.26 10:45:00,pullback,-1,3747.225,3755.225,0.000,0.000,0.00,0.00,no_room
2025.09.26 12:35:00,pullback,1,3752.920,0.000,0.000,0.000,0.00,0.00,against_bias
2025.09.26 13:10:00,pullback,1,3757.458,0.000,0.000,0.000,0.00,0.00,against_bias
2025.09.26 14:05:00,pullback,1,3766.361,3751.689,0.000,0.000,0.00,0.00,no_room
2025.09.29 07:35:00,pullback,-1,3811.876,0.000,0.000,0.000,0.00,0.00,against_bias
2025.09.29 08:50:00,pullback,1,3816.474,3808.012,0.000,0.000,0.00,0.00,no_room
2025.09.29 09:50:00,pullback,-1,3808.356,0.000,0.000,0.000,0.00,0.00,against_bias
2025.09.29 11:15:00,pullback,1,3818.491,3814.533,0.000,0.000,0.00,0.00,no_room
2025.09.29 12:35:00,pullback,-1,3814.806,0.000,0.000,0.000,0.00,0.00,against_bias
2025.09.29 13:05:00,pullback,-1,3812.594,0.000,0.000,0.000,0.00,0.00,against_bias
2025.09.29 15:05:00,pullback,1,3828.547,3822.694,0.000,0.000,0.00,0.00,no_room
2025.09.30 09:15:00,pullback,-1,3807.567,3872.286,0.000,0.000,0.00,0.00,no_room
2025.09.30 10:25:00,pullback,1,3806.835,0.000,0.000,0.000,0.00,0.00,against_bias
2025.09.30 11:35:00,pullback,1,3814.577,0.000,0.000,0.000,0.00,0.00,against_bias
2025.09.30 12:50:00,pullback,1,3817.839,0.000,0.000,0.000,0.00,0.00,against_bias
2025.09.30 13:40:00,pullback,1,3821.623,0.000,0.000,0.000,0.00,0.00,against_bias
2025.09.30 14:55:00,pullback,1,3852.639,0.000,0.000,0.000,0.00,0.00,against_bias
2025.10.01 07:15:00,pullback,1,3864.902,3857.442,0.000,0.000,0.00,0.00,no_room
2025.10.01 09:25:00,pullback,-1,3887.894,0.000,0.000,0.000,0.00,0.00,against_bias
2025.10.01 11:15:00,pullback,-1,3885.145,3889.879,0.000,0.000,0.00,0.00,no_room
2025.10.01 11:40:00,pullback,-1,3881.124,3889.882,3863.607,3846.091,3.26,3.26,signal
2025.10.01 12:30:00,pullback,-1,3878.059,3890.003,3858.950,3839.841,2.36,2.37,signal
2025.10.02 13:05:00,pullback,1,3888.513,3879.661,0.000,0.000,0.00,0.00,no_room
2025.10.02 13:50:00,pullback,-1,3880.665,0.000,0.000,0.000,0.00,0.00,against_bias
2025.10.02 15:40:00,pullback,-1,3825.281,3845.786,0.000,0.000,0.00,0.00,no_room
2025.10.03 07:25:00,pullback,1,3860.973,0.000,0.000,0.000,0.00,0.00,against_bias
2025.10.03 09:00:00,pullback,1,3863.738,3859.959,0.000,0.000,0.00,0.00,no_room
2025.10.03 09:20:00,pullback,-1,3860.168,0.000,0.000,0.000,0.00,0.00,against_bias
2025.10.03 10:55:00,pullback,1,3866.285,3861.840,0.000,0.000,0.00,0.00,no_room
2025.10.03 11:20:00,pullback,-1,3862.072,0.000,0.000,0.000,0.00,0.00,against_bias
2025.10.03 12:35:00,pullback,1,3864.477,3854.342,0.000,0.000,0.00,0.00,no_room
2025.10.03 14:15:00,pullback,-1,3872.684,0.000,0.000,0.000,0.00,0.00,against_bias
2025.10.03 15:55:00,pullback,1,3889.049,3873.410,0.000,0.000,0.00,0.00,no_room
2025.10.06 07:50:00,pullback,1,3936.470,3928.863,3944.796,3953.122,3.73,3.73,signal
2025.10.06 08:05:00,pullback,1,3936.470,0.000,3944.796,0.000,0.00,0.00,missed_move
2025.10.06 10:40:00,pullback,1,3942.714,3932.189,0.000,0.000,0.00,0.00,no_room
2025.10.06 12:20:00,pullback,1,3940.231,3930.596,0.000,0.000,0.00,0.00,no_room
2025.10.06 12:35:00,pullback,-1,3930.997,3941.834,0.000,0.000,0.00,0.00,no_room
2025.10.06 13:35:00,pullback,-1,3930.789,3939.044,0.000,0.000,0.00,0.00,no_room
2025.10.06 13:45:00,pullback,1,3938.598,0.000,0.000,0.000,0.00,0.00,against_bias
2025.10.06 14:35:00,pullback,1,3950.197,3939.586,3971.419,3992.640,2.67,2.67,signal
2025.10.08 07:10:00,pullback,1,4032.969,4020.907,0.000,0.000,0.00,0.00,no_room
2025.10.08 08:25:00,pullback,1,4038.769,4030.537,4055.233,4071.697,3.55,3.55,signal
2025.10.08 13:45:00,pullback,-1,4030.954,4050.002,0.000,0.000,0.00,0.00,no_room
2025.10.08 15:00:00,pullback,1,4046.173,0.000,0.000,0.000,0.00,0.00,against_bias
2025.10.09 08:15:00,pullback,1,4032.941,4024.363,0.000,0.000,0.00,0.00,no_room
2025.10.09 08:40:00,pullback,1,4038.006,4024.418,0.000,0.000,0.00,0.00,no_room
2025.10.09 09:45:00,pullback,-1,4036.483,0.000,0.000,0.000,0.00,0.00,against_bias
2025.10.09 10:35:00,pullback,1,4039.465,4033.974,0.000,0.000,0.00,0.00,no_room
2025.10.09 12:55:00,pullback,1,4046.462,4036.973,0.000,0.000,0.00,0.00,no_room
2025.10.09 13:45:00,pullback,-1,4037.346,4058.596,0.000,0.000,0.00,0.00,no_room
2025.10.09 14:25:00,pullback,-1,4012.551,4058.947,0.000,0.000,0.00,0.00,no_room
2025.10.09 15:30:00,pullback,-1,4018.020,4029.721,4003.329,3988.638,2.47,2.47,signal
2025.10.10 08:05:00,pullback,1,3976.135,0.000,0.000,0.000,0.00,0.00,against_bias
2025.10.10 08:45:00,pullback,1,3988.783,3952.163,0.000,0.000,0.00,0.00,no_room
2025.10.10 09:45:00,pullback,1,4001.720,3984.882,4035.396,4069.072,1.75,1.75,signal
2025.10.10 12:50:00,pullback,-1,3984.995,0.000,0.000,0.000,0.00,0.00,against_bias
2025.10.10 13:25:00,pullback,1,3989.643,3978.820,0.000,0.000,0.00,0.00,no_room
2025.10.10 14:05:00,pullback,-1,3979.394,0.000,0.000,0.000,0.00,0.00,against_bias
2025.10.10 15:10:00,pullback,1,3998.208,3979.243,0.000,0.000,0.00,0.00,no_room
2025.10.13 07:25:00,pullback,1,4073.572,4066.068,0.000,0.000,0.00,0.00,no_room
2025.10.13 08:55:00,pullback,1,4077.490,4068.623,0.000,0.000,0.00,0.00,no_room
2025.10.13 10:50:00,pullback,1,4079.601,4071.028,0.000,0.000,0.00,0.00,no_room
2025.10.13 11:40:00,pullback,-1,4077.094,0.000,0.000,0.000,0.00,0.00,against_bias
2025.10.13 13:10:00,pullback,1,4085.860,4074.978,4107.623,4129.387,2.68,2.68,signal
2025.10.14 08:05:00,pullback,1,4127.827,0.000,0.000,0.000,0.00,0.00,against_bias
2025.10.14 09:50:00,pullback,-1,4134.062,4144.605,4112.976,4091.889,2.85,2.85,signal
2025.10.15 08:05:00,pullback,1,4207.881,4187.168,4249.308,4290.735,1.45,1.46,signal
2025.10.15 10:10:00,pullback,1,4196.716,4163.948,0.000,0.000,0.00,0.00,no_room
2025.10.15 12:15:00,pullback,-1,4193.452,0.000,0.000,0.000,0.00,0.00,against_bias
2025.10.15 14:05:00,pullback,1,4198.684,4182.528,4217.488,4236.293,1.85,1.85,signal
2025.10.16 07:10:00,pullback,1,4227.185,4214.958,4241.625,4256.064,2.42,2.42,signal
2025.10.16 14:10:00,pullback,1,4258.793,4226.891,4322.596,4386.399,0.94,0.94,signal
2025.10.20 07:10:00,pullback,1,4240.943,0.000,0.000,0.000,0.00,0.00,against_bias
2025.10.20 08:35:00,pullback,1,4263.033,0.000,0.000,0.000,0.00,0.00,against_bias
2025.10.20 08:50:00,pullback,-1,4256.887,4263.497,4249.183,4241.479,4.58,4.58,signal
2025.10.20 09:50:00,pullback,1,4260.350,0.000,0.000,0.000,0.00,0.00,against_bias
2025.10.20 10:10:00,pullback,-1,4250.321,4264.112,0.000,0.000,0.00,0.00,no_room
2025.10.20 10:50:00,pullback,1,4258.861,0.000,0.000,0.000,0.00,0.00,against_bias
2025.10.20 11:25:00,pullback,1,4260.306,0.000,0.000,0.000,0.00,0.00,against_bias
2025.10.20 14:00:00,pullback,-1,4302.797,0.000,0.000,0.000,0.00,0.00,against_bias
2025.10.20 14:20:00,pullback,1,4317.390,4291.673,0.000,0.000,0.00,0.00,no_room
2025.10.20 15:05:00,pullback,1,4334.501,4316.222,0.000,0.000,0.00,0.00,no_room
2025.10.21 07:35:00,pullback,-1,4322.095,4345.024,0.000,0.000,0.00,0.00,no_room
2025.10.21 08:05:00,pullback,-1,4293.421,4345.310,0.000,0.000,0.00,0.00,no_room
2025.10.21 10:20:00,pullback,-1,4254.600,4276.929,0.000,0.000,0.00,0.00,no_room
2025.10.21 11:15:00,pullback,1,4266.485,0.000,0.000,0.000,0.00,0.00,against_bias
2025.10.21 11:45:00,pullback,-1,4257.134,4273.132,0.000,0.000,0.00,0.00,no_room
2025.10.21 12:55:00,pullback,-1,4214.886,4273.639,0.000,0.000,0.00,0.00,no_room
2025.10.21 13:50:00,pullback,-1,4189.681,4274.022,0.000,0.000,0.00,0.00,no_room
2025.10.21 14:25:00,pullback,-1,4165.297,4190.200,0.000,0.000,0.00,0.00,no_room
2025.10.22 08:00:00,pullback,-1,4135.448,0.000,0.000,0.000,0.00,0.00,against_bias
2025.10.22 09:25:00,pullback,-1,4069.352,0.000,0.000,0.000,0.00,0.00,against_bias
2025.10.22 09:45:00,pullback,-1,4064.473,0.000,0.000,0.000,0.00,0.00,against_bias
2025.10.22 10:25:00,pullback,1,4078.262,4060.484,0.000,0.000,0.00,0.00,no_room
2025.10.22 10:45:00,pullback,-1,4061.553,4079.416,0.000,0.000,0.00,0.00,no_room
2025.10.22 12:30:00,pullback,1,4045.093,0.000,0.000,0.000,0.00,0.00,against_bias
2025.10.22 13:40:00,pullback,1,4068.688,0.000,0.000,0.000,0.00,0.00,against_bias
2025.10.22 14:35:00,pullback,-1,4047.240,4086.683,0.000,0.000,0.00,0.00,no_room
2025.10.23 07:40:00,pullback,-1,4110.513,0.000,0.000,0.000,0.00,0.00,against_bias
2025.10.23 09:20:00,pullback,1,4119.027,4107.847,0.000,0.000,0.00,0.00,no_room
2025.10.23 10:30:00,pullback,-1,4111.436,0.000,0.000,0.000,0.00,0.00,against_bias
2025.10.23 12:15:00,pullback,-1,4109.516,0.000,0.000,0.000,0.00,0.00,against_bias
2025.10.23 12:35:00,pullback,1,4117.721,4108.863,0.000,0.000,0.00,0.00,no_room
2025.10.23 14:10:00,pullback,1,4151.129,4099.249,0.000,0.000,0.00,0.00,no_room
2025.10.24 07:25:00,pullback,-1,4090.331,4098.007,4081.389,4072.446,3.90,3.91,signal
2025.10.24 11:05:00,pullback,-1,4054.739,4074.195,0.000,0.000,0.00,0.00,no_room
2025.10.24 11:50:00,pullback,1,4061.918,0.000,0.000,0.000,0.00,0.00,against_bias
2025.10.24 12:35:00,pullback,1,4065.572,0.000,0.000,0.000,0.00,0.00,against_bias
2025.10.24 13:10:00,pullback,1,4093.731,4073.210,0.000,0.000,0.00,0.00,no_room
2025.10.24 14:15:00,pullback,1,4122.324,4096.686,0.000,0.000,0.00,0.00,no_room
2025.10.27 07:05:00,pullback,-1,4076.500,0.000,0.000,0.000,0.00,0.00,against_bias
2025.10.27 08:05:00,pullback,-1,4065.925,0.000,0.000,0.000,0.00,0.00,against_bias
2025.10.27 08:55:00,pullback,-1,4056.000,0.000,0.000,0.000,0.00,0.00,against_bias
2025.10.27 10:30:00,pullback,-1,4037.209,4050.475,0.000,0.000,0.00,0.00,no_room
2025.10.27 11:25:00,pullback,-1,4028.795,4046.413,0.000,0.000,0.00,0.00,no_room
2025.10.27 11:40:00,pullback,-1,4020.958,4046.457,0.000,0.000,0.00,0.00,no_room
2025.10.27 12:25:00,pullback,1,4038.162,0.000,0.000,0.000,0.00,0.00,against_bias
2025.10.27 12:50:00,pullback,1,4041.802,0.000,0.000,0.000,0.00,0.00,against_bias
2025.10.27 13:45:00,pullback,-1,4030.146,4051.068,0.000,0.000,0.00,0.00,no_room
2025.10.27 15:05:00,pullback,-1,3982.877,4051.445,0.000,0.000,0.00,0.00,no_room
2025.10.28 08:20:00,pullback,-1,3921.754,3937.019,3891.224,3860.693,1.99,2.00,signal
2025.10.28 09:10:00,pullback,-1,3921.754,0.000,3891.224,0.000,0.00,0.00,missed_move
2025.10.28 09:45:00,pullback,1,3907.977,0.000,0.000,0.000,0.00,0.00,against_bias
2025.10.28 10:35:00,pullback,1,3909.254,0.000,0.000,0.000,0.00,0.00,against_bias
2025.10.28 12:40:00,pullback,-1,3921.739,3930.383,3904.452,3887.165,3.52,3.53,signal
2025.10.28 13:20:00,pullback,1,3929.875,0.000,0.000,0.000,0.00,0.00,against_bias
2025.10.28 13:55:00,pullback,1,3933.776,3904.724,0.000,0.000,0.00,0.00,no_room
2025.10.28 14:30:00,pullback,1,3944.781,3914.086,0.000,0.000,0.00,0.00,no_room
2025.10.29 07:10:00,pullback,1,3984.966,3957.309,0.000,0.000,0.00,0.00,no_room
2025.10.29 08:00:00,pullback,1,3998.593,3989.226,0.000,0.000,0.00,0.00,no_room
2025.10.29 09:50:00,pullback,1,4021.930,4012.901,0.000,0.000,0.00,0.00,no_room
2025.10.29 11:20:00,pullback,-1,4020.959,0.000,0.000,0.000,0.00,0.00,against_bias
2025.10.29 13:05:00,pullback,-1,4021.707,0.000,0.000,0.000,0.00,0.00,against_bias
2025.10.29 13:40:00,pullback,-1,4009.851,0.000,0.000,0.000,0.00,0.00,against_bias
2025.10.29 15:50:00,pullback,-1,4001.914,0.000,0.000,0.000,0.00,0.00,against_bias
2025.10.30 07:00:00,pullback,1,3970.813,3955.920,0.000,0.000,0.00,0.00,no_room
2025.10.30 09:05:00,pullback,1,3977.241,3955.290,0.000,0.000,0.00,0.00,no_room
2025.10.30 10:25:00,pullback,-1,3992.646,0.000,0.000,0.000,0.00,0.00,against_bias
2025.10.30 11:20:00,pullback,-1,3973.717,0.000,0.000,0.000,0.00,0.00,against_bias
2025.10.30 12:05:00,pullback,1,3976.524,3963.456,0.000,0.000,0.00,0.00,no_room
2025.10.30 13:00:00,pullback,-1,3966.637,3986.339,0.000,0.000,0.00,0.00,no_room
2025.10.30 13:55:00,pullback,1,3977.900,0.000,0.000,0.000,0.00,0.00,against_bias
2025.10.30 15:45:00,pullback,1,4003.606,3994.009,0.000,0.000,0.00,0.00,no_room
2025.10.31 07:05:00,pullback,1,4015.115,0.000,0.000,0.000,0.00,0.00,against_bias
2025.10.31 08:10:00,pullback,1,4025.306,0.000,0.000,0.000,0.00,0.00,against_bias
2025.10.31 08:55:00,pullback,-1,4018.382,4027.393,0.000,0.000,0.00,0.00,no_room
2025.10.31 09:20:00,pullback,-1,4006.614,4026.462,0.000,0.000,0.00,0.00,no_room
2025.10.31 10:00:00,pullback,1,4007.003,0.000,0.000,0.000,0.00,0.00,against_bias
2025.10.31 11:35:00,pullback,-1,4003.540,4010.035,0.000,0.000,0.00,0.00,no_room
2025.10.31 12:00:00,pullback,1,4009.638,0.000,0.000,0.000,0.00,0.00,against_bias
2025.10.31 13:40:00,pullback,-1,4020.379,0.000,0.000,0.000,0.00,0.00,against_bias
2025.11.03 07:05:00,pullback,1,4018.777,4012.652,0.000,0.000,0.00,0.00,no_room
2025.11.03 08:00:00,pullback,1,4023.646,4013.109,0.000,0.000,0.00,0.00,no_room
2025.11.03 09:30:00,pullback,-1,4011.152,0.000,0.000,0.000,0.00,0.00,against_bias
2025.11.03 11:20:00,pullback,1,4001.346,0.000,0.000,0.000,0.00,0.00,against_bias
2025.11.03 12:35:00,pullback,1,4008.674,0.000,0.000,0.000,0.00,0.00,against_bias
2025.11.03 14:30:00,pullback,-1,4012.534,4021.328,0.000,0.000,0.00,0.00,no_room
2025.11.03 14:50:00,pullback,1,4020.439,0.000,0.000,0.000,0.00,0.00,against_bias
2025.11.04 07:20:00,pullback,1,3987.147,0.000,0.000,0.000,0.00,0.00,against_bias
2025.11.04 08:05:00,pullback,1,3996.438,0.000,0.000,0.000,0.00,0.00,against_bias
2025.11.04 08:30:00,pullback,1,3999.325,3966.310,0.000,0.000,0.00,0.00,no_room
2025.11.04 10:05:00,pullback,-1,3991.172,0.000,0.000,0.000,0.00,0.00,against_bias
2025.11.04 11:50:00,pullback,1,3995.855,3991.280,0.000,0.000,0.00,0.00,no_room
2025.11.04 12:30:00,pullback,-1,3991.839,0.000,0.000,0.000,0.00,0.00,against_bias
2025.11.04 13:15:00,pullback,1,3992.490,0.000,0.000,0.000,0.00,0.00,against_bias
2025.11.04 13:35:00,pullback,-1,3983.430,3996.567,0.000,0.000,0.00,0.00,no_room
2025.11.04 14:30:00,pullback,-1,3964.296,3996.798,0.000,0.000,0.00,0.00,no_room
2025.11.04 15:40:00,pullback,1,3959.810,0.000,0.000,0.000,0.00,0.00,against_bias
2025.11.05 07:40:00,pullback,1,3969.704,3963.268,0.000,0.000,0.00,0.00,no_room
2025.11.05 09:15:00,pullback,-1,3978.235,0.000,0.000,0.000,0.00,0.00,against_bias
2025.11.05 10:05:00,pullback,-1,3963.519,0.000,0.000,0.000,0.00,0.00,against_bias
2025.11.05 10:50:00,pullback,1,3967.272,3955.641,0.000,0.000,0.00,0.00,no_room
2025.11.05 11:25:00,pullback,-1,3960.483,3970.621,0.000,0.000,0.00,0.00,no_room
2025.11.05 13:10:00,pullback,1,3969.910,0.000,0.000,0.000,0.00,0.00,against_bias
2025.11.05 13:55:00,pullback,1,3977.556,0.000,0.000,0.000,0.00,0.00,against_bias
2025.11.06 07:00:00,pullback,1,3989.883,3984.711,0.000,0.000,0.00,0.00,no_room
2025.11.06 08:20:00,pullback,1,4009.616,3981.816,0.000,0.000,0.00,0.00,no_room
2025.11.06 10:05:00,pullback,-1,4010.773,0.000,0.000,0.000,0.00,0.00,against_bias
2025.11.06 11:35:00,pullback,1,4010.652,4004.008,0.000,0.000,0.00,0.00,no_room
2025.11.06 12:55:00,pullback,-1,4006.901,0.000,0.000,0.000,0.00,0.00,against_bias
2025.11.06 14:20:00,pullback,-1,4002.899,0.000,0.000,0.000,0.00,0.00,against_bias
2025.11.06 15:05:00,pullback,-1,3988.840,4003.757,0.000,0.000,0.00,0.00,no_room
2025.11.07 09:00:00,pullback,1,4008.810,4003.320,0.000,0.000,0.00,0.00,no_room
2025.11.07 11:05:00,pullback,1,4009.405,4002.822,0.000,0.000,0.00,0.00,no_room
2025.11.07 11:25:00,pullback,-1,4003.119,0.000,0.000,0.000,0.00,0.00,against_bias
2025.11.07 12:50:00,pullback,-1,3993.655,0.000,0.000,0.000,0.00,0.00,against_bias
2025.11.07 14:15:00,pullback,1,4002.003,3991.333,0.000,0.000,0.00,0.00,no_room
2025.11.07 14:35:00,pullback,-1,3995.420,0.000,0.000,0.000,0.00,0.00,against_bias
2025.11.07 15:45:00,pullback,-1,3987.889,3999.817,0.000,0.000,0.00,0.00,no_room
2025.11.10 08:10:00,pullback,1,4079.165,4071.681,0.000,0.000,0.00,0.00,no_room
2025.11.10 08:40:00,pullback,1,4083.301,4074.414,0.000,0.000,0.00,0.00,no_room
2025.11.10 09:40:00,pullback,1,4083.481,4071.152,0.000,0.000,0.00,0.00,no_room
2025.11.10 10:50:00,pullback,-1,4077.498,0.000,0.000,0.000,0.00,0.00,against_bias
2025.11.10 11:40:00,pullback,1,4082.236,4075.430,0.000,0.000,0.00,0.00,no_room
2025.11.10 13:55:00,pullback,-1,4093.592,0.000,0.000,0.000,0.00,0.00,against_bias
2025.11.11 07:05:00,pullback,-1,4126.799,0.000,0.000,0.000,0.00,0.00,against_bias
2025.11.11 08:05:00,pullback,1,4133.261,4125.681,0.000,0.000,0.00,0.00,no_room
2025.11.11 09:05:00,pullback,1,4137.718,4128.661,0.000,0.000,0.00,0.00,no_room
2025.11.11 12:15:00,pullback,-1,4139.086,0.000,0.000,0.000,0.00,0.00,against_bias
2025.11.11 12:55:00,pullback,-1,4136.555,0.000,0.000,0.000,0.00,0.00,against_bias
2025.11.11 13:25:00,pullback,1,4141.780,0.000,0.000,0.000,0.00,0.00,against_bias
2025.11.11 14:25:00,pullback,-1,4133.217,4147.065,0.000,0.000,0.00,0.00,no_room
2025.11.12 07:10:00,pullback,1,4119.062,4112.726,0.000,0.000,0.00,0.00,no_room
2025.11.12 08:25:00,pullback,1,4125.318,4112.875,0.000,0.000,0.00,0.00,no_room
2025.11.12 11:10:00,pullback,1,4128.527,4117.725,0.000,0.000,0.00,0.00,no_room
2025.11.12 12:15:00,pullback,1,4128.987,4123.373,0.000,0.000,0.00,0.00,no_room
2025.11.12 13:20:00,pullback,-1,4123.698,0.000,0.000,0.000,0.00,0.00,against_bias
2025.11.12 14:05:00,pullback,1,4132.656,4122.289,0.000,0.000,0.00,0.00,no_room
2025.11.12 14:55:00,pullback,1,4138.027,4124.522,0.000,0.000,0.00,0.00,no_room
2025.11.13 07:25:00,pullback,1,4212.030,4204.781,0.000,0.000,0.00,0.00,no_room
2025.11.13 08:00:00,pullback,1,4219.017,4208.105,0.000,0.000,0.00,0.00,no_room
2025.11.13 09:30:00,pullback,-1,4227.746,0.000,0.000,0.000,0.00,0.00,against_bias
2025.11.13 11:00:00,pullback,-1,4227.632,0.000,0.000,0.000,0.00,0.00,against_bias
2025.11.13 13:00:00,pullback,1,4240.261,4230.221,0.000,0.000,0.00,0.00,no_room
2025.11.13 13:10:00,pullback,-1,4230.569,0.000,0.000,0.000,0.00,0.00,against_bias
2025.11.13 13:35:00,pullback,-1,4225.906,0.000,0.000,0.000,0.00,0.00,against_bias
2025.11.13 14:10:00,pullback,-1,4220.174,0.000,0.000,0.000,0.00,0.00,against_bias
2025.11.14 07:25:00,pullback,-1,4169.242,4177.958,0.000,0.000,0.00,0.00,no_room
2025.11.14 07:50:00,pullback,1,4177.339,0.000,0.000,0.000,0.00,0.00,against_bias
2025.11.14 09:05:00,pullback,-1,4173.053,4187.596,0.000,0.000,0.00,0.00,no_room
2025.11.14 09:35:00,pullback,-1,4168.101,4181.056,0.000,0.000,0.00,0.00,no_room
2025.11.14 10:15:00,pullback,-1,4166.491,4172.220,0.000,0.000,0.00,0.00,no_room
2025.11.14 10:35:00,pullback,-1,4162.655,4172.168,0.000,0.000,0.00,0.00,no_room
2025.11.14 11:15:00,pullback,-1,4159.358,4171.586,0.000,0.000,0.00,0.00,no_room
2025.11.14 11:55:00,pullback,-1,4141.839,4171.718,0.000,0.000,0.00,0.00,no_room
2025.11.14 13:15:00,pullback,-1,4107.233,4120.652,0.000,0.000,0.00,0.00,no_room
2025.11.14 15:50:00,pullback,1,4083.906,0.000,0.000,0.000,0.00,0.00,against_bias
2025.11.17 07:15:00,pullback,1,4071.878,0.000,0.000,0.000,0.00,0.00,against_bias
2025.11.17 10:50:00,pullback,-1,4078.899,4089.957,0.000,0.000,0.00,0.00,no_room
2025.11.17 11:40:00,pullback,1,4073.746,0.000,0.000,0.000,0.00,0.00,against_bias
2025.11.17 13:05:00,pullback,1,4085.287,0.000,0.000,0.000,0.00,0.00,against_bias
2025.11.17 13:40:00,pullback,-1,4074.954,4092.855,0.000,0.000,0.00,0.00,no_room
2025.11.17 15:20:00,pullback,-1,4064.119,4082.779,0.000,0.000,0.00,0.00,no_room
2025.11.18 07:05:00,pullback,-1,4007.567,4016.181,0.000,0.000,0.00,0.00,no_room
2025.11.18 07:45:00,pullback,1,4010.906,0.000,0.000,0.000,0.00,0.00,against_bias
2025.11.18 08:35:00,pullback,1,4026.959,0.000,0.000,0.000,0.00,0.00,against_bias
2025.11.18 09:55:00,pullback,1,4040.042,4029.674,0.000,0.000,0.00,0.00,no_room
2025.11.18 10:50:00,pullback,1,4047.210,4036.971,0.000,0.000,0.00,0.00,no_room
2025.11.18 12:25:00,pullback,-1,4036.966,0.000,0.000,0.000,0.00,0.00,against_bias
2025.11.18 13:05:00,pullback,1,4040.012,4031.405,0.000,0.000,0.00,0.00,no_room
2025.11.18 13:25:00,pullback,1,4046.330,4028.484,0.000,0.000,0.00,0.00,no_room
2025.11.19 07:10:00,pullback,-1,4089.147,0.000,0.000,0.000,0.00,0.00,against_bias
2025.11.19 08:10:00,pullback,-1,4084.857,0.000,0.000,0.000,0.00,0.00,against_bias
2025.11.19 09:15:00,pullback,1,4088.759,4079.715,0.000,0.000,0.00,0.00,no_room
2025.11.19 09:45:00,pullback,1,4092.058,4079.708,0.000,0.000,0.00,0.00,no_room
2025.11.19 11:00:00,pullback,-1,4110.126,0.000,0.000,0.000,0.00,0.00,against_bias
2025.11.19 13:05:00,pullback,-1,4112.184,0.000,0.000,0.000,0.00,0.00,against_bias
2025.11.19 15:00:00,pullback,1,4118.792,4101.169,0.000,0.000,0.00,0.00,no_room
2025.11.19 15:50:00,pullback,-1,4109.176,0.000,0.000,0.000,0.00,0.00,against_bias
2025.11.20 07:10:00,pullback,1,4072.177,0.000,0.000,0.000,0.00,0.00,against_bias
2025.11.20 07:45:00,pullback,-1,4060.128,4077.225,0.000,0.000,0.00,0.00,no_room
2025.11.20 09:00:00,pullback,1,4063.152,0.000,0.000,0.000,0.00,0.00,against_bias
2025.11.20 11:05:00,pullback,-1,4058.119,4067.411,0.000,0.000,0.00,0.00,no_room
2025.11.20 12:10:00,pullback,1,4068.420,0.000,0.000,0.000,0.00,0.00,against_bias
2025.11.20 13:00:00,pullback,1,4079.480,4055.952,0.000,0.000,0.00,0.00,no_room
2025.11.20 14:45:00,pullback,1,4088.564,4070.929,0.000,0.000,0.00,0.00,no_room
2025.11.20 15:35:00,pullback,-1,4082.519,0.000,0.000,0.000,0.00,0.00,against_bias
2025.11.21 08:30:00,pullback,1,4039.836,0.000,0.000,0.000,0.00,0.00,against_bias
2025.11.21 09:15:00,pullback,1,4048.199,0.000,0.000,0.000,0.00,0.00,against_bias
2025.11.21 10:30:00,pullback,-1,4038.658,4064.292,0.000,0.000,0.00,0.00,no_room
2025.11.21 11:55:00,pullback,-1,4032.349,4047.381,0.000,0.000,0.00,0.00,no_room
2025.11.21 12:35:00,pullback,1,4046.888,0.000,0.000,0.000,0.00,0.00,against_bias
2025.11.21 13:45:00,pullback,1,4071.891,4058.460,0.000,0.000,0.00,0.00,no_room
2025.11.21 15:40:00,pullback,-1,4066.390,0.000,0.000,0.000,0.00,0.00,against_bias
2025.11.24 07:35:00,pullback,1,4057.585,0.000,0.000,0.000,0.00,0.00,against_bias
2025.11.24 09:10:00,pullback,1,4067.034,4059.165,0.000,0.000,0.00,0.00,no_room
2025.11.24 10:05:00,pullback,1,4072.889,4066.341,0.000,0.000,0.00,0.00,no_room
2025.11.24 11:00:00,pullback,-1,4065.542,0.000,0.000,0.000,0.00,0.00,against_bias
2025.11.24 12:35:00,pullback,1,4074.292,4065.314,0.000,0.000,0.00,0.00,no_room
2025.11.24 14:40:00,pullback,-1,4073.686,0.000,0.000,0.000,0.00,0.00,against_bias
2025.11.24 15:05:00,pullback,1,4083.122,4067.803,0.000,0.000,0.00,0.00,no_room
2025.11.25 07:30:00,pullback,-1,4138.542,4146.469,0.000,0.000,0.00,0.00,no_room
2025.11.25 08:35:00,pullback,-1,4130.277,4139.983,0.000,0.000,0.00,0.00,no_room
2025.11.25 10:05:00,pullback,1,4131.381,0.000,0.000,0.000,0.00,0.00,against_bias
2025.11.25 11:05:00,pullback,-1,4128.224,4135.159,0.000,0.000,0.00,0.00,no_room
2025.11.25 12:20:00,pullback,1,4137.378,0.000,0.000,0.000,0.00,0.00,against_bias
2025.11.25 12:45:00,pullback,-1,4127.524,4139.174,0.000,0.000,0.00,0.00,no_room
2025.11.25 13:10:00,pullback,1,4136.998,0.000,0.000,0.000,0.00,0.00,against_bias
2025.11.25 14:50:00,pullback,-1,4115.964,0.000,0.000,0.000,0.00,0.00,against_bias
2025.11.26 07:40:00,pullback,1,4154.848,0.000,0.000,0.000,0.00,0.00,against_bias
2025.11.26 10:05:00,pullback,1,4163.963,0.000,0.000,0.000,0.00,0.00,against_bias
2025.11.26 10:50:00,pullback,-1,4157.723,4165.540,0.000,0.000,0.00,0.00,no_room
2025.11.26 11:35:00,pullback,1,4165.209,0.000,0.000,0.000,0.00,0.00,against_bias
2025.11.26 12:30:00,pullback,-1,4166.129,0.000,0.000,0.000,0.00,0.00,against_bias
2025.11.26 14:10:00,pullback,-1,4148.767,4167.236,0.000,0.000,0.00,0.00,no_room
2025.11.26 15:20:00,pullback,1,4154.315,0.000,0.000,0.000,0.00,0.00,against_bias
2025.11.27 08:15:00,pullback,1,4162.288,0.000,0.000,0.000,0.00,0.00,against_bias
2025.11.27 09:15:00,pullback,-1,4157.412,4167.446,0.000,0.000,0.00,0.00,no_room
2025.11.27 11:45:00,pullback,1,4160.727,0.000,0.000,0.000,0.00,0.00,against_bias
2025.11.27 12:45:00,pullback,-1,4156.045,4162.723,0.000,0.000,0.00,0.00,no_room
2025.11.27 14:15:00,pullback,1,4158.023,0.000,0.000,0.000,0.00,0.00,against_bias
2025.11.27 15:25:00,pullback,1,4159.051,0.000,0.000,0.000,0.00,0.00,against_bias
2025.11.28 07:35:00,pullback,-1,4181.704,0.000,0.000,0.000,0.00,0.00,against_bias
2025.11.28 13:15:00,pullback,-1,4173.552,0.000,0.000,0.000,0.00,0.00,against_bias
2025.11.28 14:00:00,pullback,1,4178.440,4168.516,0.000,0.000,0.00,0.00,no_room
2025.12.01 07:35:00,pullback,1,4240.535,0.000,0.000,0.000,0.00,0.00,against_bias
2025.12.01 08:00:00,pullback,1,4243.267,0.000,0.000,0.000,0.00,0.00,against_bias
2025.12.01 10:05:00,pullback,1,4251.701,4238.048,0.000,0.000,0.00,0.00,no_room
2025.12.01 11:45:00,pullback,1,4257.808,4247.988,0.000,0.000,0.00,0.00,no_room
2025.12.01 13:00:00,pullback,-1,4247.463,0.000,0.000,0.000,0.00,0.00,against_bias
2025.12.01 13:30:00,pullback,1,4256.093,4243.808,0.000,0.000,0.00,0.00,no_room
2025.12.01 14:40:00,pullback,-1,4238.560,0.000,0.000,0.000,0.00,0.00,against_bias
2025.12.02 07:20:00,pullback,1,4215.310,0.000,0.000,0.000,0.00,0.00,against_bias
2025.12.02 09:20:00,pullback,-1,4207.135,4217.589,0.000,0.000,0.00,0.00,no_room
2025.12.02 11:20:00,pullback,1,4189.792,0.000,0.000,0.000,0.00,0.00,against_bias
2025.12.02 12:55:00,pullback,1,4208.084,0.000,0.000,0.000,0.00,0.00,against_bias
2025.12.02 14:05:00,pullback,1,4215.271,0.000,0.000,0.000,0.00,0.00,against_bias
2025.12.02 15:20:00,pullback,-1,4202.760,0.000,0.000,0.000,0.00,0.00,against_bias
2025.12.03 07:25:00,pullback,-1,4204.707,4210.544,0.000,0.000,0.00,0.00,no_room
2025.12.03 08:45:00,pullback,1,4208.207,0.000,0.000,0.000,0.00,0.00,against_bias
2025.12.03 09:10:00,pullback,-1,4203.746,4210.666,0.000,0.000,0.00,0.00,no_room
2025.12.03 10:15:00,pullback,-1,4196.979,4210.647,0.000,0.000,0.00,0.00,no_room
2025.12.03 10:30:00,pullback,1,4202.573,0.000,0.000,0.000,0.00,0.00,against_bias
2025.12.03 11:30:00,pullback,1,4204.853,0.000,0.000,0.000,0.00,0.00,against_bias
2025.12.03 12:00:00,pullback,1,4207.212,0.000,0.000,0.000,0.00,0.00,against_bias
2025.12.03 12:40:00,pullback,1,4210.589,0.000,0.000,0.000,0.00,0.00,against_bias
2025.12.03 13:10:00,pullback,1,4214.306,4204.818,0.000,0.000,0.00,0.00,no_room
2025.12.03 13:45:00,pullback,1,4223.017,4210.947,0.000,0.000,0.00,0.00,no_room
2025.12.03 14:55:00,pullback,-1,4218.564,0.000,0.000,0.000,0.00,0.00,against_bias
2025.12.04 09:00:00,pullback,-1,4189.889,4196.755,0.000,0.000,0.00,0.00,no_room
2025.12.04 09:45:00,pullback,1,4196.387,0.000,0.000,0.000,0.00,0.00,against_bias
2025.12.04 10:55:00,pullback,-1,4197.950,4202.940,0.000,0.000,0.00,0.00,no_room
2025.12.04 11:10:00,pullback,1,4201.915,0.000,0.000,0.000,0.00,0.00,against_bias
2025.12.04 12:05:00,pullback,-1,4197.211,4206.852,0.000,0.000,0.00,0.00,no_room
2025.12.04 12:35:00,pullback,-1,4193.522,4202.120,0.000,0.000,0.00,0.00,no_room
2025.12.04 13:15:00,pullback,-1,4188.716,4202.185,0.000,0.000,0.00,0.00,no_room
2025.12.04 14:00:00,pullback,1,4196.915,0.000,0.000,0.000,0.00,0.00,against_bias
2025.12.04 15:35:00,pullback,1,4208.215,4190.611,0.000,0.000,0.00,0.00,no_room
2025.12.05 07:30:00,pullback,1,4229.339,4223.421,0.000,0.000,0.00,0.00,no_room
2025.12.05 07:55:00,pullback,-1,4223.688,0.000,0.000,0.000,0.00,0.00,against_bias
2025.12.05 09:00:00,pullback,-1,4220.806,0.000,0.000,0.000,0.00,0.00,against_bias
2025.12.05 10:25:00,pullback,1,4226.148,4222.915,0.000,0.000,0.00,0.00,no_room
2025.12.05 11:00:00,pullback,-1,4223.172,0.000,0.000,0.000,0.00,0.00,against_bias
2025.12.05 12:05:00,pullback,1,4224.253,4220.245,0.000,0.000,0.00,0.00,no_room
2025.12.05 13:35:00,pullback,1,4233.429,4221.140,0.000,0.000,0.00,0.00,no_room
2025.12.05 14:50:00,pullback,1,4239.557,4229.424,0.000,0.000,0.00,0.00,no_room
2025.12.05 15:30:00,pullback,1,4245.686,4233.632,0.000,0.000,0.00,0.00,no_room
2025.12.08 07:15:00,pullback,-1,4215.059,0.000,0.000,0.000,0.00,0.00,against_bias
2025.12.08 07:40:00,pullback,-1,4212.557,0.000,0.000,0.000,0.00,0.00,against_bias
2025.12.08 10:30:00,pullback,-1,4206.106,0.000,0.000,0.000,0.00,0.00,against_bias
2025.12.08 11:40:00,pullback,1,4212.766,4199.281,0.000,0.000,0.00,0.00,no_room
2025.12.08 12:55:00,pullback,1,4212.961,4209.140,0.000,0.000,0.00,0.00,no_room
2025.12.08 13:05:00,pullback,-1,4209.403,0.000,0.000,0.000,0.00,0.00,against_bias
2025.12.08 14:15:00,pullback,1,4206.490,4199.975,0.000,0.000,0.00,0.00,no_room
2025.12.08 15:00:00,pullback,-1,4197.348,4212.199,0.000,0.000,0.00,0.00,no_room
2025.12.09 07:10:00,pullback,1,4184.000,0.000,0.000,0.000,0.00,0.00,against_bias
2025.12.09 08:05:00,pullback,1,4185.866,0.000,0.000,0.000,0.00,0.00,against_bias
2025.12.09 08:45:00,pullback,1,4189.327,0.000,0.000,0.000,0.00,0.00,against_bias
2025.12.09 12:20:00,pullback,-1,4201.200,0.000,0.000,0.000,0.00,0.00,against_bias
2025.12.09 12:55:00,pullback,1,4206.468,4198.256,0.000,0.000,0.00,0.00,no_room
2025.12.09 13:35:00,pullback,-1,4198.515,0.000,0.000,0.000,0.00,0.00,against_bias
2025.12.09 14:15:00,pullback,-1,4195.763,0.000,0.000,0.000,0.00,0.00,against_bias
2025.12.09 14:45:00,pullback,1,4203.414,4188.876,0.000,0.000,0.00,0.00,no_room
2025.12.10 07:55:00,pullback,-1,4204.647,4209.725,0.000,0.000,0.00,0.00,no_room
2025.12.10 08:45:00,pullback,-1,4200.090,4206.879,0.000,0.000,0.00,0.00,no_room
2025.12.10 09:55:00,pullback,-1,4194.444,4206.877,0.000,0.000,0.00,0.00,no_room
2025.12.10 12:00:00,pullback,1,4196.378,0.000,0.000,0.000,0.00,0.00,against_bias
2025.12.10 13:00:00,pullback,-1,4196.678,4199.502,0.000,0.000,0.00,0.00,sl_too_tight
2025.12.10 13:45:00,pullback,1,4200.294,0.000,0.000,0.000,0.00,0.00,against_bias
2025.12.10 14:30:00,pullback,-1,4198.999,4207.519,0.000,0.000,0.00,0.00,no_room
2025.12.11 07:45:00,pullback,1,4215.447,0.000,0.000,0.000,0.00,0.00,against_bias
2025.12.11 08:40:00,pullback,1,4217.876,0.000,0.000,0.000,0.00,0.00,against_bias
2025.12.11 09:05:00,pullback,-1,4213.508,4219.946,0.000,0.000,0.00,0.00,no_room
2025.12.11 09:50:00,pullback,1,4219.628,0.000,0.000,0.000,0.00,0.00,against_bias
2025.12.11 11:35:00,pullback,-1,4214.056,4219.480,0.000,0.000,0.00,0.00,no_room
2025.12.11 12:25:00,pullback,1,4215.497,0.000,0.000,0.000,0.00,0.00,against_bias
2025.12.11 13:00:00,pullback,1,4220.366,0.000,0.000,0.000,0.00,0.00,against_bias
2025.12.11 14:10:00,pullback,1,4222.518,0.000,0.000,0.000,0.00,0.00,against_bias
2025.12.11 15:35:00,pullback,1,4244.470,4225.508,0.000,0.000,0.00,0.00,no_room
2025.12.12 07:35:00,pullback,1,4288.879,4276.378,0.000,0.000,0.00,0.00,no_room
2025.12.12 08:05:00,pullback,1,4290.557,4283.909,4298.402,4306.246,4.54,4.54,signal
2025.12.12 09:55:00,pullback,1,4317.964,4306.705,0.000,0.000,0.00,0.00,no_room
2025.12.12 12:45:00,pullback,-1,4330.063,0.000,0.000,0.000,0.00,0.00,against_bias
2025.12.12 13:35:00,pullback,1,4339.041,4320.842,0.000,0.000,0.00,0.00,no_room
2025.12.12 14:55:00,pullback,1,4345.032,4330.028,0.000,0.000,0.00,0.00,no_room
2025.12.12 15:20:00,pullback,-1,4330.681,0.000,0.000,0.000,0.00,0.00,against_bias
2025.12.15 07:05:00,pullback,-1,4341.867,0.000,0.000,0.000,0.00,0.00,against_bias
2025.12.15 07:40:00,pullback,-1,4340.720,0.000,0.000,0.000,0.00,0.00,against_bias
2025.12.15 08:30:00,pullback,1,4344.623,4338.591,0.000,0.000,0.00,0.00,no_room
2025.12.15 09:15:00,pullback,1,4349.083,4338.635,0.000,0.000,0.00,0.00,no_room
2025.12.15 09:55:00,pullback,-1,4343.364,0.000,0.000,0.000,0.00,0.00,against_bias
2025.12.15 10:35:00,pullback,-1,4340.702,0.000,0.000,0.000,0.00,0.00,against_bias
2025.12.15 11:10:00,pullback,-1,4337.725,0.000,0.000,0.000,0.00,0.00,against_bias
2025.12.15 11:55:00,pullback,1,4342.305,4335.088,0.000,0.000,0.00,0.00,no_room
2025.12.15 12:30:00,pullback,1,4345.752,4335.129,0.000,0.000,0.00,0.00,no_room
2025.12.15 14:00:00,pullback,-1,4335.712,4347.720,0.000,0.000,0.00,0.00,no_room
2025.12.15 14:55:00,pullback,-1,4320.636,4336.044,0.000,0.000,0.00,0.00,no_room
2025.12.16 08:20:00,pullback,-1,4279.496,4289.926,0.000,0.000,0.00,0.00,no_room
2025.12.16 09:50:00,pullback,-1,4281.107,4287.170,0.000,0.000,0.00,0.00,no_room
2025.12.16 10:35:00,pullback,-1,4276.642,4284.670,0.000,0.000,0.00,0.00,no_room
2025.12.16 12:10:00,pullback,1,4279.629,0.000,0.000,0.000,0.00,0.00,against_bias
2025.12.16 14:00:00,pullback,1,4312.806,4290.290,0.000,0.000,0.00,0.00,no_room
2025.12.16 15:10:00,pullback,1,4332.005,4320.956,0.000,0.000,0.00,0.00,no_room
2025.12.16 15:20:00,pullback,-1,4321.646,0.000,0.000,0.000,0.00,0.00,against_bias
2025.12.17 07:45:00,pullback,-1,4319.472,0.000,0.000,0.000,0.00,0.00,against_bias
2025.12.17 08:10:00,pullback,-1,4315.555,0.000,0.000,0.000,0.00,0.00,against_bias
2025.12.17 09:10:00,pullback,1,4321.003,4312.706,0.000,0.000,0.00,0.00,no_room
2025.12.17 10:35:00,pullback,-1,4316.001,0.000,0.000,0.000,0.00,0.00,against_bias
2025.12.17 12:20:00,pullback,1,4318.832,4314.910,4323.023,4327.213,7.83,7.83,signal
2025.12.17 12:25:00,pullback,1,4318.832,0.000,4323.023,0.000,0.00,0.00,missed_move
2025.12.17 13:10:00,pullback,1,4323.287,4314.624,0.000,0.000,0.00,0.00,no_room
2025.12.17 15:35:00,pullback,1,4345.293,4332.071,0.000,0.000,0.00,0.00,no_room
2025.12.17 15:45:00,pullback,-1,4332.858,0.000,0.000,0.000,0.00,0.00,against_bias
2025.12.18 07:10:00,pullback,-1,4332.044,4336.398,0.000,0.000,0.00,0.00,no_room
2025.12.18 07:30:00,pullback,1,4334.863,0.000,0.000,0.000,0.00,0.00,against_bias
2025.12.18 08:05:00,pullback,-1,4330.022,4338.020,0.000,0.000,0.00,0.00,no_room
2025.12.18 09:55:00,pullback,-1,4321.799,4338.018,0.000,0.000,0.00,0.00,no_room
2025.12.18 10:45:00,pullback,1,4325.939,0.000,0.000,0.000,0.00,0.00,against_bias
2025.12.18 11:10:00,pullback,1,4327.562,0.000,0.000,0.000,0.00,0.00,against_bias
2025.12.18 12:05:00,pullback,-1,4324.072,4328.863,0.000,0.000,0.00,0.00,no_room
2025.12.18 13:15:00,pullback,-1,4317.162,4328.969,0.000,0.000,0.00,0.00,no_room
2025.12.18 13:35:00,pullback,1,4324.256,0.000,0.000,0.000,0.00,0.00,against_bias
2025.12.18 14:30:00,pullback,-1,4333.138,0.000,0.000,0.000,0.00,0.00,against_bias
2025.12.18 15:35:00,pullback,1,4337.005,0.000,0.000,0.000,0.00,0.00,against_bias
2025.12.19 07:35:00,pullback,1,4328.485,0.000,0.000,0.000,0.00,0.00,against_bias
2025.12.19 08:00:00,pullback,-1,4323.162,4329.799,0.000,0.000,0.00,0.00,no_room
2025.12.19 10:40:00,pullback,-1,4325.731,4332.056,0.000,0.000,0.00,0.00,no_room
2025.12.19 12:05:00,pullback,-1,4325.081,4329.983,0.000,0.000,0.00,0.00,no_room
2025.12.19 13:10:00,pullback,1,4328.982,0.000,0.000,0.000,0.00,0.00,against_bias
2025.12.19 14:25:00,pullback,-1,4327.665,0.000,0.000,0.000,0.00,0.00,against_bias
2025.12.19 14:40:00,pullback,1,4333.981,4324.639,0.000,0.000,0.00,0.00,no_room
2025.12.19 15:05:00,pullback,1,4338.024,4319.132,0.000,0.000,0.00,0.00,no_room
2025.12.22 08:40:00,pullback,-1,4409.862,0.000,0.000,0.000,0.00,0.00,against_bias
2025.12.22 10:05:00,pullback,1,4413.963,4405.890,0.000,0.000,0.00,0.00,no_room
2025.12.22 10:35:00,pullback,-1,4411.006,0.000,0.000,0.000,0.00,0.00,against_bias
2025.12.22 12:05:00,pullback,1,4411.698,4405.962,0.000,0.000,0.00,0.00,no_room
2025.12.22 12:55:00,pullback,1,4413.359,4407.321,0.000,0.000,0.00,0.00,no_room
2025.12.22 14:20:00,pullback,1,4427.043,4419.132,4442.866,4458.689,3.88,3.88,signal
2025.12.22 14:35:00,pullback,-1,4419.621,0.000,0.000,0.000,0.00,0.00,against_bias
2025.12.22 15:50:00,pullback,1,4429.383,4411.240,4465.669,4501.955,1.67,1.68,signal
2025.12.24 07:40:00,pullback,-1,4490.632,4495.061,4485.596,4480.560,7.07,7.07,signal
2025.12.24 09:00:00,pullback,-1,4482.469,4493.343,0.000,0.000,0.00,0.00,no_room
2025.12.24 09:50:00,pullback,1,4493.425,0.000,0.000,0.000,0.00,0.00,against_bias
2025.12.24 10:35:00,pullback,-1,4486.421,4500.327,0.000,0.000,0.00,0.00,no_room
2025.12.24 11:40:00,pullback,-1,4484.931,4491.001,0.000,0.000,0.00,0.00,no_room
2025.12.24 11:55:00,pullback,1,4490.648,0.000,0.000,0.000,0.00,0.00,against_bias
2025.12.24 13:20:00,pullback,-1,4483.082,4496.458,0.000,0.000,0.00,0.00,no_room
2025.12.24 14:40:00,pullback,-1,4474.508,4489.870,0.000,0.000,0.00,0.00,no_room
2025.12.24 15:45:00,pullback,-1,4460.347,4477.517,4431.572,4402.798,1.85,1.86,signal
2025.12.26 08:20:00,pullback,1,4515.753,4507.083,0.000,0.000,0.00,0.00,no_room
2025.12.26 09:00:00,pullback,1,4517.382,4512.875,0.000,0.000,0.00,0.00,no_room
2025.12.26 09:45:00,pullback,-1,4515.149,0.000,0.000,0.000,0.00,0.00,against_bias
2025.12.26 10:20:00,pullback,1,4518.802,4511.568,0.000,0.000,0.00,0.00,no_room
2025.12.26 11:05:00,pullback,-1,4511.850,0.000,0.000,0.000,0.00,0.00,against_bias
2025.12.26 13:20:00,pullback,1,4515.018,0.000,0.000,0.000,0.00,0.00,against_bias
2025.12.26 14:30:00,pullback,1,4527.028,4514.676,0.000,0.000,0.00,0.00,no_room
2025.12.26 15:35:00,pullback,1,4533.438,4512.057,4576.201,4618.963,1.47,1.48,signal
2025.12.29 08:15:00,pullback,1,4481.813,0.000,0.000,0.000,0.00,0.00,against_bias
2025.12.29 08:50:00,pullback,-1,4466.149,4489.366,0.000,0.000,0.00,0.00,no_room
2025.12.29 09:45:00,pullback,1,4468.977,0.000,0.000,0.000,0.00,0.00,against_bias
2025.12.29 10:45:00,pullback,-1,4460.214,4476.757,0.000,0.000,0.00,0.00,no_room
2025.12.29 11:40:00,pullback,-1,4455.927,4468.144,0.000,0.000,0.00,0.00,no_room
2025.12.29 13:45:00,pullback,-1,4434.210,4468.481,0.000,0.000,0.00,0.00,no_room
2025.12.29 14:35:00,pullback,-1,4386.125,4469.168,0.000,0.000,0.00,0.00,no_room
2025.12.29 15:05:00,pullback,-1,4356.544,4469.315,0.000,0.000,0.00,0.00,no_room
2025.12.30 07:40:00,pullback,1,4372.476,4358.651,0.000,0.000,0.00,0.00,no_room
2025.12.30 08:25:00,pullback,-1,4363.459,0.000,0.000,0.000,0.00,0.00,against_bias
2025.12.30 10:20:00,pullback,1,4376.425,4366.713,0.000,0.000,0.00,0.00,no_room
2025.12.30 12:15:00,pullback,1,4390.256,4380.822,0.000,0.000,0.00,0.00,no_room
2025.12.30 12:40:00,pullback,1,4399.261,4380.798,0.000,0.000,0.00,0.00,no_room
2025.12.30 13:45:00,pullback,-1,4381.208,0.000,0.000,0.000,0.00,0.00,against_bias
2025.12.30 14:30:00,pullback,1,4390.472,4375.432,0.000,0.000,0.00,0.00,no_room
2025.12.30 14:45:00,pullback,-1,4376.127,0.000,0.000,0.000,0.00,0.00,against_bias
2025.12.31 08:45:00,pullback,-1,4320.289,4333.522,0.000,0.000,0.00,0.00,no_room
2025.12.31 09:45:00,pullback,1,4333.067,4302.712,0.000,0.000,0.00,0.00,no_room
2025.12.31 12:20:00,pullback,-1,4307.801,0.000,0.000,0.000,0.00,0.00,against_bias
2025.12.31 12:45:00,pullback,1,4316.473,4302.621,0.000,0.000,0.00,0.00,no_room
2025.12.31 13:25:00,pullback,1,4318.143,4307.549,0.000,0.000,0.00,0.00,no_room
2025.12.31 15:10:00,pullback,-1,4332.911,0.000,0.000,0.000,0.00,0.00,against_bias
2026.01.02 07:10:00,pullback,-1,4373.522,0.000,0.000,0.000,0.00,0.00,against_bias
2026.01.02 07:35:00,pullback,1,4378.125,4373.183,0.000,0.000,0.00,0.00,no_room
2026.01.02 08:35:00,pullback,1,4386.599,4371.573,0.000,0.000,0.00,0.00,no_room
2026.01.02 09:25:00,pullback,-1,4386.210,0.000,0.000,0.000,0.00,0.00,against_bias
2026.01.02 10:40:00,pullback,1,4391.700,4384.240,0.000,0.000,0.00,0.00,no_room
2026.01.02 11:40:00,pullback,-1,4393.983,0.000,0.000,0.000,0.00,0.00,against_bias
2026.01.02 12:05:00,pullback,-1,4391.722,0.000,0.000,0.000,0.00,0.00,against_bias
2026.01.02 12:45:00,pullback,-1,4390.794,0.000,0.000,0.000,0.00,0.00,against_bias
2026.01.02 13:15:00,pullback,1,4398.330,4384.781,0.000,0.000,0.00,0.00,no_room
2026.01.02 13:25:00,pullback,-1,4385.177,0.000,0.000,0.000,0.00,0.00,against_bias
2026.01.02 14:35:00,pullback,-1,4361.783,4378.702,0.000,0.000,0.00,0.00,no_room
2026.01.02 15:05:00,pullback,-1,4348.143,4374.505,0.000,0.000,0.00,0.00,no_room
2026.01.05 07:45:00,pullback,1,4424.111,4416.391,4439.550,4454.990,4.04,4.04,signal
2026.01.05 12:45:00,pullback,-1,4411.073,0.000,0.000,0.000,0.00,0.00,against_bias
2026.01.05 13:30:00,pullback,-1,4405.439,4419.640,0.000,0.000,0.00,0.00,no_room
2026.01.05 14:05:00,pullback,1,4418.988,0.000,0.000,0.000,0.00,0.00,against_bias
2026.01.05 14:50:00,pullback,1,4429.678,0.000,0.000,0.000,0.00,0.00,against_bias
2026.01.06 07:10:00,pullback,1,4465.693,4449.044,0.000,0.000,0.00,0.00,no_room
2026.01.06 07:55:00,pullback,-1,4461.487,0.000,0.000,0.000,0.00,0.00,against_bias
2026.01.06 08:25:00,pullback,1,4466.451,4456.876,0.000,0.000,0.00,0.00,no_room
2026.01.06 09:05:00,pullback,-1,4464.538,0.000,0.000,0.000,0.00,0.00,against_bias
2026.01.06 09:50:00,pullback,-1,4452.226,0.000,0.000,0.000,0.00,0.00,against_bias
2026.01.06 11:35:00,pullback,1,4456.015,0.000,0.000,0.000,0.00,0.00,against_bias
2026.01.06 12:25:00,pullback,1,4464.805,0.000,0.000,0.000,0.00,0.00,against_bias
2026.01.06 13:20:00,pullback,1,4466.318,0.000,0.000,0.000,0.00,0.00,against_bias
2026.01.06 13:35:00,pullback,-1,4458.738,4471.028,0.000,0.000,0.00,0.00,no_room
2026.01.06 14:10:00,pullback,1,4470.587,0.000,0.000,0.000,0.00,0.00,against_bias
2026.01.07 07:50:00,pullback,1,4460.477,0.000,0.000,0.000,0.00,0.00,against_bias
2026.01.07 10:30:00,pullback,-1,4459.868,4466.000,0.000,0.000,0.00,0.00,no_room
2026.01.07 11:35:00,pullback,-1,4458.660,4468.170,0.000,0.000,0.00,0.00,no_room
2026.01.07 13:10:00,pullback,-1,4439.158,4455.742,0.000,0.000,0.00,0.00,no_room
2026.01.07 15:15:00,pullback,-1,4435.782,4453.860,0.000,0.000,0.00,0.00,no_room
2026.01.08 07:10:00,pullback,1,4437.619,0.000,0.000,0.000,0.00,0.00,against_bias
2026.01.08 07:50:00,pullback,-1,4430.707,4440.349,0.000,0.000,0.00,0.00,no_room
2026.01.08 10:10:00,pullback,-1,4429.134,4435.188,0.000,0.000,0.00,0.00,no_room
2026.01.08 12:00:00,pullback,-1,4422.964,4435.129,0.000,0.000,0.00,0.00,no_room
2026.01.08 13:25:00,pullback,1,4431.351,0.000,0.000,0.000,0.00,0.00,against_bias
2026.01.08 14:50:00,pullback,1,4436.309,0.000,0.000,0.000,0.00,0.00,against_bias
2026.01.08 15:50:00,pullback,1,4454.140,4442.640,0.000,0.000,0.00,0.00,no_room
2026.01.09 10:30:00,pullback,-1,4469.722,0.000,0.000,0.000,0.00,0.00,against_bias
2026.01.09 12:00:00,pullback,1,4474.800,4466.936,0.000,0.000,0.00,0.00,no_room
2026.01.09 12:30:00,pullback,-1,4468.615,0.000,0.000,0.000,0.00,0.00,against_bias
2026.01.09 13:35:00,pullback,1,4473.725,0.000,0.000,0.000,0.00,0.00,against_bias
2026.01.09 14:25:00,pullback,1,4491.969,4457.972,0.000,0.000,0.00,0.00,no_room
2026.01.09 15:10:00,pullback,1,4498.150,4478.416,0.000,0.000,0.00,0.00,no_room
2026.01.12 07:20:00,pullback,1,4585.100,4571.580,4600.842,4616.584,2.32,2.32,signal
2026.01.12 15:10:00,pullback,1,4611.490,4583.810,4666.851,4722.212,1.15,1.15,signal
2026.01.13 07:35:00,pullback,1,4585.248,0.000,0.000,0.000,0.00,0.00,against_bias
2026.01.13 07:55:00,pullback,-1,4578.804,4587.599,0.000,0.000,0.00,0.00,no_room
2026.01.13 08:10:00,pullback,1,4587.236,0.000,0.000,0.000,0.00,0.00,against_bias
2026.01.13 09:30:00,pullback,-1,4589.627,4596.060,0.000,0.000,0.00,0.00,no_room
2026.01.13 10:45:00,pullback,1,4586.357,0.000,0.000,0.000,0.00,0.00,against_bias
2026.01.13 11:45:00,pullback,1,4588.909,0.000,0.000,0.000,0.00,0.00,against_bias
2026.01.13 12:25:00,pullback,-1,4582.032,4592.351,0.000,0.000,0.00,0.00,no_room
2026.01.13 13:00:00,pullback,1,4592.030,0.000,0.000,0.000,0.00,0.00,against_bias
2026.01.13 14:25:00,pullback,1,4621.052,4606.644,0.000,0.000,0.00,0.00,no_room
2026.01.13 14:45:00,pullback,1,4623.840,4606.637,0.000,0.000,0.00,0.00,no_room
2026.01.13 15:20:00,pullback,-1,4611.572,0.000,0.000,0.000,0.00,0.00,against_bias
2026.01.14 07:00:00,pullback,1,4635.443,4625.549,0.000,0.000,0.00,0.00,no_room
2026.01.14 08:05:00,pullback,-1,4631.374,0.000,0.000,0.000,0.00,0.00,against_bias
2026.01.14 09:10:00,pullback,1,4637.912,4621.518,0.000,0.000,0.00,0.00,no_room
2026.01.14 11:30:00,pullback,-1,4630.251,0.000,0.000,0.000,0.00,0.00,against_bias
2026.01.14 12:25:00,pullback,1,4637.518,4625.527,0.000,0.000,0.00,0.00,no_room
2026.01.14 14:40:00,pullback,-1,4624.312,0.000,0.000,0.000,0.00,0.00,against_bias
2026.01.15 07:20:00,pullback,1,4612.104,0.000,0.000,0.000,0.00,0.00,against_bias
2026.01.15 07:40:00,pullback,-1,4605.890,4614.014,0.000,0.000,0.00,0.00,no_room
2026.01.15 08:45:00,pullback,1,4606.288,0.000,0.000,0.000,0.00,0.00,against_bias
2026.01.15 09:40:00,pullback,1,4607.150,0.000,0.000,0.000,0.00,0.00,against_bias
2026.01.15 11:40:00,pullback,1,4621.622,4617.043,4629.904,4638.185,6.90,6.90,signal
2026.01.15 11:50:00,pullback,-1,4617.322,0.000,0.000,0.000,0.00,0.00,against_bias
2026.01.15 12:15:00,pullback,-1,4615.404,0.000,0.000,0.000,0.00,0.00,against_bias
2026.01.15 12:55:00,pullback,-1,4613.901,0.000,0.000,0.000,0.00,0.00,against_bias
2026.01.15 14:55:00,pullback,1,4611.925,0.000,0.000,0.000,0.00,0.00,against_bias
2026.01.16 08:45:00,pullback,-1,4604.708,4611.094,0.000,0.000,0.00,0.00,no_room
2026.01.16 09:30:00,pullback,-1,4601.344,4608.817,0.000,0.000,0.00,0.00,no_room
2026.01.16 10:05:00,pullback,1,4603.518,0.000,0.000,0.000,0.00,0.00,against_bias
2026.01.16 11:30:00,pullback,1,4611.170,0.000,0.000,0.000,0.00,0.00,against_bias
2026.01.16 13:10:00,pullback,-1,4598.593,4613.436,0.000,0.000,0.00,0.00,no_room
2026.01.16 14:15:00,pullback,1,4605.596,0.000,0.000,0.000,0.00,0.00,against_bias
2026.01.16 14:50:00,pullback,1,4609.503,0.000,0.000,0.000,0.00,0.00,against_bias
2026.01.16 15:25:00,pullback,-1,4596.140,4621.366,0.000,0.000,0.00,0.00,no_room
2026.01.19 10:30:00,pullback,-1,4666.666,0.000,0.000,0.000,0.00,0.00,against_bias
2026.01.19 11:30:00,pullback,1,4666.917,0.000,0.000,0.000,0.00,0.00,against_bias
2026.01.19 12:00:00,pullback,-1,4661.717,4667.879,0.000,0.000,0.00,0.00,no_room
2026.01.19 12:20:00,pullback,1,4667.569,0.000,0.000,0.000,0.00,0.00,against_bias
2026.01.19 13:55:00,pullback,-1,4668.124,4674.029,4662.005,4655.886,5.29,5.30,signal
2026.01.19 14:15:00,pullback,-1,4668.124,0.000,4662.005,0.000,0.00,0.00,missed_move
2026.01.19 15:50:00,pullback,1,4670.899,0.000,0.000,0.000,0.00,0.00,against_bias
2026.01.20 07:25:00,pullback,1,4717.125,4705.038,4741.300,4765.474,2.58,2.59,signal
2026.01.21 07:55:00,pullback,1,4851.900,4831.598,4887.612,4923.323,1.58,1.59,signal
2026.01.21 15:20:00,pullback,-1,4846.522,4874.000,0.000,0.000,0.00,0.00,no_room
2026.01.22 07:05:00,pullback,1,4829.247,4794.682,0.000,0.000,0.00,0.00,no_room
2026.01.22 08:10:00,pullback,-1,4830.241,0.000,0.000,0.000,0.00,0.00,against_bias
2026.01.22 09:00:00,pullback,1,4830.590,4821.983,0.000,0.000,0.00,0.00,no_room
2026.01.22 09:40:00,pullback,-1,4822.389,0.000,0.000,0.000,0.00,0.00,against_bias
2026.01.22 11:50:00,pullback,1,4831.851,4824.194,0.000,0.000,0.00,0.00,no_room
2026.01.22 12:05:00,pullback,-1,4825.166,0.000,0.000,0.000,0.00,0.00,against_bias
2026.01.22 13:00:00,pullback,-1,4823.494,0.000,0.000,0.000,0.00,0.00,against_bias
2026.01.22 13:25:00,pullback,1,4832.560,4815.585,0.000,0.000,0.00,0.00,no_room
2026.01.22 13:45:00,pullback,-1,4816.015,4835.878,0.000,0.000,0.00,0.00,no_room
2026.01.22 14:35:00,pullback,1,4835.278,0.000,0.000,0.000,0.00,0.00,against_bias
2026.01.22 15:30:00,pullback,1,4847.751,4825.961,0.000,0.000,0.00,0.00,no_room
2026.01.23 07:45:00,pullback,-1,4951.863,0.000,0.000,0.000,0.00,0.00,against_bias
2026.01.23 09:20:00,pullback,-1,4908.794,4927.270,0.000,0.000,0.00,0.00,no_room
2026.01.23 10:30:00,pullback,1,4926.352,0.000,0.000,0.000,0.00,0.00,against_bias
2026.01.23 12:10:00,pullback,1,4930.718,0.000,0.000,0.000,0.00,0.00,against_bias
2026.01.23 12:50:00,pullback,1,4936.997,4917.825,4966.840,4996.683,1.66,1.66,signal
2026.01.26 08:15:00,pullback,1,5095.701,5085.220,5110.577,5125.453,3.11,3.12,signal
2026.01.26 08:55:00,pullback,-1,5087.332,0.000,0.000,0.000,0.00,0.00,against_bias
2026.01.26 09:55:00,pullback,-1,5080.015,0.000,0.000,0.000,0.00,0.00,against_bias
2026.01.26 11:20:00,pullback,-1,5085.880,0.000,0.000,0.000,0.00,0.00,against_bias
2026.01.26 12:25:00,pullback,1,5095.074,5078.084,0.000,0.000,0.00,0.00,no_room
2026.01.26 13:05:00,pullback,-1,5078.591,0.000,0.000,0.000,0.00,0.00,against_bias
2026.01.26 13:35:00,pullback,-1,5066.067,5084.126,0.000,0.000,0.00,0.00,no_room
2026.01.26 14:25:00,pullback,1,5075.995,0.000,0.000,0.000,0.00,0.00,against_bias
2026.01.27 07:35:00,pullback,1,5094.582,5081.233,0.000,0.000,0.00,0.00,no_room
2026.01.27 08:30:00,pullback,-1,5079.429,0.000,0.000,0.000,0.00,0.00,against_bias
2026.01.27 09:20:00,pullback,1,5085.414,5072.797,0.000,0.000,0.00,0.00,no_room
2026.01.27 11:50:00,pullback,-1,5081.890,0.000,0.000,0.000,0.00,0.00,against_bias
2026.01.27 12:35:00,pullback,1,5082.638,5066.237,0.000,0.000,0.00,0.00,no_room
2026.01.27 13:45:00,pullback,-1,5073.600,0.000,0.000,0.000,0.00,0.00,against_bias
2026.01.27 14:05:00,pullback,-1,5069.493,0.000,0.000,0.000,0.00,0.00,against_bias
2026.01.27 15:40:00,pullback,1,5082.471,0.000,0.000,0.000,0.00,0.00,against_bias
2026.01.28 08:35:00,pullback,1,5299.741,5271.345,5356.533,5413.325,1.13,1.14,signal
2026.01.28 09:45:00,pullback,-1,5268.498,0.000,0.000,0.000,0.00,0.00,against_bias
2026.01.28 11:05:00,pullback,-1,5269.345,0.000,0.000,0.000,0.00,0.00,against_bias
2026.01.28 12:40:00,pullback,1,5267.741,0.000,0.000,0.000,0.00,0.00,against_bias
2026.01.28 13:40:00,pullback,-1,5268.697,5290.454,0.000,0.000,0.00,0.00,no_room
2026.01.28 14:40:00,pullback,1,5270.118,0.000,0.000,0.000,0.00,0.00,against_bias
2026.01.28 15:10:00,pullback,-1,5250.331,5271.632,0.000,0.000,0.00,0.00,no_room
2026.01.29 07:30:00,pullback,-1,5554.807,0.000,0.000,0.000,0.00,0.00,against_bias
2026.01.29 08:05:00,pullback,-1,5536.964,0.000,0.000,0.000,0.00,0.00,against_bias
2026.01.29 08:40:00,pullback,-1,5522.977,0.000,0.000,0.000,0.00,0.00,against_bias
2026.01.29 11:00:00,pullback,-1,5497.290,5526.233,0.000,0.000,0.00,0.00,no_room
2026.01.29 11:55:00,pullback,1,5525.283,0.000,0.000,0.000,0.00,0.00,against_bias
2026.01.29 12:15:00,pullback,1,5528.813,0.000,0.000,0.000,0.00,0.00,against_bias
2026.01.29 13:15:00,pullback,-1,5526.207,5543.492,0.000,0.000,0.00,0.00,no_room
2026.01.29 14:10:00,pullback,1,5530.953,0.000,0.000,0.000,0.00,0.00,against_bias
2026.01.29 14:55:00,pullback,-1,5506.142,0.000,0.000,0.000,0.00,0.00,against_bias
2026.01.30 08:35:00,pullback,-1,5117.625,5187.706,0.000,0.000,0.00,0.00,no_room
2026.01.30 09:15:00,pullback,-1,5055.990,5188.446,0.000,0.000,0.00,0.00,no_room
2026.01.30 09:45:00,pullback,-1,5014.374,5136.616,0.000,0.000,0.00,0.00,no_room
2026.01.30 11:50:00,pullback,-1,5105.527,5134.912,0.000,0.000,0.00,0.00,no_room
2026.01.30 12:00:00,pullback,1,5132.854,0.000,0.000,0.000,0.00,0.00,against_bias
2026.01.30 12:50:00,pullback,-1,5089.698,5148.193,0.000,0.000,0.00,0.00,no_room
2026.01.30 15:05:00,pullback,-1,4991.925,5117.051,0.000,0.000,0.00,0.00,no_room
2026.01.30 15:50:00,pullback,1,5060.295,0.000,0.000,0.000,0.00,0.00,against_bias
2026.02.02 08:20:00,pullback,1,4619.114,0.000,0.000,0.000,0.00,0.00,against_bias
2026.02.02 09:30:00,pullback,1,4651.402,0.000,0.000,0.000,0.00,0.00,against_bias
2026.02.02 11:15:00,pullback,1,4734.034,4655.006,0.000,0.000,0.00,0.00,no_room
2026.02.02 12:25:00,pullback,1,4779.775,4741.314,0.000,0.000,0.00,0.00,no_room
2026.02.02 12:45:00,pullback,1,4790.393,4741.384,0.000,0.000,0.00,0.00,no_room
2026.02.02 13:35:00,pullback,-1,4720.669,0.000,0.000,0.000,0.00,0.00,against_bias
2026.02.02 14:35:00,pullback,1,4738.829,4666.355,0.000,0.000,0.00,0.00,no_room
2026.02.02 15:30:00,pullback,-1,4690.369,0.000,0.000,0.000,0.00,0.00,against_bias
2026.02.02 15:55:00,pullback,-1,4648.386,0.000,0.000,0.000,0.00,0.00,against_bias
2026.02.03 07:30:00,pullback,1,4894.213,4863.350,4931.053,4967.892,1.03,1.04,signal
2026.02.03 07:40:00,pullback,1,4894.213,0.000,4931.053,0.000,0.00,0.00,missed_move
2026.02.03 08:20:00,pullback,1,4933.738,4863.196,0.000,0.000,0.00,0.00,no_room
2026.02.03 09:30:00,pullback,-1,4898.547,0.000,0.000,0.000,0.00,0.00,against_bias
2026.02.03 11:00:00,pullback,-1,4913.649,0.000,0.000,0.000,0.00,0.00,against_bias
2026.02.03 11:25:00,pullback,-1,4889.760,0.000,0.000,0.000,0.00,0.00,against_bias
2026.02.03 12:05:00,pullback,1,4919.234,4882.158,0.000,0.000,0.00,0.00,no_room
2026.02.03 13:05:00,pullback,1,4919.482,4890.926,0.000,0.000,0.00,0.00,no_room
2026.02.03 13:30:00,pullback,1,4930.881,4901.115,0.000,0.000,0.00,0.00,no_room
2026.02.03 15:10:00,pullback,1,4928.957,4891.773,0.000,0.000,0.00,0.00,no_room
2026.02.04 07:30:00,pullback,1,5082.408,5050.054,0.000,0.000,0.00,0.00,no_room
2026.02.04 08:35:00,pullback,-1,5074.785,0.000,0.000,0.000,0.00,0.00,against_bias
2026.02.04 09:20:00,pullback,-1,5068.587,0.000,0.000,0.000,0.00,0.00,against_bias
2026.02.04 10:25:00,pullback,-1,5042.768,0.000,0.000,0.000,0.00,0.00,against_bias
2026.02.04 11:20:00,pullback,-1,5041.431,5062.691,5014.478,4987.525,1.50,1.51,signal
2026.02.04 12:35:00,pullback,1,5055.241,0.000,0.000,0.000,0.00,0.00,against_bias
2026.02.04 13:10:00,pullback,-1,5037.409,5064.246,0.000,0.000,0.00,0.00,no_room
2026.02.04 13:55:00,pullback,1,5059.053,0.000,0.000,0.000,0.00,0.00,against_bias
2026.02.04 14:30:00,pullback,-1,5034.230,5064.903,0.000,0.000,0.00,0.00,no_room
2026.02.04 15:25:00,pullback,-1,4966.734,5066.181,0.000,0.000,0.00,0.00,no_room
2026.02.05 09:05:00,pullback,-1,4895.729,0.000,0.000,0.000,0.00,0.00,against_bias
2026.02.05 10:50:00,pullback,1,4878.100,0.000,0.000,0.000,0.00,0.00,against_bias
2026.02.05 11:15:00,pullback,1,4886.933,0.000,0.000,0.000,0.00,0.00,against_bias
2026.02.05 12:15:00,pullback,-1,4847.059,4895.770,0.000,0.000,0.00,0.00,no_room
2026.02.05 14:40:00,pullback,1,4850.158,0.000,0.000,0.000,0.00,0.00,against_bias
2026.02.05 15:30:00,pullback,-1,4821.748,4872.597,0.000,0.000,0.00,0.00,no_room
2026.02.06 08:25:00,pullback,1,4861.726,4828.494,0.000,0.000,0.00,0.00,no_room
2026.02.06 10:10:00,pullback,1,4872.675,4854.736,0.000,0.000,0.00,0.00,no_room
2026.02.06 10:30:00,pullback,-1,4855.961,0.000,0.000,0.000,0.00,0.00,against_bias
2026.02.06 11:00:00,pullback,1,4877.771,4850.579,0.000,0.000,0.00,0.00,no_room
2026.02.06 11:25:00,pullback,1,4887.868,4862.804,0.000,0.000,0.00,0.00,no_room
2026.02.06 12:10:00,pullback,1,4894.169,4862.791,0.000,0.000,0.00,0.00,no_room
2026.02.06 13:05:00,pullback,1,4903.470,4869.965,0.000,0.000,0.00,0.00,no_room
2026.02.06 14:25:00,pullback,-1,4904.964,0.000,0.000,0.000,0.00,0.00,against_bias
2026.02.06 14:50:00,pullback,1,4938.358,4893.085,0.000,0.000,0.00,0.00,no_room
2026.02.06 15:00:00,pullback,1,4947.658,4893.030,0.000,0.000,0.00,0.00,no_room
2026.02.09 07:15:00,pullback,-1,5013.796,0.000,0.000,0.000,0.00,0.00,against_bias
2026.02.09 08:05:00,pullback,1,5015.418,0.000,0.000,0.000,0.00,0.00,against_bias
2026.02.09 09:05:00,pullback,1,5031.937,0.000,0.000,0.000,0.00,0.00,against_bias
2026.02.09 10:30:00,pullback,-1,4996.619,5041.718,0.000,0.000,0.00,0.00,no_room
2026.02.09 13:10:00,pullback,1,5021.794,0.000,0.000,0.000,0.00,0.00,against_bias
2026.02.09 13:30:00,pullback,-1,5007.250,5025.547,0.000,0.000,0.00,0.00,no_room
2026.02.09 14:35:00,pullback,1,5024.652,0.000,0.000,0.000,0.00,0.00,against_bias
2026.02.09 15:35:00,pullback,1,5042.333,5022.672,0.000,0.000,0.00,0.00,no_room
2026.02.10 08:05:00,pullback,1,5034.359,0.000,0.000,0.000,0.00,0.00,against_bias
2026.02.10 09:10:00,pullback,1,5054.905,5018.428,0.000,0.000,0.00,0.00,no_room
2026.02.10 10:40:00,pullback,1,5052.627,5036.378,0.000,0.000,0.00,0.00,no_room
2026.02.10 12:15:00,pullback,-1,5045.105,0.000,0.000,0.000,0.00,0.00,against_bias
2026.02.10 12:45:00,pullback,-1,5041.095,5058.118,0.000,0.000,0.00,0.00,no_room
2026.02.10 14:20:00,pullback,1,5058.765,0.000,0.000,0.000,0.00,0.00,against_bias
2026.02.10 14:50:00,pullback,-1,5046.585,0.000,0.000,0.000,0.00,0.00,against_bias
2026.02.10 15:40:00,pullback,-1,5020.462,0.000,0.000,0.000,0.00,0.00,against_bias
2026.02.11 07:00:00,pullback,1,5061.563,5045.474,0.000,0.000,0.00,0.00,no_room
2026.02.11 07:50:00,pullback,-1,5052.674,0.000,0.000,0.000,0.00,0.00,against_bias
2026.02.11 08:35:00,pullback,-1,5048.663,0.000,0.000,0.000,0.00,0.00,against_bias
2026.02.11 09:35:00,pullback,1,5055.803,5046.513,0.000,0.000,0.00,0.00,no_room
2026.02.11 10:20:00,pullback,1,5072.179,5046.471,0.000,0.000,0.00,0.00,no_room
2026.02.11 10:45:00,pullback,1,5076.701,5046.250,0.000,0.000,0.00,0.00,no_room
2026.02.11 11:30:00,pullback,1,5101.914,5081.432,0.000,0.000,0.00,0.00,no_room
2026.02.11 12:45:00,pullback,-1,5082.384,0.000,0.000,0.000,0.00,0.00,against_bias
2026.02.11 13:35:00,pullback,-1,5050.077,0.000,0.000,0.000,0.00,0.00,against_bias
2026.02.12 08:05:00,pullback,1,5066.340,5056.282,0.000,0.000,0.00,0.00,no_room
2026.02.12 09:10:00,pullback,1,5073.527,5051.621,0.000,0.000,0.00,0.00,no_room
2026.02.12 09:55:00,pullback,1,5077.767,5068.197,0.000,0.000,0.00,0.00,no_room
2026.02.12 10:15:00,pullback,-1,5068.687,0.000,0.000,0.000,0.00,0.00,against_bias
2026.02.12 10:50:00,pullback,-1,5061.052,0.000,0.000,0.000,0.00,0.00,against_bias
2026.02.12 11:55:00,pullback,1,5065.538,5055.779,0.000,0.000,0.00,0.00,no_room
2026.02.12 12:50:00,pullback,-1,5056.561,0.000,0.000,0.000,0.00,0.00,against_bias
2026.02.12 13:20:00,pullback,1,5068.562,0.000,0.000,0.000,0.00,0.00,against_bias
2026.02.12 14:20:00,pullback,-1,5060.491,5084.612,0.000,0.000,0.00,0.00,no_room
2026.02.12 14:50:00,pullback,-1,5055.083,5072.535,0.000,0.000,0.00,0.00,no_room
2026.02.12 15:50:00,pullback,1,5071.612,0.000,0.000,0.000,0.00,0.00,against_bias
2026.02.13 07:00:00,pullback,1,4962.341,4948.891,0.000,0.000,0.00,0.00,no_room
2026.02.13 07:20:00,pullback,1,4968.801,4948.855,0.000,0.000,0.00,0.00,no_room
2026.02.13 07:40:00,pullback,1,4976.298,4949.941,0.000,0.000,0.00,0.00,no_room
2026.02.13 08:10:00,pullback,1,4982.525,4949.906,0.000,0.000,0.00,0.00,no_room
2026.02.13 09:30:00,pullback,-1,4970.642,0.000,0.000,0.000,0.00,0.00,against_bias
2026.02.13 10:30:00,pullback,1,4976.444,4960.780,0.000,0.000,0.00,0.00,no_room
2026.02.13 10:50:00,pullback,-1,4965.930,0.000,0.000,0.000,0.00,0.00,against_bias
2026.02.13 13:20:00,pullback,-1,4964.391,4976.913,0.000,0.000,0.00,0.00,no_room
2026.02.13 13:35:00,pullback,1,4976.218,0.000,0.000,0.000,0.00,0.00,against_bias
2026.02.13 14:20:00,pullback,1,5001.784,4956.288,0.000,0.000,0.00,0.00,no_room
2026.02.16 07:50:00,pullback,1,5003.106,0.000,0.000,0.000,0.00,0.00,against_bias
2026.02.16 09:05:00,pullback,1,5008.680,0.000,0.000,0.000,0.00,0.00,against_bias
2026.02.16 10:15:00,pullback,-1,5008.513,5017.646,0.000,0.000,0.00,0.00,no_room
2026.02.16 12:15:00,pullback,-1,4998.695,5008.354,0.000,0.000,0.00,0.00,no_room
2026.02.16 13:15:00,pullback,-1,4999.003,5008.575,0.000,0.000,0.00,0.00,no_room
2026.02.16 14:45:00,pullback,-1,4989.547,4999.906,0.000,0.000,0.00,0.00,no_room
2026.02.17 07:40:00,pullback,1,4914.262,0.000,0.000,0.000,0.00,0.00,against_bias
2026.02.17 10:15:00,pullback,1,4932.591,4912.104,0.000,0.000,0.00,0.00,no_room
2026.02.17 10:55:00,pullback,-1,4912.708,0.000,0.000,0.000,0.00,0.00,against_bias
2026.02.17 12:10:00,pullback,1,4930.979,4921.632,0.000,0.000,0.00,0.00,no_room
2026.02.17 13:20:00,pullback,-1,4921.323,0.000,0.000,0.000,0.00,0.00,against_bias
2026.02.17 14:00:00,pullback,-1,4907.850,4945.493,0.000,0.000,0.00,0.00,no_room
2026.02.18 07:50:00,pullback,-1,4932.405,0.000,0.000,0.000,0.00,0.00,against_bias
2026.02.18 10:40:00,pullback,-1,4916.232,4924.944,0.000,0.000,0.00,0.00,no_room
2026.02.18 11:20:00,pullback,1,4916.860,0.000,0.000,0.000,0.00,0.00,against_bias
2026.02.18 12:05:00,pullback,1,4917.675,0.000,0.000,0.000,0.00,0.00,against_bias
2026.02.18 12:50:00,pullback,1,4929.531,4917.304,0.000,0.000,0.00,0.00,no_room
2026.02.18 14:35:00,pullback,1,4961.373,4948.055,0.000,0.000,0.00,0.00,no_room
2026.02.19 07:55:00,pullback,-1,5014.782,0.000,0.000,0.000,0.00,0.00,against_bias
2026.02.19 09:30:00,pullback,-1,5010.323,0.000,0.000,0.000,0.00,0.00,against_bias
2026.02.19 10:05:00,pullback,-1,4992.815,0.000,0.000,0.000,0.00,0.00,against_bias
2026.02.19 12:30:00,pullback,1,4990.188,4977.622,0.000,0.000,0.00,0.00,no_room
2026.02.19 13:40:00,pullback,1,4992.810,4973.712,0.000,0.000,0.00,0.00,no_room
2026.02.19 14:50:00,pullback,1,4998.466,0.000,0.000,0.000,0.00,0.00,against_bias
2026.02.19 15:30:00,pullback,1,5010.310,0.000,0.000,0.000,0.00,0.00,against_bias
2026.02.20 07:25:00,pullback,-1,5015.844,0.000,0.000,0.000,0.00,0.00,against_bias
2026.02.20 08:00:00,pullback,-1,5009.418,0.000,0.000,0.000,0.00,0.00,against_bias
2026.02.20 08:30:00,pullback,1,5016.357,5004.554,0.000,0.000,0.00,0.00,no_room
2026.02.20 10:00:00,pullback,-1,5029.816,0.000,0.000,0.000,0.00,0.00,against_bias
2026.02.20 11:50:00,pullback,-1,5025.753,0.000,0.000,0.000,0.00,0.00,against_bias
2026.02.20 12:30:00,pullback,-1,5013.487,5024.507,0.000,0.000,0.00,0.00,no_room
2026.02.20 12:45:00,pullback,1,5023.881,0.000,0.000,0.000,0.00,0.00,against_bias
2026.02.20 13:50:00,pullback,1,5031.985,0.000,0.000,0.000,0.00,0.00,against_bias
2026.02.20 14:45:00,pullback,1,5048.843,5036.333,0.000,0.000,0.00,0.00,no_room
2026.02.20 15:05:00,pullback,-1,5037.589,0.000,0.000,0.000,0.00,0.00,against_bias
2026.02.23 08:25:00,pullback,-1,5130.879,5140.171,5112.720,5094.560,3.40,3.41,signal
2026.02.23 09:00:00,pullback,1,5139.497,0.000,0.000,0.000,0.00,0.00,against_bias
2026.02.23 10:05:00,pullback,1,5150.114,0.000,0.000,0.000,0.00,0.00,against_bias
2026.02.23 10:25:00,pullback,1,5153.070,0.000,0.000,0.000,0.00,0.00,against_bias
2026.02.23 10:55:00,pullback,1,5157.680,0.000,0.000,0.000,0.00,0.00,against_bias
2026.02.23 12:40:00,pullback,1,5154.869,0.000,0.000,0.000,0.00,0.00,against_bias
2026.02.23 14:35:00,pullback,1,5165.520,5140.614,0.000,0.000,0.00,0.00,no_room
2026.02.24 07:20:00,pullback,1,5175.282,0.000,0.000,0.000,0.00,0.00,against_bias
2026.02.24 09:30:00,pullback,-1,5169.177,5180.868,0.000,0.000,0.00,0.00,no_room
2026.02.24 10:25:00,pullback,1,5176.099,0.000,0.000,0.000,0.00,0.00,against_bias
2026.02.24 11:45:00,pullback,1,5177.299,0.000,0.000,0.000,0.00,0.00,against_bias
2026.02.24 12:05:00,pullback,-1,5170.798,5178.961,0.000,0.000,0.00,0.00,no_room
2026.02.24 13:40:00,pullback,-1,5144.594,5161.936,0.000,0.000,0.00,0.00,no_room
2026.02.24 15:20:00,pullback,1,5139.172,0.000,0.000,0.000,0.00,0.00,against_bias
2026.02.25 07:20:00,pullback,-1,5188.194,0.000,0.000,0.000,0.00,0.00,against_bias
2026.02.25 08:20:00,pullback,1,5190.514,5179.907,0.000,0.000,0.00,0.00,no_room
2026.02.25 10:25:00,pullback,-1,5176.193,0.000,0.000,0.000,0.00,0.00,against_bias
2026.02.25 11:15:00,pullback,-1,5169.723,5181.511,0.000,0.000,0.00,0.00,no_room
2026.02.25 12:00:00,pullback,1,5180.961,0.000,0.000,0.000,0.00,0.00,against_bias
2026.02.25 13:10:00,pullback,1,5187.426,0.000,0.000,0.000,0.00,0.00,against_bias
2026.02.25 14:25:00,pullback,-1,5181.750,5191.700,0.000,0.000,0.00,0.00,no_room
2026.02.25 15:05:00,pullback,1,5191.211,0.000,0.000,0.000,0.00,0.00,against_bias
2026.02.26 07:05:00,pullback,-1,5192.609,0.000,0.000,0.000,0.00,0.00,against_bias
2026.02.26 08:05:00,pullback,-1,5181.799,0.000,0.000,0.000,0.00,0.00,against_bias
2026.02.26 08:30:00,pullback,-1,5179.229,0.000,0.000,0.000,0.00,0.00,against_bias
2026.02.26 09:40:00,pullback,1,5182.332,5173.180,0.000,0.000,0.00,0.00,no_room
2026.02.26 10:45:00,pullback,-1,5173.762,0.000,0.000,0.000,0.00,0.00,against_bias
2026.02.26 11:55:00,pullback,-1,5170.738,0.000,0.000,0.000,0.00,0.00,against_bias
2026.02.26 12:30:00,pullback,1,5178.117,0.000,0.000,0.000,0.00,0.00,against_bias
2026.02.26 13:45:00,pullback,-1,5168.172,5188.794,0.000,0.000,0.00,0.00,no_room
2026.02.26 14:10:00,pullback,-1,5164.119,5188.821,0.000,0.000,0.00,0.00,no_room
2026.02.26 15:50:00,pullback,1,5176.156,0.000,0.000,0.000,0.00,0.00,against_bias
2026.02.27 07:20:00,pullback,-1,5180.622,0.000,0.000,0.000,0.00,0.00,against_bias
2026.02.27 08:25:00,pullback,-1,5175.700,5199.634,0.000,0.000,0.00,0.00,no_room
2026.02.27 09:55:00,pullback,-1,5174.969,5182.563,0.000,0.000,0.00,0.00,no_room
2026.02.27 11:50:00,pullback,1,5178.743,0.000,0.000,0.000,0.00,0.00,against_bias
2026.02.27 12:50:00,pullback,-1,5184.979,0.000,0.000,0.000,0.00,0.00,against_bias
2026.02.27 13:05:00,pullback,1,5190.610,5182.502,0.000,0.000,0.00,0.00,no_room
2026.02.27 14:25:00,pullback,1,5230.345,5206.516,0.000,0.000,0.00,0.00,no_room
2026.02.27 15:15:00,pullback,1,5236.071,5212.574,0.000,0.000,0.00,0.00,no_room
2026.03.02 08:30:00,pullback,1,5414.119,5400.989,5440.379,5466.638,2.38,2.39,signal
2026.03.02 08:45:00,pullback,-1,5402.175,0.000,0.000,0.000,0.00,0.00,against_bias
2026.03.02 11:50:00,pullback,-1,5381.517,0.000,0.000,0.000,0.00,0.00,against_bias
2026.03.02 13:05:00,pullback,1,5398.811,5374.286,0.000,0.000,0.00,0.00,no_room
2026.03.02 14:05:00,pullback,-1,5381.687,0.000,0.000,0.000,0.00,0.00,against_bias
2026.03.02 15:40:00,pullback,1,5346.804,0.000,0.000,0.000,0.00,0.00,against_bias
2026.03.03 07:35:00,pullback,1,5319.335,0.000,0.000,0.000,0.00,0.00,against_bias
2026.03.03 09:05:00,pullback,-1,5290.828,5336.701,0.000,0.000,0.00,0.00,no_room
2026.03.03 11:10:00,pullback,-1,5225.856,5283.053,0.000,0.000,0.00,0.00,no_room
2026.03.03 11:30:00,pullback,-1,5159.749,5266.759,0.000,0.000,0.00,0.00,no_room
2026.03.03 13:00:00,pullback,1,5212.286,0.000,0.000,0.000,0.00,0.00,against_bias
2026.03.03 13:55:00,pullback,-1,5145.984,5188.381,0.000,0.000,0.00,0.00,no_room
2026.03.03 14:25:00,pullback,-1,5127.064,5177.534,0.000,0.000,0.00,0.00,no_room
2026.03.04 07:10:00,pullback,1,5168.105,0.000,0.000,0.000,0.00,0.00,against_bias
2026.03.04 08:50:00,pullback,1,5175.941,0.000,0.000,0.000,0.00,0.00,against_bias
2026.03.04 09:40:00,pullback,1,5182.212,0.000,0.000,0.000,0.00,0.00,against_bias
2026.03.04 10:05:00,pullback,1,5185.120,5158.629,0.000,0.000,0.00,0.00,no_room
2026.03.04 12:05:00,pullback,1,5200.796,5178.638,0.000,0.000,0.00,0.00,no_room
2026.03.04 12:20:00,pullback,-1,5187.335,0.000,0.000,0.000,0.00,0.00,against_bias
2026.03.04 14:50:00,pullback,-1,5159.690,0.000,0.000,0.000,0.00,0.00,against_bias
2026.03.05 08:05:00,pullback,-1,5159.870,0.000,0.000,0.000,0.00,0.00,against_bias
2026.03.05 09:10:00,pullback,1,5172.791,5136.601,0.000,0.000,0.00,0.00,no_room
2026.03.05 10:05:00,pullback,-1,5153.115,0.000,0.000,0.000,0.00,0.00,against_bias
2026.03.05 12:10:00,pullback,1,5167.939,5156.349,0.000,0.000,0.00,0.00,no_room
2026.03.05 13:05:00,pullback,-1,5160.715,0.000,0.000,0.000,0.00,0.00,against_bias
2026.03.05 14:20:00,pullback,-1,5109.470,5139.860,0.000,0.000,0.00,0.00,no_room
2026.03.05 14:40:00,pullback,-1,5102.662,5131.313,0.000,0.000,0.00,0.00,no_room
2026.03.05 15:10:00,pullback,-1,5090.590,5125.736,0.000,0.000,0.00,0.00,no_room
2026.03.06 07:00:00,pullback,-1,5116.631,0.000,0.000,0.000,0.00,0.00,against_bias
2026.03.06 08:30:00,pullback,-1,5107.664,0.000,0.000,0.000,0.00,0.00,against_bias
2026.03.06 09:15:00,pullback,-1,5096.077,0.000,0.000,0.000,0.00,0.00,against_bias
2026.03.06 11:25:00,pullback,1,5092.848,5080.390,0.000,0.000,0.00,0.00,no_room
2026.03.06 11:55:00,pullback,-1,5080.125,0.000,0.000,0.000,0.00,0.00,against_bias
2026.03.06 12:45:00,pullback,1,5096.283,5061.663,0.000,0.000,0.00,0.00,no_room
2026.03.06 13:00:00,pullback,-1,5085.206,0.000,0.000,0.000,0.00,0.00,against_bias
2026.03.06 13:35:00,pullback,1,5096.744,5064.145,0.000,0.000,0.00,0.00,no_room
2026.03.06 15:00:00,pullback,1,5115.750,5082.469,0.000,0.000,0.00,0.00,no_room
2026.03.09 08:05:00,pullback,1,5107.486,5092.770,0.000,0.000,0.00,0.00,no_room
2026.03.09 08:30:00,pullback,-1,5093.511,0.000,0.000,0.000,0.00,0.00,against_bias
2026.03.09 09:15:00,pullback,1,5110.739,5086.048,0.000,0.000,0.00,0.00,no_room
2026.03.09 10:35:00,pullback,-1,5096.200,0.000,0.000,0.000,0.00,0.00,against_bias
2026.03.09 12:05:00,pullback,1,5093.217,0.000,0.000,0.000,0.00,0.00,against_bias
2026.03.09 13:45:00,pullback,-1,5084.291,5112.879,0.000,0.000,0.00,0.00,no_room
2026.03.09 14:35:00,pullback,1,5088.138,0.000,0.000,0.000,0.00,0.00,against_bias
2026.03.10 07:20:00,pullback,-1,5172.023,0.000,0.000,0.000,0.00,0.00,against_bias
2026.03.10 08:00:00,pullback,1,5178.968,5157.839,0.000,0.000,0.00,0.00,no_room
2026.03.10 08:40:00,pullback,1,5185.123,5174.188,0.000,0.000,0.00,0.00,no_room
2026.03.10 10:05:00,pullback,-1,5180.643,0.000,0.000,0.000,0.00,0.00,against_bias
2026.03.10 11:10:00,pullback,1,5188.945,5155.801,0.000,0.000,0.00,0.00,no_room
2026.03.10 13:05:00,pullback,1,5191.855,5161.893,0.000,0.000,0.00,0.00,no_room
2026.03.10 14:10:00,pullback,-1,5196.415,0.000,0.000,0.000,0.00,0.00,against_bias
2026.03.10 15:10:00,pullback,1,5214.188,5201.842,0.000,0.000,0.00,0.00,no_room
2026.03.11 07:40:00,pullback,-1,5191.680,5202.600,0.000,0.000,0.00,0.00,no_room
2026.03.11 08:15:00,pullback,1,5197.581,0.000,0.000,0.000,0.00,0.00,against_bias
2026.03.11 08:25:00,pullback,-1,5187.725,5198.147,0.000,0.000,0.00,0.00,no_room
2026.03.11 09:35:00,pullback,1,5188.774,0.000,0.000,0.000,0.00,0.00,against_bias
2026.03.11 10:35:00,pullback,-1,5186.431,5195.768,0.000,0.000,0.00,0.00,no_room
2026.03.11 12:15:00,pullback,1,5190.721,0.000,0.000,0.000,0.00,0.00,against_bias
2026.03.11 13:00:00,pullback,-1,5175.047,5197.443,0.000,0.000,0.00,0.00,no_room
2026.03.11 13:50:00,pullback,-1,5161.984,5183.809,0.000,0.000,0.00,0.00,no_room
2026.03.11 14:05:00,pullback,1,5182.910,0.000,0.000,0.000,0.00,0.00,against_bias
2026.03.11 15:15:00,pullback,-1,5174.185,5194.619,0.000,0.000,0.00,0.00,no_room
2026.03.12 07:45:00,pullback,1,5170.249,5164.076,0.000,0.000,0.00,0.00,no_room
2026.03.12 09:35:00,pullback,1,5181.207,5175.203,0.000,0.000,0.00,0.00,no_room
2026.03.12 10:30:00,pullback,-1,5182.487,0.000,0.000,0.000,0.00,0.00,against_bias
2026.03.12 11:20:00,pullback,-1,5175.940,0.000,0.000,0.000,0.00,0.00,against_bias
2026.03.12 12:10:00,pullback,-1,5172.526,0.000,0.000,0.000,0.00,0.00,against_bias
2026.03.12 12:55:00,pullback,1,5181.481,0.000,0.000,0.000,0.00,0.00,against_bias
2026.03.12 13:35:00,pullback,-1,5168.501,5186.819,0.000,0.000,0.00,0.00,no_room
2026.03.12 14:40:00,pullback,-1,5145.856,5164.244,0.000,0.000,0.00,0.00,no_room
2026.03.13 08:05:00,pullback,-1,5071.708,5093.764,0.000,0.000,0.00,0.00,no_room
2026.03.13 09:05:00,pullback,1,5093.051,0.000,0.000,0.000,0.00,0.00,against_bias
2026.03.13 10:35:00,pullback,-1,5083.242,5097.362,0.000,0.000,0.00,0.00,no_room
2026.03.13 12:00:00,pullback,1,5097.451,5085.522,0.000,0.000,0.00,0.00,no_room
2026.03.13 12:50:00,pullback,1,5118.871,5103.516,0.000,0.000,0.00,0.00,no_room
2026.03.13 13:35:00,pullback,-1,5108.041,0.000,0.000,0.000,0.00,0.00,against_bias
2026.03.13 14:15:00,pullback,-1,5096.248,0.000,0.000,0.000,0.00,0.00,against_bias
2026.03.13 14:45:00,pullback,-1,5082.656,5117.702,0.000,0.000,0.00,0.00,no_room
2026.03.16 07:25:00,pullback,-1,5005.497,0.000,0.000,0.000,0.00,0.00,against_bias
2026.03.16 08:15:00,pullback,-1,4991.653,5017.126,0.000,0.000,0.00,0.00,no_room
2026.03.16 08:45:00,pullback,-1,4987.755,5004.061,0.000,0.000,0.00,0.00,no_room
2026.03.16 09:10:00,pullback,-1,4984.742,4998.617,0.000,0.000,0.00,0.00,no_room
2026.03.16 09:50:00,pullback,-1,4980.060,4992.066,0.000,0.000,0.00,0.00,no_room
2026.03.16 10:50:00,pullback,1,4990.900,0.000,0.000,0.000,0.00,0.00,against_bias
2026.03.16 12:40:00,pullback,1,5022.751,0.000,0.000,0.000,0.00,0.00,against_bias
2026.03.16 13:20:00,pullback,1,5025.697,0.000,0.000,0.000,0.00,0.00,against_bias
2026.03.16 13:45:00,pullback,1,5030.206,0.000,0.000,0.000,0.00,0.00,against_bias
2026.03.16 14:30:00,pullback,-1,5017.922,5038.952,0.000,0.000,0.00,0.00,no_room
2026.03.17 07:35:00,pullback,1,5016.951,5007.795,0.000,0.000,0.00,0.00,no_room
2026.03.17 09:15:00,pullback,-1,5018.082,0.000,0.000,0.000,0.00,0.00,against_bias
2026.03.17 10:00:00,pullback,-1,5012.889,0.000,0.000,0.000,0.00,0.00,against_bias
2026.03.17 10:40:00,pullback,-1,5000.983,5016.909,0.000,0.000,0.00,0.00,no_room
2026.03.17 12:00:00,pullback,-1,5003.981,5010.576,0.000,0.000,0.00,0.00,no_room
2026.03.17 12:20:00,pullback,1,5011.552,0.000,0.000,0.000,0.00,0.00,against_bias
2026.03.17 13:35:00,pullback,1,5023.702,0.000,0.000,0.000,0.00,0.00,against_bias
2026.03.17 15:30:00,pullback,-1,5006.250,5020.034,0.000,0.000,0.00,0.00,no_room
2026.03.18 07:20:00,pullback,-1,5008.560,5016.748,0.000,0.000,0.00,0.00,no_room
2026.03.18 09:30:00,pullback,1,4992.120,0.000,0.000,0.000,0.00,0.00,against_bias
2026.03.18 10:30:00,pullback,-1,4984.692,4995.719,0.000,0.000,0.00,0.00,no_room
2026.03.18 11:05:00,pullback,-1,4960.202,4996.071,0.000,0.000,0.00,0.00,no_room
2026.03.18 11:30:00,pullback,-1,4950.203,4996.351,0.000,0.000,0.00,0.00,no_room
2026.03.18 14:10:00,pullback,1,4885.497,0.000,0.000,0.000,0.00,0.00,against_bias
2026.03.18 15:45:00,pullback,-1,4867.214,4880.855,0.000,0.000,0.00,0.00,no_room
2026.03.19 07:45:00,pullback,-1,4747.279,4785.884,0.000,0.000,0.00,0.00,no_room
2026.03.19 08:45:00,pullback,-1,4701.294,4786.093,0.000,0.000,0.00,0.00,no_room
2026.03.19 10:20:00,pullback,-1,4696.010,4727.500,0.000,0.000,0.00,0.00,no_room
2026.03.19 11:45:00,pullback,-1,4676.365,4700.945,0.000,0.000,0.00,0.00,no_room
2026.03.19 13:55:00,pullback,1,4583.218,0.000,0.000,0.000,0.00,0.00,against_bias
2026.03.19 15:35:00,pullback,-1,4593.437,4640.829,0.000,0.000,0.00,0.00,no_room
2026.03.20 08:20:00,pullback,1,4723.722,4660.558,0.000,0.000,0.00,0.00,no_room
2026.03.20 09:35:00,pullback,-1,4683.930,0.000,0.000,0.000,0.00,0.00,against_bias
2026.03.20 11:00:00,pullback,-1,4645.810,4671.244,0.000,0.000,0.00,0.00,no_room
2026.03.20 12:05:00,pullback,1,4674.308,0.000,0.000,0.000,0.00,0.00,against_bias
2026.03.20 13:15:00,pullback,-1,4661.933,4682.856,0.000,0.000,0.00,0.00,no_room
2026.03.20 13:35:00,pullback,-1,4653.602,4682.872,0.000,0.000,0.00,0.00,no_room
2026.03.23 07:10:00,pullback,-1,4162.913,4383.240,3722.259,3281.604,0.14,0.14,signal
2026.03.23 12:45:00,pullback,1,4432.116,4333.355,0.000,0.000,0.00,0.00,no_room
2026.03.23 14:25:00,pullback,1,4492.771,4398.940,0.000,0.000,0.00,0.00,no_room
2026.03.23 15:40:00,pullback,-1,4427.162,0.000,0.000,0.000,0.00,0.00,against_bias
2026.03.24 08:25:00,pullback,-1,4399.821,0.000,0.000,0.000,0.00,0.00,against_bias
2026.03.24 10:00:00,pullback,1,4419.325,4394.696,0.000,0.000,0.00,0.00,no_room
2026.03.24 11:00:00,pullback,1,4432.942,4413.438,0.000,0.000,0.00,0.00,no_room
2026.03.24 11:05:00,pullback,-1,4414.442,0.000,0.000,0.000,0.00,0.00,against_bias
2026.03.24 12:35:00,pullback,-1,4390.523,0.000,0.000,0.000,0.00,0.00,against_bias
2026.03.24 13:30:00,pullback,-1,4361.994,4392.530,0.000,0.000,0.00,0.00,no_room
2026.03.24 14:05:00,pullback,1,4390.654,0.000,0.000,0.000,0.00,0.00,against_bias
2026.03.25 07:15:00,pullback,1,4556.783,4542.117,4584.320,4611.856,2.09,2.10,signal
2026.03.25 08:00:00,pullback,-1,4542.897,0.000,0.000,0.000,0.00,0.00,against_bias
2026.03.25 08:30:00,pullback,1,4563.329,4534.780,0.000,0.000,0.00,0.00,no_room
2026.03.25 09:45:00,pullback,-1,4554.188,0.000,0.000,0.000,0.00,0.00,against_bias
2026.03.25 10:55:00,pullback,1,4561.054,4550.137,0.000,0.000,0.00,0.00,no_room
2026.03.25 12:20:00,pullback,-1,4572.287,0.000,0.000,0.000,0.00,0.00,against_bias
2026.03.25 13:55:00,pullback,-1,4551.395,0.000,0.000,0.000,0.00,0.00,against_bias
2026.03.26 08:25:00,pullback,-1,4438.803,4464.981,0.000,0.000,0.00,0.00,no_room
2026.03.26 10:25:00,pullback,1,4437.149,0.000,0.000,0.000,0.00,0.00,against_bias
2026.03.26 11:35:00,pullback,1,4448.115,0.000,0.000,0.000,0.00,0.00,against_bias
2026.03.26 11:50:00,pullback,-1,4439.324,4457.858,4416.751,4394.179,1.64,1.64,signal
2026.03.26 12:05:00,pullback,-1,4439.324,0.000,4416.751,0.000,0.00,0.00,missed_move
2026.03.26 13:00:00,pullback,-1,4431.819,4446.008,4416.767,4401.715,2.14,2.14,signal
2026.03.26 13:25:00,pullback,1,4444.978,0.000,0.000,0.000,0.00,0.00,against_bias
2026.03.26 13:55:00,pullback,1,4453.913,0.000,0.000,0.000,0.00,0.00,against_bias
2026.03.26 14:35:00,pullback,1,4460.391,4427.679,0.000,0.000,0.00,0.00,no_room
2026.03.26 15:35:00,pullback,-1,4445.781,0.000,0.000,0.000,0.00,0.00,against_bias
2026.03.27 07:05:00,pullback,-1,4451.653,0.000,0.000,0.000,0.00,0.00,against_bias
2026.03.27 07:55:00,pullback,-1,4447.637,0.000,0.000,0.000,0.00,0.00,against_bias
2026.03.27 08:20:00,pullback,-1,4442.654,0.000,0.000,0.000,0.00,0.00,against_bias
2026.03.27 10:40:00,pullback,-1,4423.674,0.000,0.000,0.000,0.00,0.00,against_bias
2026.03.27 12:50:00,pullback,1,4434.403,0.000,0.000,0.000,0.00,0.00,against_bias
2026.03.27 14:05:00,pullback,1,4441.904,0.000,0.000,0.000,0.00,0.00,against_bias
2026.03.27 14:50:00,pullback,1,4470.085,0.000,0.000,0.000,0.00,0.00,against_bias
2026.03.30 07:05:00,pullback,-1,4525.972,0.000,0.000,0.000,0.00,0.00,against_bias
2026.03.30 07:30:00,pullback,-1,4523.593,0.000,0.000,0.000,0.00,0.00,against_bias
2026.03.30 08:10:00,pullback,1,4534.966,4514.946,0.000,0.000,0.00,0.00,no_room
2026.03.30 08:55:00,pullback,1,4538.273,4525.103,0.000,0.000,0.00,0.00,no_room
2026.03.30 11:05:00,pullback,-1,4527.517,0.000,0.000,0.000,0.00,0.00,against_bias
2026.03.30 11:20:00,pullback,1,4540.063,4524.771,0.000,0.000,0.00,0.00,no_room
2026.03.30 13:45:00,pullback,-1,4545.262,0.000,0.000,0.000,0.00,0.00,against_bias
2026.03.30 15:40:00,pullback,1,4543.485,0.000,0.000,0.000,0.00,0.00,against_bias
2026.03.31 07:15:00,pullback,-1,4554.266,0.000,0.000,0.000,0.00,0.00,against_bias
2026.03.31 08:00:00,pullback,1,4564.073,4542.532,0.000,0.000,0.00,0.00,no_room
2026.03.31 09:30:00,pullback,-1,4563.082,0.000,0.000,0.000,0.00,0.00,against_bias
2026.03.31 10:40:00,pullback,-1,4550.108,0.000,0.000,0.000,0.00,0.00,against_bias
2026.03.31 11:20:00,pullback,1,4561.793,0.000,0.000,0.000,0.00,0.00,against_bias
2026.03.31 13:05:00,pullback,-1,4571.493,0.000,0.000,0.000,0.00,0.00,against_bias
2026.03.31 13:50:00,pullback,1,4587.963,4567.357,0.000,0.000,0.00,0.00,no_room
2026.03.31 14:50:00,pullback,-1,4602.737,0.000,0.000,0.000,0.00,0.00,against_bias
2026.04.01 07:40:00,pullback,1,4733.170,4712.222,0.000,0.000,0.00,0.00,no_room
2026.04.01 08:00:00,pullback,-1,4713.169,0.000,0.000,0.000,0.00,0.00,against_bias
2026.04.01 09:50:00,pullback,1,4723.994,4712.392,0.000,0.000,0.00,0.00,no_room
2026.04.01 10:30:00,pullback,1,4727.728,4714.640,0.000,0.000,0.00,0.00,no_room
2026.04.01 11:10:00,pullback,1,4738.795,4714.680,0.000,0.000,0.00,0.00,no_room
2026.04.01 13:00:00,pullback,-1,4724.707,0.000,0.000,0.000,0.00,0.00,against_bias
2026.04.01 14:50:00,pullback,1,4754.963,4729.252,0.000,0.000,0.00,0.00,no_room
2026.04.02 08:50:00,pullback,-1,4628.744,4652.168,0.000,0.000,0.00,0.00,no_room
2026.04.02 10:20:00,pullback,-1,4615.196,4632.949,0.000,0.000,0.00,0.00,no_room
2026.04.02 11:30:00,pullback,-1,4616.561,4632.375,0.000,0.000,0.00,0.00,no_room
2026.04.02 13:15:00,pullback,-1,4594.436,4627.821,0.000,0.000,0.00,0.00,no_room
2026.04.02 13:50:00,pullback,1,4626.572,0.000,0.000,0.000,0.00,0.00,against_bias
2026.04.06 07:20:00,pullback,-1,4651.606,0.000,0.000,0.000,0.00,0.00,against_bias
2026.04.06 07:50:00,pullback,1,4667.858,4644.233,0.000,0.000,0.00,0.00,no_room
2026.04.06 08:50:00,pullback,1,4695.807,4644.108,0.000,0.000,0.00,0.00,no_room
2026.04.06 09:55:00,pullback,-1,4697.069,0.000,0.000,0.000,0.00,0.00,against_bias
2026.04.06 11:50:00,pullback,-1,4684.652,0.000,0.000,0.000,0.00,0.00,against_bias
2026.04.06 14:35:00,pullback,1,4690.928,4658.952,0.000,0.000,0.00,0.00,no_room
2026.04.07 08:15:00,pullback,1,4657.144,0.000,0.000,0.000,0.00,0.00,against_bias
2026.04.07 09:25:00,pullback,1,4690.803,4637.969,0.000,0.000,0.00,0.00,no_room
2026.04.07 10:50:00,pullback,-1,4662.070,0.000,0.000,0.000,0.00,0.00,against_bias
2026.04.07 12:25:00,pullback,1,4664.232,0.000,0.000,0.000,0.00,0.00,against_bias
2026.04.07 12:50:00,pullback,-1,4651.135,4671.644,0.000,0.000,0.00,0.00,no_room
2026.04.07 13:45:00,pullback,-1,4646.720,4671.776,0.000,0.000,0.00,0.00,no_room
2026.04.07 14:05:00,pullback,-1,4635.388,4664.321,0.000,0.000,0.00,0.00,no_room
2026.04.07 14:40:00,pullback,1,4653.985,0.000,0.000,0.000,0.00,0.00,against_bias
2026.04.08 07:00:00,pullback,-1,4821.288,0.000,0.000,0.000,0.00,0.00,against_bias
2026.04.08 08:35:00,pullback,-1,4807.859,0.000,0.000,0.000,0.00,0.00,against_bias
2026.04.08 09:45:00,pullback,-1,4790.155,4807.751,0.000,0.000,0.00,0.00,no_room
2026.04.08 10:45:00,pullback,1,4790.369,0.000,0.000,0.000,0.00,0.00,against_bias
2026.04.08 12:00:00,pullback,1,4797.066,0.000,0.000,0.000,0.00,0.00,against_bias
2026.04.08 12:25:00,pullback,-1,4777.764,4798.009,0.000,0.000,0.00,0.00,no_room
2026.04.08 14:30:00,pullback,-1,4767.760,4793.355,0.000,0.000,0.00,0.00,no_room
2026.04.09 07:10:00,pullback,1,4723.101,0.000,0.000,0.000,0.00,0.00,against_bias
2026.04.09 08:40:00,pullback,1,4726.158,0.000,0.000,0.000,0.00,0.00,against_bias
2026.04.09 10:25:00,pullback,1,4732.863,4723.215,0.000,0.000,0.00,0.00,no_room
2026.04.09 11:40:00,pullback,1,4746.665,4737.911,0.000,0.000,0.00,0.00,no_room
2026.04.09 12:30:00,pullback,-1,4738.365,0.000,0.000,0.000,0.00,0.00,against_bias
2026.04.09 13:10:00,pullback,1,4747.985,4734.180,4762.275,4776.564,2.18,2.18,signal
2026.04.09 13:40:00,pullback,1,4747.985,0.000,4762.275,0.000,0.00,0.00,missed_move
2026.04.09 15:20:00,pullback,1,4777.255,4746.041,0.000,0.000,0.00,0.00,no_room
2026.04.10 08:50:00,pullback,-1,4742.226,4757.972,0.000,0.000,0.00,0.00,no_room
2026.04.10 09:20:00,pullback,1,4752.153,0.000,0.000,0.000,0.00,0.00,against_bias
2026.04.10 10:25:00,pullback,1,4753.584,0.000,0.000,0.000,0.00,0.00,against_bias
2026.04.10 11:25:00,pullback,1,4760.681,0.000,0.000,0.000,0.00,0.00,against_bias
2026.04.10 14:20:00,pullback,1,4780.361,4764.046,0.000,0.000,0.00,0.00,no_room
2026.04.10 15:40:00,pullback,-1,4769.492,0.000,0.000,0.000,0.00,0.00,against_bias
2026.04.13 07:05:00,pullback,1,4732.760,4720.223,0.000,0.000,0.00,0.00,no_room
2026.04.13 07:50:00,pullback,1,4738.719,4720.238,0.000,0.000,0.00,0.00,no_room
2026.04.13 08:45:00,pullback,-1,4729.979,0.000,0.000,0.000,0.00,0.00,against_bias
2026.04.13 09:10:00,pullback,-1,4720.019,0.000,0.000,0.000,0.00,0.00,against_bias
2026.04.13 10:50:00,pullback,1,4718.928,4707.649,0.000,0.000,0.00,0.00,no_room
2026.04.13 11:45:00,pullback,-1,4708.068,4729.588,0.000,0.000,0.00,0.00,no_room
2026.04.13 12:50:00,pullback,1,4720.221,0.000,0.000,0.000,0.00,0.00,against_bias
2026.04.13 13:50:00,pullback,1,4737.577,4702.926,0.000,0.000,0.00,0.00,no_room
2026.04.13 15:05:00,pullback,-1,4708.587,0.000,0.000,0.000,0.00,0.00,against_bias
2026.04.14 08:30:00,pullback,1,4782.579,4773.381,4792.347,4802.116,3.27,3.28,signal
2026.04.14 10:40:00,pullback,-1,4771.366,0.000,0.000,0.000,0.00,0.00,against_bias
2026.04.14 12:15:00,pullback,-1,4770.270,0.000,0.000,0.000,0.00,0.00,against_bias
2026.04.14 13:05:00,pullback,1,4776.402,4761.536,0.000,0.000,0.00,0.00,no_room
2026.04.14 14:20:00,pullback,1,4803.445,4779.487,0.000,0.000,0.00,0.00,no_room
2026.04.14 15:10:00,pullback,-1,4795.223,0.000,0.000,0.000,0.00,0.00,against_bias
2026.04.14 15:35:00,pullback,1,4806.677,4790.180,0.000,0.000,0.00,0.00,no_room
2026.04.15 07:05:00,pullback,-1,4810.987,4822.559,0.000,0.000,0.00,0.00,no_room
2026.04.15 08:55:00,pullback,1,4814.007,0.000,0.000,0.000,0.00,0.00,against_bias
2026.04.15 09:15:00,pullback,-1,4805.287,4821.587,0.000,0.000,0.00,0.00,no_room
2026.04.15 10:55:00,pullback,1,4803.063,0.000,0.000,0.000,0.00,0.00,against_bias
2026.04.15 11:25:00,pullback,1,4805.185,0.000,0.000,0.000,0.00,0.00,against_bias
2026.04.15 13:25:00,pullback,1,4816.345,0.000,0.000,0.000,0.00,0.00,against_bias
2026.04.15 15:10:00,pullback,-1,4808.195,0.000,0.000,0.000,0.00,0.00,against_bias
2026.04.15 15:30:00,pullback,-1,4800.041,0.000,0.000,0.000,0.00,0.00,against_bias
2026.04.16 08:05:00,pullback,-1,4816.961,0.000,0.000,0.000,0.00,0.00,against_bias
2026.04.16 11:00:00,pullback,1,4815.390,0.000,0.000,0.000,0.00,0.00,against_bias
2026.04.16 12:00:00,pullback,1,4819.837,0.000,0.000,0.000,0.00,0.00,against_bias
2026.04.16 13:50:00,pullback,-1,4814.015,4823.764,0.000,0.000,0.00,0.00,no_room
2026.04.16 15:10:00,pullback,1,4805.229,0.000,0.000,0.000,0.00,0.00,against_bias
2026.04.17 07:30:00,pullback,1,4790.953,4778.689,0.000,0.000,0.00,0.00,no_room
2026.04.17 08:45:00,pullback,1,4790.899,4780.317,0.000,0.000,0.00,0.00,no_room
2026.04.17 09:50:00,pullback,-1,4792.099,0.000,0.000,0.000,0.00,0.00,against_bias
2026.04.17 10:40:00,pullback,-1,4787.072,0.000,0.000,0.000,0.00,0.00,against_bias
2026.04.17 11:25:00,pullback,1,4789.697,4781.757,0.000,0.000,0.00,0.00,no_room
2026.04.17 12:25:00,pullback,1,4811.696,4797.005,0.000,0.000,0.00,0.00,no_room
2026.04.17 15:45:00,pullback,-1,4862.914,0.000,0.000,0.000,0.00,0.00,against_bias
2026.04.20 07:00:00,pullback,1,4791.901,0.000,0.000,0.000,0.00,0.00,against_bias
2026.04.20 10:20:00,pullback,1,4797.970,4782.782,0.000,0.000,0.00,0.00,no_room
2026.04.20 11:50:00,pullback,1,4801.067,4786.178,0.000,0.000,0.00,0.00,no_room
2026.04.20 13:30:00,pullback,1,4822.201,4798.993,0.000,0.000,0.00,0.00,no_room
2026.04.20 15:00:00,pullback,-1,4806.813,0.000,0.000,0.000,0.00,0.00,against_bias
2026.04.21 07:05:00,pullback,-1,4775.055,4784.060,0.000,0.000,0.00,0.00,no_room
2026.04.21 07:20:00,pullback,1,4783.455,0.000,0.000,0.000,0.00,0.00,against_bias
2026.04.21 07:50:00,pullback,1,4787.463,0.000,0.000,0.000,0.00,0.00,against_bias
2026.04.21 08:10:00,pullback,-1,4780.723,4793.149,0.000,0.000,0.00,0.00,no_room
2026.04.21 10:55:00,pullback,1,4789.746,0.000,0.000,0.000,0.00,0.00,against_bias
2026.04.21 11:10:00,pullback,-1,4780.739,4790.110,0.000,0.000,0.00,0.00,no_room
2026.04.21 11:45:00,pullback,1,4790.400,4778.634,0.000,0.000,0.00,0.00,no_room
2026.04.21 12:45:00,pullback,-1,4779.067,0.000,0.000,0.000,0.00,0.00,against_bias
2026.04.21 13:15:00,pullback,-1,4766.569,4791.286,0.000,0.000,0.00,0.00,no_room
2026.04.21 13:40:00,pullback,1,4783.831,0.000,0.000,0.000,0.00,0.00,against_bias
2026.04.21 14:25:00,pullback,-1,4773.150,4795.135,0.000,0.000,0.00,0.00,no_room
2026.04.22 07:05:00,pullback,1,4767.869,4762.946,0.000,0.000,0.00,0.00,no_room
2026.04.22 07:50:00,pullback,-1,4762.336,0.000,0.000,0.000,0.00,0.00,against_bias
2026.04.22 09:55:00,pullback,-1,4755.022,0.000,0.000,0.000,0.00,0.00,against_bias
2026.04.22 11:20:00,pullback,1,4759.402,0.000,0.000,0.000,0.00,0.00,against_bias
2026.04.22 12:45:00,pullback,-1,4746.971,4760.792,0.000,0.000,0.00,0.00,no_room
2026.04.22 13:45:00,pullback,1,4750.598,0.000,0.000,0.000,0.00,0.00,against_bias
2026.04.22 14:35:00,pullback,-1,4742.295,4761.578,0.000,0.000,0.00,0.00,no_room
2026.04.22 15:40:00,pullback,-1,4729.744,4740.893,0.000,0.000,0.00,0.00,no_room
2026.04.23 07:25:00,pullback,-1,4707.455,0.000,0.000,0.000,0.00,0.00,against_bias
2026.04.23 08:05:00,pullback,1,4721.201,4702.617,0.000,0.000,0.00,0.00,no_room
2026.04.23 09:05:00,pullback,-1,4703.214,0.000,0.000,0.000,0.00,0.00,against_bias
2026.04.23 10:10:00,pullback,-1,4694.749,4703.633,0.000,0.000,0.00,0.00,no_room
2026.04.23 11:20:00,pullback,1,4701.744,0.000,0.000,0.000,0.00,0.00,against_bias
2026.04.23 12:45:00,pullback,1,4738.911,4683.423,0.000,0.000,0.00,0.00,no_room
2026.04.23 14:00:00,pullback,-1,4724.612,0.000,0.000,0.000,0.00,0.00,against_bias
2026.04.23 15:20:00,pullback,1,4736.705,4716.249,0.000,0.000,0.00,0.00,no_room
2026.04.23 15:50:00,pullback,-1,4726.631,0.000,0.000,0.000,0.00,0.00,against_bias
2026.04.24 07:50:00,pullback,1,4688.160,0.000,0.000,0.000,0.00,0.00,against_bias
2026.04.24 09:30:00,pullback,-1,4685.261,0.000,0.000,0.000,0.00,0.00,against_bias
2026.04.24 10:35:00,pullback,-1,4679.210,0.000,0.000,0.000,0.00,0.00,against_bias
2026.04.24 11:05:00,pullback,1,4686.167,4674.186,0.000,0.000,0.00,0.00,no_room
2026.04.24 12:45:00,pullback,-1,4701.292,0.000,0.000,0.000,0.00,0.00,against_bias
2026.04.24 13:45:00,pullback,1,4705.604,4689.537,0.000,0.000,0.00,0.00,no_room
2026.04.24 14:10:00,pullback,1,4717.579,4688.595,0.000,0.000,0.00,0.00,no_room
2026.04.24 15:20:00,pullback,-1,4721.567,0.000,0.000,0.000,0.00,0.00,against_bias
2026.04.24 15:35:00,pullback,-1,4718.840,0.000,0.000,0.000,0.00,0.00,against_bias
2026.04.24 15:45:00,pullback,1,4726.409,4718.265,0.000,0.000,0.00,0.00,no_room
2026.04.27 07:05:00,pullback,1,4715.604,4708.654,0.000,0.000,0.00,0.00,no_room
2026.04.27 08:40:00,pullback,-1,4709.036,0.000,0.000,0.000,0.00,0.00,against_bias
2026.04.27 09:10:00,pullback,-1,4705.289,4714.952,0.000,0.000,0.00,0.00,no_room
2026.04.27 10:35:00,pullback,1,4706.750,0.000,0.000,0.000,0.00,0.00,against_bias
2026.04.27 12:15:00,pullback,1,4708.647,0.000,0.000,0.000,0.00,0.00,against_bias
2026.04.27 12:45:00,pullback,-1,4699.931,4713.022,0.000,0.000,0.00,0.00,no_room
2026.04.27 13:40:00,pullback,-1,4693.005,4703.882,0.000,0.000,0.00,0.00,no_room
2026.04.27 14:35:00,pullback,-1,4688.930,4697.210,0.000,0.000,0.00,0.00,no_room
2026.04.27 14:55:00,pullback,-1,4683.367,4697.424,0.000,0.000,0.00,0.00,no_room
2026.04.28 07:05:00,pullback,1,4634.840,0.000,0.000,0.000,0.00,0.00,against_bias
2026.04.28 08:05:00,pullback,-1,4623.172,4636.017,0.000,0.000,0.00,0.00,no_room
2026.04.28 09:35:00,pullback,-1,4614.607,4635.898,0.000,0.000,0.00,0.00,no_room
2026.04.28 11:00:00,pullback,-1,4604.516,4616.530,0.000,0.000,0.00,0.00,no_room
2026.04.28 12:50:00,pullback,1,4597.786,0.000,0.000,0.000,0.00,0.00,against_bias
2026.04.28 14:05:00,pullback,-1,4570.678,4593.722,0.000,0.000,0.00,0.00,no_room
2026.04.28 14:40:00,pullback,-1,4563.903,4593.716,0.000,0.000,0.00,0.00,no_room
2026.04.28 15:55:00,pullback,1,4581.949,0.000,0.000,0.000,0.00,0.00,against_bias
2026.04.29 07:10:00,pullback,-1,4580.623,4603.773,0.000,0.000,0.00,0.00,no_room
2026.04.29 08:35:00,pullback,-1,4564.404,4574.002,0.000,0.000,0.00,0.00,no_room
2026.04.29 08:55:00,pullback,1,4571.288,0.000,0.000,0.000,0.00,0.00,against_bias
2026.04.29 09:20:00,pullback,1,4576.548,0.000,0.000,0.000,0.00,0.00,against_bias
2026.04.29 09:55:00,pullback,-1,4557.089,4581.522,0.000,0.000,0.00,0.00,no_room
2026.04.29 11:50:00,pullback,-1,4563.845,4572.408,0.000,0.000,0.00,0.00,no_room
2026.04.29 12:35:00,pullback,-1,4559.214,4569.455,0.000,0.000,0.00,0.00,no_room
2026.04.29 12:55:00,pullback,-1,4550.926,4569.525,0.000,0.000,0.00,0.00,no_room
2026.04.29 13:25:00,pullback,-1,4541.417,4560.691,0.000,0.000,0.00,0.00,no_room
2026.04.29 14:20:00,pullback,1,4529.988,0.000,0.000,0.000,0.00,0.00,against_bias
2026.04.29 15:40:00,pullback,1,4546.910,0.000,0.000,0.000,0.00,0.00,against_bias
