time_server,strategy,side,entry,sl,tp1,tp2,lots_tp1,lots_tp2,outcome
2026.06.10 07:09:00,pullback,1,4205.803,0.000,0.000,0.000,0.00,0.00,against_bias
2026.06.10 07:13:00,pullback,-1,4201.194,4206.089,4191.404,4181.613,5.10,5.11,signal
2026.06.10 08:01:00,pullback,-1,4181.480,4193.230,0.000,0.000,0.00,0.00,no_room
2026.06.10 08:12:00,pullback,1,4171.195,0.000,0.000,0.000,0.00,0.00,against_bias
2026.06.10 08:17:00,pullback,1,4172.326,0.000,0.000,0.000,0.00,0.00,against_bias
2026.06.10 08:33:00,pullback,-1,4168.203,4174.077,4156.454,4144.706,4.38,4.38,signal
2026.06.10 08:37:00,pullback,1,4173.773,0.000,0.000,0.000,0.00,0.00,against_bias
2026.06.10 08:42:00,pullback,1,4175.814,0.000,0.000,0.000,0.00,0.00,against_bias
2026.06.10 09:03:00,pullback,-1,4166.314,4176.681,4145.581,4124.847,2.45,2.46,signal
2026.06.10 09:49:00,pullback,-1,4167.670,4179.716,0.000,0.000,0.00,0.00,no_room
2026.06.10 09:53:00,pullback,-1,4165.877,4175.023,0.000,0.000,0.00,0.00,no_room
2026.06.10 10:07:00,pullback,-1,4163.025,4171.262,0.000,0.000,0.00,0.00,no_room
2026.06.10 10:20:00,pullback,1,4162.145,0.000,0.000,0.000,0.00,0.00,against_bias
2026.06.10 10:45:00,pullback,1,4169.167,0.000,0.000,0.000,0.00,0.00,against_bias
2026.06.10 11:04:00,pullback,-1,4171.202,4178.733,4161.542,4151.882,3.35,3.35,signal
2026.06.10 11:05:00,pullback,-1,4171.202,0.000,4161.542,0.000,0.00,0.00,missed_move
2026.06.10 11:25:00,pullback,-1,4164.528,4171.945,0.000,0.000,0.00,0.00,no_room
2026.06.10 11:38:00,pullback,-1,4161.286,4168.485,0.000,0.000,0.00,0.00,no_room
2026.06.10 11:45:00,pullback,-1,4156.201,4168.411,4131.780,4107.360,2.06,2.07,signal
2026.06.10 12:31:00,pullback,1,4142.053,0.000,0.000,0.000,0.00,0.00,against_bias
2026.06.10 12:51:00,pullback,-1,4157.467,4170.253,4131.895,4106.324,1.98,1.98,signal
2026.06.10 13:50:00,pullback,1,4185.207,0.000,0.000,0.000,0.00,0.00,against_bias
2026.06.10 14:01:00,pullback,-1,4175.327,4186.923,0.000,0.000,0.00,0.00,no_room
2026.06.10 14:16:00,pullback,-1,4170.513,4186.863,0.000,0.000,0.00,0.00,no_room
2026.06.10 14:29:00,pullback,-1,4162.659,4173.463,0.000,0.000,0.00,0.00,no_room
2026.06.10 14:37:00,pullback,-1,4155.449,4173.435,4128.945,4102.442,1.39,1.40,signal
2026.06.11 07:16:00,pullback,1,4097.708,0.000,0.000,0.000,0.00,0.00,against_bias
2026.06.11 07:25:00,pullback,1,4106.361,0.000,0.000,0.000,0.00,0.00,against_bias
2026.06.11 07:36:00,pullback,-1,4106.010,0.000,0.000,0.000,0.00,0.00,against_bias
2026.06.11 07:51:00,pullback,-1,4101.485,0.000,0.000,0.000,0.00,0.00,against_bias
2026.06.11 08:01:00,pullback,1,4109.472,4098.858,0.000,0.000,0.00,0.00,no_room
2026.06.11 08:17:00,pullback,-1,4105.308,0.000,0.000,0.000,0.00,0.00,against_bias
2026.06.11 08:29:00,pullback,-1,4100.396,0.000,0.000,0.000,0.00,0.00,against_bias
2026.06.11 08:42:00,pullback,-1,4094.059,0.000,0.000,0.000,0.00,0.00,against_bias
2026.06.11 08:54:00,pullback,-1,4088.787,0.000,0.000,0.000,0.00,0.00,against_bias
2026.06.11 09:00:00,pullback,-1,4085.075,0.000,0.000,0.000,0.00,0.00,against_bias
2026.06.11 09:09:00,pullback,-1,4083.142,0.000,0.000,0.000,0.00,0.00,against_bias
2026.06.11 09:17:00,pullback,1,4087.274,4080.441,4100.939,4114.604,3.75,3.76,signal
2026.06.11 09:38:00,pullback,1,4083.033,4077.133,4094.834,4106.635,4.30,4.31,signal
2026.06.11 09:48:00,pullback,1,4083.033,0.000,4094.834,0.000,0.00,0.00,missed_move
2026.06.11 10:18:00,pullback,-1,4088.098,0.000,0.000,0.000,0.00,0.00,against_bias
2026.06.11 10:24:00,pullback,1,4092.941,4086.451,4105.922,4118.903,3.91,3.91,signal
2026.06.11 10:49:00,pullback,-1,4088.693,0.000,0.000,0.000,0.00,0.00,against_bias
2026.06.11 10:52:00,pullback,1,4091.486,4088.539,0.000,0.000,0.00,0.00,sl_too_tight
2026.06.11 11:05:00,pullback,1,4091.508,4086.464,4101.596,4111.684,4.98,4.99,signal
2026.06.11 11:15:00,pullback,-1,4087.855,0.000,0.000,0.000,0.00,0.00,against_bias
2026.06.11 11:29:00,pullback,1,4088.624,4082.959,4099.954,4111.284,4.39,4.40,signal
2026.06.12 07:19:00,pullback,-1,4175.954,4183.071,0.000,0.000,0.00,0.00,no_room
2026.06.12 07:28:00,pullback,1,4179.206,0.000,0.000,0.000,0.00,0.00,against_bias
2026.06.12 07:33:00,pullback,-1,4174.137,4180.146,0.000,0.000,0.00,0.00,no_room
2026.06.12 07:41:00,pullback,1,4179.924,0.000,0.000,0.000,0.00,0.00,against_bias
2026.06.12 07:50:00,pullback,-1,4176.124,4185.050,0.000,0.000,0.00,0.00,no_room
2026.06.12 07:59:00,pullback,1,4184.802,0.000,0.000,0.000,0.00,0.00,against_bias
2026.06.12 08:12:00,pullback,1,4203.015,0.000,0.000,0.000,0.00,0.00,against_bias
2026.06.12 08:39:00,pullback,1,4220.163,4215.001,0.000,0.000,0.00,0.00,no_room
2026.06.12 08:41:00,pullback,-1,4215.309,0.000,0.000,0.000,0.00,0.00,against_bias
2026.06.12 08:55:00,pullback,1,4220.175,4214.295,0.000,0.000,0.00,0.00,no_room
2026.06.12 09:15:00,pullback,1,4223.883,4219.163,4233.323,4242.762,5.22,5.22,signal
2026.06.12 09:23:00,pullback,-1,4220.925,0.000,0.000,0.000,0.00,0.00,against_bias
2026.06.12 09:36:00,pullback,1,4225.810,4218.954,4239.522,4253.234,3.56,3.56,signal
2026.06.12 10:18:00,pullback,-1,4220.107,0.000,0.000,0.000,0.00,0.00,against_bias
2026.06.12 10:49:00,pullback,1,4217.474,4213.928,0.000,0.000,0.00,0.00,no_room
2026.06.12 10:52:00,pullback,-1,4214.093,0.000,0.000,0.000,0.00,0.00,against_bias
2026.06.12 11:05:00,pullback,-1,4209.168,0.000,0.000,0.000,0.00,0.00,against_bias
2026.06.12 11:24:00,pullback,1,4208.040,4203.559,4217.002,4225.963,5.39,5.39,signal
2026.06.12 11:30:00,pullback,-1,4203.753,0.000,0.000,0.000,0.00,0.00,against_bias
2026.06.12 11:47:00,pullback,1,4210.368,4197.179,0.000,0.000,0.00,0.00,no_room
2026.06.12 11:54:00,pullback,1,4211.906,4197.188,0.000,0.000,0.00,0.00,no_room
2026.06.12 11:59:00,pullback,-1,4208.456,0.000,0.000,0.000,0.00,0.00,against_bias
2026.06.12 12:26:00,pullback,-1,4202.761,0.000,0.000,0.000,0.00,0.00,against_bias
2026.06.12 12:56:00,pullback,-1,4193.484,0.000,0.000,0.000,0.00,0.00,against_bias
2026.06.12 13:08:00,pullback,1,4197.857,4186.210,0.000,0.000,0.00,0.00,no_room
2026.06.12 13:17:00,pullback,1,4201.102,4193.250,0.000,0.000,0.00,0.00,no_room
2026.06.12 13:32:00,pullback,-1,4201.356,0.000,0.000,0.000,0.00,0.00,against_bias
2026.06.12 13:39:00,pullback,1,4205.469,4196.548,4219.592,4233.714,2.68,2.68,signal
2026.06.15 07:05:00,pullback,1,4309.635,4305.081,4316.710,4323.785,5.20,5.20,signal
2026.06.15 08:18:00,pullback,1,4329.026,4323.890,0.000,0.000,0.00,0.00,no_room
2026.06.15 08:32:00,pullback,1,4331.910,4327.670,0.000,0.000,0.00,0.00,no_room
2026.06.15 08:45:00,pullback,-1,4341.881,0.000,0.000,0.000,0.00,0.00,against_bias
2026.06.15 09:00:00,pullback,-1,4334.790,0.000,0.000,0.000,0.00,0.00,against_bias
2026.06.15 09:04:00,pullback,1,4339.230,4333.866,0.000,0.000,0.00,0.00,no_room
2026.06.15 09:24:00,pullback,1,4341.916,4336.892,0.000,0.000,0.00,0.00,no_room
2026.06.15 09:26:00,pullback,-1,4337.080,0.000,0.000,0.000,0.00,0.00,against_bias
2026.06.15 09:35:00,pullback,-1,4336.324,0.000,0.000,0.000,0.00,0.00,against_bias
2026.06.15 10:05:00,pullback,-1,4335.869,0.000,0.000,0.000,0.00,0.00,against_bias
2026.06.15 10:28:00,pullback,1,4339.051,4336.058,0.000,0.000,0.00,0.00,sl_too_tight
2026.06.15 10:33:00,pullback,1,4339.415,4336.059,0.000,0.000,0.00,0.00,no_room
2026.06.15 10:40:00,pullback,-1,4337.232,0.000,0.000,0.000,0.00,0.00,against_bias
2026.06.15 10:46:00,pullback,1,4340.196,4334.969,0.000,0.000,0.00,0.00,no_room
2026.06.15 11:30:00,pullback,1,4340.394,4336.053,0.000,0.000,0.00,0.00,no_room
2026.06.15 11:45:00,pullback,-1,4341.495,0.000,0.000,0.000,0.00,0.00,against_bias
2026.06.15 12:04:00,pullback,1,4336.925,4333.580,4342.218,4347.511,7.24,7.25,signal
2026.06.15 12:15:00,pullback,-1,4334.262,0.000,0.000,0.000,0.00,0.00,against_bias
2026.06.15 12:31:00,pullback,1,4338.237,4324.331,0.000,0.000,0.00,0.00,no_room
2026.06.15 12:35:00,pullback,1,4341.379,4324.356,0.000,0.000,0.00,0.00,no_room
2026.06.15 12:51:00,pullback,1,4346.810,4342.988,0.000,0.000,0.00,0.00,no_room
2026.06.15 13:03:00,pullback,-1,4343.667,0.000,0.000,0.000,0.00,0.00,against_bias
2026.06.15 13:16:00,pullback,1,4349.392,4341.079,0.000,0.000,0.00,0.00,no_room
2026.06.15 13:22:00,pullback,1,4353.831,4341.097,0.000,0.000,0.00,0.00,no_room
2026.06.15 13:31:00,pullback,1,4355.786,4351.164,4363.180,4370.574,5.19,5.19,signal
2026.06.15 13:33:00,pullback,1,4355.786,0.000,4363.180,0.000,0.00,0.00,missed_move
2026.06.15 13:42:00,pullback,1,4365.055,4359.143,4376.879,4388.703,4.05,4.06,signal
2026.06.15 13:51:00,pullback,-1,4359.474,0.000,0.000,0.000,0.00,0.00,against_bias
2026.06.15 13:59:00,pullback,-1,4356.588,0.000,0.000,0.000,0.00,0.00,against_bias
2026.06.15 14:06:00,pullback,1,4361.952,4353.415,0.000,0.000,0.00,0.00,no_room
2026.06.15 14:30:00,pullback,1,4363.077,4353.562,0.000,0.000,0.00,0.00,no_room
2026.06.15 14:51:00,pullback,1,4361.900,4354.347,0.000,0.000,0.00,0.00,no_room
2026.06.15 14:59:00,pullback,-1,4359.017,0.000,0.000,0.000,0.00,0.00,against_bias
2026.06.15 15:12:00,pullback,-1,4351.402,0.000,0.000,0.000,0.00,0.00,against_bias
2026.06.15 15:24:00,pullback,1,4356.020,4349.788,4363.197,4370.374,3.81,3.81,signal
2026.06.15 15:43:00,pullback,1,4358.169,4349.255,0.000,0.000,0.00,0.00,no_room
2026.06.16 07:05:00,pullback,1,4326.018,4315.141,0.000,0.000,0.00,0.00,no_room
2026.06.16 07:23:00,pullback,-1,4325.544,0.000,0.000,0.000,0.00,0.00,against_bias
2026.06.16 07:28:00,pullback,1,4328.464,4325.385,0.000,0.000,0.00,0.00,no_room
2026.06.16 07:53:00,pullback,1,4331.514,4326.211,0.000,0.000,0.00,0.00,no_room
2026.06.16 07:58:00,pullback,1,4333.205,4326.218,0.000,0.000,0.00,0.00,no_room
2026.06.16 08:10:00,pullback,1,4335.519,4326.187,0.000,0.000,0.00,0.00,no_room
2026.06.16 08:16:00,pullback,1,4339.998,4326.179,0.000,0.000,0.00,0.00,no_room
2026.06.16 08:27:00,pullback,1,4341.960,4337.576,0.000,0.000,0.00,0.00,no_room
2026.06.16 08:39:00,pullback,-1,4339.613,0.000,0.000,0.000,0.00,0.00,against_bias
2026.06.16 08:43:00,pullback,1,4343.387,4338.909,0.000,0.000,0.00,0.00,no_room
2026.06.16 08:56:00,pullback,1,4345.185,4340.821,0.000,0.000,0.00,0.00,no_room
2026.06.16 09:19:00,pullback,-1,4343.854,0.000,0.000,0.000,0.00,0.00,against_bias
2026.06.16 09:29:00,pullback,-1,4340.066,0.000,0.000,0.000,0.00,0.00,against_bias
2026.06.16 09:54:00,pullback,1,4346.427,4339.919,0.000,0.000,0.00,0.00,no_room
2026.06.16 10:35:00,pullback,-1,4343.423,0.000,0.000,0.000,0.00,0.00,against_bias
2026.06.16 10:44:00,pullback,1,4345.714,4341.869,0.000,0.000,0.00,0.00,no_room
2026.06.16 10:51:00,pullback,1,4347.903,4341.870,0.000,0.000,0.00,0.00,no_room
2026.06.16 11:05:00,pullback,-1,4346.585,0.000,0.000,0.000,0.00,0.00,against_bias
2026.06.16 11:28:00,pullback,1,4341.556,4338.459,0.000,0.000,0.00,0.00,no_room
2026.06.16 11:37:00,pullback,-1,4338.001,0.000,0.000,0.000,0.00,0.00,against_bias
2026.06.16 11:46:00,pullback,1,4339.849,4334.744,0.000,0.000,0.00,0.00,no_room
2026.06.16 12:09:00,pullback,1,4342.186,4337.203,0.000,0.000,0.00,0.00,no_room
2026.06.16 12:19:00,pullback,-1,4341.998,0.000,0.000,0.000,0.00,0.00,against_bias
2026.06.16 12:30:00,pullback,1,4343.166,4337.378,0.000,0.000,0.00,0.00,no_room
2026.06.16 12:44:00,pullback,1,4347.172,4342.495,0.000,0.000,0.00,0.00,no_room
2026.06.16 13:05:00,pullback,-1,4348.446,0.000,0.000,0.000,0.00,0.00,against_bias
2026.06.16 13:17:00,pullback,-1,4341.992,0.000,0.000,0.000,0.00,0.00,against_bias
2026.06.16 13:57:00,pullback,-1,4334.212,0.000,0.000,0.000,0.00,0.00,against_bias
2026.06.16 14:17:00,pullback,-1,4332.109,4339.071,0.000,0.000,0.00,0.00,no_room
2026.06.16 14:28:00,pullback,-1,4321.309,4326.306,0.000,0.000,0.00,0.00,no_room
2026.06.16 14:42:00,pullback,1,4325.988,0.000,0.000,0.000,0.00,0.00,against_bias
2026.06.16 14:56:00,pullback,-1,4322.874,4327.633,0.000,0.000,0.00,0.00,no_room
2026.06.16 15:17:00,pullback,1,4327.276,0.000,0.000,0.000,0.00,0.00,against_bias
2026.06.16 15:34:00,pullback,1,4326.482,0.000,0.000,0.000,0.00,0.00,against_bias
2026.06.16 15:39:00,pullback,-1,4323.904,4328.986,0.000,0.000,0.00,0.00,no_room
2026.06.16 15:46:00,pullback,-1,4322.853,4329.012,0.000,0.000,0.00,0.00,no_room
2026.06.16 15:51:00,pullback,1,4327.058,0.000,0.000,0.000,0.00,0.00,against_bias
2026.06.17 07:14:00,pullback,-1,4329.015,4332.738,0.000,0.000,0.00,0.00,no_room
2026.06.17 07:34:00,pullback,-1,4327.204,4330.223,0.000,0.000,0.00,0.00,no_room
2026.06.17 07:40:00,pullback,1,4330.083,0.000,0.000,0.000,0.00,0.00,against_bias
2026.06.17 07:55:00,pullback,-1,4326.174,4331.672,0.000,0.000,0.00,0.00,no_room
2026.06.17 08:14:00,pullback,-1,4323.710,4327.826,0.000,0.000,0.00,0.00,no_room
2026.06.17 08:28:00,pullback,1,4324.094,0.000,0.000,0.000,0.00,0.00,against_bias
2026.06.17 08:32:00,pullback,-1,4320.671,4325.108,0.000,0.000,0.00,0.00,no_room
2026.06.17 08:42:00,pullback,-1,4319.876,4324.499,0.000,0.000,0.00,0.00,no_room
2026.06.17 08:52:00,pullback,1,4321.864,0.000,0.000,0.000,0.00,0.00,against_bias
2026.06.17 09:14:00,pullback,1,4324.485,0.000,0.000,0.000,0.00,0.00,against_bias
2026.06.17 09:26:00,pullback,1,4327.708,0.000,0.000,0.000,0.00,0.00,against_bias
2026.06.17 09:48:00,pullback,-1,4328.038,4330.935,0.000,0.000,0.00,0.00,sl_too_tight
2026.06.17 09:58:00,pullback,1,4328.128,0.000,0.000,0.000,0.00,0.00,against_bias
2026.06.17 10:15:00,pullback,1,4330.605,0.000,0.000,0.000,0.00,0.00,against_bias
2026.06.17 10:45:00,pullback,1,4330.446,0.000,0.000,0.000,0.00,0.00,against_bias
2026.06.17 11:17:00,pullback,1,4330.635,0.000,0.000,0.000,0.00,0.00,against_bias
2026.06.17 11:25:00,pullback,-1,4329.001,4331.928,0.000,0.000,0.00,0.00,sl_too_tight
2026.06.17 11:31:00,pullback,-1,4328.082,4330.559,0.000,0.000,0.00,0.00,sl_too_tight
2026.06.17 11:57:00,pullback,-1,4323.455,4327.250,0.000,0.000,0.00,0.00,no_room
2026.06.17 12:21:00,pullback,1,4323.975,0.000,0.000,0.000,0.00,0.00,against_bias
2026.06.17 12:25:00,pullback,1,4326.008,0.000,0.000,0.000,0.00,0.00,against_bias
2026.06.17 12:32:00,pullback,1,4327.432,0.000,0.000,0.000,0.00,0.00,against_bias
2026.06.17 12:47:00,pullback,1,4332.055,0.000,0.000,0.000,0.00,0.00,against_bias
2026.06.17 13:02:00,pullback,-1,4331.990,4335.727,0.000,0.000,0.00,0.00,no_room
2026.06.17 13:23:00,pullback,1,4333.774,0.000,0.000,0.000,0.00,0.00,against_bias
2026.06.17 13:37:00,pullback,1,4338.321,0.000,0.000,0.000,0.00,0.00,against_bias
2026.06.17 13:44:00,pullback,1,4340.834,0.000,0.000,0.000,0.00,0.00,against_bias
2026.06.17 13:55:00,pullback,-1,4340.250,0.000,0.000,0.000,0.00,0.00,against_bias
2026.06.17 14:01:00,pullback,-1,4339.453,0.000,0.000,0.000,0.00,0.00,against_bias
2026.06.17 14:22:00,pullback,1,4344.329,4339.678,0.000,0.000,0.00,0.00,no_room
2026.06.17 14:48:00,pullback,-1,4347.246,0.000,0.000,0.000,0.00,0.00,against_bias
2026.06.17 15:16:00,pullback,1,4348.431,4343.530,0.000,0.000,0.00,0.00,no_room
2026.06.17 15:56:00,pullback,1,4360.540,4356.994,0.000,0.000,0.00,0.00,no_room
2026.06.18 07:06:00,pullback,-1,4303.859,4307.851,0.000,0.000,0.00,0.00,no_room
2026.06.18 07:12:00,pullback,1,4307.664,0.000,0.000,0.000,0.00,0.00,against_bias
2026.06.18 07:25:00,pullback,-1,4305.685,4309.548,0.000,0.000,0.00,0.00,no_room
2026.06.18 07:32:00,pullback,-1,4304.076,4309.092,0.000,0.000,0.00,0.00,no_room
2026.06.18 07:54:00,pullback,-1,4293.143,4298.888,4281.654,4270.165,4.09,4.09,signal
2026.06.18 09:18:00,pullback,1,4268.990,0.000,0.000,0.000,0.00,0.00,against_bias
2026.06.18 09:39:00,pullback,1,4268.281,0.000,0.000,0.000,0.00,0.00,against_bias
2026.06.18 09:46:00,pullback,1,4268.999,0.000,0.000,0.000,0.00,0.00,against_bias
2026.06.18 09:51:00,pullback,1,4269.871,0.000,0.000,0.000,0.00,0.00,against_bias
2026.06.18 10:03:00,pullback,-1,4267.277,4273.456,4254.918,4242.559,3.91,3.92,signal
2026.06.18 11:29:00,pullback,1,4248.698,0.000,0.000,0.000,0.00,0.00,against_bias
2026.06.18 11:38:00,pullback,-1,4246.746,4249.920,4240.398,4234.049,7.85,7.86,signal
2026.06.18 11:51:00,pullback,-1,4246.746,0.000,4240.398,0.000,0.00,0.00,missed_move
2026.06.18 12:11:00,pullback,1,4245.176,0.000,0.000,0.000,0.00,0.00,against_bias
2026.06.18 12:54:00,pullback,-1,4242.662,4252.119,0.000,0.000,0.00,0.00,no_room
2026.06.18 13:07:00,pullback,1,4249.270,0.000,0.000,0.000,0.00,0.00,against_bias
2026.06.18 13:30:00,pullback,1,4261.951,0.000,0.000,0.000,0.00,0.00,against_bias
2026.06.18 13:58:00,pullback,-1,4253.086,4263.908,0.000,0.000,0.00,0.00,no_room
2026.06.18 14:16:00,pullback,-1,4240.122,4258.372,0.000,0.000,0.00,0.00,no_room
2026.06.18 14:48:00,pullback,-1,4241.313,4252.747,0.000,0.000,0.00,0.00,no_room
2026.06.18 14:59:00,pullback,1,4252.391,0.000,0.000,0.000,0.00,0.00,against_bias
2026.06.18 15:15:00,pullback,-1,4248.266,4255.170,4239.979,4231.693,3.61,3.61,signal
2026.06.18 15:39:00,pullback,-1,4226.724,4234.701,0.000,0.000,0.00,0.00,no_room
2026.06.19 07:26:00,pullback,-1,4154.695,4157.871,4148.343,4141.990,7.99,8.00,signal
2026.06.19 07:58:00,pullback,1,4156.980,0.000,0.000,0.000,0.00,0.00,against_bias
2026.06.19 08:10:00,pullback,1,4160.960,0.000,0.000,0.000,0.00,0.00,against_bias
2026.06.19 08:17:00,pullback,1,4167.280,0.000,0.000,0.000,0.00,0.00,against_bias
2026.06.19 08:20:00,pullback,1,4168.380,0.000,0.000,0.000,0.00,0.00,against_bias
2026.06.19 08:31:00,pullback,1,4177.860,0.000,0.000,0.000,0.00,0.00,against_bias
2026.06.19 08:38:00,pullback,-1,4173.702,4178.857,0.000,0.000,0.00,0.00,no_room
2026.06.19 08:51:00,pullback,-1,4166.441,4172.401,0.000,0.000,0.00,0.00,no_room
2026.06.19 09:15:00,pullback,-1,4164.223,4167.646,0.000,0.000,0.00,0.00,no_room
2026.06.19 09:24:00,pullback,1,4166.213,0.000,0.000,0.000,0.00,0.00,against_bias
2026.06.19 09:30:00,pullback,-1,4162.768,4168.541,0.000,0.000,0.00,0.00,no_room
2026.06.19 09:48:00,pullback,1,4165.655,0.000,0.000,0.000,0.00,0.00,against_bias
2026.06.19 09:59:00,pullback,-1,4162.523,4165.418,0.000,0.000,0.00,0.00,sl_too_tight
2026.06.19 10:31:00,pullback,-1,4153.045,4158.468,4142.200,4131.355,4.63,4.64,signal
2026.06.19 12:12:00,pullback,1,4158.472,0.000,0.000,0.000,0.00,0.00,against_bias
2026.06.19 12:28:00,pullback,-1,4153.142,4156.329,4146.767,4140.393,7.92,7.93,signal
2026.06.19 12:51:00,pullback,1,4154.710,0.000,0.000,0.000,0.00,0.00,against_bias
2026.06.19 13:10:00,pullback,1,4181.622,4164.066,0.000,0.000,0.00,0.00,no_room
2026.06.19 13:21:00,pullback,-1,4164.566,0.000,0.000,0.000,0.00,0.00,against_bias
2026.06.19 13:37:00,pullback,-1,4162.457,0.000,0.000,0.000,0.00,0.00,against_bias
2026.06.19 13:45:00,pullback,-1,4159.688,0.000,0.000,0.000,0.00,0.00,against_bias
2026.06.19 13:59:00,pullback,-1,4154.592,0.000,0.000,0.000,0.00,0.00,against_bias
2026.06.19 14:16:00,pullback,-1,4147.984,0.000,0.000,0.000,0.00,0.00,against_bias
2026.06.19 14:27:00,pullback,1,4148.379,4143.635,4157.867,4167.355,5.27,5.27,signal
2026.06.19 14:53:00,pullback,1,4147.810,4142.228,4158.974,4170.139,4.43,4.44,signal
2026.06.22 07:24:00,pullback,-1,4198.554,0.000,0.000,0.000,0.00,0.00,against_bias
2026.06.22 07:31:00,pullback,-1,4196.811,0.000,0.000,0.000,0.00,0.00,against_bias
2026.06.22 07:42:00,pullback,-1,4193.712,0.000,0.000,0.000,0.00,0.00,against_bias
2026.06.22 07:54:00,pullback,-1,4192.193,0.000,0.000,0.000,0.00,0.00,against_bias
2026.06.22 08:21:00,pullback,1,4191.870,4188.972,0.000,0.000,0.00,0.00,sl_too_tight
2026.06.22 08:37:00,pullback,1,4192.980,4188.750,4201.439,4209.899,5.87,5.88,signal
2026.06.22 09:52:00,pullback,1,4207.965,4204.047,4215.277,4222.589,6.53,6.54,signal
2026.06.22 10:28:00,pullback,1,4207.965,0.000,4215.277,0.000,0.00,0.00,order_expired
2026.06.22 10:44:00,pullback,-1,4208.952,0.000,0.000,0.000,0.00,0.00,against_bias
2026.06.22 10:59:00,pullback,-1,4204.476,0.000,0.000,0.000,0.00,0.00,against_bias
2026.06.22 11:06:00,pullback,1,4209.414,4203.292,0.000,0.000,0.00,0.00,no_room
2026.06.22 11:26:00,pullback,-1,4206.302,0.000,0.000,0.000,0.00,0.00,against_bias
2026.06.22 11:38:00,pullback,-1,4203.172,0.000,0.000,0.000,0.00,0.00,against_bias
2026.06.22 11:56:00,pullback,1,4205.500,4202.052,0.000,0.000,0.00,0.00,no_room
2026.06.22 12:23:00,pullback,1,4209.644,4205.745,4215.265,4220.887,6.56,6.57,signal
2026.06.22 12:31:00,pullback,-1,4205.949,0.000,0.000,0.000,0.00,0.00,against_bias
2026.06.22 12:41:00,pullback,-1,4203.445,0.000,0.000,0.000,0.00,0.00,against_bias
2026.06.22 12:48:00,pullback,-1,4200.741,0.000,0.000,0.000,0.00,0.00,against_bias
2026.06.22 13:08:00,pullback,-1,4190.888,0.000,0.000,0.000,0.00,0.00,against_bias
2026.06.22 13:16:00,pullback,1,4194.806,4188.355,4204.775,4214.744,3.93,3.93,signal
2026.06.22 13:48:00,pullback,1,4196.942,0.000,0.000,0.000,0.00,0.00,against_bias
2026.06.22 13:55:00,pullback,1,4202.768,0.000,0.000,0.000,0.00,0.00,against_bias
2026.06.22 14:09:00,pullback,1,4205.851,0.000,0.000,0.000,0.00,0.00,against_bias
2026.06.22 14:18:00,pullback,-1,4200.685,4207.646,4189.035,4177.385,3.60,3.61,signal
2026.06.22 14:33:00,pullback,-1,4200.685,0.000,4189.035,0.000,0.00,0.00,missed_move
2026.06.22 14:47:00,pullback,1,4196.665,0.000,0.000,0.000,0.00,0.00,against_bias
2026.06.22 15:07:00,pullback,-1,4196.182,4201.682,4188.940,4181.698,4.56,4.56,signal
2026.06.22 15:46:00,pullback,-1,4180.229,4190.646,0.000,0.000,0.00,0.00,no_room
2026.06.23 07:06:00,pullback,1,4120.141,0.000,0.000,0.000,0.00,0.00,against_bias
2026.06.23 07:20:00,pullback,1,4117.691,0.000,0.000,0.000,0.00,0.00,against_bias
2026.06.23 07:31:00,pullback,-1,4117.949,4122.978,4107.891,4097.832,5.08,5.09,signal
2026.06.23 08:03:00,pullback,-1,4096.463,4101.506,4086.378,4076.293,5.22,5.23,signal
2026.06.23 08:41:00,pullback,1,4105.460,0.000,0.000,0.000,0.00,0.00,against_bias
2026.06.23 09:05:00,pullback,1,4108.711,0.000,0.000,0.000,0.00,0.00,against_bias
2026.06.23 09:21:00,pullback,1,4113.613,0.000,0.000,0.000,0.00,0.00,against_bias
2026.06.23 09:38:00,pullback,1,4116.964,0.000,0.000,0.000,0.00,0.00,against_bias
2026.06.23 09:54:00,pullback,-1,4116.183,4118.520,0.000,0.000,0.00,0.00,sl_too_tight
2026.06.23 09:57:00,pullback,1,4118.359,0.000,0.000,0.000,0.00,0.00,against_bias
2026.06.23 10:37:00,pullback,-1,4128.852,4131.832,0.000,0.000,0.00,0.00,sl_too_tight
2026.06.23 10:47:00,pullback,-1,4124.311,4130.441,0.000,0.000,0.00,0.00,no_room
2026.06.23 10:57:00,pullback,-1,4121.769,4130.420,0.000,0.000,0.00,0.00,no_room
2026.06.23 11:21:00,pullback,1,4129.891,0.000,0.000,0.000,0.00,0.00,against_bias
2026.06.23 11:35:00,pullback,-1,4124.358,4132.349,0.000,0.000,0.00,0.00,no_room
2026.06.23 11:58:00,pullback,1,4124.009,0.000,0.000,0.000,0.00,0.00,against_bias
2026.06.23 12:05:00,pullback,-1,4122.576,4124.298,0.000,0.000,0.00,0.00,sl_too_tight
2026.06.23 12:39:00,pullback,1,4120.356,0.000,0.000,0.000,0.00,0.00,against_bias
2026.06.23 12:46:00,pullback,-1,4115.528,4122.902,4106.983,4098.437,3.53,3.54,signal
2026.06.23 13:33:00,pullback,1,4119.366,0.000,0.000,0.000,0.00,0.00,against_bias
2026.06.23 13:41:00,pullback,1,4123.372,0.000,0.000,0.000,0.00,0.00,against_bias
2026.06.23 14:10:00,pullback,1,4140.786,4132.757,4156.845,4172.903,3.25,3.25,signal
2026.06.23 14:27:00,pullback,-1,4132.768,0.000,0.000,0.000,0.00,0.00,against_bias
2026.06.23 14:39:00,pullback,-1,4124.643,0.000,0.000,0.000,0.00,0.00,against_bias
2026.06.23 14:53:00,pullback,1,4128.741,4122.234,0.000,0.000,0.00,0.00,no_room
2026.06.23 15:01:00,pullback,1,4130.372,4124.815,0.000,0.000,0.00,0.00,no_room
2026.06.23 15:09:00,pullback,-1,4125.098,0.000,0.000,0.000,0.00,0.00,against_bias
2026.06.23 15:33:00,pullback,1,4130.518,4123.487,0.000,0.000,0.00,0.00,no_room
2026.06.23 15:40:00,pullback,1,4136.295,4123.469,0.000,0.000,0.00,0.00,no_room
2026.06.24 07:24:00,pullback,-1,4084.520,4091.022,0.000,0.000,0.00,0.00,no_room
2026.06.24 07:32:00,pullback,-1,4083.659,4086.327,0.000,0.000,0.00,0.00,sl_too_tight
2026.06.24 07:57:00,pullback,-1,4075.908,4086.453,0.000,0.000,0.00,0.00,no_room
2026.06.24 08:25:00,pullback,1,4076.861,0.000,0.000,0.000,0.00,0.00,against_bias
2026.06.24 08:31:00,pullback,1,4080.605,0.000,0.000,0.000,0.00,0.00,against_bias
2026.06.24 08:48:00,pullback,-1,4079.018,4085.261,0.000,0.000,0.00,0.00,no_room
2026.06.24 08:55:00,pullback,-1,4077.187,4085.227,0.000,0.000,0.00,0.00,no_room
2026.06.24 09:03:00,pullback,-1,4076.088,4085.203,0.000,0.000,0.00,0.00,no_room
2026.06.24 09:08:00,pullback,-1,4073.938,4078.694,0.000,0.000,0.00,0.00,no_room
2026.06.24 09:30:00,pullback,-1,4069.811,4079.282,0.000,0.000,0.00,0.00,no_room
2026.06.24 09:39:00,pullback,-1,4068.253,4079.290,0.000,0.000,0.00,0.00,no_room
2026.06.24 09:41:00,pullback,-1,4067.050,4079.300,0.000,0.000,0.00,0.00,no_room
2026.06.24 09:52:00,pullback,1,4069.418,0.000,0.000,0.000,0.00,0.00,against_bias
2026.06.24 09:59:00,pullback,-1,4065.543,4071.133,4057.568,4049.594,4.62,4.63,signal
2026.06.24 11:14:00,pullback,-1,4047.980,4058.760,4026.420,4004.861,0.00,0.00,order_failed
2026.06.24 11:32:00,pullback,1,4046.898,0.000,0.000,0.000,0.00,0.00,against_bias
2026.06.24 11:38:00,pullback,1,4048.109,0.000,0.000,0.000,0.00,0.00,against_bias
2026.06.24 11:46:00,pullback,-1,4043.453,4051.953,4026.453,4009.453,3.10,3.11,signal
2026.06.24 11:53:00,pullback,1,4051.662,0.000,0.000,0.000,0.00,0.00,against_bias
2026.06.24 12:07:00,pullback,-1,4042.524,4049.218,4029.136,4015.748,3.90,3.91,signal
2026.06.24 12:42:00,pullback,-1,4008.985,4021.397,3984.160,3959.336,2.16,2.17,signal
2026.06.24 13:51:00,pullback,1,4020.094,0.000,0.000,0.000,0.00,0.00,against_bias
2026.06.24 14:15:00,pullback,-1,4021.564,4032.407,3999.879,3978.194,2.49,2.50,signal
2026.06.24 14:35:00,pullback,1,4027.954,0.000,0.000,0.000,0.00,0.00,against_bias
2026.06.24 14:40:00,pullback,-1,4021.043,4034.950,3993.229,3965.416,1.92,1.93,signal
2026.06.25 07:10:00,pullback,1,3984.289,0.000,0.000,0.000,0.00,0.00,against_bias
2026.06.25 07:28:00,pullback,1,3986.892,0.000,0.000,0.000,0.00,0.00,against_bias
2026.06.25 07:37:00,pullback,-1,3982.981,3989.527,3969.888,3956.796,4.21,4.22,signal
2026.06.25 08:18:00,pullback,1,3989.544,0.000,0.000,0.000,0.00,0.00,against_bias
2026.06.25 08:40:00,pullback,1,4000.984,0.000,0.000,0.000,0.00,0.00,against_bias
2026.06.25 08:48:00,pullback,-1,3996.014,4002.370,0.000,0.000,0.00,0.00,no_room
2026.06.25 08:57:00,pullback,-1,3989.691,3993.984,3981.105,3972.519,6.36,6.36,signal
2026.06.25 09:05:00,pullback,1,3993.755,0.000,0.000,0.000,0.00,0.00,against_bias
2026.06.25 09:18:00,pullback,-1,3990.786,3994.556,0.000,0.000,0.00,0.00,no_room
2026.06.25 09:23:00,pullback,1,3994.335,0.000,0.000,0.000,0.00,0.00,against_bias
2026.06.25 09:33:00,pullback,1,3995.386,0.000,0.000,0.000,0.00,0.00,against_bias
2026.06.25 09:36:00,pullback,-1,3992.587,3995.625,0.000,0.000,0.00,0.00,no_room
2026.06.25 09:57:00,pullback,1,3991.951,0.000,0.000,0.000,0.00,0.00,against_bias
2026.06.25 10:00:00,pullback,-1,3989.059,3993.664,3979.849,3970.639,5.87,5.87,signal
2026.06.25 12:31:00,pullback,1,3986.204,0.000,0.000,0.000,0.00,0.00,against_bias
2026.06.25 12:47:00,pullback,1,4007.497,3991.327,0.000,0.000,0.00,0.00,no_room
2026.06.25 13:01:00,pullback,1,4019.436,3991.496,0.000,0.000,0.00,0.00,no_room
2026.06.25 13:19:00,pullback,-1,4025.646,0.000,0.000,0.000,0.00,0.00,against_bias
2026.06.25 13:28:00,pullback,-1,4020.785,0.000,0.000,0.000,0.00,0.00,against_bias
2026.06.25 13:33:00,pullback,-1,4018.669,0.000,0.000,0.000,0.00,0.00,against_bias
2026.06.25 13:45:00,pullback,-1,4012.471,0.000,0.000,0.000,0.00,0.00,against_bias
2026.06.25 13:56:00,pullback,-1,4007.973,0.000,0.000,0.000,0.00,0.00,against_bias
2026.06.25 14:07:00,pullback,1,4019.125,3998.321,0.000,0.000,0.00,0.00,no_room
2026.06.25 14:28:00,pullback,1,4022.441,4012.416,4041.756,4061.072,2.71,2.71,signal
2026.06.25 14:58:00,pullback,-1,4012.917,0.000,0.000,0.000,0.00,0.00,against_bias
2026.06.25 15:12:00,pullback,-1,4009.746,0.000,0.000,0.000,0.00,0.00,against_bias
2026.06.25 15:22:00,pullback,1,4020.546,4004.445,0.000,0.000,0.00,0.00,no_room
2026.06.25 15:47:00,pullback,1,4030.931,4021.424,0.000,0.000,0.00,0.00,no_room
2026.06.25 15:52:00,pullback,1,4036.939,4026.347,0.000,0.000,0.00,0.00,no_room
2026.06.26 07:26:00,pullback,1,4031.520,4026.831,0.000,0.000,0.00,0.00,no_room
2026.06.26 07:43:00,pullback,-1,4034.049,0.000,0.000,0.000,0.00,0.00,against_bias
2026.06.26 08:03:00,pullback,-1,4027.582,0.000,0.000,0.000,0.00,0.00,against_bias
2026.06.26 08:16:00,pullback,1,4031.549,4027.681,0.000,0.000,0.00,0.00,no_room
2026.06.26 08:25:00,pullback,-1,4030.750,0.000,0.000,0.000,0.00,0.00,against_bias
2026.06.26 08:28:00,pullback,1,4033.834,4029.865,0.000,0.000,0.00,0.00,no_room
2026.06.26 08:46:00,pullback,1,4036.189,4032.093,0.000,0.000,0.00,0.00,no_room
2026.06.26 08:56:00,pullback,-1,4032.249,0.000,0.000,0.000,0.00,0.00,against_bias
2026.06.26 09:06:00,pullback,1,4034.342,4029.197,0.000,0.000,0.00,0.00,no_room
2026.06.26 09:20:00,pullback,1,4039.630,4029.087,0.000,0.000,0.00,0.00,no_room
2026.06.26 09:36:00,pullback,1,4050.875,4045.053,4062.520,4074.165,4.62,4.62,signal
2026.06.26 10:22:00,pullback,-1,4044.294,0.000,0.000,0.000,0.00,0.00,against_bias
2026.06.26 10:34:00,pullback,1,4051.996,4041.978,4072.031,4092.067,2.65,2.66,signal
2026.06.26 12:29:00,pullback,1,4046.747,4041.655,4056.931,4067.115,5.18,5.18,signal
2026.06.26 12:52:00,pullback,1,4046.197,4035.458,4067.675,4089.153,2.43,2.43,signal
2026.06.26 14:29:00,pullback,-1,4085.748,0.000,0.000,0.000,0.00,0.00,against_bias
2026.06.26 14:59:00,pullback,-1,4083.718,0.000,0.000,0.000,0.00,0.00,against_bias
2026.06.26 15:05:00,pullback,-1,4079.455,0.000,0.000,0.000,0.00,0.00,against_bias
2026.06.26 15:18:00,pullback,1,4082.488,4075.290,0.000,0.000,0.00,0.00,no_room
2026.06.26 15:30:00,pullback,1,4083.940,4079.981,0.000,0.000,0.00,0.00,no_room
2026.06.26 15:38:00,pullback,1,4088.942,4079.967,0.000,0.000,0.00,0.00,no_room
2026.06.26 15:52:00,pullback,-1,4090.922,0.000,0.000,0.000,0.00,0.00,against_bias
2026.06.29 07:01:00,pullback,-1,4061.728,4064.426,0.000,0.000,0.00,0.00,sl_too_tight
2026.06.29 07:14:00,pullback,-1,4057.901,4061.423,0.000,0.000,0.00,0.00,no_room
2026.06.29 07:25:00,pullback,1,4061.105,0.000,0.000,0.000,0.00,0.00,against_bias
2026.06.29 07:43:00,pullback,1,4063.682,0.000,0.000,0.000,0.00,0.00,against_bias
2026.06.29 07:52:00,pullback,1,4065.139,0.000,0.000,0.000,0.00,0.00,against_bias
2026.06.29 08:23:00,pullback,-1,4062.036,4065.628,4057.559,4053.082,7.48,7.49,signal
2026.06.29 08:42:00,pullback,-1,4060.784,4066.924,0.000,0.000,0.00,0.00,no_room
2026.06.29 08:51:00,pullback,-1,4054.542,4063.009,0.000,0.000,0.00,0.00,no_room
2026.06.29 09:23:00,pullback,-1,4048.384,4053.630,0.000,0.000,0.00,0.00,no_room
2026.06.29 09:49:00,pullback,-1,4040.722,4044.451,0.000,0.000,0.00,0.00,no_room
2026.06.29 10:11:00,pullback,1,4033.446,0.000,0.000,0.000,0.00,0.00,against_bias
2026.06.29 11:14:00,pullback,-1,4035.104,4038.011,0.000,0.000,0.00,0.00,sl_too_tight
2026.06.29 11:23:00,pullback,-1,4032.419,4038.035,4024.449,4016.478,0.00,0.00,order_failed
2026.06.29 11:51:00,pullback,1,4036.854,0.000,0.000,0.000,0.00,0.00,against_bias
2026.06.29 12:03:00,pullback,1,4042.374,0.000,0.000,0.000,0.00,0.00,against_bias
2026.06.29 12:11:00,pullback,1,4048.131,0.000,0.000,0.000,0.00,0.00,against_bias
2026.06.29 13:01:00,pullback,1,4047.819,0.000,0.000,0.000,0.00,0.00,against_bias
2026.06.29 13:22:00,pullback,-1,4045.894,4050.109,4039.498,4033.102,6.31,6.32,signal
2026.06.29 13:28:00,pullback,-1,4045.894,0.000,4039.498,0.000,0.00,0.00,missed_move
2026.06.29 13:38:00,pullback,-1,4036.435,4044.967,0.000,0.000,0.00,0.00,no_room
2026.06.29 13:49:00,pullback,-1,4033.831,4042.283,0.000,0.000,0.00,0.00,no_room
2026.06.29 13:55:00,pullback,-1,4033.164,4042.240,0.000,0.000,0.00,0.00,no_room
2026.06.29 14:04:00,pullback,-1,4028.152,4036.719,0.000,0.000,0.00,0.00,no_room
2026.06.29 14:12:00,pullback,-1,4014.743,4036.061,0.000,0.000,0.00,0.00,no_room
2026.06.29 14:39:00,pullback,-1,4023.573,4028.573,0.000,0.000,0.00,0.00,no_room
2026.06.29 14:45:00,pullback,-1,4021.330,4028.515,0.000,0.000,0.00,0.00,no_room
2026.06.29 14:56:00,pullback,1,4028.259,0.000,0.000,0.000,0.00,0.00,against_bias
2026.06.29 15:14:00,pullback,-1,4020.824,4024.686,0.000,0.000,0.00,0.00,no_room
2026.06.29 15:16:00,pullback,1,4024.461,0.000,0.000,0.000,0.00,0.00,against_bias
2026.06.29 15:24:00,pullback,-1,4019.323,4027.876,0.000,0.000,0.00,0.00,no_room
2026.06.29 15:49:00,pullback,1,4024.664,0.000,0.000,0.000,0.00,0.00,against_bias
2026.06.30 07:01:00,pullback,-1,4026.561,0.000,0.000,0.000,0.00,0.00,against_bias
2026.06.30 07:21:00,pullback,1,4029.952,4023.459,0.000,0.000,0.00,0.00,no_room
2026.06.30 07:26:00,pullback,1,4032.484,4026.883,0.000,0.000,0.00,0.00,no_room
2026.06.30 07:32:00,pullback,-1,4027.140,0.000,0.000,0.000,0.00,0.00,against_bias
2026.06.30 07:51:00,pullback,-1,4027.650,0.000,0.000,0.000,0.00,0.00,against_bias
2026.06.30 07:58:00,pullback,1,4030.739,4025.295,0.000,0.000,0.00,0.00,no_room
2026.06.30 08:12:00,pullback,-1,4025.472,0.000,0.000,0.000,0.00,0.00,against_bias
2026.06.30 08:30:00,pullback,1,4025.594,4019.889,0.000,0.000,0.00,0.00,no_room
2026.06.30 08:39:00,pullback,-1,4020.088,0.000,0.000,0.000,0.00,0.00,against_bias
2026.06.30 08:52:00,pullback,-1,4015.445,0.000,0.000,0.000,0.00,0.00,against_bias
2026.06.30 09:04:00,pullback,1,4017.387,4013.798,0.000,0.000,0.00,0.00,no_room
2026.06.30 09:21:00,pullback,1,4019.262,4016.835,0.000,0.000,0.00,0.00,sl_too_tight
2026.06.30 09:31:00,pullback,-1,4016.985,0.000,0.000,0.000,0.00,0.00,against_bias
2026.06.30 09:54:00,pullback,1,4020.519,4017.984,0.000,0.000,0.00,0.00,sl_too_tight
2026.06.30 10:00:00,pullback,1,4023.267,4017.969,4029.513,4035.759,5.02,5.03,signal
2026.06.30 12:09:00,pullback,-1,4030.266,0.000,0.000,0.000,0.00,0.00,against_bias
2026.06.30 12:21:00,pullback,-1,4025.885,0.000,0.000,0.000,0.00,0.00,against_bias
2026.06.30 12:37:00,pullback,-1,4014.910,0.000,0.000,0.000,0.00,0.00,against_bias
2026.06.30 12:56:00,pullback,-1,4013.795,0.000,0.000,0.000,0.00,0.00,against_bias
2026.06.30 13:03:00,pullback,1,4015.907,0.000,0.000,0.000,0.00,0.00,against_bias
2026.06.30 13:19:00,pullback,1,4026.021,0.000,0.000,0.000,0.00,0.00,against_bias
2026.06.30 13:25:00,pullback,-1,4021.898,4033.785,0.000,0.000,0.00,0.00,no_room
2026.06.30 13:37:00,pullback,-1,4019.135,4027.922,0.000,0.000,0.00,0.00,no_room
2026.06.30 13:52:00,pullback,1,4027.581,0.000,0.000,0.000,0.00,0.00,against_bias
2026.06.30 14:10:00,pullback,1,4031.618,0.000,0.000,0.000,0.00,0.00,against_bias
2026.06.30 14:21:00,pullback,1,4049.408,4024.582,0.000,0.000,0.00,0.00,no_room
2026.06.30 14:34:00,pullback,-1,4053.636,0.000,0.000,0.000,0.00,0.00,against_bias
2026.06.30 14:47:00,pullback,-1,4044.893,0.000,0.000,0.000,0.00,0.00,against_bias
2026.06.30 15:18:00,pullback,-1,4032.088,0.000,0.000,0.000,0.00,0.00,against_bias
2026.06.30 15:46:00,pullback,1,4031.424,4026.502,0.000,0.000,0.00,0.00,no_room
2026.06.30 15:58:00,pullback,-1,4031.258,0.000,0.000,0.000,0.00,0.00,against_bias
2026.07.01 07:03:00,pullback,-1,3969.053,3973.769,0.000,0.000,0.00,0.00,no_room
2026.07.01 07:19:00,pullback,1,3966.121,0.000,0.000,0.000,0.00,0.00,against_bias
2026.07.01 07:30:00,pullback,-1,3967.121,3972.391,0.000,0.000,0.00,0.00,no_room
2026.07.01 07:45:00,pullback,1,3970.826,0.000,0.000,0.000,0.00,0.00,against_bias
2026.07.01 07:58:00,pullback,1,3974.999,0.000,0.000,0.000,0.00,0.00,against_bias
2026.07.01 08:04:00,pullback,-1,3970.821,3978.807,0.000,0.000,0.00,0.00,no_room
2026.07.01 08:09:00,pullback,-1,3970.377,3978.783,0.000,0.000,0.00,0.00,no_room
2026.07.01 08:14:00,pullback,1,3973.142,0.000,0.000,0.000,0.00,0.00,against_bias
2026.07.01 08:32:00,pullback,-1,3978.603,3982.573,3973.667,3968.731,6.82,6.83,signal
2026.07.01 09:46:00,pullback,1,3982.557,0.000,0.000,0.000,0.00,0.00,against_bias
2026.07.01 10:03:00,pullback,1,3986.096,0.000,0.000,0.000,0.00,0.00,against_bias
2026.07.01 10:19:00,pullback,-1,3982.987,3989.759,0.000,0.000,0.00,0.00,no_room
2026.07.01 10:33:00,pullback,1,3989.607,3982.897,3997.785,4005.963,4.04,4.04,signal
2026.07.01 11:19:00,pullback,1,4019.556,3986.039,0.000,0.000,0.00,0.00,no_room
2026.07.01 11:30:00,pullback,1,4025.995,4018.803,0.000,0.000,0.00,0.00,no_room
2026.07.01 11:44:00,pullback,1,4026.414,4022.796,0.000,0.000,0.00,0.00,no_room
2026.07.01 12:02:00,pullback,-1,4029.664,0.000,0.000,0.000,0.00,0.00,against_bias
2026.07.01 12:12:00,pullback,-1,4021.719,0.000,0.000,0.000,0.00,0.00,against_bias
2026.07.01 12:16:00,pullback,1,4024.755,4021.448,4029.413,4034.071,8.35,8.35,signal
2026.07.01 13:08:00,pullback,-1,4017.120,0.000,0.000,0.000,0.00,0.00,against_bias
2026.07.01 13:18:00,pullback,1,4026.975,4012.381,0.000,0.000,0.00,0.00,no_room
2026.07.01 13:23:00,pullback,1,4031.946,4012.284,0.000,0.000,0.00,0.00,no_room
2026.07.01 13:30:00,pullback,1,4046.822,4012.187,0.000,0.000,0.00,0.00,no_room
2026.07.01 13:38:00,pullback,1,4053.600,4012.196,0.000,0.000,0.00,0.00,no_room
2026.07.01 14:01:00,pullback,1,4097.810,4084.284,0.000,0.000,0.00,0.00,no_room
2026.07.01 14:04:00,pullback,-1,4084.889,0.000,0.000,0.000,0.00,0.00,against_bias
2026.07.01 14:24:00,pullback,1,4099.745,4088.956,0.000,0.000,0.00,0.00,no_room
2026.07.01 14:35:00,pullback,1,4106.926,4095.376,0.000,0.000,0.00,0.00,no_room
2026.07.01 14:42:00,pullback,-1,4098.045,0.000,0.000,0.000,0.00,0.00,against_bias
2026.07.01 15:09:00,pullback,-1,4088.323,0.000,0.000,0.000,0.00,0.00,against_bias
2026.07.01 15:24:00,pullback,-1,4081.802,0.000,0.000,0.000,0.00,0.00,against_bias
2026.07.01 15:35:00,pullback,-1,4078.369,0.000,0.000,0.000,0.00,0.00,against_bias
2026.07.01 15:51:00,pullback,1,4085.384,4076.366,0.000,0.000,0.00,0.00,no_room
2026.07.02 07:01:00,pullback,-1,4069.377,0.000,0.000,0.000,0.00,0.00,against_bias
2026.07.02 07:17:00,pullback,-1,4067.069,0.000,0.000,0.000,0.00,0.00,against_bias
2026.07.02 07:24:00,pullback,-1,4064.483,0.000,0.000,0.000,0.00,0.00,against_bias
2026.07.02 07:39:00,pullback,1,4067.197,4060.568,0.000,0.000,0.00,0.00,no_room
2026.07.02 07:54:00,pullback,-1,4067.407,0.000,0.000,0.000,0.00,0.00,against_bias
2026.07.02 08:01:00,pullback,-1,4063.494,0.000,0.000,0.000,0.00,0.00,against_bias
2026.07.02 08:06:00,pullback,1,4066.963,4061.021,0.000,0.000,0.00,0.00,no_room
2026.07.02 08:22:00,pullback,1,4073.982,4068.285,0.000,0.000,0.00,0.00,no_room
2026.07.02 08:34:00,pullback,-1,4073.075,0.000,0.000,0.000,0.00,0.00,against_bias
2026.07.02 08:43:00,pullback,1,4076.062,4071.751,0.000,0.000,0.00,0.00,no_room
2026.07.02 08:49:00,pullback,1,4077.836,4071.735,0.000,0.000,0.00,0.00,no_room
2026.07.02 09:07:00,pullback,-1,4072.979,0.000,0.000,0.000,0.00,0.00,against_bias
2026.07.02 09:19:00,pullback,1,4072.841,4069.166,0.000,0.000,0.00,0.00,no_room
2026.07.02 09:25:00,pullback,-1,4069.273,0.000,0.000,0.000,0.00,0.00,against_bias
2026.07.02 09:31:00,pullback,-1,4066.134,0.000,0.000,0.000,0.00,0.00,against_bias
2026.07.02 09:40:00,pullback,1,4067.179,4063.627,0.000,0.000,0.00,0.00,no_room
2026.07.02 10:04:00,pullback,-1,4064.692,0.000,0.000,0.000,0.00,0.00,against_bias
2026.07.02 10:16:00,pullback,-1,4062.810,0.000,0.000,0.000,0.00,0.00,against_bias
2026.07.02 10:23:00,pullback,1,4066.189,4061.741,0.000,0.000,0.00,0.00,no_room
2026.07.02 10:42:00,pullback,1,4066.451,4063.568,0.000,0.000,0.00,0.00,sl_too_tight
2026.07.02 10:50:00,pullback,-1,4062.732,0.000,0.000,0.000,0.00,0.00,against_bias
2026.07.02 10:59:00,pullback,1,4064.553,4061.149,4068.348,4072.143,8.13,8.13,signal
2026.07.02 11:03:00,pullback,-1,4062.187,0.000,0.000,0.000,0.00,0.00,against_bias
2026.07.02 11:44:00,pullback,1,4067.195,4063.072,0.000,0.000,0.00,0.00,no_room
2026.07.02 12:07:00,pullback,1,4071.964,4062.366,0.000,0.000,0.00,0.00,no_room
2026.07.02 12:31:00,pullback,1,4069.743,4060.942,0.000,0.000,0.00,0.00,no_room
2026.07.02 12:48:00,pullback,-1,4123.754,0.000,0.000,0.000,0.00,0.00,against_bias
2026.07.02 12:55:00,pullback,-1,4120.110,0.000,0.000,0.000,0.00,0.00,against_bias
2026.07.02 13:21:00,pullback,-1,4115.804,0.000,0.000,0.000,0.00,0.00,against_bias
2026.07.02 13:33:00,pullback,1,4120.418,4108.718,4132.830,4145.242,2.34,2.34,signal
2026.07.02 13:36:00,pullback,1,4120.418,0.000,4132.830,0.000,0.00,0.00,missed_move
2026.07.02 13:49:00,pullback,1,4138.220,4126.402,0.000,0.000,0.00,0.00,no_room
2026.07.02 14:04:00,pullback,-1,4132.306,0.000,0.000,0.000,0.00,0.00,against_bias
2026.07.02 14:10:00,pullback,-1,4127.698,0.000,0.000,0.000,0.00,0.00,against_bias
2026.07.02 14:17:00,pullback,1,4134.848,4123.239,0.000,0.000,0.00,0.00,no_room
2026.07.02 14:26:00,pullback,-1,4121.173,0.000,0.000,0.000,0.00,0.00,against_bias
2026.07.02 14:50:00,pullback,1,4120.745,4114.135,4132.965,4145.184,4.14,4.15,signal
2026.07.03 07:05:00,pullback,1,4174.418,4170.641,4178.446,4182.474,7.18,7.18,signal
2026.07.03 07:08:00,pullback,1,4174.418,0.000,4178.446,0.000,0.00,0.00,missed_move
2026.07.03 07:18:00,pullback,-1,4172.170,0.000,0.000,0.000,0.00,0.00,against_bias
2026.07.03 07:22:00,pullback,-1,4170.800,0.000,0.000,0.000,0.00,0.00,against_bias
2026.07.03 07:40:00,pullback,1,4178.539,4169.050,0.000,0.000,0.00,0.00,no_room
2026.07.03 07:47:00,pullback,1,4179.524,4176.466,4182.911,4186.298,8.87,8.87,signal
2026.07.03 07:59:00,pullback,-1,4176.620,0.000,0.000,0.000,0.00,0.00,against_bias
2026.07.03 08:03:00,pullback,1,4181.780,4174.500,0.000,0.000,0.00,0.00,no_room
2026.07.03 08:21:00,pullback,1,4185.031,4182.402,0.000,0.000,0.00,0.00,sl_too_tight
2026.07.03 08:23:00,pullback,-1,4182.547,0.000,0.000,0.000,0.00,0.00,against_bias
2026.07.03 08:34:00,pullback,1,4185.461,4182.361,0.000,0.000,0.00,0.00,no_room
2026.07.03 08:48:00,pullback,-1,4180.499,0.000,0.000,0.000,0.00,0.00,against_bias
2026.07.03 09:10:00,pullback,-1,4179.235,0.000,0.000,0.000,0.00,0.00,against_bias
2026.07.03 09:24:00,pullback,-1,4175.224,0.000,0.000,0.000,0.00,0.00,against_bias
2026.07.03 09:45:00,pullback,1,4172.014,4168.136,4178.447,4184.881,6.92,6.93,signal
2026.07.03 11:24:00,pullback,1,4185.026,4175.284,0.000,0.000,0.00,0.00,no_room
2026.07.03 11:54:00,pullback,-1,4182.576,0.000,0.000,0.000,0.00,0.00,against_bias
2026.07.03 12:04:00,pullback,-1,4178.547,0.000,0.000,0.000,0.00,0.00,against_bias
2026.07.03 12:08:00,pullback,1,4181.552,4177.766,0.000,0.000,0.00,0.00,no_room
2026.07.03 12:15:00,pullback,-1,4177.913,0.000,0.000,0.000,0.00,0.00,against_bias
2026.07.03 12:46:00,pullback,1,4175.740,4172.693,0.000,0.000,0.00,0.00,no_room
2026.07.03 12:59:00,pullback,-1,4173.363,0.000,0.000,0.000,0.00,0.00,against_bias
2026.07.03 13:06:00,pullback,-1,4172.114,0.000,0.000,0.000,0.00,0.00,against_bias
2026.07.03 13:28:00,pullback,1,4171.198,0.000,0.000,0.000,0.00,0.00,against_bias
2026.07.03 13:34:00,pullback,-1,4167.381,4172.548,4161.392,4155.403,5.32,5.33,signal
2026.07.03 15:04:00,pullback,1,4171.126,0.000,0.000,0.000,0.00,0.00,against_bias
2026.07.03 15:11:00,pullback,1,4173.179,0.000,0.000,0.000,0.00,0.00,against_bias
2026.07.03 15:21:00,pullback,-1,4170.822,4174.468,0.000,0.000,0.00,0.00,no_room
2026.07.03 15:26:00,pullback,-1,4169.013,4174.448,0.000,0.000,0.00,0.00,no_room
2026.07.03 15:48:00,pullback,1,4168.996,0.000,0.000,0.000,0.00,0.00,against_bias
2026.07.03 15:52:00,pullback,-1,4166.931,4169.128,0.000,0.000,0.00,0.00,sl_too_tight
2026.07.06 07:11:00,pullback,-1,4148.437,4153.588,0.000,0.000,0.00,0.00,no_room
2026.07.06 07:22:00,pullback,1,4153.395,0.000,0.000,0.000,0.00,0.00,against_bias
2026.07.06 07:33:00,pullback,1,4155.606,0.000,0.000,0.000,0.00,0.00,against_bias
2026.07.06 08:03:00,pullback,-1,4161.984,4166.606,0.000,0.000,0.00,0.00,no_room
2026.07.06 08:12:00,pullback,-1,4160.145,4163.024,0.000,0.000,0.00,0.00,sl_too_tight
2026.07.06 08:38:00,pullback,-1,4153.630,4156.248,0.000,0.000,0.00,0.00,sl_too_tight
2026.07.06 08:45:00,pullback,-1,4149.501,4153.423,4144.806,4140.111,7.02,7.03,signal
2026.07.06 09:51:00,pullback,1,4141.661,0.000,0.000,0.000,0.00,0.00,against_bias
2026.07.06 09:57:00,pullback,1,4143.469,0.000,0.000,0.000,0.00,0.00,against_bias
2026.07.06 10:12:00,pullback,1,4145.080,0.000,0.000,0.000,0.00,0.00,against_bias
2026.07.06 10:34:00,pullback,1,4150.871,0.000,0.000,0.000,0.00,0.00,against_bias
2026.07.06 10:53:00,pullback,1,4155.061,0.000,0.000,0.000,0.00,0.00,against_bias
2026.07.06 10:56:00,pullback,-1,4153.001,4155.201,0.000,0.000,0.00,0.00,sl_too_tight
2026.07.06 11:01:00,pullback,1,4155.896,0.000,0.000,0.000,0.00,0.00,against_bias
2026.07.06 11:15:00,pullback,1,4154.304,0.000,0.000,0.000,0.00,0.00,against_bias
2026.07.06 11:27:00,pullback,1,4158.589,0.000,0.000,0.000,0.00,0.00,against_bias
2026.07.06 11:30:00,pullback,-1,4155.374,4158.755,0.000,0.000,0.00,0.00,no_room
2026.07.06 11:39:00,pullback,-1,4154.734,4158.897,4146.408,4138.081,0.00,0.00,order_failed
2026.07.06 11:51:00,pullback,-1,4152.446,4156.008,4145.322,4138.197,0.00,0.00,order_failed
2026.07.06 12:01:00,pullback,1,4155.872,0.000,0.000,0.000,0.00,0.00,against_bias
2026.07.06 12:22:00,pullback,-1,4153.516,4158.753,4144.842,4136.168,5.35,5.36,signal
2026.07.06 12:31:00,pullback,-1,4153.516,0.000,4144.842,0.000,0.00,0.00,missed_move
2026.07.06 12:56:00,pullback,1,4140.697,0.000,0.000,0.000,0.00,0.00,against_bias
2026.07.06 13:08:00,pullback,1,4146.721,0.000,0.000,0.000,0.00,0.00,against_bias
2026.07.06 13:15:00,pullback,-1,4141.957,4148.646,0.000,0.000,0.00,0.00,no_room
2026.07.06 13:35:00,pullback,1,4148.864,0.000,0.000,0.000,0.00,0.00,against_bias
2026.07.06 13:47:00,pullback,-1,4143.732,4150.731,0.000,0.000,0.00,0.00,no_room
2026.07.06 13:58:00,pullback,-1,4142.355,4147.632,0.000,0.000,0.00,0.00,no_room
2026.07.06 14:08:00,pullback,-1,4136.419,4147.512,0.000,0.000,0.00,0.00,no_room
2026.07.06 14:25:00,pullback,-1,4133.505,4145.359,0.000,0.000,0.00,0.00,no_room
2026.07.06 14:35:00,pullback,1,4139.063,0.000,0.000,0.000,0.00,0.00,against_bias
2026.07.06 14:45:00,pullback,-1,4133.383,4142.195,0.000,0.000,0.00,0.00,no_room
2026.07.06 14:58:00,pullback,1,4136.479,0.000,0.000,0.000,0.00,0.00,against_bias
2026.07.06 15:25:00,pullback,1,4143.167,0.000,0.000,0.000,0.00,0.00,against_bias
2026.07.06 15:52:00,pullback,-1,4147.040,4151.544,0.000,0.000,0.00,0.00,no_room
2026.07.07 07:01:00,pullback,-1,4128.787,4131.669,0.000,0.000,0.00,0.00,sl_too_tight
2026.07.07 07:24:00,pullback,-1,4128.789,4132.344,0.000,0.000,0.00,0.00,no_room
2026.07.07 07:36:00,pullback,1,4129.215,0.000,0.000,0.000,0.00,0.00,against_bias
2026.07.07 07:44:00,pullback,1,4130.139,0.000,0.000,0.000,0.00,0.00,against_bias
2026.07.07 07:50:00,pullback,-1,4127.266,4133.840,0.000,0.000,0.00,0.00,no_room
2026.07.07 08:03:00,pullback,1,4128.510,0.000,0.000,0.000,0.00,0.00,against_bias
2026.07.07 08:11:00,pullback,1,4130.855,0.000,0.000,0.000,0.00,0.00,against_bias
2026.07.07 08:33:00,pullback,-1,4134.111,4139.460,0.000,0.000,0.00,0.00,no_room
2026.07.07 08:46:00,pullback,-1,4130.099,4135.358,0.000,0.000,0.00,0.00,no_room
2026.07.07 09:09:00,pullback,1,4128.027,0.000,0.000,0.000,0.00,0.00,against_bias
2026.07.07 09:19:00,pullback,1,4129.087,0.000,0.000,0.000,0.00,0.00,against_bias
2026.07.07 09:28:00,pullback,-1,4125.680,4131.219,0.000,0.000,0.00,0.00,no_room
2026.07.07 09:36:00,pullback,1,4128.443,0.000,0.000,0.000,0.00,0.00,against_bias
2026.07.07 09:45:00,pullback,1,4131.747,0.000,0.000,0.000,0.00,0.00,against_bias
2026.07.07 09:49:00,pullback,-1,4128.751,4133.988,0.000,0.000,0.00,0.00,no_room
2026.07.07 10:01:00,pullback,1,4132.462,0.000,0.000,0.000,0.00,0.00,against_bias
2026.07.07 10:14:00,pullback,1,4134.124,0.000,0.000,0.000,0.00,0.00,against_bias
2026.07.07 10:19:00,pullback,1,4135.134,0.000,0.000,0.000,0.00,0.00,against_bias
2026.07.07 10:29:00,pullback,1,4137.222,0.000,0.000,0.000,0.00,0.00,against_bias
2026.07.07 10:50:00,pullback,-1,4134.295,4137.397,0.000,0.000,0.00,0.00,no_room
2026.07.07 11:07:00,pullback,-1,4133.565,4136.499,0.000,0.000,0.00,0.00,sl_too_tight
2026.07.07 11:18:00,pullback,1,4136.336,0.000,0.000,0.000,0.00,0.00,against_bias
2026.07.07 11:36:00,pullback,1,4145.309,4139.391,4157.146,4168.983,4.73,4.74,signal
2026.07.07 12:15:00,pullback,1,4171.306,4146.641,0.000,0.000,0.00,0.00,no_room
2026.07.07 12:47:00,pullback,1,4167.599,4161.104,0.000,0.000,0.00,0.00,no_room
2026.07.07 12:52:00,pullback,1,4168.906,4161.096,0.000,0.000,0.00,0.00,no_room
2026.07.07 12:59:00,pullback,1,4170.426,4166.244,0.000,0.000,0.00,0.00,no_room
2026.07.07 13:05:00,pullback,-1,4166.484,0.000,0.000,0.000,0.00,0.00,against_bias
2026.07.07 13:21:00,pullback,1,4171.688,4159.701,0.000,0.000,0.00,0.00,no_room
2026.07.07 13:25:00,pullback,-1,4168.035,0.000,0.000,0.000,0.00,0.00,against_bias
2026.07.07 13:37:00,pullback,1,4172.591,4163.138,0.000,0.000,0.00,0.00,no_room
2026.07.07 13:52:00,pullback,-1,4170.774,0.000,0.000,0.000,0.00,0.00,against_bias
2026.07.07 14:04:00,pullback,-1,4155.998,0.000,0.000,0.000,0.00,0.00,against_bias
2026.07.07 14:11:00,pullback,-1,4152.916,0.000,0.000,0.000,0.00,0.00,against_bias
2026.07.07 14:19:00,pullback,1,4158.128,4150.538,0.000,0.000,0.00,0.00,no_room
2026.07.07 14:36:00,pullback,-1,4151.037,0.000,0.000,0.000,0.00,0.00,against_bias
2026.07.07 14:42:00,pullback,-1,4146.984,0.000,0.000,0.000,0.00,0.00,against_bias
2026.07.07 15:01:00,pullback,-1,4153.471,0.000,0.000,0.000,0.00,0.00,against_bias
2026.07.07 15:15:00,pullback,-1,4149.580,0.000,0.000,0.000,0.00,0.00,against_bias
2026.07.07 15:28:00,pullback,-1,4143.432,0.000,0.000,0.000,0.00,0.00,against_bias
2026.07.07 15:41:00,pullback,1,4146.023,4141.863,4154.343,4162.662,6.94,6.94,signal
2026.07.07 15:52:00,pullback,-1,4142.070,0.000,0.000,0.000,0.00,0.00,against_bias
2026.07.08 07:13:00,pullback,-1,4118.040,0.000,0.000,0.000,0.00,0.00,against_bias
2026.07.08 07:19:00,pullback,-1,4116.210,0.000,0.000,0.000,0.00,0.00,against_bias
2026.07.08 07:31:00,pullback,1,4121.159,4114.387,0.000,0.000,0.00,0.00,no_room
2026.07.08 07:45:00,pullback,1,4126.272,4117.916,0.000,0.000,0.00,0.00,no_room
2026.07.08 08:02:00,pullback,-1,4118.112,0.000,0.000,0.000,0.00,0.00,against_bias
2026.07.08 08:17:00,pullback,-1,4116.744,0.000,0.000,0.000,0.00,0.00,against_bias
2026.07.08 08:33:00,pullback,-1,4080.751,4121.660,0.000,0.000,0.00,0.00,no_room
2026.07.08 08:57:00,pullback,-1,4060.503,4069.455,0.000,0.000,0.00,0.00,no_room
2026.07.08 09:16:00,pullback,1,4056.646,0.000,0.000,0.000,0.00,0.00,against_bias
2026.07.08 09:31:00,pullback,-1,4054.300,4060.938,0.000,0.000,0.00,0.00,no_room
2026.07.08 09:43:00,pullback,-1,4051.105,4059.023,0.000,0.000,0.00,0.00,no_room
2026.07.08 09:57:00,pullback,-1,4045.681,4053.158,0.000,0.000,0.00,0.00,no_room
2026.07.08 10:18:00,pullback,1,4046.095,0.000,0.000,0.000,0.00,0.00,against_bias
2026.07.08 10:36:00,pullback,1,4055.707,0.000,0.000,0.000,0.00,0.00,against_bias
2026.07.08 10:44:00,pullback,1,4056.991,0.000,0.000,0.000,0.00,0.00,against_bias
2026.07.08 11:00:00,pullback,-1,4053.090,4057.423,0.000,0.000,0.00,0.00,no_room
2026.07.08 11:09:00,pullback,-1,4050.332,4057.284,0.000,0.000,0.00,0.00,no_room
2026.07.08 11:23:00,pullback,-1,4047.983,4054.760,4039.530,4031.076,4.22,4.22,signal
2026.07.08 11:44:00,pullback,1,4052.170,0.000,0.000,0.000,0.00,0.00,against_bias
2026.07.08 12:04:00,pullback,1,4064.607,0.000,0.000,0.000,0.00,0.00,against_bias
2026.07.08 12:18:00,pullback,1,4073.771,0.000,0.000,0.000,0.00,0.00,against_bias
2026.07.08 12:25:00,pullback,-1,4068.608,4078.125,0.000,0.000,0.00,0.00,no_room
2026.07.08 12:41:00,pullback,1,4073.571,0.000,0.000,0.000,0.00,0.00,against_bias
2026.07.08 13:30:00,pullback,-1,4067.883,4075.182,0.000,0.000,0.00,0.00,no_room
2026.07.08 13:33:00,pullback,1,4074.840,0.000,0.000,0.000,0.00,0.00,against_bias
2026.07.08 13:43:00,pullback,-1,4072.497,4080.894,0.000,0.000,0.00,0.00,no_room
2026.07.08 13:50:00,pullback,-1,4070.231,4079.573,0.000,0.000,0.00,0.00,no_room
2026.07.08 14:08:00,pullback,-1,4063.571,4073.209,0.000,0.000,0.00,0.00,no_room
2026.07.08 14:26:00,pullback,1,4062.025,0.000,0.000,0.000,0.00,0.00,against_bias
2026.07.08 14:36:00,pullback,-1,4052.851,4065.731,0.000,0.000,0.00,0.00,no_room
2026.07.08 14:44:00,pullback,-1,4042.056,4065.789,0.000,0.000,0.00,0.00,no_room
2026.07.08 15:14:00,pullback,-1,4035.533,4044.235,0.000,0.000,0.00,0.00,no_room
2026.07.08 15:25:00,pullback,-1,4027.531,4036.554,0.000,0.000,0.00,0.00,no_room
2026.07.08 15:31:00,pullback,-1,4026.028,4036.564,0.000,0.000,0.00,0.00,no_room
2026.07.08 15:41:00,pullback,1,4032.346,0.000,0.000,0.000,0.00,0.00,against_bias
2026.07.08 15:50:00,pullback,1,4033.758,0.000,0.000,0.000,0.00,0.00,against_bias
2026.07.09 07:15:00,pullback,-1,4103.058,0.000,0.000,0.000,0.00,0.00,against_bias
2026.07.09 07:26:00,pullback,1,4106.766,4101.276,0.000,0.000,0.00,0.00,no_room
2026.07.09 07:43:00,pullback,1,4109.493,4103.577,0.000,0.000,0.00,0.00,no_room
2026.07.09 07:58:00,pullback,-1,4106.163,0.000,0.000,0.000,0.00,0.00,against_bias
2026.07.09 08:09:00,pullback,1,4109.672,4104.961,0.000,0.000,0.00,0.00,no_room
2026.07.09 08:18:00,pullback,1,4110.568,4105.172,0.000,0.000,0.00,0.00,no_room
2026.07.09 08:22:00,pullback,1,4112.978,4105.140,0.000,0.000,0.00,0.00,no_room
2026.07.09 08:47:00,pullback,-1,4110.175,0.000,0.000,0.000,0.00,0.00,against_bias
2026.07.09 08:58:00,pullback,-1,4109.113,0.000,0.000,0.000,0.00,0.00,against_bias
2026.07.09 09:19:00,pullback,1,4109.644,4105.530,0.000,0.000,0.00,0.00,no_room
2026.07.09 09:25:00,pullback,-1,4107.783,0.000,0.000,0.000,0.00,0.00,against_bias
2026.07.09 09:35:00,pullback,-1,4107.307,0.000,0.000,0.000,0.00,0.00,against_bias
2026.07.09 09:42:00,pullback,-1,4104.865,0.000,0.000,0.000,0.00,0.00,against_bias
2026.07.09 09:58:00,pullback,1,4106.292,4102.903,0.000,0.000,0.00,0.00,no_room
2026.07.09 10:02:00,pullback,1,4107.625,4102.877,0.000,0.000,0.00,0.00,no_room
2026.07.09 10:25:00,pullback,-1,4104.949,0.000,0.000,0.000,0.00,0.00,against_bias
2026.07.09 10:46:00,pullback,-1,4102.858,0.000,0.000,0.000,0.00,0.00,against_bias
2026.07.09 11:15:00,pullback,1,4104.000,4100.213,0.000,0.000,0.00,0.00,no_room
2026.07.09 11:25:00,pullback,-1,4100.390,0.000,0.000,0.000,0.00,0.00,against_bias
2026.07.09 11:39:00,pullback,1,4102.848,4098.783,0.000,0.000,0.00,0.00,no_room
2026.07.09 11:56:00,pullback,1,4108.043,4104.394,4111.806,4115.570,7.76,7.76,signal
2026.07.09 12:32:00,pullback,1,4109.524,4104.879,0.000,0.000,0.00,0.00,no_room
2026.07.09 12:56:00,pullback,-1,4111.030,0.000,0.000,0.000,0.00,0.00,against_bias
2026.07.09 13:09:00,pullback,1,4114.554,4106.383,0.000,0.000,0.00,0.00,no_room
2026.07.09 13:51:00,pullback,-1,4121.030,0.000,0.000,0.000,0.00,0.00,against_bias
2026.07.09 13:55:00,pullback,-1,4120.793,0.000,0.000,0.000,0.00,0.00,against_bias
2026.07.09 14:01:00,pullback,1,4126.654,4117.351,0.000,0.000,0.00,0.00,no_room
2026.07.09 14:16:00,pullback,-1,4117.685,0.000,0.000,0.000,0.00,0.00,against_bias
2026.07.09 14:21:00,pullback,-1,4115.979,0.000,0.000,0.000,0.00,0.00,against_bias
2026.07.09 14:36:00,pullback,1,4125.718,4120.540,0.000,0.000,0.00,0.00,no_room
2026.07.09 14:50:00,pullback,-1,4120.496,0.000,0.000,0.000,0.00,0.00,against_bias
2026.07.09 14:59:00,pullback,1,4125.450,4117.708,0.000,0.000,0.00,0.00,no_room
2026.07.09 15:07:00,pullback,1,4128.333,4124.732,0.000,0.000,0.00,0.00,no_room
2026.07.09 15:24:00,pullback,1,4127.885,4124.551,0.000,0.000,0.00,0.00,no_room
2026.07.09 15:46:00,pullback,1,4130.830,4128.128,0.000,0.000,0.00,0.00,sl_too_tight
2026.07.09 15:54:00,pullback,-1,4128.309,0.000,0.000,0.000,0.00,0.00,against_bias
2026.07.10 07:01:00,pullback,-1,4111.367,4114.390,0.000,0.000,0.00,0.00,no_room
2026.07.10 07:09:00,pullback,-1,4110.438,4113.862,0.000,0.000,0.00,0.00,no_room
2026.07.10 07:19:00,pullback,1,4112.506,0.000,0.000,0.000,0.00,0.00,against_bias
2026.07.10 07:39:00,pullback,-1,4111.836,4114.697,0.000,0.000,0.00,0.00,sl_too_tight
2026.07.10 08:02:00,pullback,-1,4105.728,4110.137,0.000,0.000,0.00,0.00,no_room
2026.07.10 08:25:00,pullback,-1,4106.314,4108.837,0.000,0.000,0.00,0.00,sl_too_tight
2026.07.10 08:34:00,pullback,-1,4103.162,4105.774,0.000,0.000,0.00,0.00,sl_too_tight
2026.07.10 08:47:00,pullback,-1,4099.454,4103.157,0.000,0.000,0.00,0.00,no_room
2026.07.10 09:02:00,pullback,-1,4095.777,4098.881,0.000,0.000,0.00,0.00,no_room
2026.07.10 09:06:00,pullback,1,4099.369,0.000,0.000,0.000,0.00,0.00,against_bias
2026.07.10 09:15:00,pullback,1,4099.996,0.000,0.000,0.000,0.00,0.00,against_bias
2026.07.10 09:26:00,pullback,1,4102.412,0.000,0.000,0.000,0.00,0.00,against_bias
2026.07.10 09:37:00,pullback,-1,4100.318,4102.988,0.000,0.000,0.00,0.00,sl_too_tight
2026.07.10 09:43:00,pullback,1,4102.846,0.000,0.000,0.000,0.00,0.00,against_bias
2026.07.10 09:55:00,pullback,1,4104.519,0.000,0.000,0.000,0.00,0.00,against_bias
2026.07.10 10:23:00,pullback,1,4107.977,0.000,0.000,0.000,0.00,0.00,against_bias
2026.07.10 10:58:00,pullback,-1,4106.727,4109.108,0.000,0.000,0.00,0.00,sl_too_tight
2026.07.10 11:23:00,pullback,-1,4105.876,4107.912,0.000,0.000,0.00,0.00,sl_too_tight
2026.07.10 11:37:00,pullback,-1,4098.880,4103.667,0.000,0.000,0.00,0.00,no_room
2026.07.10 11:43:00,pullback,1,4103.466,0.000,0.000,0.000,0.00,0.00,against_bias
2026.07.10 11:55:00,pullback,-1,4105.604,4108.118,0.000,0.000,0.00,0.00,sl_too_tight
2026.07.10 12:10:00,pullback,1,4103.902,0.000,0.000,0.000,0.00,0.00,against_bias
2026.07.10 12:34:00,pullback,-1,4103.280,0.000,0.000,0.000,0.00,0.00,against_bias
2026.07.10 12:51:00,pullback,1,4102.509,4097.582,0.000,0.000,0.00,0.00,no_room
2026.07.10 13:10:00,pullback,1,4105.208,4098.503,0.000,0.000,0.00,0.00,no_room
2026.07.10 13:16:00,pullback,1,4106.335,4101.096,0.000,0.000,0.00,0.00,no_room
2026.07.10 13:19:00,pullback,-1,4101.328,0.000,0.000,0.000,0.00,0.00,against_bias
2026.07.10 13:23:00,pullback,-1,4100.254,0.000,0.000,0.000,0.00,0.00,against_bias
2026.07.10 13:40:00,pullback,1,4096.997,0.000,0.000,0.000,0.00,0.00,against_bias
2026.07.10 13:53:00,pullback,1,4102.727,0.000,0.000,0.000,0.00,0.00,against_bias
2026.07.10 14:20:00,pullback,1,4103.597,0.000,0.000,0.000,0.00,0.00,against_bias
2026.07.10 14:33:00,pullback,-1,4100.513,4109.477,0.000,0.000,0.00,0.00,no_room
2026.07.10 15:24:00,pullback,1,4103.728,0.000,0.000,0.000,0.00,0.00,against_bias
2026.07.10 15:45:00,pullback,1,4106.411,0.000,0.000,0.000,0.00,0.00,against_bias
2026.07.10 15:59:00,pullback,1,4112.230,0.000,0.000,0.000,0.00,0.00,against_bias
2026.07.13 07:02:00,pullback,-1,4051.946,4062.266,0.000,0.000,0.00,0.00,no_room
2026.07.13 07:09:00,pullback,1,4056.092,0.000,0.000,0.000,0.00,0.00,against_bias
2026.07.13 07:23:00,pullback,1,4058.206,0.000,0.000,0.000,0.00,0.00,against_bias
2026.07.13 07:35:00,pullback,1,4059.471,0.000,0.000,0.000,0.00,0.00,against_bias
2026.07.13 07:51:00,pullback,-1,4056.984,4061.931,0.000,0.000,0.00,0.00,no_room
2026.07.13 07:55:00,pullback,1,4059.545,0.000,0.000,0.000,0.00,0.00,against_bias
2026.07.13 08:07:00,pullback,1,4067.637,0.000,0.000,0.000,0.00,0.00,against_bias
2026.07.13 08:23:00,pullback,1,4078.195,4062.873,0.000,0.000,0.00,0.00,no_room
2026.07.13 08:35:00,pullback,-1,4072.791,0.000,0.000,0.000,0.00,0.00,against_bias
2026.07.13 08:45:00,pullback,1,4075.680,4071.742,0.000,0.000,0.00,0.00,no_room
2026.07.13 08:51:00,pullback,1,4076.439,4072.151,0.000,0.000,0.00,0.00,no_room
2026.07.13 09:19:00,pullback,-1,4072.797,0.000,0.000,0.000,0.00,0.00,against_bias
2026.07.13 09:26:00,pullback,1,4075.285,4071.101,0.000,0.000,0.00,0.00,no_room
2026.07.13 09:30:00,pullback,-1,4072.784,0.000,0.000,0.000,0.00,0.00,against_bias
2026.07.13 09:45:00,pullback,1,4072.622,4069.189,0.000,0.000,0.00,0.00,no_room
2026.07.13 09:57:00,pullback,-1,4069.822,0.000,0.000,0.000,0.00,0.00,against_bias
2026.07.13 10:12:00,pullback,-1,4067.678,0.000,0.000,0.000,0.00,0.00,against_bias
2026.07.13 10:27:00,pullback,-1,4066.397,0.000,0.000,0.000,0.00,0.00,against_bias
2026.07.13 10:38:00,pullback,1,4067.459,4064.091,0.000,0.000,0.00,0.00,no_room
2026.07.13 10:42:00,pullback,-1,4064.229,0.000,0.000,0.000,0.00,0.00,against_bias
2026.07.13 11:18:00,pullback,-1,4062.648,0.000,0.000,0.000,0.00,0.00,against_bias
2026.07.13 11:48:00,pullback,-1,4063.228,0.000,0.000,0.000,0.00,0.00,against_bias
2026.07.13 12:09:00,pullback,-1,4055.994,0.000,0.000,0.000,0.00,0.00,against_bias
2026.07.13 12:19:00,pullback,1,4060.501,4053.238,0.000,0.000,0.00,0.00,no_room
2026.07.13 12:25:00,pullback,1,4061.016,4054.940,0.000,0.000,0.00,0.00,no_room
2026.07.13 12:44:00,pullback,1,4063.320,4059.537,0.000,0.000,0.00,0.00,no_room
2026.07.13 13:00:00,pullback,1,4066.706,4064.007,0.000,0.000,0.00,0.00,sl_too_tight
2026.07.13 13:04:00,pullback,-1,4063.523,0.000,0.000,0.000,0.00,0.00,against_bias
2026.07.13 13:28:00,pullback,1,4062.725,4058.265,0.000,0.000,0.00,0.00,no_room
2026.07.13 13:34:00,pullback,-1,4061.007,0.000,0.000,0.000,0.00,0.00,against_bias
2026.07.13 13:40:00,pullback,-1,4056.683,0.000,0.000,0.000,0.00,0.00,against_bias
2026.07.13 13:50:00,pullback,-1,4051.521,0.000,0.000,0.000,0.00,0.00,against_bias
2026.07.13 14:01:00,pullback,-1,4042.377,4053.487,0.000,0.000,0.00,0.00,no_room
2026.07.13 14:17:00,pullback,-1,4029.620,4040.265,0.000,0.000,0.00,0.00,no_room
2026.07.13 14:41:00,pullback,-1,4004.938,4029.354,0.000,0.000,0.00,0.00,no_room
2026.07.13 14:55:00,pullback,1,4009.204,0.000,0.000,0.000,0.00,0.00,against_bias
2026.07.13 15:20:00,pullback,1,4016.885,0.000,0.000,0.000,0.00,0.00,against_bias
2026.07.13 15:45:00,pullback,-1,4013.398,4017.232,0.000,0.000,0.00,0.00,no_room
2026.07.13 15:52:00,pullback,-1,4010.759,4015.057,0.000,0.000,0.00,0.00,no_room
2026.07.13 16:00:00,pullback,1,4014.780,0.000,0.000,0.000,0.00,0.00,against_bias
2026.07.14 07:01:00,pullback,-1,4023.057,0.000,0.000,0.000,0.00,0.00,against_bias
2026.07.14 07:05:00,pullback,1,4024.956,4020.402,4029.513,4034.070,6.31,6.31,signal
2026.07.14 07:59:00,pullback,-1,4021.798,0.000,0.000,0.000,0.00,0.00,against_bias
2026.07.14 08:10:00,pullback,-1,4016.923,0.000,0.000,0.000,0.00,0.00,against_bias
2026.07.14 08:27:00,pullback,1,4020.998,4017.749,0.000,0.000,0.00,0.00,no_room
2026.07.14 08:42:00,pullback,1,4020.933,4018.435,0.000,0.000,0.00,0.00,sl_too_tight
2026.07.14 08:52:00,pullback,-1,4018.706,0.000,0.000,0.000,0.00,0.00,against_bias
2026.07.14 08:58:00,pullback,-1,4017.432,0.000,0.000,0.000,0.00,0.00,against_bias
2026.07.14 09:09:00,pullback,1,4020.458,4013.524,0.000,0.000,0.00,0.00,no_room
2026.07.14 09:27:00,pullback,-1,4018.093,0.000,0.000,0.000,0.00,0.00,against_bias
2026.07.14 09:29:00,pullback,-1,4017.231,0.000,0.000,0.000,0.00,0.00,against_bias
2026.07.14 09:41:00,pullback,1,4016.537,4013.400,0.000,0.000,0.00,0.00,no_room
2026.07.14 10:04:00,pullback,-1,4019.283,0.000,0.000,0.000,0.00,0.00,against_bias
2026.07.14 10:26:00,pullback,-1,4016.743,0.000,0.000,0.000,0.00,0.00,against_bias
2026.07.14 10:48:00,pullback,1,4020.106,4014.913,0.000,0.000,0.00,0.00,no_room
2026.07.14 11:08:00,pullback,-1,4019.520,0.000,0.000,0.000,0.00,0.00,against_bias
2026.07.14 11:15:00,pullback,1,4021.826,4015.183,0.000,0.000,0.00,0.00,no_room
2026.07.14 11:21:00,pullback,1,4024.142,4015.168,0.000,0.000,0.00,0.00,no_room
2026.07.14 11:25:00,pullback,1,4026.066,4015.168,0.000,0.000,0.00,0.00,no_room
2026.07.14 11:33:00,pullback,1,4028.391,4024.418,0.000,0.000,0.00,0.00,no_room
2026.07.14 11:46:00,pullback,-1,4027.270,0.000,0.000,0.000,0.00,0.00,against_bias
2026.07.14 11:59:00,pullback,1,4030.656,4026.403,0.000,0.000,0.00,0.00,no_room
2026.07.14 12:09:00,pullback,-1,4026.566,0.000,0.000,0.000,0.00,0.00,against_bias
2026.07.14 12:21:00,pullback,-1,4024.599,0.000,0.000,0.000,0.00,0.00,against_bias
2026.07.14 12:25:00,pullback,1,4028.670,4022.887,0.000,0.000,0.00,0.00,no_room
2026.07.14 12:52:00,pullback,-1,4082.005,0.000,0.000,0.000,0.00,0.00,against_bias
2026.07.14 13:23:00,pullback,1,4080.366,4071.481,0.000,0.000,0.00,0.00,no_room
2026.07.14 13:40:00,pullback,1,4086.110,4075.215,0.000,0.000,0.00,0.00,no_room
2026.07.14 13:53:00,pullback,-1,4080.423,0.000,0.000,0.000,0.00,0.00,against_bias
2026.07.14 14:05:00,pullback,-1,4074.022,0.000,0.000,0.000,0.00,0.00,against_bias
2026.07.14 14:14:00,pullback,1,4081.368,4072.086,0.000,0.000,0.00,0.00,no_room
2026.07.14 14:16:00,pullback,-1,4076.962,0.000,0.000,0.000,0.00,0.00,against_bias
2026.07.14 14:56:00,pullback,1,4082.769,4077.266,0.000,0.000,0.00,0.00,no_room
2026.07.14 15:05:00,pullback,1,4087.607,4077.185,0.000,0.000,0.00,0.00,no_room
2026.07.14 15:26:00,pullback,-1,4085.277,0.000,0.000,0.000,0.00,0.00,against_bias
2026.07.14 15:34:00,pullback,-1,4082.270,0.000,0.000,0.000,0.00,0.00,against_bias
2026.07.15 07:04:00,pullback,1,4032.589,0.000,0.000,0.000,0.00,0.00,against_bias
2026.07.15 07:22:00,pullback,-1,4027.950,4034.526,0.000,0.000,0.00,0.00,no_room
2026.07.15 08:01:00,pullback,-1,4022.426,4026.755,0.000,0.000,0.00,0.00,no_room
2026.07.15 08:14:00,pullback,-1,4020.233,4026.359,0.000,0.000,0.00,0.00,no_room
2026.07.15 08:29:00,pullback,1,4025.279,0.000,0.000,0.000,0.00,0.00,against_bias
2026.07.15 08:49:00,pullback,1,4029.138,0.000,0.000,0.000,0.00,0.00,against_bias
2026.07.15 09:16:00,pullback,-1,4030.076,4033.526,0.000,0.000,0.00,0.00,no_room
2026.07.15 09:26:00,pullback,-1,4028.914,4033.085,0.000,0.000,0.00,0.00,no_room
2026.07.15 09:35:00,pullback,-1,4026.926,4029.804,0.000,0.000,0.00,0.00,sl_too_tight
2026.07.15 09:50:00,pullback,1,4028.248,0.000,0.000,0.000,0.00,0.00,against_bias
2026.07.15 10:00:00,pullback,1,4028.889,0.000,0.000,0.000,0.00,0.00,against_bias
2026.07.15 10:15:00,pullback,1,4033.042,0.000,0.000,0.000,0.00,0.00,against_bias
2026.07.15 10:26:00,pullback,-1,4028.774,4035.554,0.000,0.000,0.00,0.00,no_room
2026.07.15 11:01:00,pullback,1,4029.038,0.000,0.000,0.000,0.00,0.00,against_bias
2026.07.15 11:32:00,pullback,1,4031.149,0.000,0.000,0.000,0.00,0.00,against_bias
2026.07.15 11:40:00,pullback,1,4033.928,0.000,0.000,0.000,0.00,0.00,against_bias
2026.07.15 11:51:00,pullback,1,4039.332,4028.457,0.000,0.000,0.00,0.00,no_room
2026.07.15 12:04:00,pullback,1,4040.415,4035.610,0.000,0.000,0.00,0.00,no_room
2026.07.15 12:14:00,pullback,-1,4037.113,0.000,0.000,0.000,0.00,0.00,against_bias
2026.07.15 12:31:00,pullback,1,4040.072,4037.315,0.000,0.000,0.00,0.00,sl_too_tight
2026.07.15 12:59:00,pullback,1,4066.778,4061.705,0.000,0.000,0.00,0.00,no_room
2026.07.15 13:05:00,pullback,1,4071.540,4064.238,0.000,0.000,0.00,0.00,no_room
2026.07.15 13:12:00,pullback,-1,4064.553,0.000,0.000,0.000,0.00,0.00,against_bias
2026.07.15 13:26:00,pullback,-1,4060.989,0.000,0.000,0.000,0.00,0.00,against_bias
2026.07.15 13:42:00,pullback,1,4061.285,4057.035,0.000,0.000,0.00,0.00,no_room
2026.07.15 13:47:00,pullback,-1,4058.072,0.000,0.000,0.000,0.00,0.00,against_bias
2026.07.15 13:58:00,pullback,1,4061.987,4054.485,0.000,0.000,0.00,0.00,no_room
2026.07.15 14:18:00,pullback,-1,4062.039,0.000,0.000,0.000,0.00,0.00,against_bias
2026.07.15 14:45:00,pullback,-1,4057.450,0.000,0.000,0.000,0.00,0.00,against_bias
2026.07.15 15:01:00,pullback,1,4060.582,4054.250,0.000,0.000,0.00,0.00,no_room
2026.07.15 15:11:00,pullback,-1,4054.505,0.000,0.000,0.000,0.00,0.00,against_bias
2026.07.15 15:21:00,pullback,-1,4043.097,0.000,0.000,0.000,0.00,0.00,against_bias
2026.07.15 15:28:00,pullback,1,4046.827,4039.257,0.000,0.000,0.00,0.00,no_room
2026.07.15 15:41:00,pullback,1,4049.406,4046.331,0.000,0.000,0.00,0.00,no_room
2026.07.15 15:52:00,pullback,-1,4047.896,0.000,0.000,0.000,0.00,0.00,against_bias
2026.07.16 07:14:00,pullback,-1,4028.060,4030.068,0.000,0.000,0.00,0.00,sl_too_tight
2026.07.16 07:31:00,pullback,-1,4023.915,4026.947,0.000,0.000,0.00,0.00,no_room
2026.07.16 07:41:00,pullback,1,4026.791,0.000,0.000,0.000,0.00,0.00,against_bias
2026.07.16 07:47:00,pullback,1,4028.409,0.000,0.000,0.000,0.00,0.00,against_bias
2026.07.16 08:03:00,pullback,1,4031.776,0.000,0.000,0.000,0.00,0.00,against_bias
2026.07.16 08:11:00,pullback,-1,4026.701,4034.470,0.000,0.000,0.00,0.00,no_room
2026.07.16 08:20:00,pullback,1,4029.048,0.000,0.000,0.000,0.00,0.00,against_bias
2026.07.16 08:32:00,pullback,1,4033.714,0.000,0.000,0.000,0.00,0.00,against_bias
2026.07.16 08:48:00,pullback,1,4035.782,0.000,0.000,0.000,0.00,0.00,against_bias
2026.07.16 08:55:00,pullback,-1,4033.859,4036.843,0.000,0.000,0.00,0.00,sl_too_tight
2026.07.16 09:15:00,pullback,1,4036.922,4035.451,0.000,0.000,0.00,0.00,sl_too_tight
2026.07.16 09:21:00,pullback,-1,4035.559,0.000,0.000,0.000,0.00,0.00,against_bias
2026.07.16 09:36:00,pullback,1,4034.034,4030.405,0.000,0.000,0.00,0.00,no_room
2026.07.16 09:46:00,pullback,-1,4032.736,0.000,0.000,0.000,0.00,0.00,against_bias
2026.07.16 09:55:00,pullback,1,4035.070,4031.533,0.000,0.000,0.00,0.00,no_room
2026.07.16 10:02:00,pullback,-1,4031.677,0.000,0.000,0.000,0.00,0.00,against_bias
2026.07.16 10:22:00,pullback,1,4032.893,4029.494,0.000,0.000,0.00,0.00,no_room
2026.07.16 10:50:00,pullback,-1,4031.387,0.000,0.000,0.000,0.00,0.00,against_bias
2026.07.16 10:59:00,pullback,-1,4030.639,0.000,0.000,0.000,0.00,0.00,against_bias
2026.07.16 11:14:00,pullback,-1,4027.562,0.000,0.000,0.000,0.00,0.00,against_bias
2026.07.16 11:26:00,pullback,-1,4025.001,0.000,0.000,0.000,0.00,0.00,against_bias
2026.07.16 11:34:00,pullback,1,4027.502,4020.879,0.000,0.000,0.00,0.00,no_room
2026.07.16 11:44:00,pullback,1,4032.402,4028.835,0.000,0.000,0.00,0.00,no_room
2026.07.16 12:05:00,pullback,1,4041.528,4035.604,0.000,0.000,0.00,0.00,no_room
2026.07.16 12:07:00,pullback,-1,4035.881,0.000,0.000,0.000,0.00,0.00,against_bias
2026.07.16 12:38:00,pullback,-1,4019.457,0.000,0.000,0.000,0.00,0.00,against_bias
2026.07.16 12:52:00,pullback,-1,3999.044,4009.440,0.000,0.000,0.00,0.00,no_room
2026.07.16 12:57:00,pullback,-1,3996.039,4002.738,0.000,0.000,0.00,0.00,no_room
2026.07.16 13:25:00,pullback,1,3995.744,0.000,0.000,0.000,0.00,0.00,against_bias
2026.07.16 13:36:00,pullback,-1,3991.121,4008.908,0.000,0.000,0.00,0.00,no_room
2026.07.16 14:02:00,pullback,1,3996.916,0.000,0.000,0.000,0.00,0.00,against_bias
2026.07.16 14:27:00,pullback,1,3997.237,0.000,0.000,0.000,0.00,0.00,against_bias
2026.07.16 14:34:00,pullback,1,4000.609,0.000,0.000,0.000,0.00,0.00,against_bias
2026.07.16 14:47:00,pullback,1,4004.806,0.000,0.000,0.000,0.00,0.00,against_bias
2026.07.16 14:51:00,pullback,-1,3998.799,4006.947,0.000,0.000,0.00,0.00,no_room
2026.07.16 15:07:00,pullback,-1,3992.285,3999.417,0.000,0.000,0.00,0.00,no_room
2026.07.16 15:18:00,pullback,1,3995.787,0.000,0.000,0.000,0.00,0.00,against_bias
2026.07.16 15:47:00,pullback,-1,4009.386,4016.499,0.000,0.000,0.00,0.00,no_room
2026.07.16 15:57:00,pullback,-1,4008.299,4013.436,0.000,0.000,0.00,0.00,no_room
2026.07.17 07:04:00,pullback,1,4001.648,3996.451,0.000,0.000,0.00,0.00,no_room
2026.07.17 07:08:00,pullback,-1,3996.656,0.000,0.000,0.000,0.00,0.00,against_bias
2026.07.17 07:38:00,pullback,-1,3995.052,0.000,0.000,0.000,0.00,0.00,against_bias
2026.07.17 07:45:00,pullback,1,3997.572,3993.806,0.000,0.000,0.00,0.00,no_room
2026.07.17 07:54:00,pullback,-1,3995.534,0.000,0.000,0.000,0.00,0.00,against_bias
2026.07.17 08:05:00,pullback,1,3998.605,3991.846,0.000,0.000,0.00,0.00,no_room
2026.07.17 08:18:00,pullback,-1,3991.330,0.000,0.000,0.000,0.00,0.00,against_bias
2026.07.17 08:26:00,pullback,1,3993.045,3989.002,0.000,0.000,0.00,0.00,no_room
2026.07.17 08:38:00,pullback,-1,3989.937,0.000,0.000,0.000,0.00,0.00,against_bias
2026.07.17 08:45:00,pullback,1,3992.090,3987.524,0.000,0.000,0.00,0.00,no_room
2026.07.17 09:03:00,pullback,-1,3994.015,0.000,0.000,0.000,0.00,0.00,against_bias
2026.07.17 09:23:00,pullback,1,3998.638,3995.048,0.000,0.000,0.00,0.00,no_room
2026.07.17 09:47:00,pullback,-1,3995.144,0.000,0.000,0.000,0.00,0.00,against_bias
2026.07.17 10:02:00,pullback,-1,3996.067,0.000,0.000,0.000,0.00,0.00,against_bias
2026.07.17 10:20:00,pullback,-1,3994.789,0.000,0.000,0.000,0.00,0.00,against_bias
2026.07.17 10:51:00,pullback,-1,3993.990,0.000,0.000,0.000,0.00,0.00,against_bias
2026.07.17 10:59:00,pullback,-1,3991.051,0.000,0.000,0.000,0.00,0.00,against_bias
2026.07.17 11:21:00,pullback,1,3993.157,3989.987,0.000,0.000,0.00,0.00,no_room
2026.07.17 11:34:00,pullback,-1,3992.319,0.000,0.000,0.000,0.00,0.00,against_bias
2026.07.17 11:55:00,pullback,1,3996.087,3992.884,0.000,0.000,0.00,0.00,no_room
2026.07.17 12:04:00,pullback,-1,3993.474,0.000,0.000,0.000,0.00,0.00,against_bias
2026.07.17 12:21:00,pullback,-1,3988.880,0.000,0.000,0.000,0.00,0.00,against_bias
2026.07.17 12:33:00,pullback,-1,3984.337,3992.558,0.000,0.000,0.00,0.00,no_room
2026.07.17 13:02:00,pullback,-1,3963.871,3973.180,0.000,0.000,0.00,0.00,no_room
2026.07.17 13:05:00,pullback,1,3972.833,0.000,0.000,0.000,0.00,0.00,against_bias
2026.07.17 13:24:00,pullback,-1,3968.721,3975.579,0.000,0.000,0.00,0.00,no_room
2026.07.17 13:31:00,pullback,-1,3966.977,3973.880,0.000,0.000,0.00,0.00,no_room
2026.07.17 13:37:00,pullback,1,3972.383,0.000,0.000,0.000,0.00,0.00,against_bias
2026.07.17 13:59:00,pullback,1,3994.324,0.000,0.000,0.000,0.00,0.00,against_bias
2026.07.17 14:22:00,pullback,1,4000.863,0.000,0.000,0.000,0.00,0.00,against_bias
2026.07.17 14:32:00,pullback,-1,3995.854,4004.453,0.000,0.000,0.00,0.00,no_room
2026.07.17 14:48:00,pullback,1,3998.762,0.000,0.000,0.000,0.00,0.00,against_bias
2026.07.17 14:52:00,pullback,-1,3994.637,4000.840,0.000,0.000,0.00,0.00,no_room
2026.07.17 15:00:00,pullback,1,4000.577,3992.503,0.000,0.000,0.00,0.00,no_room
2026.07.17 15:30:00,pullback,1,4012.634,4006.026,0.000,0.000,0.00,0.00,no_room
2026.07.17 15:53:00,pullback,1,4018.499,4011.395,0.000,0.000,0.00,0.00,no_room
2026.07.20 07:08:00,pullback,1,4006.449,4001.809,0.000,0.000,0.00,0.00,no_room
2026.07.20 07:23:00,pullback,1,4004.715,4001.919,0.000,0.000,0.00,0.00,sl_too_tight
2026.07.20 07:33:00,pullback,1,4008.791,4003.007,0.000,0.000,0.00,0.00,no_room
2026.07.20 08:01:00,pullback,1,4018.650,4015.621,0.000,0.000,0.00,0.00,no_room
2026.07.20 08:17:00,pullback,1,4025.620,4018.524,0.000,0.000,0.00,0.00,no_room
2026.07.20 08:25:00,pullback,1,4028.338,4018.477,0.000,0.000,0.00,0.00,no_room
2026.07.20 08:30:00,pullback,-1,4022.976,0.000,0.000,0.000,0.00,0.00,against_bias
2026.07.20 08:52:00,pullback,-1,4020.070,0.000,0.000,0.000,0.00,0.00,against_bias
2026.07.20 09:06:00,pullback,-1,4018.151,0.000,0.000,0.000,0.00,0.00,against_bias
2026.07.20 09:13:00,pullback,1,4019.802,4015.019,0.000,0.000,0.00,0.00,no_room
2026.07.20 09:43:00,pullback,1,4020.540,4014.630,0.000,0.000,0.00,0.00,no_room
2026.07.20 09:50:00,pullback,1,4021.026,4017.417,0.000,0.000,0.00,0.00,no_room
2026.07.20 10:06:00,pullback,1,4021.442,4017.864,0.000,0.000,0.00,0.00,no_room
2026.07.20 10:18:00,pullback,-1,4019.543,0.000,0.000,0.000,0.00,0.00,against_bias
2026.07.20 10:21:00,pullback,1,4021.359,4018.634,0.000,0.000,0.00,0.00,sl_too_tight
2026.07.20 10:34:00,pullback,1,4023.321,4020.728,0.000,0.000,0.00,0.00,sl_too_tight
2026.07.20 10:52:00,pullback,1,4023.084,4020.882,0.000,0.000,0.00,0.00,sl_too_tight
2026.07.20 11:02:00,pullback,1,4025.791,4022.156,0.000,0.000,0.00,0.00,no_room
2026.07.20 11:11:00,pullback,-1,4022.706,0.000,0.000,0.000,0.00,0.00,against_bias
2026.07.20 11:31:00,pullback,1,4023.324,4019.688,0.000,0.000,0.00,0.00,no_room
2026.07.20 11:47:00,pullback,-1,4029.147,0.000,0.000,0.000,0.00,0.00,against_bias
2026.07.20 12:00:00,pullback,-1,4026.344,0.000,0.000,0.000,0.00,0.00,against_bias
2026.07.20 12:16:00,pullback,-1,4012.816,4017.305,0.000,0.000,0.00,0.00,no_room
2026.07.20 12:22:00,pullback,-1,4009.924,4015.084,0.000,0.000,0.00,0.00,no_room
2026.07.20 12:36:00,pullback,1,4013.969,0.000,0.000,0.000,0.00,0.00,against_bias
2026.07.20 12:41:00,pullback,-1,4010.948,4015.123,0.000,0.000,0.00,0.00,no_room
2026.07.20 13:05:00,pullback,1,4012.155,0.000,0.000,0.000,0.00,0.00,against_bias
2026.07.20 13:30:00,pullback,-1,4009.109,4012.826,0.000,0.000,0.00,0.00,no_room
2026.07.20 13:32:00,pullback,1,4012.613,0.000,0.000,0.000,0.00,0.00,against_bias
2026.07.20 13:41:00,pullback,1,4015.572,0.000,0.000,0.000,0.00,0.00,against_bias
2026.07.20 13:54:00,pullback,-1,4008.463,4013.674,0.000,0.000,0.00,0.00,no_room
2026.07.20 13:59:00,pullback,-1,4007.067,4012.224,0.000,0.000,0.00,0.00,no_room
2026.07.20 14:10:00,pullback,-1,4001.128,4012.234,0.000,0.000,0.00,0.00,no_room
2026.07.20 14:26:00,pullback,1,4003.267,0.000,0.000,0.000,0.00,0.00,against_bias
2026.07.20 14:47:00,pullback,1,4010.916,0.000,0.000,0.000,0.00,0.00,against_bias
2026.07.20 14:57:00,pullback,-1,4006.774,4013.868,0.000,0.000,0.00,0.00,no_room
2026.07.20 15:09:00,pullback,1,4010.776,0.000,0.000,0.000,0.00,0.00,against_bias
2026.07.20 15:41:00,pullback,-1,4011.021,4014.618,0.000,0.000,0.00,0.00,no_room
2026.07.20 15:47:00,pullback,1,4014.457,0.000,0.000,0.000,0.00,0.00,against_bias
2026.07.21 07:16:00,pullback,-1,4071.849,0.000,0.000,0.000,0.00,0.00,against_bias
2026.07.21 07:25:00,pullback,-1,4070.932,0.000,0.000,0.000,0.00,0.00,against_bias
2026.07.21 07:34:00,pullback,1,4070.648,4070.783,0.000,0.000,0.00,0.00,sl_on_wrong_side
2026.07.21 08:01:00,pullback,-1,4069.701,0.000,0.000,0.000,0.00,0.00,against_bias
2026.07.21 08:21:00,pullback,-1,4065.495,0.000,0.000,0.000,0.00,0.00,against_bias
2026.07.21 08:37:00,pullback,-1,4062.351,0.000,0.000,0.000,0.00,0.00,against_bias
2026.07.21 08:48:00,pullback,-1,4060.765,0.000,0.000,0.000,0.00,0.00,against_bias
2026.07.21 09:02:00,pullback,1,4063.482,4060.169,0.000,0.000,0.00,0.00,no_room
2026.07.21 09:23:00,pullback,1,4066.841,4064.625,0.000,0.000,0.00,0.00,sl_too_tight
2026.07.21 09:28:00,pullback,-1,4065.175,0.000,0.000,0.000,0.00,0.00,against_bias
2026.07.21 09:43:00,pullback,-1,4061.707,0.000,0.000,0.000,0.00,0.00,against_bias
2026.07.21 09:47:00,pullback,1,4064.160,4060.725,0.000,0.000,0.00,0.00,no_room
2026.07.21 10:05:00,pullback,-1,4065.550,0.000,0.000,0.000,0.00,0.00,against_bias
2026.07.21 10:26:00,pullback,1,4068.282,4064.637,0.000,0.000,0.00,0.00,no_room
2026.07.21 10:30:00,pullback,-1,4067.027,0.000,0.000,0.000,0.00,0.00,against_bias
2026.07.21 10:37:00,pullback,1,4069.308,4066.055,4073.101,4076.895,8.83,8.84,signal
2026.07.21 10:58:00,pullback,-1,4062.795,0.000,0.000,0.000,0.00,0.00,against_bias
2026.07.21 11:37:00,pullback,1,4059.925,0.000,0.000,0.000,0.00,0.00,against_bias
2026.07.21 11:42:00,pullback,-1,4057.626,4060.052,0.000,0.000,0.00,0.00,sl_too_tight
2026.07.21 11:58:00,pullback,-1,4055.512,4058.593,0.000,0.000,0.00,0.00,no_room
2026.07.21 12:01:00,pullback,1,4057.148,0.000,0.000,0.000,0.00,0.00,against_bias
2026.07.21 12:24:00,pullback,1,4060.921,0.000,0.000,0.000,0.00,0.00,against_bias
2026.07.21 12:36:00,pullback,-1,4057.676,4066.062,0.000,0.000,0.00,0.00,no_room
2026.07.21 12:44:00,pullback,-1,4053.619,4056.523,0.000,0.000,0.00,0.00,sl_too_tight
2026.07.21 12:48:00,pullback,1,4056.284,0.000,0.000,0.000,0.00,0.00,against_bias
2026.07.21 13:18:00,pullback,-1,4056.727,4060.699,0.000,0.000,0.00,0.00,no_room
2026.07.21 13:44:00,pullback,-1,4047.431,4057.856,0.000,0.000,0.00,0.00,no_room
2026.07.21 13:55:00,pullback,1,4051.756,0.000,0.000,0.000,0.00,0.00,against_bias
2026.07.21 14:11:00,pullback,1,4059.497,0.000,0.000,0.000,0.00,0.00,against_bias
2026.07.21 14:19:00,pullback,1,4066.075,0.000,0.000,0.000,0.00,0.00,against_bias
2026.07.21 14:30:00,pullback,1,4067.691,4060.701,0.000,0.000,0.00,0.00,no_room
2026.07.21 15:06:00,pullback,-1,4067.192,0.000,0.000,0.000,0.00,0.00,against_bias
2026.07.21 15:11:00,pullback,1,4070.958,4065.057,0.000,0.000,0.00,0.00,no_room
2026.07.21 15:16:00,pullback,1,4073.898,4065.057,0.000,0.000,0.00,0.00,no_room
2026.07.21 15:33:00,pullback,1,4078.414,4075.560,0.000,0.000,0.00,0.00,sl_too_tight
2026.07.21 15:46:00,pullback,-1,4075.947,0.000,0.000,0.000,0.00,0.00,against_bias
2026.07.22 07:05:00,pullback,-1,4113.325,0.000,0.000,0.000,0.00,0.00,against_bias
2026.07.22 07:13:00,pullback,1,4115.606,4111.550,0.000,0.000,0.00,0.00,no_room
2026.07.22 07:36:00,pullback,-1,4117.561,0.000,0.000,0.000,0.00,0.00,against_bias
2026.07.22 07:55:00,pullback,1,4113.691,4109.483,0.000,0.000,0.00,0.00,no_room
2026.07.22 08:05:00,pullback,1,4113.641,4108.884,0.000,0.000,0.00,0.00,no_room
2026.07.22 08:22:00,pullback,1,4116.123,4112.230,0.000,0.000,0.00,0.00,no_room
2026.07.22 08:32:00,pullback,1,4117.852,4115.129,0.000,0.000,0.00,0.00,sl_too_tight
2026.07.22 08:40:00,pullback,-1,4116.908,0.000,0.000,0.000,0.00,0.00,against_bias
2026.07.22 08:57:00,pullback,1,4118.616,4113.123,0.000,0.000,0.00,0.00,no_room
2026.07.22 09:08:00,pullback,1,4120.598,4117.323,0.000,0.000,0.00,0.00,no_room
2026.07.22 09:22:00,pullback,-1,4119.781,0.000,0.000,0.000,0.00,0.00,against_bias
2026.07.22 09:30:00,pullback,-1,4119.208,0.000,0.000,0.000,0.00,0.00,against_bias
2026.07.22 09:38:00,pullback,-1,4117.033,0.000,0.000,0.000,0.00,0.00,against_bias
2026.07.22 09:54:00,pullback,-1,4115.685,0.000,0.000,0.000,0.00,0.00,against_bias
2026.07.22 10:03:00,pullback,1,4117.872,4113.889,0.000,0.000,0.00,0.00,no_room
2026.07.22 10:16:00,pullback,1,4117.965,4115.774,0.000,0.000,0.00,0.00,sl_too_tight
2026.07.22 10:25:00,pullback,1,4121.218,4116.496,4126.750,4132.283,6.02,6.03,signal
2026.07.22 10:42:00,pullback,-1,4116.645,0.000,0.000,0.000,0.00,0.00,against_bias
2026.07.22 11:17:00,pullback,1,4120.970,4116.064,0.000,0.000,0.00,0.00,no_room
2026.07.22 11:27:00,pullback,-1,4118.457,0.000,0.000,0.000,0.00,0.00,against_bias
2026.07.22 11:41:00,pullback,-1,4117.429,0.000,0.000,0.000,0.00,0.00,against_bias
2026.07.22 11:50:00,pullback,1,4119.301,4112.255,0.000,0.000,0.00,0.00,no_room
2026.07.22 11:58:00,pullback,1,4121.521,4117.754,0.000,0.000,0.00,0.00,no_room
2026.07.22 12:19:00,pullback,1,4127.014,4123.333,0.000,0.000,0.00,0.00,no_room
2026.07.22 12:35:00,pullback,-1,4128.393,0.000,0.000,0.000,0.00,0.00,against_bias
2026.07.22 12:47:00,pullback,-1,4124.480,0.000,0.000,0.000,0.00,0.00,against_bias
2026.07.22 13:10:00,pullback,1,4120.486,0.000,0.000,0.000,0.00,0.00,against_bias
2026.07.22 13:44:00,pullback,1,4145.795,0.000,0.000,0.000,0.00,0.00,against_bias
2026.07.22 13:58:00,pullback,1,4148.200,0.000,0.000,0.000,0.00,0.00,against_bias
2026.07.22 14:16:00,pullback,-1,4153.267,4159.398,4144.915,4136.562,4.59,4.60,signal
2026.07.22 15:24:00,pullback,1,4158.635,0.000,0.000,0.000,0.00,0.00,against_bias
2026.07.22 15:41:00,pullback,1,4159.047,0.000,0.000,0.000,0.00,0.00,against_bias
2026.07.22 15:50:00,pullback,1,4161.042,0.000,0.000,0.000,0.00,0.00,against_bias
2026.07.23 07:02:00,pullback,-1,4116.828,4122.360,0.000,0.000,0.00,0.00,no_room
2026.07.23 07:07:00,pullback,-1,4113.984,4122.386,0.000,0.000,0.00,0.00,no_room
2026.07.23 07:25:00,pullback,-1,4107.597,4112.182,0.000,0.000,0.00,0.00,no_room
2026.07.23 07:31:00,pullback,-1,4105.431,4110.924,0.000,0.000,0.00,0.00,no_room
2026.07.23 07:39:00,pullback,-1,4101.986,4110.935,0.000,0.000,0.00,0.00,no_room
2026.07.23 08:20:00,pullback,-1,4090.041,4098.054,4080.956,4071.871,3.52,3.52,signal
2026.07.23 09:15:00,pullback,-1,4096.568,4098.944,0.000,0.000,0.00,0.00,sl_too_tight
2026.07.23 09:23:00,pullback,-1,4093.956,4097.308,0.000,0.000,0.00,0.00,no_room
2026.07.23 09:46:00,pullback,1,4092.833,0.000,0.000,0.000,0.00,0.00,against_bias
2026.07.23 09:58:00,pullback,-1,4089.810,4094.112,4081.207,4072.603,6.49,6.50,signal
2026.07.23 11:04:00,pullback,-1,4091.712,4095.539,0.000,0.000,0.00,0.00,no_room
2026.07.23 11:33:00,pullback,-1,4080.811,4085.328,0.000,0.000,0.00,0.00,no_room
2026.07.23 11:41:00,pullback,-1,4079.134,4085.334,0.000,0.000,0.00,0.00,no_room
2026.07.23 11:51:00,pullback,1,4081.963,0.000,0.000,0.000,0.00,0.00,against_bias
2026.07.23 12:02:00,pullback,-1,4082.876,4089.604,0.000,0.000,0.00,0.00,no_room
2026.07.23 12:15:00,pullback,-1,4081.710,4085.631,0.000,0.000,0.00,0.00,no_room
2026.07.23 12:25:00,pullback,-1,4073.239,4085.798,0.000,0.000,0.00,0.00,no_room
2026.07.23 12:32:00,pullback,-1,4070.183,4077.466,0.000,0.000,0.00,0.00,no_room
2026.07.23 12:37:00,pullback,-1,4067.540,4077.495,0.000,0.000,0.00,0.00,no_room
2026.07.23 12:49:00,pullback,-1,4063.899,4073.712,0.000,0.000,0.00,0.00,no_room
2026.07.23 13:00:00,pullback,-1,4061.805,4068.572,0.000,0.000,0.00,0.00,no_room
2026.07.23 13:28:00,pullback,1,4054.249,0.000,0.000,0.000,0.00,0.00,against_bias
2026.07.23 13:47:00,pullback,-1,4055.363,4062.752,0.000,0.000,0.00,0.00,no_room
2026.07.23 13:58:00,pullback,-1,4049.764,4059.455,0.000,0.000,0.00,0.00,no_room
2026.07.23 14:09:00,pullback,-1,4042.536,4051.126,0.000,0.000,0.00,0.00,no_room
2026.07.23 14:25:00,pullback,1,4051.549,0.000,0.000,0.000,0.00,0.00,against_bias
2026.07.23 14:38:00,pullback,1,4058.220,0.000,0.000,0.000,0.00,0.00,against_bias
2026.07.23 15:06:00,pullback,-1,4056.493,4060.470,0.000,0.000,0.00,0.00,no_room
2026.07.23 15:23:00,pullback,-1,4049.876,4057.184,0.000,0.000,0.00,0.00,no_room
2026.07.23 15:31:00,pullback,-1,4045.404,4053.901,0.000,0.000,0.00,0.00,no_room
2026.07.23 15:42:00,pullback,1,4051.118,0.000,0.000,0.000,0.00,0.00,against_bias
2026.07.24 07:22:00,pullback,1,4047.387,0.000,0.000,0.000,0.00,0.00,against_bias
2026.07.24 07:35:00,pullback,1,4050.921,0.000,0.000,0.000,0.00,0.00,against_bias
2026.07.24 07:40:00,pullback,-1,4047.697,4053.963,0.000,0.000,0.00,0.00,no_room
2026.07.24 07:58:00,pullback,1,4048.634,0.000,0.000,0.000,0.00,0.00,against_bias
2026.07.24 08:06:00,pullback,-1,4045.905,4049.813,0.000,0.000,0.00,0.00,no_room
2026.07.24 08:19:00,pullback,-1,4045.626,4048.165,0.000,0.000,0.00,0.00,sl_too_tight
2026.07.24 08:27:00,pullback,1,4048.194,0.000,0.000,0.000,0.00,0.00,against_bias
2026.07.24 08:41:00,pullback,1,4052.590,4048.751,0.000,0.000,0.00,0.00,no_room
2026.07.24 08:52:00,pullback,1,4055.569,4052.015,4061.235,4066.900,7.78,7.78,signal
2026.07.24 09:53:00,pullback,1,4056.269,4051.479,4061.284,4066.298,5.71,5.72,signal
2026.07.24 11:59:00,pullback,1,4056.917,4053.467,4061.232,4065.547,7.94,7.94,signal
2026.07.24 12:00:00,pullback,1,4056.917,0.000,4061.232,0.000,0.00,0.00,missed_move
2026.07.24 12:25:00,pullback,1,4057.825,4052.275,0.000,0.000,0.00,0.00,no_room
2026.07.24 12:39:00,pullback,-1,4056.219,0.000,0.000,0.000,0.00,0.00,against_bias
2026.07.24 13:00:00,pullback,1,4055.777,4051.594,4061.219,4066.660,6.54,6.55,signal
2026.07.24 13:06:00,pullback,-1,4051.709,0.000,0.000,0.000,0.00,0.00,against_bias
2026.07.24 13:32:00,pullback,1,4049.475,4045.738,0.000,0.000,0.00,0.00,no_room
2026.07.24 13:49:00,pullback,1,4056.717,4048.036,0.000,0.000,0.00,0.00,no_room
2026.07.24 13:59:00,pullback,1,4060.961,4055.612,0.000,0.000,0.00,0.00,no_room
2026.07.24 14:19:00,pullback,-1,4057.324,0.000,0.000,0.000,0.00,0.00,against_bias
2026.07.24 14:24:00,pullback,1,4062.149,4055.576,0.000,0.000,0.00,0.00,no_room
2026.07.24 14:58:00,pullback,1,4064.767,4060.833,0.000,0.000,0.00,0.00,no_room
2026.07.24 15:11:00,pullback,1,4067.116,4061.524,0.000,0.000,0.00,0.00,no_room
2026.07.24 15:38:00,pullback,1,4077.133,4072.156,0.000,0.000,0.00,0.00,no_room
2026.07.24 15:44:00,pullback,-1,4073.478,0.000,0.000,0.000,0.00,0.00,against_bias
2026.07.24 16:00:00,pullback,1,4077.194,4070.555,0.000,0.000,0.00,0.00,no_room
2026.07.27 07:02:00,pullback,1,4099.435,4095.232,0.000,0.000,0.00,0.00,no_room
2026.07.27 07:15:00,pullback,1,4100.953,4096.013,0.000,0.000,0.00,0.00,no_room
2026.07.27 07:37:00,pullback,-1,4101.224,0.000,0.000,0.000,0.00,0.00,against_bias
2026.07.27 07:51:00,pullback,-1,4095.793,0.000,0.000,0.000,0.00,0.00,against_bias
2026.07.27 08:04:00,pullback,-1,4088.632,0.000,0.000,0.000,0.00,0.00,against_bias
2026.07.27 08:21:00,pullback,-1,4089.886,0.000,0.000,0.000,0.00,0.00,against_bias
2026.07.27 08:26:00,pullback,1,4091.974,4088.649,0.000,0.000,0.00,0.00,no_room
2026.07.27 08:35:00,pullback,-1,4088.792,0.000,0.000,0.000,0.00,0.00,against_bias
2026.07.27 08:50:00,pullback,1,4092.936,4090.617,0.000,0.000,0.00,0.00,sl_too_tight
2026.07.27 08:54:00,pullback,1,4093.467,4090.621,0.000,0.000,0.00,0.00,sl_too_tight
2026.07.27 09:07:00,pullback,1,4096.794,4093.997,0.000,0.000,0.00,0.00,sl_too_tight
2026.07.27 09:17:00,pullback,-1,4093.747,0.000,0.000,0.000,0.00,0.00,against_bias
2026.07.27 09:30:00,pullback,-1,4092.128,0.000,0.000,0.000,0.00,0.00,against_bias
2026.07.27 09:44:00,pullback,1,4093.745,4090.117,0.000,0.000,0.00,0.00,no_room
2026.07.27 09:56:00,pullback,1,4099.323,4095.939,0.000,0.000,0.00,0.00,no_room
2026.07.27 10:01:00,pullback,-1,4096.089,0.000,0.000,0.000,0.00,0.00,against_bias
2026.07.27 10:07:00,pullback,-1,4094.049,0.000,0.000,0.000,0.00,0.00,against_bias
2026.07.27 10:11:00,pullback,-1,4093.021,0.000,0.000,0.000,0.00,0.00,against_bias
2026.07.27 10:22:00,pullback,1,4092.362,4086.086,0.000,0.000,0.00,0.00,no_room
2026.07.27 10:31:00,pullback,1,4093.982,4092.107,0.000,0.000,0.00,0.00,sl_too_tight
2026.07.27 10:49:00,pullback,1,4102.035,4092.088,0.000,0.000,0.00,0.00,no_room
2026.07.27 11:03:00,pullback,-1,4099.344,0.000,0.000,0.000,0.00,0.00,against_bias
2026.07.27 11:09:00,pullback,1,4101.063,4096.864,0.000,0.000,0.00,0.00,no_room
2026.07.27 11:27:00,pullback,-1,4099.725,0.000,0.000,0.000,0.00,0.00,against_bias
2026.07.27 11:29:00,pullback,-1,4099.601,0.000,0.000,0.000,0.00,0.00,against_bias
2026.07.27 11:45:00,pullback,-1,4096.031,0.000,0.000,0.000,0.00,0.00,against_bias
2026.07.27 12:03:00,pullback,1,4097.128,4093.292,0.000,0.000,0.00,0.00,no_room
2026.07.27 12:11:00,pullback,-1,4093.428,0.000,0.000,0.000,0.00,0.00,against_bias
2026.07.27 12:20:00,pullback,-1,4086.175,0.000,0.000,0.000,0.00,0.00,against_bias
2026.07.27 12:46:00,pullback,1,4087.872,4083.993,0.000,0.000,0.00,0.00,no_room
2026.07.27 12:50:00,pullback,-1,4084.186,0.000,0.000,0.000,0.00,0.00,against_bias
2026.07.27 12:59:00,pullback,1,4085.923,4081.146,0.000,0.000,0.00,0.00,no_room
2026.07.27 13:07:00,pullback,-1,4083.232,4089.280,0.000,0.000,0.00,0.00,no_room
2026.07.27 13:11:00,pullback,-1,4081.948,4089.288,0.000,0.000,0.00,0.00,no_room
2026.07.27 13:29:00,pullback,-1,4081.344,4085.748,0.000,0.000,0.00,0.00,no_room
2026.07.27 13:42:00,pullback,1,4085.498,0.000,0.000,0.000,0.00,0.00,against_bias
2026.07.27 13:58:00,pullback,-1,4075.380,4089.916,0.000,0.000,0.00,0.00,no_room
2026.07.27 14:28:00,pullback,-1,4072.457,4078.965,0.000,0.000,0.00,0.00,no_room
2026.07.27 14:47:00,pullback,1,4070.761,0.000,0.000,0.000,0.00,0.00,against_bias
2026.07.27 15:00:00,pullback,1,4074.658,0.000,0.000,0.000,0.00,0.00,against_bias
2026.07.27 15:15:00,pullback,1,4075.372,0.000,0.000,0.000,0.00,0.00,against_bias
2026.07.27 15:25:00,pullback,-1,4075.557,4079.607,0.000,0.000,0.00,0.00,no_room
2026.07.27 15:33:00,pullback,-1,4074.502,4079.598,0.000,0.000,0.00,0.00,no_room
2026.07.27 15:51:00,pullback,1,4076.897,0.000,0.000,0.000,0.00,0.00,against_bias
2026.07.28 07:12:00,pullback,1,4050.235,0.000,0.000,0.000,0.00,0.00,against_bias
2026.07.28 07:19:00,pullback,1,4051.291,0.000,0.000,0.000,0.00,0.00,against_bias
2026.07.28 07:35:00,pullback,-1,4049.316,4052.172,0.000,0.000,0.00,0.00,sl_too_tight
2026.07.28 07:46:00,pullback,-1,4048.264,4050.952,0.000,0.000,0.00,0.00,sl_too_tight
2026.07.28 07:59:00,pullback,-1,4046.805,4050.078,0.000,0.000,0.00,0.00,no_room
2026.07.28 08:03:00,pullback,1,4049.929,0.000,0.000,0.000,0.00,0.00,against_bias
2026.07.28 08:07:00,pullback,1,4052.917,0.000,0.000,0.000,0.00,0.00,against_bias
2026.07.28 08:11:00,pullback,-1,4046.108,4055.498,0.000,0.000,0.00,0.00,no_room
2026.07.28 08:24:00,pullback,1,4050.408,0.000,0.000,0.000,0.00,0.00,against_bias
2026.07.28 08:40:00,pullback,-1,4044.267,4051.316,0.000,0.000,0.00,0.00,no_room
2026.07.28 08:50:00,pullback,1,4044.743,0.000,0.000,0.000,0.00,0.00,against_bias
2026.07.28 09:09:00,pullback,-1,4041.598,4046.059,0.000,0.000,0.00,0.00,no_room
2026.07.28 09:15:00,pullback,-1,4041.310,4046.057,0.000,0.000,0.00,0.00,no_room
2026.07.28 09:20:00,pullback,1,4043.294,0.000,0.000,0.000,0.00,0.00,against_bias
2026.07.28 09:30:00,pullback,-1,4040.497,4044.209,0.000,0.000,0.00,0.00,no_room
2026.07.28 09:36:00,pullback,-1,4035.871,4044.296,0.000,0.000,0.00,0.00,no_room
2026.07.28 09:58:00,pullback,-1,4028.157,4034.447,0.000,0.000,0.00,0.00,no_room
2026.07.28 10:08:00,pullback,1,4025.314,0.000,0.000,0.000,0.00,0.00,against_bias
2026.07.28 10:22:00,pullback,-1,4020.440,4026.090,0.000,0.000,0.00,0.00,no_room
2026.07.28 10:33:00,pullback,1,4020.414,0.000,0.000,0.000,0.00,0.00,against_bias
2026.07.28 10:47:00,pullback,1,4023.542,0.000,0.000,0.000,0.00,0.00,against_bias
2026.07.28 10:54:00,pullback,1,4026.176,0.000,0.000,0.000,0.00,0.00,against_bias
2026.07.28 11:04:00,pullback,-1,4025.922,4029.013,0.000,0.000,0.00,0.00,no_room
2026.07.28 11:14:00,pullback,-1,4025.004,4028.905,0.000,0.000,0.00,0.00,no_room
2026.07.28 11:16:00,pullback,1,4028.733,0.000,0.000,0.000,0.00,0.00,against_bias
2026.07.28 11:37:00,pullback,1,4028.916,0.000,0.000,0.000,0.00,0.00,against_bias
2026.07.28 11:48:00,pullback,-1,4026.350,4031.845,0.000,0.000,0.00,0.00,no_room
2026.07.28 12:00:00,pullback,1,4027.267,0.000,0.000,0.000,0.00,0.00,against_bias
2026.07.28 12:20:00,pullback,1,4028.070,0.000,0.000,0.000,0.00,0.00,against_bias
2026.07.28 12:41:00,pullback,1,4030.194,0.000,0.000,0.000,0.00,0.00,against_bias
2026.07.28 13:16:00,pullback,-1,4031.913,4035.962,0.000,0.000,0.00,0.00,no_room
2026.07.28 13:30:00,pullback,-1,4029.582,4036.370,0.000,0.000,0.00,0.00,no_room
2026.07.28 13:37:00,pullback,-1,4027.143,4036.443,0.000,0.000,0.00,0.00,no_room
2026.07.28 13:53:00,pullback,1,4025.422,0.000,0.000,0.000,0.00,0.00,against_bias
2026.07.28 14:06:00,pullback,1,4027.303,0.000,0.000,0.000,0.00,0.00,against_bias
2026.07.28 14:20:00,pullback,-1,4021.575,4033.851,0.000,0.000,0.00,0.00,no_room
2026.07.28 14:50:00,pullback,1,4025.152,0.000,0.000,0.000,0.00,0.00,against_bias
2026.07.28 15:06:00,pullback,-1,4024.206,4030.242,0.000,0.000,0.00,0.00,no_room
2026.07.28 15:13:00,pullback,1,4030.029,0.000,0.000,0.000,0.00,0.00,against_bias
2026.07.28 15:21:00,pullback,1,4036.481,0.000,0.000,0.000,0.00,0.00,against_bias
2026.07.28 15:31:00,pullback,-1,4035.226,4040.325,0.000,0.000,0.00,0.00,no_room
2026.07.28 15:42:00,pullback,1,4038.546,0.000,0.000,0.000,0.00,0.00,against_bias
2026.07.28 15:54:00,pullback,1,4045.064,4031.886,0.000,0.000,0.00,0.00,no_room
2026.07.29 07:02:00,pullback,1,4042.578,4039.713,0.000,0.000,0.00,0.00,sl_too_tight
2026.07.29 07:11:00,pullback,1,4044.993,4041.736,0.000,0.000,0.00,0.00,no_room
2026.07.29 07:23:00,pullback,1,4046.467,4043.885,0.000,0.000,0.00,0.00,sl_too_tight
2026.07.29 07:49:00,pullback,-1,4045.671,0.000,0.000,0.000,0.00,0.00,against_bias
2026.07.29 08:10:00,pullback,-1,4042.528,0.000,0.000,0.000,0.00,0.00,against_bias
2026.07.29 08:25:00,pullback,-1,4039.097,0.000,0.000,0.000,0.00,0.00,against_bias
2026.07.29 08:39:00,pullback,1,4037.944,4035.702,0.000,0.000,0.00,0.00,sl_too_tight
2026.07.29 08:47:00,pullback,1,4039.100,4035.714,0.000,0.000,0.00,0.00,no_room
2026.07.29 09:01:00,pullback,-1,4037.041,0.000,0.000,0.000,0.00,0.00,against_bias
2026.07.29 09:23:00,pullback,-1,4035.370,0.000,0.000,0.000,0.00,0.00,against_bias
2026.07.29 09:31:00,pullback,-1,4033.577,0.000,0.000,0.000,0.00,0.00,against_bias
2026.07.29 09:47:00,pullback,1,4034.919,4032.300,0.000,0.000,0.00,0.00,sl_too_tight
2026.07.29 09:51:00,pullback,1,4035.724,4032.313,0.000,0.000,0.00,0.00,no_room
2026.07.29 10:18:00,pullback,-1,4030.913,0.000,0.000,0.000,0.00,0.00,against_bias
2026.07.29 10:30:00,pullback,1,4032.760,4030.018,0.000,0.000,0.00,0.00,sl_too_tight
2026.07.29 10:39:00,pullback,-1,4030.138,0.000,0.000,0.000,0.00,0.00,against_bias
2026.07.29 11:02:00,pullback,1,4028.547,4025.869,0.000,0.000,0.00,0.00,sl_too_tight
2026.07.29 11:08:00,pullback,-1,4025.976,0.000,0.000,0.000,0.00,0.00,against_bias
2026.07.29 11:15:00,pullback,1,4029.314,4024.653,0.000,0.000,0.00,0.00,no_room
2026.07.29 11:29:00,pullback,1,4033.084,4024.666,0.000,0.000,0.00,0.00,no_room
2026.07.29 11:33:00,pullback,-1,4031.609,0.000,0.000,0.000,0.00,0.00,against_bias
2026.07.29 11:48:00,pullback,1,4032.385,4029.859,0.000,0.000,0.00,0.00,sl_too_tight
2026.07.29 12:07:00,pullback,-1,4030.344,0.000,0.000,0.000,0.00,0.00,against_bias
2026.07.29 12:30:00,pullback,-1,4014.143,4031.706,0.000,0.000,0.00,0.00,no_room
2026.07.29 13:01:00,pullback,1,4023.613,0.000,0.000,0.000,0.00,0.00,against_bias
2026.07.29 13:04:00,pullback,-1,4021.353,4023.818,0.000,0.000,0.00,0.00,sl_too_tight
2026.07.29 13:22:00,pullback,1,4018.925,0.000,0.000,0.000,0.00,0.00,against_bias
2026.07.29 13:30:00,pullback,-1,4015.542,4023.654,0.000,0.000,0.00,0.00,no_room
2026.07.29 13:52:00,pullback,-1,4010.860,4018.262,0.000,0.000,0.00,0.00,no_room
2026.07.29 14:08:00,pullback,-1,4001.092,4009.121,0.000,0.000,0.00,0.00,no_room
2026.07.29 14:19:00,pullback,1,4006.653,0.000,0.000,0.000,0.00,0.00,against_bias
2026.07.29 14:44:00,pullback,-1,4002.928,4009.477,0.000,0.000,0.00,0.00,no_room
2026.07.29 14:54:00,pullback,1,4002.723,0.000,0.000,0.000,0.00,0.00,against_bias
2026.07.29 15:10:00,pullback,1,4009.039,0.000,0.000,0.000,0.00,0.00,against_bias
2026.07.29 15:20:00,pullback,-1,4005.646,4008.779,0.000,0.000,0.00,0.00,no_room
2026.07.29 15:24:00,pullback,1,4008.594,0.000,0.000,0.000,0.00,0.00,against_bias
2026.07.29 15:29:00,pullback,1,4010.416,0.000,0.000,0.000,0.00,0.00,against_bias
2026.07.29 15:39:00,pullback,-1,4009.685,4013.713,0.000,0.000,0.00,0.00,no_room
2026.07.30 07:02:00,pullback,1,4040.598,0.000,0.000,0.000,0.00,0.00,against_bias
2026.07.30 07:18:00,pullback,1,4047.909,0.000,0.000,0.000,0.00,0.00,against_bias
2026.07.30 07:29:00,pullback,-1,4044.451,4048.426,0.000,0.000,0.00,0.00,no_room
2026.07.30 07:56:00,pullback,-1,4040.109,4047.609,0.000,0.000,0.00,0.00,no_room
2026.07.30 08:05:00,pullback,1,4040.934,0.000,0.000,0.000,0.00,0.00,against_bias
2026.07.30 08:13:00,pullback,1,4053.656,0.000,0.000,0.000,0.00,0.00,against_bias
2026.07.30 08:20:00,pullback,1,4056.211,0.000,0.000,0.000,0.00,0.00,against_bias
2026.07.30 08:32:00,pullback,1,4068.370,0.000,0.000,0.000,0.00,0.00,against_bias
2026.07.30 08:53:00,pullback,-1,4062.826,4071.242,0.000,0.000,0.00,0.00,no_room
2026.07.30 09:22:00,pullback,1,4069.300,0.000,0.000,0.000,0.00,0.00,against_bias
2026.07.30 09:33:00,pullback,-1,4064.283,4072.807,0.000,0.000,0.00,0.00,no_room
2026.07.30 09:46:00,pullback,-1,4064.265,4069.472,0.000,0.000,0.00,0.00,no_room
2026.07.30 09:48:00,pullback,1,4066.063,0.000,0.000,0.000,0.00,0.00,against_bias
2026.07.30 10:00:00,pullback,-1,4063.644,4073.367,0.000,0.000,0.00,0.00,no_room
2026.07.30 10:08:00,pullback,1,4067.988,0.000,0.000,0.000,0.00,0.00,against_bias
2026.07.30 10:17:00,pullback,1,4074.803,0.000,0.000,0.000,0.00,0.00,against_bias
2026.07.30 10:36:00,pullback,1,4079.284,0.000,0.000,0.000,0.00,0.00,against_bias
2026.07.30 10:44:00,pullback,1,4081.517,0.000,0.000,0.000,0.00,0.00,against_bias
2026.07.30 11:08:00,pullback,1,4081.080,0.000,0.000,0.000,0.00,0.00,against_bias
2026.07.30 11:20:00,pullback,-1,4078.661,4082.988,0.000,0.000,0.00,0.00,no_room
2026.07.30 11:47:00,pullback,-1,4076.778,4079.428,0.000,0.000,0.00,0.00,sl_too_tight
2026.07.30 11:55:00,pullback,1,4079.283,0.000,0.000,0.000,0.00,0.00,against_bias
2026.07.30 12:02:00,pullback,-1,4076.207,4080.753,0.000,0.000,0.00,0.00,no_room
2026.07.30 12:06:00,pullback,1,4080.586,0.000,0.000,0.000,0.00,0.00,against_bias
2026.07.30 12:19:00,pullback,-1,4074.506,4082.821,0.000,0.000,0.00,0.00,no_room
2026.07.30 12:52:00,pullback,-1,4072.923,4082.329,0.000,0.000,0.00,0.00,no_room
2026.07.30 13:08:00,pullback,1,4074.038,0.000,0.000,0.000,0.00,0.00,against_bias
2026.07.30 13:22:00,pullback,1,4077.438,0.000,0.000,0.000,0.00,0.00,against_bias
2026.07.30 13:37:00,pullback,1,4081.961,0.000,0.000,0.000,0.00,0.00,against_bias
2026.07.30 13:49:00,pullback,1,4098.605,4074.202,0.000,0.000,0.00,0.00,no_room
2026.07.30 13:55:00,pullback,1,4101.676,4085.092,0.000,0.000,0.00,0.00,no_room
2026.07.30 14:20:00,pullback,-1,4093.918,0.000,0.000,0.000,0.00,0.00,against_bias
2026.07.30 14:34:00,pullback,1,4098.652,4086.703,0.000,0.000,0.00,0.00,no_room
2026.07.30 15:07:00,pullback,-1,4096.240,0.000,0.000,0.000,0.00,0.00,against_bias
2026.07.30 15:34:00,pullback,1,4097.335,4092.206,0.000,0.000,0.00,0.00,no_room
2026.07.30 15:41:00,pullback,1,4100.828,4092.221,0.000,0.000,0.00,0.00,no_room
2026.07.30 15:52:00,pullback,1,4107.036,4092.234,0.000,0.000,0.00,0.00,no_room
2026.07.30 15:57:00,pullback,1,4108.185,4104.241,0.000,0.000,0.00,0.00,no_room
2026.07.31 07:03:00,pullback,-1,4076.251,4079.390,4072.819,4069.387,0.00,0.00,order_failed
2026.07.31 07:30:00,pullback,-1,4074.347,4079.243,0.000,0.000,0.00,0.00,no_room
2026.07.31 07:51:00,pullback,-1,4071.165,4074.097,0.000,0.000,0.00,0.00,sl_too_tight
2026.07.31 08:00:00,pullback,-1,4069.492,4071.804,0.000,0.000,0.00,0.00,sl_too_tight
2026.07.31 08:13:00,pullback,-1,4062.544,4071.917,0.000,0.000,0.00,0.00,no_room
2026.07.31 08:20:00,pullback,1,4065.343,0.000,0.000,0.000,0.00,0.00,against_bias
2026.07.31 08:25:00,pullback,-1,4060.925,4067.428,0.000,0.000,0.00,0.00,no_room
2026.07.31 08:48:00,pullback,1,4061.548,0.000,0.000,0.000,0.00,0.00,against_bias
2026.07.31 08:58:00,pullback,1,4062.922,0.000,0.000,0.000,0.00,0.00,against_bias
2026.07.31 09:05:00,pullback,-1,4060.718,4064.521,0.000,0.000,0.00,0.00,no_room
2026.07.31 09:10:00,pullback,-1,4058.576,4064.536,0.000,0.000,0.00,0.00,no_room
2026.07.31 09:23:00,pullback,-1,4054.524,4064.472,0.000,0.000,0.00,0.00,no_room
2026.07.31 09:35:00,pullback,-1,4051.430,4057.745,0.000,0.000,0.00,0.00,no_room
2026.07.31 09:48:00,pullback,1,4054.509,0.000,0.000,0.000,0.00,0.00,against_bias
2026.07.31 10:08:00,pullback,1,4057.005,0.000,0.000,0.000,0.00,0.00,against_bias
2026.07.31 10:25:00,pullback,-1,4052.443,4058.506,0.000,0.000,0.00,0.00,no_room
2026.07.31 10:31:00,pullback,1,4055.062,0.000,0.000,0.000,0.00,0.00,against_bias
2026.07.31 10:46:00,pullback,1,4056.407,0.000,0.000,0.000,0.00,0.00,against_bias
2026.07.31 11:02:00,pullback,-1,4052.724,4055.493,0.000,0.000,0.00,0.00,sl_too_tight
2026.07.31 11:05:00,pullback,1,4055.380,0.000,0.000,0.000,0.00,0.00,against_bias
2026.07.31 11:25:00,pullback,1,4059.447,0.000,0.000,0.000,0.00,0.00,against_bias
2026.07.31 11:39:00,pullback,-1,4053.318,4055.854,0.000,0.000,0.00,0.00,sl_too_tight
2026.07.31 12:04:00,pullback,1,4055.539,0.000,0.000,0.000,0.00,0.00,against_bias
2026.07.31 12:21:00,pullback,-1,4055.656,4059.680,0.000,0.000,0.00,0.00,no_room
2026.07.31 12:30:00,pullback,-1,4049.784,4052.499,0.000,0.000,0.00,0.00,sl_too_tight
2026.07.31 12:41:00,pullback,-1,4044.492,4052.019,0.000,0.000,0.00,0.00,no_room
2026.07.31 12:50:00,pullback,-1,4042.392,4051.953,0.000,0.000,0.00,0.00,no_room
2026.07.31 12:54:00,pullback,1,4045.547,0.000,0.000,0.000,0.00,0.00,against_bias
2026.07.31 13:01:00,pullback,-1,4040.861,4046.663,0.000,0.000,0.00,0.00,no_room
2026.07.31 13:23:00,pullback,1,4042.712,0.000,0.000,0.000,0.00,0.00,against_bias
2026.07.31 13:35:00,pullback,-1,4035.642,4047.416,0.000,0.000,0.00,0.00,no_room
2026.07.31 13:55:00,pullback,1,4028.526,0.000,0.000,0.000,0.00,0.00,against_bias
2026.07.31 14:08:00,pullback,-1,4025.231,4032.799,0.000,0.000,0.00,0.00,no_room
2026.07.31 14:17:00,pullback,1,4032.484,0.000,0.000,0.000,0.00,0.00,against_bias
2026.07.31 14:27:00,pullback,1,4038.409,0.000,0.000,0.000,0.00,0.00,against_bias
2026.07.31 14:35:00,pullback,1,4040.129,0.000,0.000,0.000,0.00,0.00,against_bias
2026.07.31 14:50:00,pullback,1,4043.025,0.000,0.000,0.000,0.00,0.00,against_bias
2026.07.31 14:59:00,pullback,1,4048.957,0.000,0.000,0.000,0.00,0.00,against_bias
2026.07.31 15:12:00,pullback,-1,4044.243,4049.593,0.000,0.000,0.00,0.00,no_room
2026.07.31 15:30:00,pullback,-1,4041.936,4044.816,0.000,0.000,0.00,0.00,sl_too_tight
2026.07.31 15:50:00,pullback,-1,4040.586,4043.763,0.000,0.000,0.00,0.00,no_room
2026.07.31 15:52:00,pullback,1,4043.579,0.000,0.000,0.000,0.00,0.00,against_bias
2026.08.03 07:03:00,pullback,-1,4062.739,0.000,0.000,0.000,0.00,0.00,against_bias
2026.08.03 07:17:00,pullback,-1,4059.563,0.000,0.000,0.000,0.00,0.00,against_bias
2026.08.03 07:38:00,pullback,-1,4057.323,0.000,0.000,0.000,0.00,0.00,against_bias
2026.08.03 07:53:00,pullback,1,4061.224,4058.181,0.000,0.000,0.00,0.00,no_room
2026.08.03 08:14:00,pullback,1,4061.567,4059.177,0.000,0.000,0.00,0.00,sl_too_tight
2026.08.03 08:18:00,pullback,-1,4059.324,0.000,0.000,0.000,0.00,0.00,against_bias
2026.08.03 08:28:00,pullback,-1,4057.090,0.000,0.000,0.000,0.00,0.00,against_bias
2026.08.03 08:57:00,pullback,1,4060.105,4057.637,0.000,0.000,0.00,0.00,sl_too_tight
2026.08.03 09:05:00,pullback,-1,4057.766,0.000,0.000,0.000,0.00,0.00,against_bias
2026.08.03 09:13:00,pullback,1,4060.329,4057.042,0.000,0.000,0.00,0.00,no_room
2026.08.03 09:22:00,pullback,-1,4057.166,0.000,0.000,0.000,0.00,0.00,against_bias
2026.08.03 09:28:00,pullback,-1,4052.712,0.000,0.000,0.000,0.00,0.00,against_bias
2026.08.03 09:51:00,pullback,1,4055.984,4046.427,0.000,0.000,0.00,0.00,no_room
2026.08.03 10:22:00,pullback,-1,4053.422,0.000,0.000,0.000,0.00,0.00,against_bias
2026.08.03 10:26:00,pullback,-1,4052.484,0.000,0.000,0.000,0.00,0.00,against_bias
2026.08.03 10:33:00,pullback,-1,4051.798,0.000,0.000,0.000,0.00,0.00,against_bias
2026.08.03 10:43:00,pullback,-1,4049.786,0.000,0.000,0.000,0.00,0.00,against_bias
2026.08.03 10:51:00,pullback,-1,4048.174,4050.896,0.000,0.000,0.00,0.00,sl_too_tight
2026.08.03 11:04:00,pullback,1,4049.605,0.000,0.000,0.000,0.00,0.00,against_bias
2026.08.03 11:24:00,pullback,-1,4046.692,4053.144,0.000,0.000,0.00,0.00,no_room
2026.08.03 11:34:00,pullback,1,4049.907,0.000,0.000,0.000,0.00,0.00,against_bias
2026.08.03 11:41:00,pullback,1,4051.493,0.000,0.000,0.000,0.00,0.00,against_bias
2026.08.03 11:48:00,pullback,1,4055.070,0.000,0.000,0.000,0.00,0.00,against_bias
2026.08.03 12:01:00,pullback,1,4063.058,0.000,0.000,0.000,0.00,0.00,against_bias
2026.08.03 12:06:00,pullback,-1,4059.755,4064.886,0.000,0.000,0.00,0.00,no_room
2026.08.03 12:20:00,pullback,-1,4054.830,4060.467,0.000,0.000,0.00,0.00,no_room
2026.08.03 12:38:00,pullback,-1,4047.911,4052.780,0.000,0.000,0.00,0.00,no_room
2026.08.03 12:57:00,pullback,1,4046.488,0.000,0.000,0.000,0.00,0.00,against_bias
2026.08.03 13:03:00,pullback,-1,4043.011,4046.727,0.000,0.000,0.00,0.00,no_room
2026.08.03 13:15:00,pullback,-1,4040.733,4046.218,0.000,0.000,0.00,0.00,no_room
2026.08.03 13:33:00,pullback,-1,4031.291,4046.205,0.000,0.000,0.00,0.00,no_room
2026.08.03 13:59:00,pullback,1,4032.959,0.000,0.000,0.000,0.00,0.00,against_bias
2026.08.03 14:03:00,pullback,1,4034.005,0.000,0.000,0.000,0.00,0.00,against_bias
2026.08.03 14:10:00,pullback,-1,4027.705,4036.599,0.000,0.000,0.00,0.00,no_room
2026.08.03 14:15:00,pullback,1,4032.477,0.000,0.000,0.000,0.00,0.00,against_bias
2026.08.03 14:26:00,pullback,1,4034.852,0.000,0.000,0.000,0.00,0.00,against_bias
2026.08.03 14:57:00,pullback,1,4037.054,0.000,0.000,0.000,0.00,0.00,against_bias
2026.08.03 15:04:00,pullback,-1,4033.741,4039.526,0.000,0.000,0.00,0.00,no_room
2026.08.03 15:21:00,pullback,1,4037.187,0.000,0.000,0.000,0.00,0.00,against_bias
2026.08.03 15:37:00,pullback,1,4034.726,0.000,0.000,0.000,0.00,0.00,against_bias
2026.08.03 15:56:00,pullback,-1,4037.244,4040.167,0.000,0.000,0.00,0.00,sl_too_tight
2026.08.04 07:25:00,pullback,1,4065.309,0.000,0.000,0.000,0.00,0.00,against_bias
2026.08.04 07:34:00,pullback,1,4065.725,0.000,0.000,0.000,0.00,0.00,against_bias
2026.08.04 07:39:00,pullback,-1,4062.522,4067.042,0.000,0.000,0.00,0.00,no_room
2026.08.04 08:02:00,pullback,1,4066.053,0.000,0.000,0.000,0.00,0.00,against_bias
2026.08.04 08:16:00,pullback,-1,4068.143,0.000,0.000,0.000,0.00,0.00,against_bias
2026.08.04 08:22:00,pullback,-1,4066.896,0.000,0.000,0.000,0.00,0.00,against_bias
2026.08.04 08:39:00,pullback,-1,4060.378,0.000,0.000,0.000,0.00,0.00,against_bias
2026.08.04 08:47:00,pullback,-1,4058.389,0.000,0.000,0.000,0.00,0.00,against_bias
2026.08.04 08:57:00,pullback,-1,4055.167,0.000,0.000,0.000,0.00,0.00,against_bias
2026.08.04 09:36:00,pullback,-1,4048.809,4052.111,0.000,0.000,0.00,0.00,no_room
2026.08.04 10:09:00,pullback,-1,4048.169,4050.080,0.000,0.000,0.00,0.00,sl_too_tight
2026.08.04 10:18:00,pullback,-1,4046.818,4050.088,0.000,0.000,0.00,0.00,no_room
2026.08.04 10:31:00,pullback,1,4049.349,0.000,0.000,0.000,0.00,0.00,against_bias
2026.08.04 10:45:00,pullback,1,4051.604,0.000,0.000,0.000,0.00,0.00,against_bias
2026.08.04 11:02:00,pullback,-1,4053.111,4060.996,0.000,0.000,0.00,0.00,no_room
2026.08.04 11:11:00,pullback,1,4055.701,0.000,0.000,0.000,0.00,0.00,against_bias
2026.08.04 11:26:00,pullback,1,4058.692,0.000,0.000,0.000,0.00,0.00,against_bias
2026.08.04 11:44:00,pullback,1,4064.217,0.000,0.000,0.000,0.00,0.00,against_bias
2026.08.04 12:02:00,pullback,-1,4069.049,0.000,0.000,0.000,0.00,0.00,against_bias
2026.08.04 12:08:00,pullback,-1,4065.624,0.000,0.000,0.000,0.00,0.00,against_bias
2026.08.04 12:31:00,pullback,1,4070.249,4060.641,0.000,0.000,0.00,0.00,no_room
2026.08.04 13:05:00,pullback,-1,4066.393,0.000,0.000,0.000,0.00,0.00,against_bias
2026.08.04 13:21:00,pullback,1,4065.456,4061.827,0.000,0.000,0.00,0.00,no_room
2026.08.04 13:36:00,pullback,1,4084.744,4075.426,0.000,0.000,0.00,0.00,no_room
2026.08.04 13:49:00,pullback,1,4091.792,4075.568,0.000,0.000,0.00,0.00,no_room
2026.08.04 14:18:00,pullback,-1,4085.308,0.000,0.000,0.000,0.00,0.00,against_bias
2026.08.04 14:35:00,pullback,-1,4079.674,0.000,0.000,0.000,0.00,0.00,against_bias
2026.08.04 14:51:00,pullback,1,4081.298,4073.955,0.000,0.000,0.00,0.00,no_room
2026.08.04 15:06:00,pullback,-1,4081.300,0.000,0.000,0.000,0.00,0.00,against_bias
2026.08.04 15:10:00,pullback,1,4084.747,4081.089,0.000,0.000,0.00,0.00,no_room
2026.08.04 15:17:00,pullback,-1,4079.434,0.000,0.000,0.000,0.00,0.00,against_bias
2026.08.04 15:39:00,pullback,1,4080.124,4076.352,0.000,0.000,0.00,0.00,no_room
2026.08.04 15:51:00,pullback,1,4085.775,4082.361,0.000,0.000,0.00,0.00,no_room
2026.08.05 07:01:00,pullback,1,4178.077,4172.776,0.000,0.000,0.00,0.00,no_room
2026.08.05 07:05:00,pullback,-1,4172.983,0.000,0.000,0.000,0.00,0.00,against_bias
2026.08.05 07:27:00,pullback,-1,4166.498,0.000,0.000,0.000,0.00,0.00,against_bias
2026.08.05 07:36:00,pullback,-1,4162.921,0.000,0.000,0.000,0.00,0.00,against_bias
2026.08.05 07:46:00,pullback,1,4166.639,4161.963,0.000,0.000,0.00,0.00,no_room
2026.08.05 07:57:00,pullback,1,4168.880,4164.058,4174.118,4179.356,5.62,5.63,signal
2026.08.05 08:23:00,pullback,-1,4164.725,0.000,0.000,0.000,0.00,0.00,against_bias
2026.08.05 08:41:00,pullback,-1,4163.384,0.000,0.000,0.000,0.00,0.00,against_bias
2026.08.05 08:44:00,pullback,1,4166.083,4163.214,0.000,0.000,0.00,0.00,sl_too_tight
2026.08.05 08:59:00,pullback,-1,4160.007,0.000,0.000,0.000,0.00,0.00,against_bias
2026.08.05 09:01:00,pullback,1,4161.934,4159.831,0.000,0.000,0.00,0.00,sl_too_tight
2026.08.05 09:22:00,pullback,-1,4158.862,0.000,0.000,0.000,0.00,0.00,against_bias
2026.08.05 09:39:00,pullback,1,4158.620,4154.137,0.000,0.000,0.00,0.00,no_room
2026.08.05 09:57:00,pullback,-1,4156.268,0.000,0.000,0.000,0.00,0.00,against_bias
2026.08.05 09:59:00,pullback,1,4158.150,4156.083,0.000,0.000,0.00,0.00,sl_too_tight
2026.08.05 10:04:00,pullback,-1,4152.999,0.000,0.000,0.000,0.00,0.00,against_bias
2026.08.05 10:13:00,pullback,-1,4151.893,0.000,0.000,0.000,0.00,0.00,against_bias
2026.08.05 10:19:00,pullback,1,4153.920,4151.753,0.000,0.000,0.00,0.00,sl_too_tight
2026.08.05 10:36:00,pullback,-1,4154.814,0.000,0.000,0.000,0.00,0.00,against_bias
2026.08.05 10:56:00,pullback,1,4156.747,4153.845,0.000,0.000,0.00,0.00,sl_too_tight
2026.08.05 11:28:00,pullback,1,4173.289,4153.772,0.000,0.000,0.00,0.00,no_room
2026.08.05 11:36:00,pullback,1,4180.770,4168.887,0.000,0.000,0.00,0.00,no_room
2026.08.05 11:44:00,pullback,1,4187.682,4182.228,0.000,0.000,0.00,0.00,no_room
2026.08.05 11:53:00,pullback,1,4188.711,4182.489,0.000,0.000,0.00,0.00,no_room
2026.08.05 12:04:00,pullback,1,4192.645,4182.548,0.000,0.000,0.00,0.00,no_room
2026.08.05 12:41:00,pullback,-1,4197.794,0.000,0.000,0.000,0.00,0.00,against_bias
2026.08.05 12:52:00,pullback,-1,4191.118,0.000,0.000,0.000,0.00,0.00,against_bias
2026.08.05 13:13:00,pullback,-1,4191.133,0.000,0.000,0.000,0.00,0.00,against_bias
2026.08.05 13:32:00,pullback,1,4197.671,4192.887,0.000,0.000,0.00,0.00,no_room
2026.08.05 13:49:00,pullback,-1,4192.450,0.000,0.000,0.000,0.00,0.00,against_bias
2026.08.05 14:00:00,pullback,1,4204.917,4189.101,0.000,0.000,0.00,0.00,no_room
2026.08.05 14:19:00,pullback,1,4234.812,4225.286,0.000,0.000,0.00,0.00,no_room
2026.08.05 14:31:00,pullback,1,4238.960,4230.125,0.000,0.000,0.00,0.00,no_room
2026.08.05 14:45:00,pullback,1,4242.420,4228.186,0.000,0.000,0.00,0.00,no_room
2026.08.05 15:01:00,pullback,1,4247.688,4232.666,0.000,0.000,0.00,0.00,no_room
2026.08.05 15:11:00,pullback,1,4259.796,4251.108,0.000,0.000,0.00,0.00,no_room
2026.08.05 15:23:00,pullback,1,4261.125,4249.615,0.000,0.000,0.00,0.00,no_room
2026.08.05 15:46:00,pullback,-1,4254.165,0.000,0.000,0.000,0.00,0.00,against_bias
2026.08.06 07:06:00,pullback,1,4256.544,4250.813,0.000,0.000,0.00,0.00,no_room
2026.08.06 07:20:00,pullback,1,4263.660,4260.947,0.000,0.000,0.00,0.00,sl_too_tight
2026.08.06 07:21:00,pullback,-1,4261.139,0.000,0.000,0.000,0.00,0.00,against_bias
2026.08.06 07:37:00,pullback,-1,4258.322,0.000,0.000,0.000,0.00,0.00,against_bias
2026.08.06 07:55:00,pullback,1,4257.341,4252.631,0.000,0.000,0.00,0.00,no_room
2026.08.06 08:12:00,pullback,1,4265.969,4259.820,0.000,0.000,0.00,0.00,no_room
2026.08.06 08:32:00,pullback,1,4270.660,4263.130,0.000,0.000,0.00,0.00,no_room
2026.08.06 09:00:00,pullback,1,4277.400,4270.119,4291.962,4306.525,3.68,3.69,signal
2026.08.06 10:06:00,pullback,-1,4270.672,0.000,0.000,0.000,0.00,0.00,against_bias
2026.08.06 10:24:00,pullback,1,4269.588,4266.934,0.000,0.000,0.00,0.00,sl_too_tight
2026.08.06 10:45:00,pullback,-1,4266.491,0.000,0.000,0.000,0.00,0.00,against_bias
2026.08.06 10:50:00,pullback,1,4269.742,4264.380,0.000,0.000,0.00,0.00,no_room
2026.08.06 11:01:00,pullback,1,4271.608,4264.376,0.000,0.000,0.00,0.00,no_room
2026.08.06 11:05:00,pullback,-1,4269.105,0.000,0.000,0.000,0.00,0.00,against_bias
2026.08.06 11:19:00,pullback,-1,4266.507,0.000,0.000,0.000,0.00,0.00,against_bias
2026.08.06 11:46:00,pullback,-1,4259.526,0.000,0.000,0.000,0.00,0.00,against_bias
2026.08.06 11:57:00,pullback,1,4258.658,4253.678,0.000,0.000,0.00,0.00,no_room
2026.08.06 12:09:00,pullback,-1,4260.645,0.000,0.000,0.000,0.00,0.00,against_bias
2026.08.06 12:17:00,pullback,-1,4255.302,0.000,0.000,0.000,0.00,0.00,against_bias
2026.08.06 12:21:00,pullback,1,4258.457,4252.900,0.000,0.000,0.00,0.00,no_room
2026.08.06 12:31:00,pullback,1,4262.958,4256.266,0.000,0.000,0.00,0.00,no_room
2026.08.06 12:46:00,pullback,-1,4267.011,0.000,0.000,0.000,0.00,0.00,against_bias
2026.08.06 13:06:00,pullback,-1,4248.901,0.000,0.000,0.000,0.00,0.00,against_bias
2026.08.06 13:31:00,pullback,1,4248.400,0.000,0.000,0.000,0.00,0.00,against_bias
2026.08.06 14:01:00,pullback,1,4269.653,0.000,0.000,0.000,0.00,0.00,against_bias
2026.08.06 14:12:00,pullback,1,4271.540,0.000,0.000,0.000,0.00,0.00,against_bias
2026.08.06 14:17:00,pullback,-1,4263.903,4275.779,0.000,0.000,0.00,0.00,no_room
2026.08.06 14:31:00,pullback,1,4267.376,0.000,0.000,0.000,0.00,0.00,against_bias
2026.08.06 14:35:00,pullback,1,4270.131,0.000,0.000,0.000,0.00,0.00,against_bias
2026.08.06 14:49:00,pullback,-1,4269.744,4275.182,0.000,0.000,0.00,0.00,no_room
2026.08.06 15:00:00,pullback,1,4272.645,0.000,0.000,0.000,0.00,0.00,against_bias
2026.08.06 15:17:00,pullback,-1,4262.616,4272.119,0.000,0.000,0.00,0.00,no_room
2026.08.06 15:35:00,pullback,-1,4251.606,4259.732,0.000,0.000,0.00,0.00,no_room
2026.08.06 15:52:00,pullback,-1,4247.999,4253.234,0.000,0.000,0.00,0.00,no_room
2026.08.07 07:17:00,pullback,-1,4290.302,0.000,0.000,0.000,0.00,0.00,against_bias
2026.08.07 07:25:00,pullback,-1,4288.941,0.000,0.000,0.000,0.00,0.00,against_bias
2026.08.07 07:48:00,pullback,-1,4284.717,0.000,0.000,0.000,0.00,0.00,against_bias
2026.08.07 07:56:00,pullback,1,4288.195,4282.537,4299.510,4310.825,4.69,4.70,signal
2026.08.07 08:14:00,pullback,1,4288.195,0.000,4299.510,0.000,0.00,0.00,missed_move
2026.08.07 08:32:00,pullback,1,4296.651,4288.649,0.000,0.000,0.00,0.00,no_room
2026.08.07 09:19:00,pullback,1,4307.215,4304.443,0.000,0.000,0.00,0.00,sl_too_tight
2026.08.07 09:31:00,pullback,-1,4304.616,0.000,0.000,0.000,0.00,0.00,against_bias
2026.08.07 09:42:00,pullback,1,4311.163,4301.849,0.000,0.000,0.00,0.00,no_room
2026.08.07 09:58:00,pullback,-1,4315.143,0.000,0.000,0.000,0.00,0.00,against_bias
2026.08.07 10:08:00,pullback,-1,4314.413,0.000,0.000,0.000,0.00,0.00,against_bias
2026.08.07 10:32:00,pullback,1,4314.434,4307.692,0.000,0.000,0.00,0.00,no_room
2026.08.07 10:38:00,pullback,1,4316.881,4307.716,0.000,0.000,0.00,0.00,no_room
2026.08.07 10:49:00,pullback,1,4318.304,4315.015,4321.681,4325.058,8.08,8.08,signal
2026.08.07 11:09:00,pullback,1,4324.400,4315.990,0.000,0.000,0.00,0.00,no_room
2026.08.07 11:15:00,pullback,-1,4321.681,0.000,0.000,0.000,0.00,0.00,against_bias
2026.08.07 11:27:00,pullback,1,4325.630,4316.732,0.000,0.000,0.00,0.00,no_room
2026.08.07 11:37:00,pullback,-1,4323.908,0.000,0.000,0.000,0.00,0.00,against_bias
2026.08.07 11:51:00,pullback,1,4325.752,4321.752,0.000,0.000,0.00,0.00,no_room
2026.08.07 12:06:00,pullback,-1,4318.902,0.000,0.000,0.000,0.00,0.00,against_bias
2026.08.07 12:15:00,pullback,-1,4315.466,0.000,0.000,0.000,0.00,0.00,against_bias
2026.08.07 12:25:00,pullback,-1,4311.950,0.000,0.000,0.000,0.00,0.00,against_bias
2026.08.07 12:30:00,pullback,-1,4310.064,0.000,0.000,0.000,0.00,0.00,against_bias
2026.08.07 12:31:00,pullback,1,4317.259,4309.376,0.000,0.000,0.00,0.00,no_room
2026.08.07 12:41:00,pullback,1,4364.679,4299.756,0.000,0.000,0.00,0.00,no_room
2026.08.07 13:05:00,pullback,-1,4351.839,0.000,0.000,0.000,0.00,0.00,against_bias
2026.08.07 13:16:00,pullback,-1,4345.842,0.000,0.000,0.000,0.00,0.00,against_bias
2026.08.07 13:27:00,pullback,1,4352.816,4338.560,0.000,0.000,0.00,0.00,no_room
2026.08.07 13:39:00,pullback,1,4359.622,4338.500,0.000,0.000,0.00,0.00,no_room
2026.08.07 13:57:00,pullback,-1,4352.162,0.000,0.000,0.000,0.00,0.00,against_bias
2026.08.07 14:03:00,pullback,-1,4342.316,0.000,0.000,0.000,0.00,0.00,against_bias
2026.08.07 14:14:00,pullback,-1,4330.512,0.000,0.000,0.000,0.00,0.00,against_bias
2026.08.07 14:19:00,pullback,1,4342.019,4326.625,0.000,0.000,0.00,0.00,no_room
2026.08.07 14:31:00,pullback,-1,4347.804,0.000,0.000,0.000,0.00,0.00,against_bias
2026.08.07 14:40:00,pullback,-1,4343.676,0.000,0.000,0.000,0.00,0.00,against_bias
2026.08.07 14:49:00,pullback,-1,4342.162,0.000,0.000,0.000,0.00,0.00,against_bias
2026.08.07 15:09:00,pullback,1,4348.813,4339.596,0.000,0.000,0.00,0.00,no_room
2026.08.07 15:15:00,pullback,1,4353.594,4345.860,0.000,0.000,0.00,0.00,no_room
2026.08.07 15:24:00,pullback,1,4357.057,4345.944,0.000,0.000,0.00,0.00,no_room
2026.08.07 15:52:00,pullback,-1,4348.472,0.000,0.000,0.000,0.00,0.00,against_bias
2026.08.10 07:02:00,pullback,-1,4355.414,0.000,0.000,0.000,0.00,0.00,against_bias
2026.08.10 07:11:00,pullback,-1,4353.507,0.000,0.000,0.000,0.00,0.00,against_bias
2026.08.10 07:25:00,pullback,1,4356.847,4351.957,0.000,0.000,0.00,0.00,no_room
2026.08.10 07:47:00,pullback,1,4360.107,4352.078,0.000,0.000,0.00,0.00,no_room
2026.08.10 08:02:00,pullback,-1,4354.707,0.000,0.000,0.000,0.00,0.00,against_bias
2026.08.10 08:09:00,pullback,-1,4353.903,0.000,0.000,0.000,0.00,0.00,against_bias
2026.08.10 08:25:00,pullback,-1,4353.222,0.000,0.000,0.000,0.00,0.00,against_bias
2026.08.10 08:30:00,pullback,1,4355.607,4352.053,0.000,0.000,0.00,0.00,no_room
2026.08.10 08:33:00,pullback,-1,4352.188,0.000,0.000,0.000,0.00,0.00,against_bias
2026.08.10 08:40:00,pullback,-1,4348.890,0.000,0.000,0.000,0.00,0.00,against_bias
2026.08.10 09:06:00,pullback,1,4348.411,4343.529,0.000,0.000,0.00,0.00,no_room
2026.08.10 09:12:00,pullback,1,4349.118,4345.512,0.000,0.000,0.00,0.00,no_room
2026.08.10 09:31:00,pullback,-1,4345.995,0.000,0.000,0.000,0.00,0.00,against_bias
2026.08.10 09:39:00,pullback,-1,4341.740,0.000,0.000,0.000,0.00,0.00,against_bias
2026.08.10 10:02:00,pullback,-1,4340.741,0.000,0.000,0.000,0.00,0.00,against_bias
2026.08.10 10:22:00,pullback,1,4341.634,4339.097,0.000,0.000,0.00,0.00,sl_too_tight
2026.08.10 10:34:00,pullback,-1,4341.738,0.000,0.000,0.000,0.00,0.00,against_bias
2026.08.10 10:44:00,pullback,-1,4338.174,0.000,0.000,0.000,0.00,0.00,against_bias
2026.08.10 10:53:00,pullback,1,4339.619,4337.325,0.000,0.000,0.00,0.00,sl_too_tight
2026.08.10 10:59:00,pullback,-1,4337.459,0.000,0.000,0.000,0.00,0.00,against_bias
2026.08.10 11:19:00,pullback,-1,4329.713,0.000,0.000,0.000,0.00,0.00,against_bias
2026.08.10 11:32:00,pullback,1,4336.279,4328.561,0.000,0.000,0.00,0.00,no_room
2026.08.10 11:49:00,pullback,-1,4335.312,0.000,0.000,0.000,0.00,0.00,against_bias
2026.08.10 12:14:00,pullback,-1,4331.914,0.000,0.000,0.000,0.00,0.00,against_bias
2026.08.10 12:39:00,pullback,1,4331.395,4326.107,0.000,0.000,0.00,0.00,no_room
2026.08.10 12:49:00,pullback,1,4332.495,4328.368,0.000,0.000,0.00,0.00,no_room
2026.08.10 12:56:00,pullback,1,4333.185,4329.329,0.000,0.000,0.00,0.00,no_room
2026.08.10 13:03:00,pullback,-1,4330.253,0.000,0.000,0.000,0.00,0.00,against_bias
2026.08.10 13:12:00,pullback,1,4335.609,4325.519,0.000,0.000,0.00,0.00,no_room
2026.08.10 13:37:00,pullback,1,4338.274,4331.592,0.000,0.000,0.00,0.00,no_room
2026.08.10 13:45:00,pullback,-1,4331.876,0.000,0.000,0.000,0.00,0.00,against_bias
2026.08.10 13:54:00,pullback,-1,4324.779,0.000,0.000,0.000,0.00,0.00,against_bias
2026.08.10 13:58:00,pullback,-1,4321.062,0.000,0.000,0.000,0.00,0.00,against_bias
2026.08.10 14:12:00,pullback,1,4326.532,0.000,0.000,0.000,0.00,0.00,against_bias
2026.08.10 14:23:00,pullback,1,4336.432,0.000,0.000,0.000,0.00,0.00,against_bias
2026.08.10 14:52:00,pullback,-1,4344.702,4350.870,4335.155,4325.607,4.37,4.38,signal
2026.08.10 15:49:00,pullback,1,4352.070,0.000,0.000,0.000,0.00,0.00,against_bias
2026.08.11 07:18:00,pullback,-1,4361.185,4365.278,4352.999,4344.814,6.52,6.53,signal
2026.08.11 07:27:00,pullback,1,4365.041,0.000,0.000,0.000,0.00,0.00,against_bias
2026.08.11 07:41:00,pullback,-1,4358.425,4363.641,4347.994,4337.562,5.07,5.07,signal
2026.08.11 08:27:00,pullback,1,4366.733,0.000,0.000,0.000,0.00,0.00,against_bias
2026.08.11 08:55:00,pullback,-1,4372.478,4376.847,4366.408,4360.338,5.99,6.00,signal
2026.08.11 10:23:00,pullback,1,4374.732,0.000,0.000,0.000,0.00,0.00,against_bias
2026.08.11 10:40:00,pullback,-1,4377.900,0.000,0.000,0.000,0.00,0.00,against_bias
2026.08.11 10:48:00,pullback,1,4379.799,4376.853,0.000,0.000,0.00,0.00,sl_too_tight
2026.08.11 11:00:00,pullback,1,4381.865,4376.816,0.000,0.000,0.00,0.00,no_room
2026.08.11 11:22:00,pullback,-1,4387.971,0.000,0.000,0.000,0.00,0.00,against_bias
2026.08.11 11:39:00,pullback,-1,4385.159,0.000,0.000,0.000,0.00,0.00,against_bias
2026.08.11 11:46:00,pullback,1,4387.201,4382.608,4395.154,4403.107,5.64,5.65,signal
2026.08.11 13:46:00,pullback,1,4402.050,4388.305,0.000,0.000,0.00,0.00,no_room
2026.08.11 13:55:00,pullback,-1,4388.694,0.000,0.000,0.000,0.00,0.00,against_bias
2026.08.11 14:04:00,pullback,-1,4384.414,0.000,0.000,0.000,0.00,0.00,against_bias
2026.08.11 14:18:00,pullback,1,4387.305,4381.733,4395.029,4402.753,4.77,4.77,signal
2026.08.11 14:26:00,pullback,-1,4382.555,0.000,0.000,0.000,0.00,0.00,against_bias
2026.08.11 14:35:00,pullback,1,4387.834,4381.407,4395.029,4402.224,4.09,4.10,signal
2026.08.11 14:43:00,pullback,1,4387.834,0.000,4395.029,0.000,0.00,0.00,missed_move
2026.08.11 14:56:00,pullback,1,4395.510,4391.472,0.000,0.000,0.00,0.00,no_room
2026.08.11 15:09:00,pullback,-1,4392.701,0.000,0.000,0.000,0.00,0.00,against_bias
2026.08.11 15:17:00,pullback,-1,4389.085,0.000,0.000,0.000,0.00,0.00,against_bias
2026.08.11 15:35:00,pullback,-1,4381.907,0.000,0.000,0.000,0.00,0.00,against_bias
2026.08.11 15:55:00,pullback,1,4378.048,0.000,0.000,0.000,0.00,0.00,against_bias
2026.08.12 07:16:00,pullback,-1,4400.892,0.000,0.000,0.000,0.00,0.00,against_bias
2026.08.12 07:40:00,pullback,1,4405.912,4401.096,4415.544,4425.177,5.46,5.47,signal
2026.08.12 12:31:00,pullback,-1,4404.611,0.000,0.000,0.000,0.00,0.00,against_bias
2026.08.12 12:44:00,pullback,1,4431.796,4380.873,0.000,0.000,0.00,0.00,no_room
2026.08.12 13:13:00,pullback,-1,4426.498,0.000,0.000,0.000,0.00,0.00,against_bias
2026.08.12 13:22:00,pullback,-1,4420.704,0.000,0.000,0.000,0.00,0.00,against_bias
2026.08.12 13:35:00,pullback,-1,4414.569,0.000,0.000,0.000,0.00,0.00,against_bias
2026.08.12 13:40:00,pullback,-1,4412.320,0.000,0.000,0.000,0.00,0.00,against_bias
2026.08.12 13:46:00,pullback,1,4419.546,4407.893,0.000,0.000,0.00,0.00,no_room
2026.08.12 14:12:00,pullback,1,4434.056,4420.360,0.000,0.000,0.00,0.00,no_room
2026.08.12 14:32:00,pullback,-1,4429.673,0.000,0.000,0.000,0.00,0.00,against_bias
2026.08.12 15:05:00,pullback,-1,4418.343,0.000,0.000,0.000,0.00,0.00,against_bias
2026.08.12 15:12:00,pullback,1,4423.408,4414.538,0.000,0.000,0.00,0.00,no_room
2026.08.12 15:29:00,pullback,-1,4422.061,0.000,0.000,0.000,0.00,0.00,against_bias
2026.08.12 15:35:00,pullback,-1,4419.427,0.000,0.000,0.000,0.00,0.00,against_bias
2026.08.12 15:48:00,pullback,-1,4416.558,0.000,0.000,0.000,0.00,0.00,against_bias
2026.08.13 07:07:00,pullback,-1,4377.992,4382.004,4369.967,4361.943,6.76,6.76,signal
2026.08.13 09:42:00,pullback,-1,4380.113,4382.596,0.000,0.000,0.00,0.00,sl_too_tight
2026.08.13 09:49:00,pullback,-1,4378.678,4381.605,0.000,0.000,0.00,0.00,sl_too_tight
2026.08.13 09:56:00,pullback,1,4380.756,0.000,0.000,0.000,0.00,0.00,against_bias
2026.08.13 10:13:00,pullback,-1,4383.336,4385.601,0.000,0.000,0.00,0.00,sl_too_tight
2026.08.13 10:22:00,pullback,1,4385.473,0.000,0.000,0.000,0.00,0.00,against_bias
2026.08.13 10:28:00,pullback,1,4386.528,0.000,0.000,0.000,0.00,0.00,against_bias
2026.08.13 10:38:00,pullback,1,4387.906,0.000,0.000,0.000,0.00,0.00,against_bias
2026.08.13 10:44:00,pullback,1,4389.245,0.000,0.000,0.000,0.00,0.00,against_bias
2026.08.13 10:51:00,pullback,1,4390.656,0.000,0.000,0.000,0.00,0.00,against_bias
2026.08.13 11:02:00,pullback,-1,4391.021,4393.945,0.000,0.000,0.00,0.00,sl_too_tight
2026.08.13 11:15:00,pullback,1,4392.974,0.000,0.000,0.000,0.00,0.00,against_bias
2026.08.13 11:29:00,pullback,-1,4391.132,4396.789,4383.980,4376.827,4.81,4.82,signal
2026.08.13 11:43:00,pullback,-1,4391.132,0.000,4383.980,0.000,0.00,0.00,missed_move
2026.08.13 11:58:00,pullback,1,4385.394,0.000,0.000,0.000,0.00,0.00,against_bias
2026.08.13 12:07:00,pullback,1,4388.259,0.000,0.000,0.000,0.00,0.00,against_bias
2026.08.13 12:19:00,pullback,-1,4385.492,4391.992,0.000,0.000,0.00,0.00,no_room
2026.08.13 12:30:00,pullback,1,4389.919,0.000,0.000,0.000,0.00,0.00,against_bias
2026.08.13 12:33:00,pullback,-1,4384.043,4390.313,0.000,0.000,0.00,0.00,no_room
2026.08.13 12:47:00,pullback,1,4394.061,0.000,0.000,0.000,0.00,0.00,against_bias
2026.08.13 12:58:00,pullback,1,4396.828,0.000,0.000,0.000,0.00,0.00,against_bias
2026.08.13 13:25:00,pullback,-1,4390.611,4395.674,4384.110,4377.608,5.38,5.39,signal
2026.08.13 13:30:00,pullback,-1,4390.611,0.000,4384.110,0.000,0.00,0.00,missed_move
2026.08.13 13:52:00,pullback,-1,4375.732,4383.357,0.000,0.000,0.00,0.00,no_room
2026.08.13 14:10:00,pullback,-1,4369.672,4379.262,0.000,0.000,0.00,0.00,no_room
2026.08.13 14:31:00,pullback,-1,4366.708,4376.722,0.000,0.000,0.00,0.00,no_room
2026.08.13 14:36:00,pullback,1,4376.290,0.000,0.000,0.000,0.00,0.00,against_bias
2026.08.13 15:03:00,pullback,-1,4382.376,4386.996,0.000,0.000,0.00,0.00,no_room
2026.08.13 15:31:00,pullback,-1,4363.330,4374.378,0.000,0.000,0.00,0.00,no_room
2026.08.13 15:53:00,pullback,-1,4368.050,4371.173,4364.161,4360.272,8.73,8.73,signal
2026.08.14 07:14:00,pullback,-1,4332.709,0.000,0.000,0.000,0.00,0.00,against_bias
2026.08.14 07:23:00,pullback,1,4333.480,4330.764,0.000,0.000,0.00,0.00,sl_too_tight
2026.08.14 07:41:00,pullback,1,4336.617,4331.379,0.000,0.000,0.00,0.00,no_room
2026.08.14 07:59:00,pullback,1,4343.464,4331.358,0.000,0.000,0.00,0.00,no_room
2026.08.14 08:18:00,pullback,1,4347.937,4341.537,0.000,0.000,0.00,0.00,no_room
2026.08.14 08:38:00,pullback,1,4346.712,4343.896,0.000,0.000,0.00,0.00,sl_too_tight
2026.08.14 08:45:00,pullback,-1,4344.050,0.000,0.000,0.000,0.00,0.00,against_bias
2026.08.14 09:15:00,pullback,1,4349.658,4345.789,0.000,0.000,0.00,0.00,no_room
2026.08.14 09:26:00,pullback,1,4352.565,4348.503,0.000,0.000,0.00,0.00,no_room
2026.08.14 09:51:00,pullback,1,4354.533,4351.633,0.000,0.000,0.00,0.00,sl_too_tight
2026.08.14 10:00:00,pullback,1,4355.544,4352.725,0.000,0.000,0.00,0.00,sl_too_tight
2026.08.14 10:15:00,pullback,-1,4355.242,0.000,0.000,0.000,0.00,0.00,against_bias
2026.08.14 10:27:00,pullback,-1,4351.962,0.000,0.000,0.000,0.00,0.00,against_bias
2026.08.14 10:44:00,pullback,1,4350.356,4348.000,0.000,0.000,0.00,0.00,sl_too_tight
2026.08.14 11:09:00,pullback,1,4351.162,4348.742,0.000,0.000,0.00,0.00,sl_too_tight
2026.08.14 11:29:00,pullback,1,4356.732,4349.725,0.000,0.000,0.00,0.00,no_room
2026.08.14 11:35:00,pullback,1,4360.681,4352.845,0.000,0.000,0.00,0.00,no_room
2026.08.14 11:51:00,pullback,1,4363.586,4360.678,0.000,0.000,0.00,0.00,sl_too_tight
2026.08.14 12:00:00,pullback,1,4368.299,4360.660,0.000,0.000,0.00,0.00,no_room
2026.08.14 12:21:00,pullback,1,4372.429,4365.237,0.000,0.000,0.00,0.00,no_room
2026.08.14 12:39:00,pullback,-1,4377.256,0.000,0.000,0.000,0.00,0.00,against_bias
2026.08.14 13:04:00,pullback,1,4377.910,4369.884,0.000,0.000,0.00,0.00,no_room
2026.08.14 13:15:00,pullback,-1,4375.971,0.000,0.000,0.000,0.00,0.00,against_bias
2026.08.14 13:23:00,pullback,1,4381.163,4374.488,0.000,0.000,0.00,0.00,no_room
2026.08.14 13:31:00,pullback,1,4386.591,4374.491,0.000,0.000,0.00,0.00,no_room
2026.08.14 13:47:00,pullback,-1,4390.582,0.000,0.000,0.000,0.00,0.00,against_bias
2026.08.14 14:13:00,pullback,1,4392.633,4382.424,0.000,0.000,0.00,0.00,no_room
2026.08.14 14:20:00,pullback,-1,4386.894,0.000,0.000,0.000,0.00,0.00,against_bias
2026.08.14 14:35:00,pullback,-1,4385.122,0.000,0.000,0.000,0.00,0.00,against_bias
2026.08.14 14:42:00,pullback,-1,4383.944,0.000,0.000,0.000,0.00,0.00,against_bias
2026.08.14 14:47:00,pullback,-1,4381.379,0.000,0.000,0.000,0.00,0.00,against_bias
2026.08.14 15:01:00,pullback,1,4383.119,4379.522,0.000,0.000,0.00,0.00,no_room
2026.08.14 15:14:00,pullback,1,4390.914,4385.133,0.000,0.000,0.00,0.00,no_room
2026.08.14 15:23:00,pullback,-1,4385.386,0.000,0.000,0.000,0.00,0.00,against_bias
2026.08.14 15:37:00,pullback,1,4389.106,4378.770,0.000,0.000,0.00,0.00,no_room
2026.08.14 15:46:00,pullback,1,4390.006,4386.258,4395.115,4400.224,7.41,7.41,signal
2026.08.14 16:02:00,pullback,1,4390.006,0.000,4395.115,0.000,0.00,0.00,missed_move
2026.08.17 07:07:00,pullback,-1,4400.983,0.000,0.000,0.000,0.00,0.00,against_bias
2026.08.17 07:13:00,pullback,-1,4399.396,0.000,0.000,0.000,0.00,0.00,against_bias
2026.08.17 07:28:00,pullback,1,4399.096,4395.720,0.000,0.000,0.00,0.00,no_room
2026.08.17 07:37:00,pullback,1,4408.023,4395.645,0.000,0.000,0.00,0.00,no_room
2026.08.17 07:52:00,pullback,-1,4407.151,0.000,0.000,0.000,0.00,0.00,against_bias
2026.08.17 08:01:00,pullback,-1,4403.339,0.000,0.000,0.000,0.00,0.00,against_bias
2026.08.17 08:33:00,pullback,-1,4400.270,0.000,0.000,0.000,0.00,0.00,against_bias
2026.08.17 08:43:00,pullback,-1,4398.826,0.000,0.000,0.000,0.00,0.00,against_bias
2026.08.17 08:52:00,pullback,-1,4394.762,0.000,0.000,0.000,0.00,0.00,against_bias
2026.08.17 09:05:00,pullback,1,4395.956,4393.035,0.000,0.000,0.00,0.00,sl_too_tight
2026.08.17 09:25:00,pullback,-1,4396.972,0.000,0.000,0.000,0.00,0.00,against_bias
2026.08.17 09:32:00,pullback,-1,4396.163,0.000,0.000,0.000,0.00,0.00,against_bias
2026.08.17 10:16:00,pullback,1,4396.334,4393.662,0.000,0.000,0.00,0.00,sl_too_tight
2026.08.17 10:27:00,pullback,-1,4394.762,0.000,0.000,0.000,0.00,0.00,against_bias
2026.08.17 10:30:00,pullback,1,4397.016,4394.493,0.000,0.000,0.00,0.00,sl_too_tight
2026.08.17 11:03:00,pullback,1,4399.259,4396.693,0.000,0.000,0.00,0.00,sl_too_tight
2026.08.17 11:09:00,pullback,1,4402.197,4397.842,0.000,0.000,0.00,0.00,no_room
2026.08.17 11:15:00,pullback,-1,4400.080,0.000,0.000,0.000,0.00,0.00,against_bias
2026.08.17 11:41:00,pullback,-1,4402.661,0.000,0.000,0.000,0.00,0.00,against_bias
2026.08.17 12:02:00,pullback,-1,4395.513,0.000,0.000,0.000,0.00,0.00,against_bias
2026.08.17 12:10:00,pullback,-1,4393.486,0.000,0.000,0.000,0.00,0.00,against_bias
2026.08.17 12:21:00,pullback,1,4395.658,4392.987,0.000,0.000,0.00,0.00,sl_too_tight
2026.08.17 12:25:00,pullback,-1,4393.174,0.000,0.000,0.000,0.00,0.00,against_bias
2026.08.17 12:37:00,pullback,-1,4384.165,4390.719,0.000,0.000,0.00,0.00,no_room
2026.08.17 13:35:00,pullback,1,4388.708,0.000,0.000,0.000,0.00,0.00,against_bias
2026.08.17 13:39:00,pullback,1,4390.409,0.000,0.000,0.000,0.00,0.00,against_bias
2026.08.17 13:45:00,pullback,-1,4386.125,4392.255,0.000,0.000,0.00,0.00,no_room
2026.08.17 13:49:00,pullback,1,4391.991,0.000,0.000,0.000,0.00,0.00,against_bias
2026.08.17 14:12:00,pullback,-1,4404.266,0.000,0.000,0.000,0.00,0.00,against_bias
2026.08.17 14:18:00,pullback,1,4416.432,4403.418,0.000,0.000,0.00,0.00,no_room
2026.08.17 14:47:00,pullback,-1,4416.588,0.000,0.000,0.000,0.00,0.00,against_bias
2026.08.17 15:12:00,pullback,1,4419.921,4414.161,0.000,0.000,0.00,0.00,no_room
2026.08.17 15:21:00,pullback,1,4422.528,4415.668,0.000,0.000,0.00,0.00,no_room
2026.08.17 15:29:00,pullback,1,4423.941,4419.180,0.000,0.000,0.00,0.00,no_room
2026.08.17 15:45:00,pullback,-1,4420.318,0.000,0.000,0.000,0.00,0.00,against_bias
2026.08.17 15:53:00,pullback,1,4423.961,4417.280,0.000,0.000,0.00,0.00,no_room
2026.08.18 07:04:00,pullback,1,4399.063,0.000,0.000,0.000,0.00,0.00,against_bias
2026.08.18 07:16:00,pullback,1,4399.389,0.000,0.000,0.000,0.00,0.00,against_bias
2026.08.18 07:25:00,pullback,1,4400.807,0.000,0.000,0.000,0.00,0.00,against_bias
2026.08.18 07:50:00,pullback,-1,4400.112,4402.934,0.000,0.000,0.00,0.00,sl_too_tight
2026.08.18 08:36:00,pullback,1,4394.537,0.000,0.000,0.000,0.00,0.00,against_bias
2026.08.18 09:06:00,pullback,-1,4391.999,4393.943,0.000,0.000,0.00,0.00,sl_too_tight
2026.08.18 09:22:00,pullback,-1,4390.755,4393.700,0.000,0.000,0.00,0.00,sl_too_tight
2026.08.18 09:35:00,pullback,1,4393.589,0.000,0.000,0.000,0.00,0.00,against_bias
2026.08.18 09:44:00,pullback,-1,4388.530,4395.268,0.000,0.000,0.00,0.00,no_room
2026.08.18 10:04:00,pullback,1,4395.006,0.000,0.000,0.000,0.00,0.00,against_bias
2026.08.18 10:23:00,pullback,-1,4392.417,4396.394,0.000,0.000,0.00,0.00,no_room
2026.08.18 10:38:00,pullback,1,4396.265,0.000,0.000,0.000,0.00,0.00,against_bias
2026.08.18 11:04:00,pullback,-1,4396.420,4399.747,0.000,0.000,0.00,0.00,no_room
2026.08.18 11:12:00,pullback,-1,4392.337,4399.348,0.000,0.000,0.00,0.00,no_room
2026.08.18 11:24:00,pullback,-1,4391.911,4394.103,0.000,0.000,0.00,0.00,sl_too_tight
2026.08.18 11:35:00,pullback,-1,4389.557,4391.946,0.000,0.000,0.00,0.00,sl_too_tight
2026.08.18 11:43:00,pullback,1,4391.821,0.000,0.000,0.000,0.00,0.00,against_bias
2026.08.18 11:58:00,pullback,1,4393.809,0.000,0.000,0.000,0.00,0.00,against_bias
2026.08.18 12:10:00,pullback,-1,4391.416,4397.282,0.000,0.000,0.00,0.00,no_room
2026.08.18 12:21:00,pullback,1,4393.809,0.000,0.000,0.000,0.00,0.00,against_bias
2026.08.18 13:09:00,pullback,-1,4390.183,4397.735,0.000,0.000,0.00,0.00,no_room
2026.08.18 13:31:00,pullback,-1,4388.062,4396.516,0.000,0.000,0.00,0.00,no_room
2026.08.18 13:35:00,pullback,1,4396.182,0.000,0.000,0.000,0.00,0.00,against_bias
2026.08.18 13:52:00,pullback,-1,4391.462,0.000,0.000,0.000,0.00,0.00,against_bias
2026.08.18 14:01:00,pullback,1,4398.280,4388.992,0.000,0.000,0.00,0.00,no_room
2026.08.18 14:32:00,pullback,-1,4391.015,0.000,0.000,0.000,0.00,0.00,against_bias
2026.08.18 14:40:00,pullback,-1,4385.172,0.000,0.000,0.000,0.00,0.00,against_bias
2026.08.18 14:59:00,pullback,-1,4372.370,4389.468,0.000,0.000,0.00,0.00,no_room
2026.08.18 15:15:00,pullback,-1,4363.647,4377.986,0.000,0.000,0.00,0.00,no_room
2026.08.18 15:20:00,pullback,-1,4358.705,4377.972,0.000,0.000,0.00,0.00,no_room
2026.08.18 15:49:00,pullback,1,4362.174,0.000,0.000,0.000,0.00,0.00,against_bias
2026.08.19 07:01:00,pullback,1,4348.845,0.000,0.000,0.000,0.00,0.00,against_bias
2026.08.19 07:09:00,pullback,1,4351.323,0.000,0.000,0.000,0.00,0.00,against_bias
2026.08.19 07:24:00,pullback,1,4353.571,0.000,0.000,0.000,0.00,0.00,against_bias
2026.08.19 07:37:00,pullback,1,4360.891,0.000,0.000,0.000,0.00,0.00,against_bias
2026.08.19 08:02:00,pullback,-1,4354.749,4357.900,4351.588,4348.426,8.81,8.82,signal
2026.08.19 08:03:00,pullback,-1,4354.749,0.000,4351.588,0.000,0.00,0.00,missed_move
2026.08.19 08:07:00,pullback,1,4357.153,0.000,0.000,0.000,0.00,0.00,against_bias
2026.08.19 08:21:00,pullback,-1,4359.816,4362.693,0.000,0.000,0.00,0.00,sl_too_tight
2026.08.19 08:42:00,pullback,1,4361.096,0.000,0.000,0.000,0.00,0.00,against_bias
2026.08.19 08:58:00,pullback,-1,4356.469,0.000,0.000,0.000,0.00,0.00,against_bias
2026.08.19 09:17:00,pullback,-1,4355.235,0.000,0.000,0.000,0.00,0.00,against_bias
2026.08.19 09:26:00,pullback,1,4356.672,4353.041,0.000,0.000,0.00,0.00,no_room
2026.08.19 09:42:00,pullback,1,4357.374,4353.773,0.000,0.000,0.00,0.00,no_room
2026.08.19 10:00:00,pullback,1,4361.536,4357.862,0.000,0.000,0.00,0.00,no_room
2026.08.19 10:14:00,pullback,1,4362.732,4359.322,0.000,0.000,0.00,0.00,no_room
2026.08.19 10:42:00,pullback,1,4367.778,4365.528,0.000,0.000,0.00,0.00,sl_too_tight
2026.08.19 10:49:00,pullback,1,4368.583,4366.156,0.000,0.000,0.00,0.00,sl_too_tight
2026.08.19 11:02:00,pullback,1,4369.641,4365.955,0.000,0.000,0.00,0.00,no_room
2026.08.19 11:18:00,pullback,-1,4370.560,0.000,0.000,0.000,0.00,0.00,against_bias
2026.08.19 11:37:00,pullback,-1,4368.771,0.000,0.000,0.000,0.00,0.00,against_bias
2026.08.19 12:03:00,pullback,-1,4363.708,0.000,0.000,0.000,0.00,0.00,against_bias
2026.08.19 12:09:00,pullback,1,4366.603,4361.717,0.000,0.000,0.00,0.00,no_room
2026.08.19 12:22:00,pullback,1,4370.698,4365.642,0.000,0.000,0.00,0.00,no_room
2026.08.19 12:33:00,pullback,1,4371.303,4367.461,0.000,0.000,0.00,0.00,no_room
2026.08.19 12:52:00,pullback,1,4421.167,4405.808,0.000,0.000,0.00,0.00,no_room
2026.08.19 13:11:00,pullback,1,4442.480,4423.532,0.000,0.000,0.00,0.00,no_room
2026.08.19 13:34:00,pullback,1,4464.412,4454.564,0.000,0.000,0.00,0.00,no_room
2026.08.19 13:36:00,pullback,-1,4455.013,0.000,0.000,0.000,0.00,0.00,against_bias
2026.08.19 13:51:00,pullback,-1,4449.681,0.000,0.000,0.000,0.00,0.00,against_bias
2026.08.19 14:07:00,pullback,1,4463.367,4444.624,0.000,0.000,0.00,0.00,no_room
2026.08.19 14:25:00,pullback,1,4478.519,4469.801,0.000,0.000,0.00,0.00,no_room
2026.08.19 14:42:00,pullback,1,4491.732,4483.407,4508.383,4525.033,3.33,3.34,signal
2026.08.19 14:47:00,pullback,-1,4483.774,0.000,0.000,0.000,0.00,0.00,against_bias
2026.08.19 15:25:00,pullback,-1,4483.632,0.000,0.000,0.000,0.00,0.00,against_bias
2026.08.19 15:34:00,pullback,1,4484.550,4477.771,0.000,0.000,0.00,0.00,no_room
2026.08.19 15:44:00,pullback,1,4488.471,4479.740,4505.933,4523.395,3.14,3.15,signal
2026.08.19 16:20:00,pullback,1,4488.471,0.000,4505.933,0.000,0.00,0.00,order_expired
2026.08.20 07:03:00,pullback,-1,4491.199,4494.462,4484.672,4478.145,8.42,8.43,signal
2026.08.20 07:28:00,pullback,-1,4491.199,0.000,4484.672,0.000,0.00,0.00,missed_move
2026.08.20 07:35:00,pullback,1,4488.179,0.000,0.000,0.000,0.00,0.00,against_bias
2026.08.20 07:41:00,pullback,1,4491.165,0.000,0.000,0.000,0.00,0.00,against_bias
2026.08.20 08:02:00,pullback,1,4492.387,0.000,0.000,0.000,0.00,0.00,against_bias
2026.08.20 08:17:00,pullback,1,4495.504,0.000,0.000,0.000,0.00,0.00,against_bias
2026.08.20 08:27:00,pullback,-1,4494.888,4498.866,4486.932,4478.975,6.91,6.91,signal
2026.08.20 12:01:00,pullback,-1,4465.611,4471.833,4453.166,4440.721,4.55,4.55,signal
2026.08.20 12:07:00,pullback,-1,4465.611,0.000,4453.166,0.000,0.00,0.00,missed_move
2026.08.20 12:26:00,pullback,-1,4461.637,4468.324,4448.263,4434.890,4.23,4.24,signal
2026.08.20 12:59:00,pullback,1,4475.396,0.000,0.000,0.000,0.00,0.00,against_bias
2026.08.20 13:32:00,pullback,-1,4470.856,4477.165,4458.237,4445.618,4.44,4.44,signal
2026.08.20 13:36:00,pullback,1,4477.358,0.000,0.000,0.000,0.00,0.00,against_bias
2026.08.20 13:44:00,pullback,1,4486.751,0.000,0.000,0.000,0.00,0.00,against_bias
2026.08.20 14:01:00,pullback,1,4486.916,0.000,0.000,0.000,0.00,0.00,against_bias
2026.08.20 14:20:00,pullback,-1,4483.836,4489.343,0.000,0.000,0.00,0.00,no_room
2026.08.20 14:24:00,pullback,1,4489.608,0.000,0.000,0.000,0.00,0.00,against_bias
2026.08.20 14:33:00,pullback,1,4493.989,0.000,0.000,0.000,0.00,0.00,against_bias
2026.08.20 14:46:00,pullback,1,4500.888,4493.426,0.000,0.000,0.00,0.00,no_room
2026.08.20 15:18:00,pullback,1,4536.724,4520.968,4568.235,4599.747,1.76,1.76,signal
2026.08.20 15:58:00,pullback,1,4521.732,4515.184,0.000,0.000,0.00,0.00,no_room
2026.08.21 07:10:00,pullback,-1,4559.435,0.000,0.000,0.000,0.00,0.00,against_bias
2026.08.21 07:19:00,pullback,1,4566.123,4558.122,4582.126,4598.128,3.43,3.43,signal
2026.08.21 09:29:00,pullback,-1,4582.105,0.000,0.000,0.000,0.00,0.00,against_bias
2026.08.21 09:38:00,pullback,1,4584.618,4580.900,4592.054,4599.491,7.61,7.61,signal
2026.08.21 10:02:00,pullback,1,4585.276,4580.049,4595.729,4606.183,5.36,5.36,signal
2026.08.21 10:12:00,pullback,-1,4581.066,0.000,0.000,0.000,0.00,0.00,against_bias
2026.08.21 10:27:00,pullback,1,4587.080,4582.855,4595.529,4603.978,6.56,6.57,signal
2026.08.21 12:02:00,pullback,1,4598.821,4595.532,0.000,0.000,0.00,0.00,no_room
2026.08.21 12:04:00,pullback,-1,4595.778,0.000,0.000,0.000,0.00,0.00,against_bias
2026.08.21 12:10:00,pullback,-1,4593.949,0.000,0.000,0.000,0.00,0.00,against_bias
2026.08.21 12:19:00,pullback,-1,4589.067,0.000,0.000,0.000,0.00,0.00,against_bias
2026.08.21 12:31:00,pullback,-1,4582.023,0.000,0.000,0.000,0.00,0.00,against_bias
2026.08.21 12:58:00,pullback,-1,4576.743,4587.049,4556.132,4535.520,2.77,2.77,signal
2026.08.21 13:13:00,pullback,1,4584.637,0.000,0.000,0.000,0.00,0.00,against_bias
2026.08.21 13:34:00,pullback,-1,4578.972,4587.112,0.000,0.000,0.00,0.00,no_room
2026.08.21 13:38:00,pullback,1,4587.025,0.000,0.000,0.000,0.00,0.00,against_bias
2026.08.21 13:53:00,pullback,-1,4583.657,4593.582,0.000,0.000,0.00,0.00,no_room
2026.08.21 14:03:00,pullback,1,4585.345,0.000,0.000,0.000,0.00,0.00,against_bias
2026.08.21 14:18:00,pullback,1,4590.829,0.000,0.000,0.000,0.00,0.00,against_bias
2026.08.21 14:38:00,pullback,-1,4586.352,4604.115,0.000,0.000,0.00,0.00,no_room
2026.08.21 14:50:00,pullback,1,4589.684,0.000,0.000,0.000,0.00,0.00,against_bias
2026.08.21 15:04:00,pullback,1,4592.560,0.000,0.000,0.000,0.00,0.00,against_bias
2026.08.21 15:24:00,pullback,1,4599.360,0.000,0.000,0.000,0.00,0.00,against_bias
2026.08.21 15:43:00,pullback,1,4608.498,0.000,0.000,0.000,0.00,0.00,against_bias
2026.08.21 15:53:00,pullback,1,4611.068,4606.655,4619.893,4628.719,6.41,6.41,signal
2026.08.24 07:02:00,pullback,-1,4648.673,0.000,0.000,0.000,0.00,0.00,against_bias
2026.08.24 07:08:00,pullback,-1,4647.232,0.000,0.000,0.000,0.00,0.00,against_bias
2026.08.24 07:31:00,pullback,-1,4642.132,0.000,0.000,0.000,0.00,0.00,against_bias
2026.08.24 07:42:00,pullback,-1,4641.190,0.000,0.000,0.000,0.00,0.00,against_bias
2026.08.24 08:12:00,pullback,-1,4636.370,0.000,0.000,0.000,0.00,0.00,against_bias
2026.08.24 08:30:00,pullback,-1,4631.741,4640.227,0.000,0.000,0.00,0.00,no_room
2026.08.24 08:43:00,pullback,1,4639.951,0.000,0.000,0.000,0.00,0.00,against_bias
2026.08.24 09:07:00,pullback,1,4643.206,0.000,0.000,0.000,0.00,0.00,against_bias
2026.08.24 09:17:00,pullback,-1,4639.640,4643.877,4631.166,4622.693,6.87,6.88,signal
2026.08.24 10:00:00,pullback,1,4645.426,0.000,0.000,0.000,0.00,0.00,against_bias
2026.08.24 10:21:00,pullback,-1,4645.485,4650.326,4635.804,4626.122,5.95,5.96,signal
2026.08.24 12:02:00,pullback,-1,4655.353,0.000,0.000,0.000,0.00,0.00,against_bias
2026.08.24 12:14:00,pullback,1,4658.626,4649.535,0.000,0.000,0.00,0.00,no_room
2026.08.24 12:28:00,pullback,1,4660.040,4651.331,0.000,0.000,0.00,0.00,no_room
2026.08.24 12:33:00,pullback,-1,4655.073,0.000,0.000,0.000,0.00,0.00,against_bias
2026.08.24 12:40:00,pullback,1,4662.711,4644.701,4698.731,4734.751,1.58,1.59,signal
2026.08.24 15:58:00,pullback,-1,4645.244,0.000,0.000,0.000,0.00,0.00,against_bias
2026.08.25 07:23:00,pullback,1,4641.908,4637.397,4650.063,4658.219,6.26,6.27,signal
2026.08.25 07:29:00,pullback,-1,4637.607,0.000,0.000,0.000,0.00,0.00,against_bias
2026.08.25 07:45:00,pullback,1,4637.412,4633.597,0.000,0.000,0.00,0.00,no_room
2026.08.25 07:52:00,pullback,-1,4633.798,0.000,0.000,0.000,0.00,0.00,against_bias
2026.08.25 08:01:00,pullback,-1,4629.712,0.000,0.000,0.000,0.00,0.00,against_bias
2026.08.25 08:09:00,pullback,-1,4625.186,0.000,0.000,0.000,0.00,0.00,against_bias
2026.08.25 08:18:00,pullback,1,4628.928,4622.759,0.000,0.000,0.00,0.00,no_room
2026.08.25 08:39:00,pullback,-1,4631.712,0.000,0.000,0.000,0.00,0.00,against_bias
2026.08.25 08:52:00,pullback,-1,4625.643,0.000,0.000,0.000,0.00,0.00,against_bias
2026.08.25 09:08:00,pullback,1,4630.507,4624.370,0.000,0.000,0.00,0.00,no_room
2026.08.25 09:26:00,pullback,-1,4629.716,0.000,0.000,0.000,0.00,0.00,against_bias
2026.08.25 09:35:00,pullback,1,4633.603,4623.605,0.000,0.000,0.00,0.00,no_room
2026.08.25 09:50:00,pullback,1,4639.309,4628.960,0.000,0.000,0.00,0.00,no_room
2026.08.25 10:03:00,pullback,-1,4635.922,0.000,0.000,0.000,0.00,0.00,against_bias
2026.08.25 10:42:00,pullback,1,4638.509,4633.436,0.000,0.000,0.00,0.00,no_room
2026.08.25 10:55:00,pullback,1,4641.141,4636.954,0.000,0.000,0.00,0.00,no_room
2026.08.25 11:09:00,pullback,1,4640.878,4638.189,0.000,0.000,0.00,0.00,sl_too_tight
2026.08.25 11:19:00,pullback,1,4643.585,4635.681,0.000,0.000,0.00,0.00,no_room
2026.08.25 11:45:00,pullback,-1,4641.973,0.000,0.000,0.000,0.00,0.00,against_bias
2026.08.25 11:49:00,pullback,1,4645.207,4640.045,0.000,0.000,0.00,0.00,no_room
2026.08.25 12:01:00,pullback,-1,4641.475,0.000,0.000,0.000,0.00,0.00,against_bias
2026.08.25 12:12:00,pullback,1,4638.464,4634.550,0.000,0.000,0.00,0.00,no_room
2026.08.25 12:19:00,pullback,-1,4634.777,0.000,0.000,0.000,0.00,0.00,against_bias
2026.08.25 12:40:00,pullback,-1,4632.635,0.000,0.000,0.000,0.00,0.00,against_bias
2026.08.25 12:43:00,pullback,1,4637.666,4632.381,0.000,0.000,0.00,0.00,no_room
2026.08.25 12:49:00,pullback,1,4640.913,4629.718,0.000,0.000,0.00,0.00,no_room
2026.08.25 13:01:00,pullback,-1,4637.226,0.000,0.000,0.000,0.00,0.00,against_bias
2026.08.25 13:08:00,pullback,-1,4629.952,0.000,0.000,0.000,0.00,0.00,against_bias
2026.08.25 13:15:00,pullback,-1,4628.031,4636.610,0.000,0.000,0.00,0.00,no_room
2026.08.25 13:23:00,pullback,-1,4620.284,4628.454,0.000,0.000,0.00,0.00,no_room
2026.08.25 13:48:00,pullback,-1,4610.839,4622.072,0.000,0.000,0.00,0.00,no_room
2026.08.25 14:07:00,pullback,1,4621.535,0.000,0.000,0.000,0.00,0.00,against_bias
2026.08.25 14:13:00,pullback,1,4625.078,0.000,0.000,0.000,0.00,0.00,against_bias
2026.08.25 14:25:00,pullback,1,4624.979,0.000,0.000,0.000,0.00,0.00,against_bias
2026.08.25 14:34:00,pullback,1,4628.586,0.000,0.000,0.000,0.00,0.00,against_bias
2026.08.25 15:04:00,pullback,-1,4632.905,4637.534,0.000,0.000,0.00,0.00,no_room
2026.08.25 15:13:00,pullback,1,4634.073,0.000,0.000,0.000,0.00,0.00,against_bias
2026.08.25 15:17:00,pullback,1,4635.294,0.000,0.000,0.000,0.00,0.00,against_bias
2026.08.25 15:34:00,pullback,1,4644.862,0.000,0.000,0.000,0.00,0.00,against_bias
2026.08.25 15:48:00,pullback,-1,4654.328,0.000,0.000,0.000,0.00,0.00,against_bias
2026.08.26 07:02:00,pullback,1,4636.771,0.000,0.000,0.000,0.00,0.00,against_bias
2026.08.26 07:29:00,pullback,-1,4631.835,4636.311,0.000,0.000,0.00,0.00,no_room
2026.08.26 07:40:00,pullback,-1,4630.710,4636.748,0.000,0.000,0.00,0.00,no_room
2026.08.26 07:52:00,pullback,-1,4628.757,4636.753,0.000,0.000,0.00,0.00,no_room
2026.08.26 08:08:00,pullback,-1,4626.464,4630.658,0.000,0.000,0.00,0.00,no_room
2026.08.26 08:16:00,pullback,-1,4625.729,4629.951,0.000,0.000,0.00,0.00,no_room
2026.08.26 08:29:00,pullback,1,4628.488,0.000,0.000,0.000,0.00,0.00,against_bias
2026.08.26 08:34:00,pullback,1,4629.750,0.000,0.000,0.000,0.00,0.00,against_bias
2026.08.26 08:48:00,pullback,-1,4627.720,4630.621,0.000,0.000,0.00,0.00,sl_too_tight
2026.08.26 08:57:00,pullback,-1,4626.767,4629.899,0.000,0.000,0.00,0.00,no_room
2026.08.26 09:02:00,pullback,1,4629.772,0.000,0.000,0.000,0.00,0.00,against_bias
2026.08.26 09:05:00,pullback,-1,4625.874,4629.951,0.000,0.000,0.00,0.00,no_room
2026.08.26 09:17:00,pullback,-1,4623.812,4628.054,0.000,0.000,0.00,0.00,no_room
2026.08.26 09:26:00,pullback,-1,4618.439,4628.047,0.000,0.000,0.00,0.00,no_room
2026.08.26 09:34:00,pullback,1,4621.536,0.000,0.000,0.000,0.00,0.00,against_bias
2026.08.26 09:47:00,pullback,1,4622.313,0.000,0.000,0.000,0.00,0.00,against_bias
2026.08.26 10:02:00,pullback,-1,4622.617,4625.489,0.000,0.000,0.00,0.00,sl_too_tight
2026.08.26 10:12:00,pullback,-1,4620.354,4624.320,0.000,0.000,0.00,0.00,no_room
2026.08.26 10:20:00,pullback,-1,4617.487,4624.297,4605.340,4593.193,4.11,4.11,signal
2026.08.26 10:56:00,pullback,-1,4621.438,4624.173,0.000,0.000,0.00,0.00,sl_too_tight
2026.08.26 11:09:00,pullback,-1,4618.647,4622.020,0.000,0.000,0.00,0.00,no_room
2026.08.26 11:19:00,pullback,1,4621.868,0.000,0.000,0.000,0.00,0.00,against_bias
2026.08.26 11:32:00,pullback,1,4621.565,0.000,0.000,0.000,0.00,0.00,against_bias
2026.08.26 11:53:00,pullback,1,4619.611,0.000,0.000,0.000,0.00,0.00,against_bias
2026.08.26 11:57:00,pullback,1,4620.141,0.000,0.000,0.000,0.00,0.00,against_bias
2026.08.26 12:30:00,pullback,1,4630.182,0.000,0.000,0.000,0.00,0.00,against_bias
2026.08.26 12:31:00,pullback,-1,4625.172,4630.530,0.000,0.000,0.00,0.00,no_room
2026.08.26 13:17:00,pullback,-1,4608.207,4621.772,0.000,0.000,0.00,0.00,no_room
2026.08.26 13:31:00,pullback,1,4614.231,0.000,0.000,0.000,0.00,0.00,against_bias
2026.08.26 13:44:00,pullback,1,4618.821,0.000,0.000,0.000,0.00,0.00,against_bias
2026.08.26 13:58:00,pullback,1,4628.968,0.000,0.000,0.000,0.00,0.00,against_bias
2026.08.26 14:15:00,pullback,-1,4620.474,4627.477,0.000,0.000,0.00,0.00,no_room
2026.08.26 14:26:00,pullback,-1,4619.328,4627.237,0.000,0.000,0.00,0.00,no_room
2026.08.26 14:41:00,pullback,1,4619.596,0.000,0.000,0.000,0.00,0.00,against_bias
2026.08.26 14:52:00,pullback,-1,4612.535,4623.320,0.000,0.000,0.00,0.00,no_room
2026.08.26 15:16:00,pullback,-1,4587.955,4600.397,0.000,0.000,0.00,0.00,no_room
2026.08.26 15:28:00,pullback,1,4594.180,0.000,0.000,0.000,0.00,0.00,against_bias
2026.08.26 16:00:00,pullback,-1,4598.195,4609.509,0.000,0.000,0.00,0.00,no_room
2026.08.27 07:19:00,pullback,-1,4598.422,4604.308,0.000,0.000,0.00,0.00,no_room
2026.08.27 07:26:00,pullback,-1,4595.684,4604.308,0.000,0.000,0.00,0.00,no_room
2026.08.27 07:47:00,pullback,1,4598.217,0.000,0.000,0.000,0.00,0.00,against_bias
2026.08.27 07:56:00,pullback,1,4599.254,0.000,0.000,0.000,0.00,0.00,against_bias
2026.08.27 08:02:00,pullback,1,4602.690,0.000,0.000,0.000,0.00,0.00,against_bias
2026.08.27 08:21:00,pullback,-1,4602.585,4606.270,0.000,0.000,0.00,0.00,no_room
2026.08.27 08:35:00,pullback,-1,4599.940,4604.050,0.000,0.000,0.00,0.00,no_room
2026.08.27 08:45:00,pullback,-1,4597.194,4604.078,0.000,0.000,0.00,0.00,no_room
2026.08.27 08:51:00,pullback,1,4599.077,0.000,0.000,0.000,0.00,0.00,against_bias
2026.08.27 09:06:00,pullback,-1,4594.710,4602.516,0.000,0.000,0.00,0.00,no_room
2026.08.27 09:28:00,pullback,-1,4594.634,4597.382,0.000,0.000,0.00,0.00,sl_too_tight
2026.08.27 09:34:00,pullback,-1,4593.797,4599.575,0.000,0.000,0.00,0.00,no_room
2026.08.27 09:58:00,pullback,-1,4580.508,4585.912,0.000,0.000,0.00,0.00,no_room
2026.08.27 10:37:00,pullback,-1,4577.422,4582.663,4566.940,4556.457,5.28,5.29,signal
2026.08.27 10:43:00,pullback,1,4582.500,0.000,0.000,0.000,0.00,0.00,against_bias
2026.08.27 10:52:00,pullback,1,4588.012,0.000,0.000,0.000,0.00,0.00,against_bias
2026.08.27 11:15:00,pullback,1,4591.325,0.000,0.000,0.000,0.00,0.00,against_bias
2026.08.27 11:21:00,pullback,1,4592.905,0.000,0.000,0.000,0.00,0.00,against_bias
2026.08.27 11:33:00,pullback,1,4597.031,0.000,0.000,0.000,0.00,0.00,against_bias
2026.08.27 11:55:00,pullback,1,4599.672,0.000,0.000,0.000,0.00,0.00,against_bias
2026.08.27 12:04:00,pullback,1,4600.358,0.000,0.000,0.000,0.00,0.00,against_bias
2026.08.27 12:07:00,pullback,-1,4594.414,4601.489,0.000,0.000,0.00,0.00,no_room
2026.08.27 12:15:00,pullback,-1,4593.708,4595.778,0.000,0.000,0.00,0.00,sl_too_tight
2026.08.27 12:21:00,pullback,1,4596.097,0.000,0.000,0.000,0.00,0.00,against_bias
2026.08.27 12:38:00,pullback,-1,4592.434,4596.769,4584.143,4575.851,6.32,6.33,signal
2026.08.27 12:50:00,pullback,-1,4592.434,0.000,4584.143,0.000,0.00,0.00,missed_move
2026.08.27 13:04:00,pullback,1,4588.177,0.000,0.000,0.000,0.00,0.00,against_bias
2026.08.27 13:15:00,pullback,-1,4585.826,4591.228,0.000,0.000,0.00,0.00,no_room
2026.08.27 13:26:00,pullback,1,4588.983,0.000,0.000,0.000,0.00,0.00,against_bias
2026.08.27 13:33:00,pullback,-1,4585.113,4593.709,0.000,0.000,0.00,0.00,no_room
2026.08.27 13:48:00,pullback,-1,4572.192,4583.993,0.000,0.000,0.00,0.00,no_room
2026.08.27 14:06:00,pullback,1,4575.874,0.000,0.000,0.000,0.00,0.00,against_bias
2026.08.27 14:17:00,pullback,1,4577.927,0.000,0.000,0.000,0.00,0.00,against_bias
2026.08.27 14:35:00,pullback,1,4585.352,0.000,0.000,0.000,0.00,0.00,against_bias
2026.08.27 14:44:00,pullback,1,4591.138,0.000,0.000,0.000,0.00,0.00,against_bias
2026.08.27 14:56:00,pullback,-1,4590.771,4598.663,0.000,0.000,0.00,0.00,no_room
2026.08.27 15:16:00,pullback,1,4595.574,0.000,0.000,0.000,0.00,0.00,against_bias
2026.08.27 15:23:00,pullback,-1,4590.914,4598.230,0.000,0.000,0.00,0.00,no_room
2026.08.27 15:32:00,pullback,1,4597.983,0.000,0.000,0.000,0.00,0.00,against_bias
2026.08.27 15:54:00,pullback,1,4605.893,4599.826,4618.028,4630.163,4.52,4.52,signal
2026.08.28 07:06:00,pullback,-1,4605.717,0.000,0.000,0.000,0.00,0.00,against_bias
2026.08.28 07:34:00,pullback,1,4610.139,4606.350,0.000,0.000,0.00,0.00,no_room
2026.08.28 08:02:00,pullback,1,4613.359,4609.363,0.000,0.000,0.00,0.00,no_room
2026.08.28 08:19:00,pullback,-1,4609.783,0.000,0.000,0.000,0.00,0.00,against_bias
2026.08.28 08:38:00,pullback,-1,4608.024,0.000,0.000,0.000,0.00,0.00,against_bias
2026.08.28 09:13:00,pullback,-1,4601.842,0.000,0.000,0.000,0.00,0.00,against_bias
2026.08.28 09:22:00,pullback,1,4602.799,4600.053,0.000,0.000,0.00,0.00,sl_too_tight
2026.08.28 09:51:00,pullback,1,4605.211,4602.773,0.000,0.000,0.00,0.00,sl_too_tight
2026.08.28 10:12:00,pullback,1,4607.271,4605.302,0.000,0.000,0.00,0.00,sl_too_tight
2026.08.28 10:19:00,pullback,-1,4605.447,0.000,0.000,0.000,0.00,0.00,against_bias
2026.08.28 10:47:00,pullback,-1,4601.587,0.000,0.000,0.000,0.00,0.00,against_bias
2026.08.28 11:07:00,pullback,-1,4597.204,4601.561,0.000,0.000,0.00,0.00,no_room
2026.08.28 11:29:00,pullback,-1,4597.812,4601.207,0.000,0.000,0.00,0.00,no_room
2026.08.28 11:36:00,pullback,-1,4597.487,4600.991,0.000,0.000,0.00,0.00,no_room
2026.08.28 11:56:00,pullback,-1,4593.034,4596.127,4586.849,4580.663,8.91,8.91,signal
2026.08.28 12:14:00,pullback,1,4595.821,0.000,0.000,0.000,0.00,0.00,against_bias
2026.08.28 12:21:00,pullback,1,4597.198,0.000,0.000,0.000,0.00,0.00,against_bias
2026.08.28 12:36:00,pullback,-1,4592.337,4604.117,0.000,0.000,0.00,0.00,no_room
2026.08.28 13:09:00,pullback,1,4603.649,0.000,0.000,0.000,0.00,0.00,against_bias
2026.08.28 13:16:00,pullback,-1,4596.119,4605.812,0.000,0.000,0.00,0.00,no_room
2026.08.28 13:35:00,pullback,1,4604.754,0.000,0.000,0.000,0.00,0.00,against_bias
2026.08.28 13:47:00,pullback,1,4607.125,0.000,0.000,0.000,0.00,0.00,against_bias
2026.08.28 13:57:00,pullback,1,4612.535,0.000,0.000,0.000,0.00,0.00,against_bias
2026.08.28 14:00:00,pullback,-1,4607.104,4613.017,0.000,0.000,0.00,0.00,no_room
2026.08.28 14:15:00,pullback,-1,4548.083,4583.000,0.000,0.000,0.00,0.00,no_room
2026.08.28 14:28:00,pullback,-1,4543.623,4569.457,0.000,0.000,0.00,0.00,no_room
2026.08.28 14:35:00,pullback,1,4568.457,0.000,0.000,0.000,0.00,0.00,against_bias
2026.08.28 14:58:00,pullback,1,4577.054,0.000,0.000,0.000,0.00,0.00,against_bias
2026.08.28 15:11:00,pullback,-1,4572.009,4583.684,0.000,0.000,0.00,0.00,no_room
2026.08.28 15:33:00,pullback,-1,4558.657,4569.939,4536.092,4513.528,2.41,2.42,signal
2026.08.31 07:06:00,pullback,1,4440.450,0.000,0.000,0.000,0.00,0.00,against_bias
2026.08.31 07:14:00,pullback,-1,4436.655,4442.181,0.000,0.000,0.00,0.00,no_room
2026.08.31 07:22:00,pullback,1,4440.036,0.000,0.000,0.000,0.00,0.00,against_bias
2026.08.31 07:59:00,pullback,-1,4442.189,0.000,0.000,0.000,0.00,0.00,against_bias
2026.08.31 08:01:00,pullback,1,4445.092,4441.976,4449.565,4454.038,9.02,9.02,signal
2026.08.31 08:12:00,pullback,-1,4440.794,0.000,0.000,0.000,0.00,0.00,against_bias
2026.08.31 08:27:00,pullback,1,4440.281,4435.717,0.000,0.000,0.00,0.00,no_room
2026.08.31 08:34:00,pullback,-1,4437.257,0.000,0.000,0.000,0.00,0.00,against_bias
2026.08.31 08:42:00,pullback,-1,4435.135,0.000,0.000,0.000,0.00,0.00,against_bias
2026.08.31 08:55:00,pullback,-1,4434.331,0.000,0.000,0.000,0.00,0.00,against_bias
2026.08.31 09:01:00,pullback,1,4437.071,4433.464,4441.264,4445.456,7.71,7.71,signal
2026.08.31 09:06:00,pullback,1,4437.071,0.000,4441.264,0.000,0.00,0.00,missed_move
2026.08.31 09:13:00,pullback,1,4441.438,4433.416,0.000,0.000,0.00,0.00,no_room
2026.08.31 09:59:00,pullback,1,4444.387,4440.784,4449.409,4454.430,7.72,7.72,signal
2026.08.31 10:07:00,pullback,1,4444.387,0.000,4449.409,0.000,0.00,0.00,missed_move
2026.08.31 10:32:00,pullback,1,4449.437,4446.445,0.000,0.000,0.00,0.00,sl_too_tight
2026.08.31 10:39:00,pullback,1,4450.222,4447.315,0.000,0.000,0.00,0.00,sl_too_tight
2026.08.31 10:51:00,pullback,1,4451.719,4448.528,4458.101,4464.483,8.72,8.72,signal
2026.08.31 12:39:00,pullback,-1,4445.449,0.000,0.000,0.000,0.00,0.00,against_bias
2026.08.31 12:46:00,pullback,-1,4439.141,0.000,0.000,0.000,0.00,0.00,against_bias
2026.08.31 13:02:00,pullback,-1,4435.712,0.000,0.000,0.000,0.00,0.00,against_bias
2026.08.31 13:08:00,pullback,1,4440.177,4433.332,0.000,0.000,0.00,0.00,no_room
2026.08.31 13:23:00,pullback,-1,4441.347,0.000,0.000,0.000,0.00,0.00,against_bias
2026.08.31 13:33:00,pullback,-1,4439.227,0.000,0.000,0.000,0.00,0.00,against_bias
2026.08.31 13:43:00,pullback,-1,4435.627,0.000,0.000,0.000,0.00,0.00,against_bias
2026.08.31 14:00:00,pullback,-1,4419.107,4425.518,0.000,0.000,0.00,0.00,no_room
2026.08.31 14:06:00,pullback,1,4423.709,0.000,0.000,0.000,0.00,0.00,against_bias
2026.08.31 14:17:00,pullback,1,4427.989,0.000,0.000,0.000,0.00,0.00,against_bias
2026.08.31 14:24:00,pullback,-1,4420.968,4431.420,0.000,0.000,0.00,0.00,no_room
2026.08.31 14:38:00,pullback,1,4431.065,0.000,0.000,0.000,0.00,0.00,against_bias
2026.08.31 14:50:00,pullback,-1,4431.282,4436.532,4420.781,4410.281,5.32,5.33,signal
2026.08.31 15:34:00,pullback,-1,4430.232,4434.873,4420.950,4411.667,5.96,5.97,signal
2026.09.01 07:02:00,pullback,1,4431.134,0.000,0.000,0.000,0.00,0.00,against_bias
2026.09.01 07:19:00,pullback,-1,4429.601,4433.877,0.000,0.000,0.00,0.00,no_room
2026.09.01 07:40:00,pullback,-1,4419.120,4428.462,0.000,0.000,0.00,0.00,no_room
2026.09.01 07:50:00,pullback,1,4421.820,0.000,0.000,0.000,0.00,0.00,against_bias
2026.09.01 07:59:00,pullback,-1,4418.566,4422.339,0.000,0.000,0.00,0.00,no_room
2026.09.01 08:24:00,pullback,-1,4389.185,4406.978,0.000,0.000,0.00,0.00,no_room
2026.09.01 09:03:00,pullback,-1,4369.049,4378.365,0.000,0.000,0.00,0.00,no_room
2026.09.01 09:15:00,pullback,1,4375.257,0.000,0.000,0.000,0.00,0.00,against_bias
2026.09.01 09:39:00,pullback,-1,4366.483,4371.717,0.000,0.000,0.00,0.00,no_room
2026.09.01 09:45:00,pullback,1,4371.410,0.000,0.000,0.000,0.00,0.00,against_bias
2026.09.01 09:59:00,pullback,-1,4368.591,4373.942,0.000,0.000,0.00,0.00,no_room
2026.09.01 10:08:00,pullback,1,4370.797,0.000,0.000,0.000,0.00,0.00,against_bias
2026.09.01 10:22:00,pullback,1,4383.302,0.000,0.000,0.000,0.00,0.00,against_bias
2026.09.01 10:45:00,pullback,-1,4381.579,4385.841,0.000,0.000,0.00,0.00,no_room
2026.09.01 11:04:00,pullback,1,4380.209,0.000,0.000,0.000,0.00,0.00,against_bias
2026.09.01 11:10:00,pullback,1,4380.694,0.000,0.000,0.000,0.00,0.00,against_bias
2026.09.01 11:17:00,pullback,-1,4376.697,4383.488,0.000,0.000,0.00,0.00,no_room
2026.09.01 11:39:00,pullback,1,4382.255,0.000,0.000,0.000,0.00,0.00,against_bias
2026.09.01 11:46:00,pullback,1,4384.269,0.000,0.000,0.000,0.00,0.00,against_bias
2026.09.01 11:53:00,pullback,-1,4382.523,4387.416,0.000,0.000,0.00,0.00,no_room
2026.09.01 12:11:00,pullback,-1,4369.963,4387.493,0.000,0.000,0.00,0.00,no_room
2026.09.01 12:18:00,pullback,1,4372.394,0.000,0.000,0.000,0.00,0.00,against_bias
2026.09.01 12:27:00,pullback,1,4375.584,0.000,0.000,0.000,0.00,0.00,against_bias
2026.09.01 12:33:00,pullback,-1,4365.969,4376.612,0.000,0.000,0.00,0.00,no_room
2026.09.01 12:45:00,pullback,1,4361.000,0.000,0.000,0.000,0.00,0.00,against_bias
2026.09.01 13:01:00,pullback,-1,4351.804,4370.397,0.000,0.000,0.00,0.00,no_room
2026.09.01 13:10:00,pullback,-1,4334.191,4370.632,0.000,0.000,0.00,0.00,no_room
2026.09.01 13:24:00,pullback,1,4335.243,0.000,0.000,0.000,0.00,0.00,against_bias
2026.09.01 13:44:00,pullback,1,4356.929,0.000,0.000,0.000,0.00,0.00,against_bias
2026.09.01 14:00:00,pullback,1,4364.966,0.000,0.000,0.000,0.00,0.00,against_bias
2026.09.01 14:05:00,pullback,-1,4356.716,4371.237,0.000,0.000,0.00,0.00,no_room
2026.09.01 14:15:00,pullback,1,4369.736,0.000,0.000,0.000,0.00,0.00,against_bias
2026.09.01 14:24:00,pullback,1,4374.628,0.000,0.000,0.000,0.00,0.00,against_bias
2026.09.01 14:42:00,pullback,-1,4365.577,4373.531,0.000,0.000,0.00,0.00,no_room
2026.09.01 14:50:00,pullback,-1,4364.155,4373.533,0.000,0.000,0.00,0.00,no_room
2026.09.01 14:55:00,pullback,-1,4360.408,4370.790,0.000,0.000,0.00,0.00,no_room
2026.09.01 15:04:00,pullback,-1,4356.806,4370.763,0.000,0.000,0.00,0.00,no_room
2026.09.01 15:20:00,pullback,1,4362.915,0.000,0.000,0.000,0.00,0.00,against_bias
2026.09.01 15:30:00,pullback,1,4365.373,0.000,0.000,0.000,0.00,0.00,against_bias
2026.09.01 15:44:00,pullback,1,4366.951,0.000,0.000,0.000,0.00,0.00,against_bias
2026.09.01 15:55:00,pullback,1,4371.602,0.000,0.000,0.000,0.00,0.00,against_bias
2026.09.02 07:08:00,pullback,1,4324.433,0.000,0.000,0.000,0.00,0.00,against_bias
2026.09.02 07:42:00,pullback,-1,4326.201,4331.545,0.000,0.000,0.00,0.00,no_room
2026.09.02 07:51:00,pullback,-1,4321.850,4325.402,4316.797,4311.743,7.71,7.72,signal
2026.09.02 08:04:00,pullback,1,4325.189,0.000,0.000,0.000,0.00,0.00,against_bias
2026.09.02 08:09:00,pullback,1,4327.568,0.000,0.000,0.000,0.00,0.00,against_bias
2026.09.02 08:27:00,pullback,-1,4323.992,4327.229,0.000,0.000,0.00,0.00,no_room
2026.09.02 08:33:00,pullback,-1,4322.561,4327.235,4316.784,4311.008,5.80,5.81,signal
2026.09.02 09:42:00,pullback,1,4310.969,0.000,0.000,0.000,0.00,0.00,against_bias
2026.09.02 09:53:00,pullback,-1,4308.725,4311.645,0.000,0.000,0.00,0.00,sl_too_tight
2026.09.02 10:03:00,pullback,-1,4307.868,4310.354,0.000,0.000,0.00,0.00,sl_too_tight
2026.09.02 10:21:00,pullback,1,4309.723,0.000,0.000,0.000,0.00,0.00,against_bias
2026.09.02 10:50:00,pullback,1,4310.202,0.000,0.000,0.000,0.00,0.00,against_bias
2026.09.02 10:52:00,pullback,-1,4307.053,4310.369,4301.004,4294.956,8.33,8.33,signal
2026.09.02 11:04:00,pullback,1,4310.569,0.000,0.000,0.000,0.00,0.00,against_bias
2026.09.02 11:11:00,pullback,1,4313.139,0.000,0.000,0.000,0.00,0.00,against_bias
2026.09.02 11:33:00,pullback,1,4324.596,0.000,0.000,0.000,0.00,0.00,against_bias
2026.09.02 11:54:00,pullback,1,4327.461,0.000,0.000,0.000,0.00,0.00,against_bias
2026.09.02 12:02:00,pullback,1,4332.950,4323.030,0.000,0.000,0.00,0.00,no_room
2026.09.02 12:05:00,pullback,1,4334.330,4322.971,0.000,0.000,0.00,0.00,no_room
2026.09.02 12:19:00,pullback,1,4334.582,4329.220,0.000,0.000,0.00,0.00,no_room
2026.09.02 12:37:00,pullback,-1,4329.696,0.000,0.000,0.000,0.00,0.00,against_bias
2026.09.02 12:58:00,pullback,-1,4332.338,0.000,0.000,0.000,0.00,0.00,against_bias
2026.09.02 13:03:00,pullback,1,4339.315,4330.025,4348.865,4358.415,2.94,2.95,signal
2026.09.02 13:42:00,pullback,1,4367.939,4361.889,0.000,0.000,0.00,0.00,no_room
2026.09.02 13:59:00,pullback,1,4378.242,4367.203,0.000,0.000,0.00,0.00,no_room
2026.09.02 14:06:00,pullback,1,4385.735,4371.393,0.000,0.000,0.00,0.00,no_room
2026.09.02 14:31:00,pullback,-1,4385.286,0.000,0.000,0.000,0.00,0.00,against_bias
2026.09.02 14:40:00,pullback,-1,4382.751,0.000,0.000,0.000,0.00,0.00,against_bias
2026.09.02 14:47:00,pullback,-1,4381.111,0.000,0.000,0.000,0.00,0.00,against_bias
2026.09.02 15:14:00,pullback,-1,4373.597,0.000,0.000,0.000,0.00,0.00,against_bias
2026.09.02 15:30:00,pullback,1,4371.524,4365.235,0.000,0.000,0.00,0.00,no_room
2026.09.02 15:44:00,pullback,-1,4367.272,0.000,0.000,0.000,0.00,0.00,against_bias
2026.09.02 15:56:00,pullback,1,4369.587,4366.853,0.000,0.000,0.00,0.00,sl_too_tight
2026.09.03 07:05:00,pullback,1,4428.893,4418.662,0.000,0.000,0.00,0.00,no_room
2026.09.03 07:24:00,pullback,1,4426.767,4421.334,0.000,0.000,0.00,0.00,no_room
2026.09.03 07:37:00,pullback,-1,4425.344,0.000,0.000,0.000,0.00,0.00,against_bias
2026.09.03 07:55:00,pullback,1,4428.846,4423.989,4435.134,4441.422,5.72,5.72,signal
2026.09.03 08:40:00,pullback,-1,4434.843,0.000,0.000,0.000,0.00,0.00,against_bias
2026.09.03 09:07:00,pullback,1,4437.868,4433.858,0.000,0.000,0.00,0.00,no_room
2026.09.03 09:22:00,pullback,-1,4434.046,0.000,0.000,0.000,0.00,0.00,against_bias
2026.09.03 09:38:00,pullback,-1,4433.426,0.000,0.000,0.000,0.00,0.00,against_bias
2026.09.03 09:45:00,pullback,-1,4430.510,0.000,0.000,0.000,0.00,0.00,against_bias
2026.09.03 09:54:00,pullback,-1,4426.898,0.000,0.000,0.000,0.00,0.00,against_bias
2026.09.03 10:07:00,pullback,1,4429.315,4425.123,4435.183,4441.052,6.75,6.76,signal
2026.09.03 10:10:00,pullback,-1,4425.286,0.000,0.000,0.000,0.00,0.00,against_bias
2026.09.03 10:20:00,pullback,-1,4422.970,0.000,0.000,0.000,0.00,0.00,against_bias
2026.09.03 10:25:00,pullback,-1,4420.648,0.000,0.000,0.000,0.00,0.00,against_bias
2026.09.03 10:42:00,pullback,1,4424.925,4419.794,0.000,0.000,0.00,0.00,no_room
2026.09.03 10:54:00,pullback,1,4426.670,4423.747,0.000,0.000,0.00,0.00,sl_too_tight
2026.09.03 11:10:00,pullback,1,4429.313,4424.754,4435.167,4441.020,6.15,6.15,signal
2026.09.03 11:16:00,pullback,1,4429.313,0.000,4435.167,0.000,0.00,0.00,missed_move
2026.09.03 11:37:00,pullback,1,4435.446,4426.013,0.000,0.000,0.00,0.00,no_room
2026.09.03 11:41:00,pullback,1,4436.896,4426.012,0.000,0.000,0.00,0.00,no_room
2026.09.03 11:58:00,pullback,1,4441.756,4436.240,0.000,0.000,0.00,0.00,no_room
2026.09.03 12:04:00,pullback,1,4445.848,4440.774,0.000,0.000,0.00,0.00,no_room
2026.09.03 12:11:00,pullback,1,4448.998,4444.654,0.000,0.000,0.00,0.00,no_room
2026.09.03 12:13:00,pullback,-1,4444.891,0.000,0.000,0.000,0.00,0.00,against_bias
2026.09.03 12:31:00,pullback,1,4449.234,4437.355,0.000,0.000,0.00,0.00,no_room
2026.09.03 12:38:00,pullback,1,4469.989,4445.657,0.000,0.000,0.00,0.00,no_room
2026.09.03 12:50:00,pullback,1,4478.773,4464.286,4494.362,4509.952,1.93,1.94,signal
2026.09.03 12:57:00,pullback,1,4478.773,0.000,4494.362,0.000,0.00,0.00,missed_move
2026.09.03 13:07:00,pullback,-1,4488.150,0.000,0.000,0.000,0.00,0.00,against_bias
2026.09.03 13:26:00,pullback,-1,4478.161,0.000,0.000,0.000,0.00,0.00,against_bias
2026.09.03 13:32:00,pullback,-1,4476.847,0.000,0.000,0.000,0.00,0.00,against_bias
2026.09.03 13:37:00,pullback,-1,4473.924,0.000,0.000,0.000,0.00,0.00,against_bias
2026.09.03 14:07:00,pullback,1,4471.043,4457.760,0.000,0.000,0.00,0.00,no_room
2026.09.03 14:16:00,pullback,1,4472.999,4460.804,4494.437,4515.875,2.29,2.30,signal
2026.09.04 07:11:00,pullback,1,4468.656,0.000,0.000,0.000,0.00,0.00,against_bias
2026.09.04 07:26:00,pullback,1,4469.592,0.000,0.000,0.000,0.00,0.00,against_bias
2026.09.04 07:42:00,pullback,1,4476.478,0.000,0.000,0.000,0.00,0.00,against_bias
2026.09.04 07:58:00,pullback,-1,4482.439,0.000,0.000,0.000,0.00,0.00,against_bias
2026.09.04 08:10:00,pullback,-1,4481.263,0.000,0.000,0.000,0.00,0.00,against_bias
2026.09.04 08:33:00,pullback,-1,4479.543,0.000,0.000,0.000,0.00,0.00,against_bias
2026.09.04 08:39:00,pullback,-1,4477.903,0.000,0.000,0.000,0.00,0.00,against_bias
2026.09.04 08:48:00,pullback,-1,4477.250,0.000,0.000,0.000,0.00,0.00,against_bias
2026.09.04 08:57:00,pullback,1,4478.521,4474.043,0.000,0.000,0.00,0.00,no_room
2026.09.04 09:07:00,pullback,-1,4476.295,0.000,0.000,0.000,0.00,0.00,against_bias
2026.09.04 10:00:00,pullback,-1,4465.922,0.000,0.000,0.000,0.00,0.00,against_bias
2026.09.04 10:08:00,pullback,1,4469.704,4465.053,0.000,0.000,0.00,0.00,no_room
2026.09.04 10:13:00,pullback,1,4470.967,4465.073,0.000,0.000,0.00,0.00,no_room
2026.09.04 10:25:00,pullback,-1,4469.006,0.000,0.000,0.000,0.00,0.00,against_bias
2026.09.04 10:33:00,pullback,1,4473.713,4467.785,0.000,0.000,0.00,0.00,no_room
2026.09.04 10:47:00,pullback,1,4475.326,4469.728,0.000,0.000,0.00,0.00,no_room
2026.09.04 11:00:00,pullback,-1,4473.324,0.000,0.000,0.000,0.00,0.00,against_bias
2026.09.04 11:09:00,pullback,-1,4470.345,0.000,0.000,0.000,0.00,0.00,against_bias
2026.09.04 11:18:00,pullback,-1,4469.405,0.000,0.000,0.000,0.00,0.00,against_bias
2026.09.04 11:30:00,pullback,-1,4466.336,0.000,0.000,0.000,0.00,0.00,against_bias
2026.09.04 11:39:00,pullback,1,4468.238,4465.726,0.000,0.000,0.00,0.00,sl_too_tight
2026.09.04 11:47:00,pullback,1,4470.252,4465.640,0.000,0.000,0.00,0.00,no_room
2026.09.04 11:52:00,pullback,1,4470.395,4465.630,0.000,0.000,0.00,0.00,no_room
2026.09.04 12:00:00,pullback,-1,4467.029,0.000,0.000,0.000,0.00,0.00,against_bias
2026.09.04 12:06:00,pullback,1,4469.312,4464.625,0.000,0.000,0.00,0.00,no_room
2026.09.04 12:15:00,pullback,-1,4464.815,0.000,0.000,0.000,0.00,0.00,against_bias
2026.09.04 12:29:00,pullback,1,4470.497,4463.887,0.000,0.000,0.00,0.00,no_room
2026.09.04 12:31:00,pullback,-1,4464.188,0.000,0.000,0.000,0.00,0.00,against_bias
2026.09.04 12:54:00,pullback,1,4406.606,0.000,0.000,0.000,0.00,0.00,against_bias
2026.09.04 13:01:00,pullback,-1,4379.982,4410.715,0.000,0.000,0.00,0.00,no_room
2026.09.04 13:10:00,pullback,1,4387.571,0.000,0.000,0.000,0.00,0.00,against_bias
2026.09.04 13:21:00,pullback,1,4399.991,0.000,0.000,0.000,0.00,0.00,against_bias
2026.09.04 13:45:00,pullback,1,4420.706,0.000,0.000,0.000,0.00,0.00,against_bias
2026.09.04 14:14:00,pullback,1,4427.219,0.000,0.000,0.000,0.00,0.00,against_bias
2026.09.04 14:34:00,pullback,1,4437.526,0.000,0.000,0.000,0.00,0.00,against_bias
2026.09.04 14:43:00,pullback,-1,4428.669,4442.871,0.000,0.000,0.00,0.00,no_room
2026.09.04 14:48:00,pullback,-1,4425.241,4433.165,0.000,0.000,0.00,0.00,no_room
2026.09.04 14:55:00,pullback,-1,4422.556,4432.557,0.000,0.000,0.00,0.00,no_room
2026.09.04 15:06:00,pullback,1,4429.988,0.000,0.000,0.000,0.00,0.00,against_bias
2026.09.04 15:15:00,pullback,1,4439.381,0.000,0.000,0.000,0.00,0.00,against_bias
2026.09.04 15:54:00,pullback,-1,4441.481,4447.017,0.000,0.000,0.00,0.00,no_room
2026.09.07 07:05:00,pullback,1,4398.011,0.000,0.000,0.000,0.00,0.00,against_bias
2026.09.07 07:30:00,pullback,-1,4395.690,4401.022,0.000,0.000,0.00,0.00,no_room
2026.09.07 07:43:00,pullback,-1,4393.439,4399.270,0.000,0.000,0.00,0.00,no_room
2026.09.07 07:50:00,pullback,1,4399.046,0.000,0.000,0.000,0.00,0.00,against_bias
2026.09.07 08:01:00,pullback,1,4406.205,0.000,0.000,0.000,0.00,0.00,against_bias
2026.09.07 08:15:00,pullback,1,4416.828,4409.407,0.000,0.000,0.00,0.00,no_room
2026.09.07 08:40:00,pullback,-1,4416.310,0.000,0.000,0.000,0.00,0.00,against_bias
2026.09.07 08:51:00,pullback,-1,4413.560,0.000,0.000,0.000,0.00,0.00,against_bias
2026.09.07 08:58:00,pullback,-1,4410.531,0.000,0.000,0.000,0.00,0.00,against_bias
2026.09.07 09:17:00,pullback,-1,4410.613,0.000,0.000,0.000,0.00,0.00,against_bias
2026.09.07 09:30:00,pullback,-1,4406.677,0.000,0.000,0.000,0.00,0.00,against_bias
2026.09.07 09:41:00,pullback,1,4409.561,4403.177,0.000,0.000,0.00,0.00,no_room
2026.09.07 09:49:00,pullback,1,4410.171,4403.224,0.000,0.000,0.00,0.00,no_room
2026.09.07 10:07:00,pullback,-1,4404.554,0.000,0.000,0.000,0.00,0.00,against_bias
2026.09.07 10:21:00,pullback,-1,4402.375,0.000,0.000,0.000,0.00,0.00,against_bias
2026.09.07 10:55:00,pullback,-1,4391.738,0.000,0.000,0.000,0.00,0.00,against_bias
2026.09.07 11:13:00,pullback,1,4393.756,4388.677,0.000,0.000,0.00,0.00,no_room
2026.09.07 11:21:00,pullback,1,4394.492,4389.882,0.000,0.000,0.00,0.00,no_room
2026.09.07 11:23:00,pullback,-1,4391.624,0.000,0.000,0.000,0.00,0.00,against_bias
2026.09.07 11:31:00,pullback,-1,4387.242,0.000,0.000,0.000,0.00,0.00,against_bias
2026.09.07 11:47:00,pullback,1,4389.117,4380.702,0.000,0.000,0.00,0.00,no_room
2026.09.07 12:00:00,pullback,-1,4385.812,0.000,0.000,0.000,0.00,0.00,against_bias
2026.09.07 12:07:00,pullback,1,4389.338,4384.768,0.000,0.000,0.00,0.00,no_room
2026.09.07 12:24:00,pullback,1,4393.047,4390.130,0.000,0.000,0.00,0.00,sl_too_tight
2026.09.07 12:30:00,pullback,1,4394.841,4390.145,0.000,0.000,0.00,0.00,no_room
2026.09.07 13:01:00,pullback,1,4398.193,4393.952,0.000,0.000,0.00,0.00,no_room
2026.09.07 13:11:00,pullback,1,4402.764,4393.868,0.000,0.000,0.00,0.00,no_room
2026.09.07 13:32:00,pullback,1,4405.105,4402.668,0.000,0.000,0.00,0.00,sl_too_tight
2026.09.07 13:41:00,pullback,-1,4402.559,0.000,0.000,0.000,0.00,0.00,against_bias
2026.09.07 13:59:00,pullback,-1,4402.275,0.000,0.000,0.000,0.00,0.00,against_bias
2026.09.07 14:01:00,pullback,1,4404.931,4402.097,0.000,0.000,0.00,0.00,sl_too_tight
2026.09.07 14:08:00,pullback,1,4408.060,4400.893,0.000,0.000,0.00,0.00,no_room
2026.09.07 14:25:00,pullback,-1,4406.584,0.000,0.000,0.000,0.00,0.00,against_bias
2026.09.07 14:36:00,pullback,-1,4405.448,0.000,0.000,0.000,0.00,0.00,against_bias
2026.09.07 14:44:00,pullback,1,4408.018,4404.556,0.000,0.000,0.00,0.00,no_room
2026.09.07 15:06:00,pullback,-1,4412.258,0.000,0.000,0.000,0.00,0.00,against_bias
2026.09.07 15:27:00,pullback,-1,4413.178,0.000,0.000,0.000,0.00,0.00,against_bias
2026.09.07 15:40:00,pullback,-1,4411.112,0.000,0.000,0.000,0.00,0.00,against_bias
2026.09.07 15:55:00,pullback,1,4413.090,4408.476,0.000,0.000,0.00,0.00,no_room
2026.09.08 07:16:00,pullback,-1,4402.237,4409.667,0.000,0.000,0.00,0.00,no_room
2026.09.08 07:33:00,pullback,1,4404.205,0.000,0.000,0.000,0.00,0.00,against_bias
2026.09.08 07:35:00,pullback,-1,4399.997,4404.430,0.000,0.000,0.00,0.00,no_room
2026.09.08 07:58:00,pullback,-1,4391.211,4397.512,0.000,0.000,0.00,0.00,no_room
2026.09.08 08:03:00,pullback,-1,4389.934,4394.242,0.000,0.000,0.00,0.00,no_room
2026.09.08 08:07:00,pullback,1,4394.026,0.000,0.000,0.000,0.00,0.00,against_bias
2026.09.08 08:10:00,pullback,-1,4388.616,4394.292,0.000,0.000,0.00,0.00,no_room
2026.09.08 08:20:00,pullback,1,4392.815,0.000,0.000,0.000,0.00,0.00,against_bias
2026.09.08 08:25:00,pullback,1,4394.014,0.000,0.000,0.000,0.00,0.00,against_bias
2026.09.08 08:34:00,pullback,1,4396.453,0.000,0.000,0.000,0.00,0.00,against_bias
2026.09.08 08:43:00,pullback,-1,4393.694,4398.956,0.000,0.000,0.00,0.00,no_room
2026.09.08 09:04:00,pullback,1,4394.448,0.000,0.000,0.000,0.00,0.00,against_bias
2026.09.08 09:17:00,pullback,1,4398.002,0.000,0.000,0.000,0.00,0.00,against_bias
2026.09.08 09:24:00,pullback,-1,4394.549,4399.422,0.000,0.000,0.00,0.00,no_room
2026.09.08 09:41:00,pullback,1,4397.776,0.000,0.000,0.000,0.00,0.00,against_bias
2026.09.08 09:51:00,pullback,1,4403.781,0.000,0.000,0.000,0.00,0.00,against_bias
2026.09.08 11:00:00,pullback,-1,4396.694,4400.451,0.000,0.000,0.00,0.00,no_room
2026.09.08 11:09:00,pullback,-1,4394.655,4400.108,0.000,0.000,0.00,0.00,no_room
2026.09.08 11:17:00,pullback,1,4399.688,0.000,0.000,0.000,0.00,0.00,against_bias
2026.09.08 11:34:00,pullback,1,4403.008,0.000,0.000,0.000,0.00,0.00,against_bias
2026.09.08 11:49:00,pullback,-1,4400.364,4407.158,0.000,0.000,0.00,0.00,no_room
2026.09.08 11:59:00,pullback,1,4402.724,0.000,0.000,0.000,0.00,0.00,against_bias
2026.09.08 12:11:00,pullback,-1,4401.594,4404.595,4398.319,4395.044,9.37,9.38,signal
2026.09.08 12:12:00,pullback,-1,4401.594,0.000,4398.319,0.000,0.00,0.00,missed_move
2026.09.08 12:26:00,pullback,1,4396.600,0.000,0.000,0.000,0.00,0.00,against_bias
2026.09.08 13:00:00,pullback,1,4408.251,0.000,0.000,0.000,0.00,0.00,against_bias
2026.09.08 13:15:00,pullback,1,4407.159,0.000,0.000,0.000,0.00,0.00,against_bias
2026.09.08 13:22:00,pullback,-1,4405.505,4407.429,0.000,0.000,0.00,0.00,sl_too_tight
2026.09.08 13:42:00,pullback,-1,4395.881,4403.373,0.000,0.000,0.00,0.00,no_room
2026.09.08 13:50:00,pullback,1,4402.998,0.000,0.000,0.000,0.00,0.00,against_bias
2026.09.08 13:55:00,pullback,1,4403.375,0.000,0.000,0.000,0.00,0.00,against_bias
2026.09.08 14:00:00,pullback,-1,4397.114,4407.973,0.000,0.000,0.00,0.00,no_room
2026.09.08 14:25:00,pullback,1,4400.481,0.000,0.000,0.000,0.00,0.00,against_bias
2026.09.08 14:38:00,pullback,1,4399.662,0.000,0.000,0.000,0.00,0.00,against_bias
2026.09.08 14:41:00,pullback,-1,4394.894,4400.814,0.000,0.000,0.00,0.00,no_room
2026.09.08 14:52:00,pullback,-1,4392.672,4399.336,0.000,0.000,0.00,0.00,no_room
2026.09.08 15:01:00,pullback,1,4399.023,0.000,0.000,0.000,0.00,0.00,against_bias
2026.09.08 15:12:00,pullback,1,4406.899,0.000,0.000,0.000,0.00,0.00,against_bias
2026.09.08 15:21:00,pullback,-1,4403.830,4409.702,0.000,0.000,0.00,0.00,no_room
2026.09.08 15:41:00,pullback,-1,4398.390,4404.272,0.000,0.000,0.00,0.00,no_room
2026.09.08 15:48:00,pullback,-1,4397.098,4401.201,0.000,0.000,0.00,0.00,no_room
2026.09.08 16:00:00,pullback,-1,4395.747,4400.833,0.000,0.000,0.00,0.00,no_room
2026.09.09 07:06:00,pullback,1,4401.532,4398.884,0.000,0.000,0.00,0.00,sl_too_tight
2026.09.09 07:31:00,pullback,1,4407.677,4404.770,0.000,0.000,0.00,0.00,sl_too_tight
2026.09.09 07:37:00,pullback,1,4408.969,4406.207,0.000,0.000,0.00,0.00,sl_too_tight
2026.09.09 08:03:00,pullback,-1,4408.167,0.000,0.000,0.000,0.00,0.00,against_bias
2026.09.09 08:06:00,pullback,1,4409.659,4408.000,0.000,0.000,0.00,0.00,sl_too_tight
2026.09.09 08:11:00,pullback,-1,4406.820,0.000,0.000,0.000,0.00,0.00,against_bias
2026.09.09 08:24:00,pullback,-1,4402.035,0.000,0.000,0.000,0.00,0.00,against_bias
2026.09.09 08:40:00,pullback,-1,4399.421,0.000,0.000,0.000,0.00,0.00,against_bias
2026.09.09 08:57:00,pullback,1,4402.077,4399.375,0.000,0.000,0.00,0.00,sl_too_tight
2026.09.09 09:12:00,pullback,-1,4399.421,0.000,0.000,0.000,0.00,0.00,against_bias
2026.09.09 09:32:00,pullback,-1,4397.108,0.000,0.000,0.000,0.00,0.00,against_bias
2026.09.09 09:46:00,pullback,-1,4395.640,0.000,0.000,0.000,0.00,0.00,against_bias
2026.09.09 09:51:00,pullback,-1,4393.856,0.000,0.000,0.000,0.00,0.00,against_bias
2026.09.09 10:07:00,pullback,1,4391.575,4385.963,0.000,0.000,0.00,0.00,no_room
2026.09.09 10:20:00,pullback,1,4393.449,4389.197,0.000,0.000,0.00,0.00,no_room
2026.09.09 10:32:00,pullback,1,4395.449,4392.779,0.000,0.000,0.00,0.00,sl_too_tight
2026.09.09 10:51:00,pullback,1,4399.198,4393.952,0.000,0.000,0.00,0.00,no_room
2026.09.09 11:05:00,pullback,1,4403.316,4399.275,0.000,0.000,0.00,0.00,no_room
2026.09.09 11:10:00,pullback,1,4403.872,4399.310,0.000,0.000,0.00,0.00,no_room
2026.09.09 11:24:00,pullback,1,4404.688,4401.041,0.000,0.000,0.00,0.00,no_room
2026.09.09 11:50:00,pullback,1,4406.936,4403.149,0.000,0.000,0.00,0.00,no_room
2026.09.09 12:04:00,pullback,-1,4405.815,0.000,0.000,0.000,0.00,0.00,against_bias
2026.09.09 12:13:00,pullback,-1,4400.738,0.000,0.000,0.000,0.00,0.00,against_bias
2026.09.09 12:29:00,pullback,-1,4394.659,0.000,0.000,0.000,0.00,0.00,against_bias
2026.09.09 12:40:00,pullback,-1,4391.707,0.000,0.000,0.000,0.00,0.00,against_bias
2026.09.09 12:46:00,pullback,1,4397.623,4390.565,0.000,0.000,0.00,0.00,no_room
2026.09.09 12:57:00,pullback,1,4399.719,4395.789,0.000,0.000,0.00,0.00,no_room
2026.09.09 13:20:00,pullback,1,4414.028,4398.090,0.000,0.000,0.00,0.00,no_room
2026.09.09 13:57:00,pullback,-1,4412.878,0.000,0.000,0.000,0.00,0.00,against_bias
2026.09.09 14:04:00,pullback,1,4423.806,4410.147,0.000,0.000,0.00,0.00,no_room
2026.09.09 14:17:00,pullback,-1,4417.620,0.000,0.000,0.000,0.00,0.00,against_bias
2026.09.09 14:30:00,pullback,1,4423.605,4409.265,0.000,0.000,0.00,0.00,no_room
2026.09.09 14:40:00,pullback,1,4425.584,4419.949,0.000,0.000,0.00,0.00,no_room
2026.09.09 14:45:00,pullback,-1,4420.224,0.000,0.000,0.000,0.00,0.00,against_bias
2026.09.09 14:55:00,pullback,-1,4419.664,0.000,0.000,0.000,0.00,0.00,against_bias
2026.09.09 15:01:00,pullback,1,4423.425,4419.324,0.000,0.000,0.00,0.00,no_room
2026.09.09 15:23:00,pullback,-1,4381.852,4394.151,0.000,0.000,0.00,0.00,no_room
2026.09.09 15:30:00,pullback,1,4393.510,0.000,0.000,0.000,0.00,0.00,against_bias
2026.09.09 15:51:00,pullback,1,4404.794,0.000,0.000,0.000,0.00,0.00,against_bias
2026.09.09 15:58:00,pullback,-1,4398.911,4407.503,0.000,0.000,0.00,0.00,no_room
2026.09.10 07:01:00,pullback,-1,4423.785,0.000,0.000,0.000,0.00,0.00,against_bias
2026.09.10 07:14:00,pullback,-1,4414.057,0.000,0.000,0.000,0.00,0.00,against_bias
2026.09.10 07:23:00,pullback,-1,4411.515,0.000,0.000,0.000,0.00,0.00,against_bias
2026.09.10 07:44:00,pullback,1,4407.760,4403.660,0.000,0.000,0.00,0.00,no_room
2026.09.10 07:52:00,pullback,1,4412.652,4404.945,0.000,0.000,0.00,0.00,no_room
2026.09.10 08:15:00,pullback,-1,4406.504,4410.044,0.000,0.000,0.00,0.00,no_room
2026.09.10 08:32:00,pullback,-1,4404.510,4408.054,0.000,0.000,0.00,0.00,no_room
2026.09.10 09:06:00,pullback,-1,4393.158,4398.503,0.000,0.000,0.00,0.00,no_room
2026.09.10 09:32:00,pullback,-1,4391.789,4395.855,0.000,0.000,0.00,0.00,no_room
2026.09.10 09:43:00,pullback,-1,4389.487,4393.434,0.000,0.000,0.00,0.00,no_room
2026.09.10 09:46:00,pullback,1,4393.255,0.000,0.000,0.000,0.00,0.00,against_bias
2026.09.10 10:01:00,pullback,-1,4393.732,4395.979,0.000,0.000,0.00,0.00,sl_too_tight
2026.09.10 10:03:00,pullback,1,4395.847,0.000,0.000,0.000,0.00,0.00,against_bias
2026.09.10 10:17:00,pullback,1,4399.978,0.000,0.000,0.000,0.00,0.00,against_bias
2026.09.10 10:33:00,pullback,-1,4389.701,4399.551,0.000,0.000,0.00,0.00,no_room
2026.09.10 10:53:00,pullback,-1,4377.685,4386.714,0.000,0.000,0.00,0.00,no_room
2026.09.10 10:57:00,pullback,1,4383.758,0.000,0.000,0.000,0.00,0.00,against_bias
2026.09.10 11:27:00,pullback,1,4385.858,0.000,0.000,0.000,0.00,0.00,against_bias
2026.09.10 11:40:00,pullback,1,4388.770,0.000,0.000,0.000,0.00,0.00,against_bias
2026.09.10 11:44:00,pullback,-1,4386.077,4388.979,0.000,0.000,0.00,0.00,sl_too_tight
2026.09.10 11:57:00,pullback,-1,4375.724,4391.163,0.000,0.000,0.00,0.00,no_room
2026.09.10 12:01:00,pullback,-1,4373.979,4381.178,0.000,0.000,0.00,0.00,no_room
2026.09.10 12:17:00,pullback,-1,4369.727,4378.044,0.000,0.000,0.00,0.00,no_room
2026.09.10 12:26:00,pullback,-1,4366.625,4378.076,0.000,0.000,0.00,0.00,no_room
2026.09.10 13:24:00,pullback,1,4353.309,0.000,0.000,0.000,0.00,0.00,against_bias
2026.09.10 13:29:00,pullback,1,4356.242,0.000,0.000,0.000,0.00,0.00,against_bias
2026.09.10 13:39:00,pullback,1,4368.109,0.000,0.000,0.000,0.00,0.00,against_bias
2026.09.10 13:49:00,pullback,1,4373.494,0.000,0.000,0.000,0.00,0.00,against_bias
2026.09.10 14:08:00,pullback,-1,4364.302,4375.390,0.000,0.000,0.00,0.00,no_room
2026.09.10 14:13:00,pullback,-1,4361.087,4375.415,0.000,0.000,0.00,0.00,no_room
2026.09.10 14:25:00,pullback,1,4367.167,0.000,0.000,0.000,0.00,0.00,against_bias
2026.09.10 14:44:00,pullback,-1,4360.213,4370.774,0.000,0.000,0.00,0.00,no_room
2026.09.10 15:02:00,pullback,-1,4354.068,4362.099,0.000,0.000,0.00,0.00,no_room
2026.09.10 15:16:00,pullback,1,4361.525,0.000,0.000,0.000,0.00,0.00,against_bias
2026.09.10 15:28:00,pullback,1,4367.309,0.000,0.000,0.000,0.00,0.00,against_bias
2026.09.10 15:35:00,pullback,1,4367.806,0.000,0.000,0.000,0.00,0.00,against_bias
2026.09.11 07:01:00,pullback,1,4353.612,4349.177,4358.288,4362.964,6.34,6.35,signal
2026.09.11 07:23:00,pullback,-1,4350.129,0.000,0.000,0.000,0.00,0.00,against_bias
2026.09.11 07:35:00,pullback,-1,4345.428,0.000,0.000,0.000,0.00,0.00,against_bias
2026.09.11 07:50:00,pullback,-1,4343.078,0.000,0.000,0.000,0.00,0.00,against_bias
2026.09.11 08:18:00,pullback,1,4348.879,4341.742,0.000,0.000,0.00,0.00,no_room
2026.09.11 08:25:00,pullback,1,4350.383,4343.122,0.000,0.000,0.00,0.00,no_room
2026.09.11 08:42:00,pullback,1,4356.047,4350.793,0.000,0.000,0.00,0.00,no_room
2026.09.11 08:51:00,pullback,-1,4351.883,0.000,0.000,0.000,0.00,0.00,against_bias
2026.09.11 08:56:00,pullback,-1,4349.257,0.000,0.000,0.000,0.00,0.00,against_bias
2026.09.11 09:02:00,pullback,1,4352.888,4349.021,4358.269,4363.651,7.20,7.21,signal
2026.09.11 09:10:00,pullback,-1,4345.392,0.000,0.000,0.000,0.00,0.00,against_bias
2026.09.11 09:31:00,pullback,-1,4343.448,0.000,0.000,0.000,0.00,0.00,against_bias
2026.09.11 09:53:00,pullback,1,4344.032,4342.210,0.000,0.000,0.00,0.00,sl_too_tight
2026.09.11 10:38:00,pullback,-1,4346.839,0.000,0.000,0.000,0.00,0.00,against_bias
2026.09.11 10:46:00,pullback,-1,4343.621,0.000,0.000,0.000,0.00,0.00,against_bias
2026.09.11 10:56:00,pullback,-1,4340.404,0.000,0.000,0.000,0.00,0.00,against_bias
2026.09.11 11:11:00,pullback,-1,4336.502,4342.758,0.000,0.000,0.00,0.00,no_room
2026.09.11 11:20:00,pullback,1,4338.593,0.000,0.000,0.000,0.00,0.00,against_bias
2026.09.11 11:29:00,pullback,-1,4336.813,4342.027,0.000,0.000,0.00,0.00,no_room
2026.09.11 11:45:00,pullback,1,4334.122,0.000,0.000,0.000,0.00,0.00,against_bias
2026.09.11 11:55:00,pullback,-1,4332.831,4336.449,0.000,0.000,0.00,0.00,no_room
2026.09.11 12:04:00,pullback,-1,4330.788,4335.010,0.000,0.000,0.00,0.00,no_room
2026.09.11 12:14:00,pullback,-1,4326.351,4335.072,0.000,0.000,0.00,0.00,no_room
2026.09.11 12:18:00,pullback,1,4332.613,0.000,0.000,0.000,0.00,0.00,against_bias
2026.09.11 12:28:00,pullback,1,4333.817,0.000,0.000,0.000,0.00,0.00,against_bias
2026.09.11 12:31:00,pullback,-1,4328.236,4334.606,0.000,0.000,0.00,0.00,no_room
2026.09.11 12:41:00,pullback,1,4352.536,0.000,0.000,0.000,0.00,0.00,against_bias
2026.09.11 12:47:00,pullback,1,4362.772,0.000,0.000,0.000,0.00,0.00,against_bias
2026.09.11 13:29:00,pullback,1,4389.504,4379.804,0.000,0.000,0.00,0.00,no_room
2026.09.11 13:48:00,pullback,1,4399.534,4387.805,0.000,0.000,0.00,0.00,no_room
2026.09.11 13:53:00,pullback,-1,4388.397,0.000,0.000,0.000,0.00,0.00,against_bias
2026.09.11 14:00:00,pullback,1,4400.503,4386.846,0.000,0.000,0.00,0.00,no_room
2026.09.11 14:02:00,pullback,-1,4387.064,0.000,0.000,0.000,0.00,0.00,against_bias
2026.09.11 14:17:00,pullback,-1,4381.705,0.000,0.000,0.000,0.00,0.00,against_bias
2026.09.11 14:29:00,pullback,-1,4375.701,0.000,0.000,0.000,0.00,0.00,against_bias
2026.09.11 14:31:00,pullback,-1,4374.258,0.000,0.000,0.000,0.00,0.00,against_bias
2026.09.11 14:46:00,pullback,1,4371.761,4364.340,0.000,0.000,0.00,0.00,no_room
2026.09.11 15:08:00,pullback,-1,4366.481,0.000,0.000,0.000,0.00,0.00,against_bias
2026.09.11 15:22:00,pullback,1,4366.173,4361.029,4371.677,4377.181,5.36,5.36,signal
2026.09.11 15:48:00,pullback,-1,4370.291,0.000,0.000,0.000,0.00,0.00,against_bias
2026.09.11 15:54:00,pullback,-1,4368.392,0.000,0.000,0.000,0.00,0.00,against_bias
2026.09.14 07:02:00,pullback,-1,4320.452,4330.105,0.000,0.000,0.00,0.00,no_room
2026.09.14 07:15:00,pullback,1,4323.376,0.000,0.000,0.000,0.00,0.00,against_bias
2026.09.14 07:30:00,pullback,-1,4318.410,4324.550,0.000,0.000,0.00,0.00,no_room
2026.09.14 07:52:00,pullback,-1,4315.399,4322.097,0.000,0.000,0.00,0.00,no_room
2026.09.14 08:38:00,pullback,1,4314.127,0.000,0.000,0.000,0.00,0.00,against_bias
2026.09.14 08:49:00,pullback,-1,4309.592,4316.268,4301.965,4294.338,4.19,4.20,signal
2026.09.14 09:40:00,pullback,-1,4283.158,4289.133,0.000,0.000,0.00,0.00,no_room
2026.09.14 10:14:00,pullback,1,4288.187,0.000,0.000,0.000,0.00,0.00,against_bias
2026.09.14 10:19:00,pullback,1,4289.329,0.000,0.000,0.000,0.00,0.00,against_bias
2026.09.14 10:27:00,pullback,1,4291.220,0.000,0.000,0.000,0.00,0.00,against_bias
2026.09.14 10:39:00,pullback,1,4292.810,0.000,0.000,0.000,0.00,0.00,against_bias
2026.09.14 10:59:00,pullback,1,4294.983,0.000,0.000,0.000,0.00,0.00,against_bias
2026.09.14 11:05:00,pullback,1,4296.575,0.000,0.000,0.000,0.00,0.00,against_bias
2026.09.14 11:11:00,pullback,-1,4293.351,4297.160,0.000,0.000,0.00,0.00,no_room
2026.09.14 11:47:00,pullback,-1,4292.013,4295.115,0.000,0.000,0.00,0.00,no_room
2026.09.14 11:51:00,pullback,-1,4291.596,4295.119,4287.299,4283.002,8.09,8.09,signal
2026.09.14 12:26:00,pullback,-1,4284.758,4298.303,0.000,0.000,0.00,0.00,no_room
2026.09.14 12:36:00,pullback,-1,4283.253,4289.710,0.000,0.000,0.00,0.00,no_room
2026.09.14 12:54:00,pullback,-1,4273.323,4287.187,4247.374,4221.425,2.05,2.06,signal
2026.09.14 15:33:00,pullback,1,4286.895,0.000,0.000,0.000,0.00,0.00,against_bias
